-- phpMyAdmin SQL Dump
-- version 4.0.10.7
-- http://www.phpmyadmin.net
--
-- Host: localhost:3306
-- Generation Time: Dec 13, 2015 at 06:21 AM
-- Server version: 5.6.27
-- PHP Version: 5.4.31

SET SQL_MODE = "NO_AUTO_VALUE_ON_ZERO";
SET time_zone = "+00:00";


/*!40101 SET @OLD_CHARACTER_SET_CLIENT=@@CHARACTER_SET_CLIENT */;
/*!40101 SET @OLD_CHARACTER_SET_RESULTS=@@CHARACTER_SET_RESULTS */;
/*!40101 SET @OLD_COLLATION_CONNECTION=@@COLLATION_CONNECTION */;
/*!40101 SET NAMES utf8 */;

--
-- Database: `krrtfir_rtfund`
--

-- --------------------------------------------------------

--
-- Table structure for table `ACC_accounts`
--

CREATE TABLE IF NOT EXISTS `ACC_accounts` (
  `AccountID` int(10) unsigned NOT NULL AUTO_INCREMENT COMMENT 'کد حساب',
  `BankID` int(10) unsigned NOT NULL COMMENT 'کد بانک',
  `BranchID` int(10) unsigned NOT NULL COMMENT 'کد شعبه',
  `AccountDesc` varchar(500) NOT NULL COMMENT 'عنوان حساب',
  `IsActive` enum('YES','NO') NOT NULL,
  `AccountNo` varchar(500) NOT NULL COMMENT 'شماره حساب',
  `AccountType` int(10) unsigned NOT NULL COMMENT 'نوع حساب',
  `TafsiliID` int(10) unsigned DEFAULT NULL,
  PRIMARY KEY (`AccountID`),
  KEY `FK_ACC_accounts_1` (`BankID`)
) ENGINE=InnoDB DEFAULT CHARSET=utf8 AUTO_INCREMENT=1 ;

-- --------------------------------------------------------

--
-- Table structure for table `ACC_banks`
--

CREATE TABLE IF NOT EXISTS `ACC_banks` (
  `BankID` int(10) unsigned NOT NULL AUTO_INCREMENT COMMENT 'کد بانک',
  `BankDesc` varchar(500) NOT NULL COMMENT 'عنوان بانک',
  `IsAvtive` enum('YES','NO') NOT NULL DEFAULT 'YES',
  PRIMARY KEY (`BankID`)
) ENGINE=InnoDB  DEFAULT CHARSET=utf8 AUTO_INCREMENT=11 ;

--
-- Dumping data for table `ACC_banks`
--

INSERT INTO `ACC_banks` (`BankID`, `BankDesc`, `IsAvtive`) VALUES
(1, 'ملی', 'YES'),
(2, 'تجارت', 'YES'),
(3, 'ملت', 'YES'),
(4, 'اقتصاد نوین', 'YES'),
(5, 'مسکن', 'YES'),
(6, 'سپه', 'YES'),
(7, 'پارسیان', 'YES'),
(8, 'آینده', 'YES'),
(9, 'گردشگری', 'YES'),
(10, 'صادرات', 'YES');

-- --------------------------------------------------------

--
-- Table structure for table `ACC_blocks`
--

CREATE TABLE IF NOT EXISTS `ACC_blocks` (
  `BlockID` int(10) unsigned NOT NULL AUTO_INCREMENT COMMENT 'کد بلاک',
  `LevelID` smallint(5) unsigned NOT NULL,
  `BlockCode` varchar(10) NOT NULL COMMENT 'کد سطح',
  `BlockDesc` varchar(500) NOT NULL COMMENT 'عنوان بلاک',
  `essence` enum('DEBTOR','CREDITOR','NONE') NOT NULL DEFAULT 'NONE' COMMENT 'ماهیت',
  `IsActive` enum('YES','NO') NOT NULL,
  `AccCode` varchar(50) DEFAULT NULL,
  `parent` varchar(45) DEFAULT NULL,
  `GroupID` int(10) unsigned DEFAULT NULL,
  PRIMARY KEY (`BlockID`)
) ENGINE=InnoDB  DEFAULT CHARSET=utf8 AUTO_INCREMENT=123 ;

--
-- Dumping data for table `ACC_blocks`
--

INSERT INTO `ACC_blocks` (`BlockID`, `LevelID`, `BlockCode`, `BlockDesc`, `essence`, `IsActive`, `AccCode`, `parent`, `GroupID`) VALUES
(1, 1, '100', 'صندوق ', 'NONE', 'YES', '100', '0', 20),
(2, 1, '101', 'بانک', 'NONE', 'YES', '101', '0', 10),
(3, 2, '02', 'سپرده های بلند مدت ', 'NONE', 'YES', '102', '0', 20),
(4, 1, '104', 'تمبر مالیاتی ', 'NONE', 'YES', '104', '0', 20),
(5, 1, '106', 'سرمایه گذاری در سایر شرکتها', 'NONE', 'YES', '106', '0', 10),
(6, 1, '107', 'چکهای دریافتنی', 'NONE', 'YES', '107', '0', 10),
(7, 1, '109', 'تنخواه گردان', 'NONE', 'YES', '109', '0', 70),
(8, 1, '110', 'وام پرداختی ', 'NONE', 'YES', '110', '0', 10),
(9, 1, '180', 'اموال منقول اثاثیه', 'NONE', 'YES', '180', '0', 10),
(10, 1, '190', 'بدهکاران متفرقه', 'NONE', 'YES', '190', '0', 10),
(11, 1, '200', 'بستانکاران (حسابهای پرداختنی)', 'NONE', 'YES', '200', '0', 20),
(12, 1, '209', 'حساب پس انداز', 'NONE', 'YES', '209', '0', 20),
(13, 1, '210', 'حساب سپرده', 'NONE', 'YES', '210', '0', 20),
(14, 1, '300', 'ضمانت نامه ها', 'NONE', 'YES', '300', '0', 10),
(15, 1, '310', 'کارمزد پرداختی', 'NONE', 'YES', '310', '0', 20),
(16, 1, '401', 'درآمد کارمزد ', 'NONE', 'YES', '401', '0', 40),
(17, 1, '499', 'حساب مرکز( شعبه مرکزی)', 'NONE', 'YES', '499', '0', 20),
(18, 1, '500', 'هزینه ها', 'NONE', 'YES', '500', '0', 30),
(19, 1, '550', 'سود وکارمزد پرداختی ', 'NONE', 'YES', '550', '0', 20),
(20, 1, '610', 'ذخیره استهلاک اثاثیه', 'NONE', 'YES', '610', '0', 30),
(21, 1, '620', 'ذخیره هزینه تلفن و00000', 'NONE', 'YES', '620', '0', 30),
(22, 1, '635', 'سایرذخایر', 'NONE', 'YES', '635', '0', 20),
(23, 1, '660', 'اسناد وحسابهای پرداختنی', 'NONE', 'YES', '660', '0', 30),
(24, 1, '661', 'تسهیلات عاملیت پارک خراسان شما', 'NONE', 'YES', '661', '0', 20),
(25, 1, '689', 'وجوه ضمانتنامه های نقدی', 'NONE', 'YES', '689', '0', 20),
(26, 2, '03', 'سپرده ضمانت نامه', 'NONE', 'YES', '690', '0', 30),
(27, 1, '700', 'تعهدات ضمانت نامه ها', 'NONE', 'YES', '700', '0', 30),
(28, 1, '721', 'وجوه واریزی', 'NONE', 'YES', '721', '0', 20),
(30, 1, '731', 'وجوه واریزی علم تا عمل 92 تعهدصندوق', 'NONE', 'YES', '731', '0', 20),
(31, 1, '732', 'وجوه واریزی علم تا عمل 92تعهدمشتری', 'NONE', 'YES', '732', '0', 20),
(33, 1, '734', 'وجوه پرداختی', 'NONE', 'YES', '734', '0', 20),
(34, 1, '735', 'وجوه فناوریهای نوین (وجوه واریزی قراردادسه', 'NONE', 'YES', '735', '0', 20),
(35, 1, '736', 'وجوه فناوریهای نوین (تعهدات مشتریان قرارداد س', 'NONE', 'YES', '736', '0', 20),
(36, 1, '737', 'وجوه فناوریهای نوین تعهدصندوق(زیرساخت پ', 'NONE', 'YES', '737', '0', 20),
(37, 1, '738', 'تعهدات صندوق (زیرساخت پارک)', 'NONE', 'YES', '738', '0', 20),
(40, 1, '750', 'کارمزد وسود دریافتی', 'NONE', 'YES', '750', '0', 30),
(41, 1, '760', 'کارمزد و سود سالهای آینده ', 'NONE', 'YES', '760', '0', 30),
(42, 1, '904', 'حساب انتظامی', 'NONE', 'YES', '904', '0', 30),
(43, 1, '905', 'طرف حساب انتظامی', 'NONE', 'YES', '905', '0', 30),
(44, 2, '01', 'اقتصاد نوین بلوار سجاد 01', 'NONE', 'YES', '101-01', '101', NULL),
(45, 2, '10', 'وام قرض الحسنه ', 'NONE', 'YES', '110-10', '110', NULL),
(46, 2, '11', 'وام کارگشائی', 'NONE', 'YES', '110-11', '110', NULL),
(47, 2, '12', 'وام ضروری', 'NONE', 'YES', '110-12', '110', NULL),
(48, 2, '15', 'وام پژوهشی', 'NONE', 'YES', '110-15', '110', NULL),
(50, 2, '17', 'وام علم تا عمل', 'NONE', 'YES', '110-17', '110', NULL),
(52, 2, '20', 'وام قرض الحسنه خیرین ', 'NONE', 'YES', '110-20', '110', NULL),
(54, 2, '24', 'وام فناوریهای نوین', 'NONE', 'YES', '110-24', '110', NULL),
(55, 2, '25', 'وام تجاری سازی ', 'NONE', 'YES', '110-25', '110', NULL),
(57, 2, '01', 'مساعده کارکنان ', 'NONE', 'YES', '190-01', '190', NULL),
(58, 2, '02', 'بدهکاران متفرقه', 'NONE', 'YES', '190-02', '190', NULL),
(59, 2, '03', 'شرکت جهان اندیشه ', 'NONE', 'YES', '190-03', '190', NULL),
(60, 2, '04', ' هزینه های دادرسی مشتریان', 'NONE', 'YES', '190-4', '190', NULL),
(61, 2, '01', 'بستانکاران', 'NONE', 'YES', '200-01', '200', NULL),
(62, 2, '02', 'کارمزد کارگزاری صندوق نوآوری ', 'NONE', 'YES', '200-02', '200', NULL),
(63, 2, '03', 'تودیعی صندوق نوآوری وشکوفائی', 'NONE', 'YES', '200-03', '200', NULL),
(64, 2, '04', 'تسهیلات تودیعی فناوریهای نوین', 'NONE', 'YES', '200-04', '200', NULL),
(65, 2, '10', 'قرض الحسنه', 'NONE', 'YES', '209-10', '209', NULL),
(66, 2, '01', 'سپرده کوتاه مدت', 'NONE', 'YES', '210-01', '210', NULL),
(67, 2, '01', 'خدمات بانکی', 'NONE', 'YES', '310-01', '310', NULL),
(69, 2, '01', 'حقوق ودستمزد پرسنل', 'NONE', 'YES', '500-01', '500', NULL),
(70, 3, '05', 'پاداش وعیدی', 'NONE', 'YES', '500-04', '500', NULL),
(71, 2, '06', 'مطبوعات و ملزومات', 'NONE', 'YES', '500-06', '500', NULL),
(72, 2, '07', 'ایاب وذهاب', 'NONE', 'YES', '500-07', '500', NULL),
(73, 2, '08', 'تنظیفات', 'NONE', 'YES', '500-08', '500', NULL),
(74, 2, '10', 'پذیرایی', 'NONE', 'YES', '500-10', '500', NULL),
(75, 3, '07', 'ماموریت و فوق العاده روزانه', 'NONE', 'YES', '500-13', '500', NULL),
(76, 2, '14', 'قضایی', 'NONE', 'YES', '500-14', '500', NULL),
(77, 2, '15', 'تلفن', 'NONE', 'YES', '500-15', '500', NULL),
(78, 2, '18', 'متفرقه', 'NONE', 'YES', '500-18', '500', NULL),
(79, 2, '19', 'تعمیر و قطعات و ملزومات رایانه', 'NONE', 'YES', '500-19', '500', NULL),
(80, 2, '20', 'اضافه کار کارکنان', 'NONE', 'YES', '500-20', '500', NULL),
(81, 2, '22', 'خرید نرم افزار', 'NONE', 'YES', '500-22', '500', NULL),
(82, 2, '26', 'مجمع', 'NONE', 'YES', '500-26', '500', NULL),
(83, 2, '50', 'پست ونمابر', 'NONE', 'YES', '500-500-27', '500', NULL),
(84, 2, '50', 'کارشناسی', 'NONE', 'YES', '500-500-28', '500', NULL),
(85, 3, '06', 'سنوات خدمت کارکنان ', 'NONE', 'YES', '500-500-29', '500', NULL),
(86, 2, '01', 'سایر حسابهای پرداختنی ', 'NONE', 'YES', '660-01', '660', NULL),
(87, 2, '02', 'اسناد و چکهای مدت دار پرداختنی', 'NONE', 'YES', '660-02', '660', NULL),
(88, 2, '03', 'تعهدات مشتری', 'NONE', 'YES', '660-03', '660', NULL),
(91, 2, '01', 'کارمزد دریافتی تسهیلات قرض الح', 'NONE', 'YES', '750-01', '750', NULL),
(92, 2, '02', 'کارمزد دریافتی تسهیلات کارگشای', 'NONE', 'YES', '750-02', '750', NULL),
(93, 2, '03', 'کارمزد دریافتی تسهیلات ضروری', 'NONE', 'YES', '750-03', '750', NULL),
(94, 2, '04', 'سود وکارمزد قرارداد عاملیت', 'NONE', 'YES', '750-04', '750', NULL),
(95, 2, '05', 'سود وکارمزد قرارداد پژوهشی', 'NONE', 'YES', '750-05', '750', NULL),
(96, 2, '06', 'سود وکارمزد دریافتی از سپرده', 'NONE', 'YES', '750-06', '750', NULL),
(97, 2, '07', 'کارمزد دریافتی ضمانت نامه ها ', 'NONE', 'YES', '750-07', '750', NULL),
(98, 2, '08', 'کارمزد دریافتی متفرقه ', 'NONE', 'YES', '750-08', '750', NULL),
(99, 2, '09', 'کارمزد کارگزاری (علم تاعمل)', 'NONE', 'YES', '750-09', '750', NULL),
(100, 2, '10', 'قرض الحسنه', 'NONE', 'YES', '750-10', '750', NULL),
(101, 2, '12', 'ضروری', 'NONE', 'YES', '750-12', '750', NULL),
(102, 2, '15', 'تسهیلات پژوهشی', 'NONE', 'YES', '750-15', '750', NULL),
(103, 2, '16', 'تسهیلات عاملیت با دانشگاه', 'NONE', 'YES', '750-16', '750', NULL),
(104, 2, '01', 'حساب انتظامی-تعداد اسناد ضمانتی', 'NONE', 'YES', '904-1', '904', NULL),
(105, 2, '02', 'حساب انتظامی-مبلغ اسناد ضمانتی', 'NONE', 'YES', '904-2', '904', NULL),
(106, 2, '03', 'حساب انتظامی-تعداد اسناد دریافتی', 'NONE', 'YES', '904-3', '904', NULL),
(107, 2, '04', 'حساب انتظامی-مبلغ اسناد دریافتی', 'NONE', 'YES', '904-4', '904', NULL),
(108, 2, '05', 'اسناد تودیعی نزد اشخاص', 'NONE', 'YES', '904-5', '904', NULL),
(109, 2, '01', 'طرف حساب انتظامی-تعداد اسناد ضمانتی', 'NONE', 'YES', '905-1', '905', NULL),
(110, 2, '02', 'طرف حساب انتظامی-مبلغ اسناد ضمانتی', 'NONE', 'YES', '905-2', '905', NULL),
(111, 2, '03', 'طرف حساب انتظامی-تعداد اسناد دریافتی', 'NONE', 'YES', '905-3', '905', NULL),
(112, 2, '04', 'طرف حساب انتظامی-مبلغ اسناد دریافتی', 'NONE', 'YES', '905-4', '905', NULL),
(113, 2, '05', 'اسناد تودیعی نزد اشخاص ', 'NONE', 'YES', '905-5', '905', NULL),
(114, 3, '08', 'حق بیمه کارکنان صندوق سهم کارفرما', 'NONE', 'YES', '500-01-0001', '500-01', NULL),
(115, 3, '02', 'حق مسکن کارکنان ', 'NONE', 'YES', '500-01-0004', '500-01', NULL),
(116, 3, '03', 'کمکهای غیر نقدی ', 'NONE', 'YES', '500-01-0005', '500-01', NULL),
(117, 3, '04', 'اضافه کاری پرسنل صندوق ', 'NONE', 'YES', '500-01-0006', '500-01', NULL),
(119, 2, '26', 'وام عاملیت', 'NONE', 'YES', NULL, NULL, NULL),
(120, 3, '51', 'تعهد مشتری', 'NONE', 'YES', NULL, NULL, NULL),
(121, 3, '52', 'تعهد صندوق', 'NONE', 'YES', NULL, NULL, NULL),
(122, 3, '01', 'حقوق پرسنل', 'NONE', 'YES', NULL, NULL, NULL);

-- --------------------------------------------------------

--
-- Table structure for table `ACC_cheques`
--

CREATE TABLE IF NOT EXISTS `ACC_cheques` (
  `ChequeID` int(10) unsigned NOT NULL AUTO_INCREMENT COMMENT 'کد دسته چک',
  `AccountID` int(10) unsigned NOT NULL COMMENT 'کد حساب',
  `SerialNo` varchar(100) NOT NULL COMMENT 'شماره سریال',
  `MinNo` decimal(10,0) NOT NULL COMMENT 'از شماره',
  `MaxNo` decimal(10,0) NOT NULL COMMENT 'تا شماره',
  `IsActive` enum('YES','NO') NOT NULL,
  PRIMARY KEY (`ChequeID`),
  KEY `FK_ACC_cheques_1` (`AccountID`)
) ENGINE=InnoDB DEFAULT CHARSET=utf8 AUTO_INCREMENT=1 ;

-- --------------------------------------------------------

--
-- Table structure for table `ACC_CostCodes`
--

CREATE TABLE IF NOT EXISTS `ACC_CostCodes` (
  `CostID` int(10) unsigned NOT NULL AUTO_INCREMENT COMMENT 'کد ردیف',
  `level1` int(10) unsigned NOT NULL COMMENT 'سطح 1',
  `level2` int(10) unsigned DEFAULT NULL COMMENT 'سطح 2',
  `level3` int(10) unsigned DEFAULT NULL COMMENT 'سطح 3',
  `IsActive` enum('YES','NO') NOT NULL DEFAULT 'YES',
  `CostCode` varchar(45) DEFAULT NULL COMMENT 'کد حساب',
  PRIMARY KEY (`CostID`),
  KEY `FK_ACC_CostCodes_1` (`level1`),
  KEY `FK_ACC_CostCodes_2` (`level2`),
  KEY `FK_ACC_CostCodes_3` (`level3`)
) ENGINE=InnoDB  DEFAULT CHARSET=utf8 COMMENT='کدهای حساب' AUTO_INCREMENT=150 ;

--
-- Dumping data for table `ACC_CostCodes`
--

INSERT INTO `ACC_CostCodes` (`CostID`, `level1`, `level2`, `level3`, `IsActive`, `CostCode`) VALUES
(1, 1, NULL, NULL, 'YES', '100'),
(2, 2, NULL, NULL, 'YES', '101'),
(4, 4, NULL, NULL, 'YES', '104'),
(5, 5, NULL, NULL, 'YES', '106'),
(6, 6, NULL, NULL, 'YES', '107'),
(7, 7, NULL, NULL, 'YES', '109'),
(9, 9, NULL, NULL, 'YES', '180'),
(10, 10, NULL, NULL, 'YES', '190'),
(11, 11, NULL, NULL, 'YES', '200'),
(14, 14, NULL, NULL, 'YES', '300'),
(15, 15, NULL, NULL, 'YES', '310'),
(16, 16, NULL, NULL, 'YES', '401'),
(17, 17, NULL, NULL, 'YES', '499'),
(18, 18, NULL, NULL, 'YES', '500'),
(19, 19, NULL, NULL, 'YES', '550'),
(20, 20, NULL, NULL, 'YES', '610'),
(21, 21, NULL, NULL, 'YES', '620'),
(22, 22, NULL, NULL, 'YES', '635'),
(25, 25, NULL, NULL, 'YES', '689'),
(27, 27, NULL, NULL, 'YES', '700'),
(28, 28, NULL, NULL, 'YES', '721'),
(33, 33, NULL, NULL, 'YES', '734'),
(37, 37, NULL, NULL, 'YES', '738'),
(40, 40, NULL, NULL, 'YES', '750'),
(42, 42, NULL, NULL, 'YES', '904'),
(43, 43, NULL, NULL, 'YES', '905'),
(45, 8, 45, NULL, 'YES', '110-10'),
(46, 8, 46, NULL, 'YES', '110-11'),
(47, 8, 47, NULL, 'YES', '110-12'),
(48, 8, 48, NULL, 'YES', '110-15'),
(50, 8, 50, NULL, 'YES', '110-17'),
(52, 8, 52, NULL, 'YES', '110-20'),
(54, 8, 54, NULL, 'YES', '110-24'),
(55, 8, 55, NULL, 'YES', '110-25'),
(57, 10, 57, NULL, 'YES', '190-01'),
(60, 10, 60, NULL, 'YES', '190-04'),
(62, 11, 62, NULL, 'YES', '200-02'),
(63, 11, 63, NULL, 'YES', '200-03'),
(64, 11, 64, NULL, 'YES', '200-04'),
(65, 12, 65, NULL, 'YES', '209-10'),
(66, 13, 66, NULL, 'YES', '210-01'),
(67, 15, 67, NULL, 'YES', '310-01'),
(71, 18, 71, NULL, 'YES', '500-06'),
(72, 18, 72, NULL, 'YES', '500-07'),
(73, 18, 73, NULL, 'YES', '500-08'),
(74, 18, 74, NULL, 'YES', '500-10'),
(76, 18, 76, NULL, 'YES', '500-14'),
(77, 18, 77, NULL, 'YES', '500-15'),
(78, 18, 78, NULL, 'YES', '500-18'),
(79, 18, 79, NULL, 'YES', '500-19'),
(81, 18, 81, NULL, 'YES', '500-22'),
(82, 18, 82, NULL, 'YES', '500-26'),
(83, 18, 83, NULL, 'YES', '500-50'),
(84, 18, 84, NULL, 'YES', '500-50'),
(86, 23, 86, NULL, 'YES', '660-01'),
(87, 23, 87, NULL, 'YES', '660-02'),
(88, 23, 88, NULL, 'YES', '660-03'),
(96, 40, 96, NULL, 'YES', '750-06'),
(97, 40, 97, NULL, 'YES', '750-07'),
(98, 40, 98, NULL, 'YES', '750-08'),
(104, 42, 104, NULL, 'YES', '904-01'),
(105, 42, 105, NULL, 'YES', '904-02'),
(106, 42, 106, NULL, 'YES', '904-03'),
(107, 42, 107, NULL, 'YES', '904-04'),
(108, 42, 108, NULL, 'YES', '904-05'),
(109, 43, 109, NULL, 'YES', '905-01'),
(110, 43, 110, NULL, 'YES', '905-02'),
(111, 43, 111, NULL, 'YES', '905-03'),
(112, 43, 112, NULL, 'YES', '905-04'),
(113, 43, 113, NULL, 'YES', '905-05'),
(114, 18, 69, 114, 'YES', '500-01-08'),
(115, 18, 69, 115, 'YES', '500-01-02'),
(116, 18, 69, 116, 'YES', '500-01-03'),
(117, 18, 69, 117, 'YES', '500-01-04'),
(119, 13, 3, NULL, 'YES', '210-02'),
(120, 13, 26, NULL, 'YES', '210-03'),
(122, 18, 69, 85, 'YES', '500-01-06'),
(123, 18, 69, 70, 'YES', '500-01-05'),
(124, 18, 69, 75, 'YES', '500-01-07'),
(125, 8, 119, NULL, 'YES', '110-26'),
(128, 40, 45, NULL, 'YES', '750-10'),
(129, 40, 46, NULL, 'YES', '750-11'),
(130, 40, 47, NULL, 'YES', '750-12'),
(131, 40, 48, NULL, 'YES', '750-15'),
(132, 40, 50, NULL, 'YES', '750-17'),
(133, 40, 119, NULL, 'YES', '750-26'),
(142, 28, 54, 120, 'YES', '721-24-51'),
(143, 28, 54, 121, 'YES', '721-24-52'),
(144, 28, 50, 120, 'YES', '721-17-51'),
(145, 28, 50, 121, 'YES', '721-17-52'),
(146, 40, 52, NULL, 'YES', '750-20'),
(147, 40, 54, NULL, 'YES', '750-24'),
(148, 40, 55, NULL, 'YES', '750-25'),
(149, 18, 69, 122, 'YES', '500-01-01');

-- --------------------------------------------------------

--
-- Table structure for table `ACC_cycles`
--

CREATE TABLE IF NOT EXISTS `ACC_cycles` (
  `CycleID` int(10) unsigned NOT NULL AUTO_INCREMENT COMMENT 'کد دوره ',
  `CycleDesc` varchar(500) NOT NULL,
  `CycleYear` smallint(5) unsigned NOT NULL COMMENT 'سال',
  `IsClosed` enum('YES','NO') NOT NULL DEFAULT 'NO' COMMENT 'بسته است؟',
  `ShortDepositPercent` smallint(5) unsigned NOT NULL DEFAULT '0',
  `LongDepositPercent` smallint(5) unsigned NOT NULL DEFAULT '0',
  PRIMARY KEY (`CycleID`)
) ENGINE=InnoDB  DEFAULT CHARSET=utf8 AUTO_INCREMENT=1395 ;

--
-- Dumping data for table `ACC_cycles`
--

INSERT INTO `ACC_cycles` (`CycleID`, `CycleDesc`, `CycleYear`, `IsClosed`, `ShortDepositPercent`, `LongDepositPercent`) VALUES
(1394, 'دوره سال 1394', 1394, 'NO', 10, 20);

-- --------------------------------------------------------

--
-- Table structure for table `ACC_DocChecks`
--

CREATE TABLE IF NOT EXISTS `ACC_DocChecks` (
  `DocID` int(10) unsigned NOT NULL COMMENT 'کد سند',
  `CheckID` int(10) unsigned NOT NULL AUTO_INCREMENT COMMENT 'کد چک',
  `AccountID` int(10) unsigned DEFAULT NULL COMMENT 'کد حساب',
  `CheckNo` int(10) unsigned DEFAULT NULL COMMENT 'شماره چک',
  `CheckDate` date NOT NULL COMMENT 'تاریخ چک',
  `amount` decimal(15,0) NOT NULL COMMENT 'مبلغ',
  `CheckStatus` smallint(5) unsigned NOT NULL DEFAULT '1' COMMENT 'وضعیت چک',
  `description` varchar(500) DEFAULT NULL COMMENT 'توضیحات',
  `TafsiliID` int(10) unsigned DEFAULT NULL,
  PRIMARY KEY (`CheckID`),
  KEY `FK_ACC_DocChecks_1` (`AccountID`),
  KEY `FK_ACC_DocChecks_2` (`DocID`)
) ENGINE=InnoDB DEFAULT CHARSET=utf8 AUTO_INCREMENT=1 ;

-- --------------------------------------------------------

--
-- Table structure for table `ACC_DocItems`
--

CREATE TABLE IF NOT EXISTS `ACC_DocItems` (
  `DocID` int(10) unsigned NOT NULL COMMENT 'کد سند',
  `ItemID` int(10) unsigned NOT NULL AUTO_INCREMENT COMMENT 'کد ردیف',
  `CostID` int(10) unsigned NOT NULL COMMENT 'کد حساب',
  `TafsiliType` smallint(5) unsigned DEFAULT NULL,
  `TafsiliID` int(10) unsigned DEFAULT NULL COMMENT 'کد تفصیلی',
  `Tafsili2Type` smallint(5) unsigned DEFAULT NULL,
  `Tafsili2ID` int(10) unsigned DEFAULT NULL,
  `DebtorAmount` decimal(15,0) NOT NULL DEFAULT '0' COMMENT 'مبلغ بدهکار',
  `CreditorAmount` decimal(15,0) NOT NULL DEFAULT '0' COMMENT 'مبلغ بستانکار',
  `details` varchar(500) DEFAULT NULL COMMENT 'جزئیات',
  `locked` enum('YES','NO') NOT NULL DEFAULT 'NO' COMMENT 'قفل بودن ردیف',
  `SourceType` varchar(50) DEFAULT NULL,
  `SourceID` int(10) unsigned DEFAULT NULL,
  `SourceID2` int(10) unsigned DEFAULT NULL,
  PRIMARY KEY (`ItemID`),
  KEY `FK_ACC_DocItems_1` (`DocID`),
  KEY `FK_ACC_DocItems_2` (`CostID`),
  KEY `FK_ACC_DocItems_3` (`TafsiliID`),
  KEY `FK_ACC_DocItems_4` (`Tafsili2ID`)
) ENGINE=InnoDB  DEFAULT CHARSET=utf8 AUTO_INCREMENT=213 ;

--
-- Dumping data for table `ACC_DocItems`
--

INSERT INTO `ACC_DocItems` (`DocID`, `ItemID`, `CostID`, `TafsiliType`, `TafsiliID`, `Tafsili2Type`, `Tafsili2ID`, `DebtorAmount`, `CreditorAmount`, `details`, `locked`, `SourceType`, `SourceID`, `SourceID2`) VALUES
(1, 1, 65, 1, 1188, NULL, NULL, '0', '1000000', 'انتقال از نرم افزار قدیم', 'YES', NULL, NULL, NULL),
(1, 2, 65, 1, 1205, NULL, NULL, '0', '1503333', 'انتقال از نرم افزار قدیم', 'YES', NULL, NULL, NULL),
(1, 3, 65, 1, 1016, NULL, NULL, '0', '15890000', 'انتقال از نرم افزار قدیم', 'YES', NULL, NULL, NULL),
(1, 4, 65, 1, 1026, NULL, NULL, '0', '500000', 'انتقال از نرم افزار قدیم', 'YES', NULL, NULL, NULL),
(1, 5, 65, 1, 1197, NULL, NULL, '0', '500000', 'انتقال از نرم افزار قدیم', 'YES', NULL, NULL, NULL),
(1, 6, 65, 1, 1219, NULL, NULL, '0', '500000', 'انتقال از نرم افزار قدیم', 'YES', NULL, NULL, NULL),
(1, 7, 65, 1, 1213, NULL, NULL, '0', '500000', 'انتقال از نرم افزار قدیم', 'YES', NULL, NULL, NULL),
(1, 8, 65, 1, 1220, NULL, NULL, '0', '500000', 'انتقال از نرم افزار قدیم', 'YES', NULL, NULL, NULL),
(1, 9, 65, 1, 1232, NULL, NULL, '0', '500000', 'انتقال از نرم افزار قدیم', 'YES', NULL, NULL, NULL),
(1, 10, 65, 1, 1237, NULL, NULL, '0', '50000', 'انتقال از نرم افزار قدیم', 'YES', NULL, NULL, NULL),
(1, 11, 65, 1, 1241, NULL, NULL, '0', '500000', 'انتقال از نرم افزار قدیم', 'YES', NULL, NULL, NULL),
(1, 12, 65, 1, 1242, NULL, NULL, '0', '500000', 'انتقال از نرم افزار قدیم', 'YES', NULL, NULL, NULL),
(1, 13, 65, 1, 1230, NULL, NULL, '0', '500000', 'انتقال از نرم افزار قدیم', 'YES', NULL, NULL, NULL),
(1, 14, 65, 1, 1123, NULL, NULL, '0', '500000', 'انتقال از نرم افزار قدیم', 'YES', NULL, NULL, NULL),
(1, 15, 65, 1, 1231, NULL, NULL, '0', '410000', 'انتقال از نرم افزار قدیم', 'YES', NULL, NULL, NULL),
(1, 16, 65, 1, 1125, NULL, NULL, '0', '616667', 'انتقال از نرم افزار قدیم', 'YES', NULL, NULL, NULL),
(1, 17, 65, 1, 1126, NULL, NULL, '0', '500000', 'انتقال از نرم افزار قدیم', 'YES', NULL, NULL, NULL),
(1, 18, 65, 1, 1127, NULL, NULL, '0', '500000', 'انتقال از نرم افزار قدیم', 'YES', NULL, NULL, NULL),
(1, 19, 65, 1, 1129, NULL, NULL, '0', '500000', 'انتقال از نرم افزار قدیم', 'YES', NULL, NULL, NULL),
(1, 20, 65, 1, 1130, NULL, NULL, '0', '500000', 'انتقال از نرم افزار قدیم', 'YES', NULL, NULL, NULL),
(1, 21, 65, 1, 1131, NULL, NULL, '0', '500000', 'انتقال از نرم افزار قدیم', 'YES', NULL, NULL, NULL),
(1, 22, 65, 1, 1133, NULL, NULL, '0', '500000', 'انتقال از نرم افزار قدیم', 'YES', NULL, NULL, NULL),
(1, 23, 65, 1, 1134, NULL, NULL, '0', '500000', 'انتقال از نرم افزار قدیم', 'YES', NULL, NULL, NULL),
(1, 24, 65, 1, 1136, NULL, NULL, '0', '500000', 'انتقال از نرم افزار قدیم', 'YES', NULL, NULL, NULL),
(1, 25, 65, 1, 1137, NULL, NULL, '0', '500000', 'انتقال از نرم افزار قدیم', 'YES', NULL, NULL, NULL),
(1, 26, 65, 1, 1138, NULL, NULL, '0', '500000', 'انتقال از نرم افزار قدیم', 'YES', NULL, NULL, NULL),
(1, 27, 65, 1, 1139, NULL, NULL, '0', '560000', 'انتقال از نرم افزار قدیم', 'YES', NULL, NULL, NULL),
(1, 28, 65, 1, 1234, NULL, NULL, '0', '24000000', 'انتقال از نرم افزار قدیم', 'YES', NULL, NULL, NULL),
(1, 29, 65, 1, 1142, NULL, NULL, '0', '500000', 'انتقال از نرم افزار قدیم', 'YES', NULL, NULL, NULL),
(1, 30, 65, 1, 1143, NULL, NULL, '0', '500000', 'انتقال از نرم افزار قدیم', 'YES', NULL, NULL, NULL),
(1, 31, 65, 1, 1145, NULL, NULL, '0', '500000', 'انتقال از نرم افزار قدیم', 'YES', NULL, NULL, NULL),
(1, 32, 65, 1, 1144, NULL, NULL, '0', '500000', 'انتقال از نرم افزار قدیم', 'YES', NULL, NULL, NULL),
(1, 33, 65, 1, 1146, NULL, NULL, '0', '500000', 'انتقال از نرم افزار قدیم', 'YES', NULL, NULL, NULL),
(1, 34, 65, 1, 1147, NULL, NULL, '0', '500000', 'انتقال از نرم افزار قدیم', 'YES', NULL, NULL, NULL),
(1, 35, 65, 1, 1148, NULL, NULL, '0', '52740', 'انتقال از نرم افزار قدیم', 'YES', NULL, NULL, NULL),
(1, 36, 65, 1, 1149, NULL, NULL, '0', '500000', 'انتقال از نرم افزار قدیم', 'YES', NULL, NULL, NULL),
(1, 37, 65, 1, 1150, NULL, NULL, '0', '500000', 'انتقال از نرم افزار قدیم', 'YES', NULL, NULL, NULL),
(1, 38, 65, 1, 1238, NULL, NULL, '0', '500000', 'انتقال از نرم افزار قدیم', 'YES', NULL, NULL, NULL),
(1, 39, 65, 1, 1157, NULL, NULL, '0', '550000', 'انتقال از نرم افزار قدیم', 'YES', NULL, NULL, NULL),
(1, 40, 65, 1, 1158, NULL, NULL, '0', '500000', 'انتقال از نرم افزار قدیم', 'YES', NULL, NULL, NULL),
(1, 41, 65, 1, 1161, NULL, NULL, '0', '500000', 'انتقال از نرم افزار قدیم', 'YES', NULL, NULL, NULL),
(1, 42, 65, 1, 1171, NULL, NULL, '0', '0', 'انتقال از نرم افزار قدیم', 'YES', NULL, NULL, NULL),
(1, 43, 65, 1, 1177, NULL, NULL, '0', '500000', 'انتقال از نرم افزار قدیم', 'YES', NULL, NULL, NULL),
(1, 44, 65, 1, 1178, NULL, NULL, '0', '500000', 'انتقال از نرم افزار قدیم', 'YES', NULL, NULL, NULL),
(1, 45, 65, 1, 1179, NULL, NULL, '0', '500000', 'انتقال از نرم افزار قدیم', 'YES', NULL, NULL, NULL),
(1, 46, 65, 1, 1181, NULL, NULL, '0', '500000', 'انتقال از نرم افزار قدیم', 'YES', NULL, NULL, NULL),
(1, 47, 65, 1, 1185, NULL, NULL, '0', '500000', 'انتقال از نرم افزار قدیم', 'YES', NULL, NULL, NULL),
(1, 48, 65, 1, 1244, NULL, NULL, '0', '500000', 'انتقال از نرم افزار قدیم', 'YES', NULL, NULL, NULL),
(1, 49, 65, 1, 1005, NULL, NULL, '0', '500000', 'انتقال از نرم افزار قدیم', 'YES', NULL, NULL, NULL),
(1, 50, 65, 1, 1189, NULL, NULL, '0', '500000', 'انتقال از نرم افزار قدیم', 'YES', NULL, NULL, NULL),
(1, 51, 65, 1, 1006, NULL, NULL, '0', '500000', 'انتقال از نرم افزار قدیم', 'YES', NULL, NULL, NULL),
(1, 52, 65, 1, 1008, NULL, NULL, '0', '1187500', 'انتقال از نرم افزار قدیم', 'YES', NULL, NULL, NULL),
(1, 53, 65, 1, 1011, NULL, NULL, '0', '500000', 'انتقال از نرم افزار قدیم', 'YES', NULL, NULL, NULL),
(1, 54, 65, 1, 1012, NULL, NULL, '0', '500000', 'انتقال از نرم افزار قدیم', 'YES', NULL, NULL, NULL),
(1, 55, 65, 1, 1013, NULL, NULL, '0', '500000', 'انتقال از نرم افزار قدیم', 'YES', NULL, NULL, NULL),
(1, 56, 65, 1, 1015, NULL, NULL, '0', '2925962', 'انتقال از نرم افزار قدیم', 'YES', NULL, NULL, NULL),
(1, 57, 65, 1, 1014, NULL, NULL, '0', '500000', 'انتقال از نرم افزار قدیم', 'YES', NULL, NULL, NULL),
(1, 58, 65, 1, 1192, NULL, NULL, '0', '1', 'انتقال از نرم افزار قدیم', 'YES', NULL, NULL, NULL),
(1, 59, 65, 1, 1193, NULL, NULL, '0', '1', 'انتقال از نرم افزار قدیم', 'YES', NULL, NULL, NULL),
(1, 60, 65, 1, 1194, NULL, NULL, '0', '1', 'انتقال از نرم افزار قدیم', 'YES', NULL, NULL, NULL),
(1, 61, 65, 1, 1019, NULL, NULL, '0', '500000', 'انتقال از نرم افزار قدیم', 'YES', NULL, NULL, NULL),
(1, 62, 65, 1, 1020, NULL, NULL, '0', '500000', 'انتقال از نرم افزار قدیم', 'YES', NULL, NULL, NULL),
(1, 63, 65, 1, 1021, NULL, NULL, '0', '500000', 'انتقال از نرم افزار قدیم', 'YES', NULL, NULL, NULL),
(1, 64, 65, 1, 1022, NULL, NULL, '0', '4170', 'انتقال از نرم افزار قدیم', 'YES', NULL, NULL, NULL),
(1, 65, 65, 1, 1195, NULL, NULL, '0', '696250', 'انتقال از نرم افزار قدیم', 'YES', NULL, NULL, NULL),
(1, 66, 65, 1, 1023, NULL, NULL, '0', '668493', 'انتقال از نرم افزار قدیم', 'YES', NULL, NULL, NULL),
(1, 67, 65, 1, 1024, NULL, NULL, '0', '500000', 'انتقال از نرم افزار قدیم', 'YES', NULL, NULL, NULL),
(1, 68, 65, 1, 1025, NULL, NULL, '0', '357264', 'انتقال از نرم افزار قدیم', 'YES', NULL, NULL, NULL),
(1, 69, 65, 1, 1027, NULL, NULL, '0', '50000', 'انتقال از نرم افزار قدیم', 'YES', NULL, NULL, NULL),
(1, 70, 65, 1, 1029, NULL, NULL, '0', '500000', 'انتقال از نرم افزار قدیم', 'YES', NULL, NULL, NULL),
(1, 71, 65, 1, 1002, NULL, NULL, '0', '305650911', 'انتقال از نرم افزار قدیم', 'YES', NULL, NULL, NULL),
(1, 72, 65, 1, 1030, NULL, NULL, '0', '500000', 'انتقال از نرم افزار قدیم', 'YES', NULL, NULL, NULL),
(1, 73, 65, 1, 1032, NULL, NULL, '0', '500000', 'انتقال از نرم افزار قدیم', 'YES', NULL, NULL, NULL),
(1, 74, 65, 1, 1017, NULL, NULL, '0', '498889', 'انتقال از نرم افزار قدیم', 'YES', NULL, NULL, NULL),
(1, 75, 65, 1, 1033, NULL, NULL, '0', '500000', 'انتقال از نرم افزار قدیم', 'YES', NULL, NULL, NULL),
(1, 76, 65, 1, 1196, NULL, NULL, '0', '0', 'انتقال از نرم افزار قدیم', 'YES', NULL, NULL, NULL),
(1, 77, 65, 1, 1034, NULL, NULL, '0', '500000', 'انتقال از نرم افزار قدیم', 'YES', NULL, NULL, NULL),
(1, 78, 65, 1, 1035, NULL, NULL, '0', '0', 'انتقال از نرم افزار قدیم', 'YES', NULL, NULL, NULL),
(1, 79, 65, 1, 1036, NULL, NULL, '0', '500000', 'انتقال از نرم افزار قدیم', 'YES', NULL, NULL, NULL),
(1, 80, 65, 1, 1037, NULL, NULL, '0', '500000', 'انتقال از نرم افزار قدیم', 'YES', NULL, NULL, NULL),
(1, 81, 65, 1, 1198, NULL, NULL, '0', '189882', 'انتقال از نرم افزار قدیم', 'YES', NULL, NULL, NULL),
(1, 82, 65, 1, 1040, NULL, NULL, '0', '500000', 'انتقال از نرم افزار قدیم', 'YES', NULL, NULL, NULL),
(1, 83, 65, 1, 1041, NULL, NULL, '0', '500000', 'انتقال از نرم افزار قدیم', 'YES', NULL, NULL, NULL),
(1, 84, 65, 1, 1042, NULL, NULL, '0', '500000', 'انتقال از نرم افزار قدیم', 'YES', NULL, NULL, NULL),
(1, 85, 65, 1, 1038, NULL, NULL, '0', '1', 'انتقال از نرم افزار قدیم', 'YES', NULL, NULL, NULL),
(1, 86, 65, 1, 1044, NULL, NULL, '0', '500000', 'انتقال از نرم افزار قدیم', 'YES', NULL, NULL, NULL),
(1, 87, 65, 1, 1045, NULL, NULL, '0', '500000', 'انتقال از نرم افزار قدیم', 'YES', NULL, NULL, NULL),
(1, 88, 65, 1, 1046, NULL, NULL, '0', '500000', 'انتقال از نرم افزار قدیم', 'YES', NULL, NULL, NULL),
(1, 89, 65, 1, 1047, NULL, NULL, '0', '0', 'انتقال از نرم افزار قدیم', 'YES', NULL, NULL, NULL),
(1, 90, 65, 1, 1048, NULL, NULL, '0', '0', 'انتقال از نرم افزار قدیم', 'YES', NULL, NULL, NULL),
(1, 91, 65, 1, 1049, NULL, NULL, '0', '500000', 'انتقال از نرم افزار قدیم', 'YES', NULL, NULL, NULL),
(1, 92, 65, 1, 1050, NULL, NULL, '0', '500000', 'انتقال از نرم افزار قدیم', 'YES', NULL, NULL, NULL),
(1, 93, 65, 1, 1180, NULL, NULL, '0', '76527', 'انتقال از نرم افزار قدیم', 'YES', NULL, NULL, NULL),
(1, 94, 65, 1, 1051, NULL, NULL, '0', '500000', 'انتقال از نرم افزار قدیم', 'YES', NULL, NULL, NULL),
(1, 95, 65, 1, 1052, NULL, NULL, '0', '500000', 'انتقال از نرم افزار قدیم', 'YES', NULL, NULL, NULL),
(1, 96, 65, 1, 1053, NULL, NULL, '0', '500000', 'انتقال از نرم افزار قدیم', 'YES', NULL, NULL, NULL),
(1, 97, 65, 1, 1201, NULL, NULL, '0', '583333', 'انتقال از نرم افزار قدیم', 'YES', NULL, NULL, NULL),
(1, 98, 65, 1, 1054, NULL, NULL, '0', '500000', 'انتقال از نرم افزار قدیم', 'YES', NULL, NULL, NULL),
(1, 99, 65, 1, 1202, NULL, NULL, '0', '0', 'انتقال از نرم افزار قدیم', 'YES', NULL, NULL, NULL),
(1, 100, 65, 1, 1055, NULL, NULL, '0', '500000', 'انتقال از نرم افزار قدیم', 'YES', NULL, NULL, NULL),
(1, 101, 65, 1, 1204, NULL, NULL, '0', '34742096', 'انتقال از نرم افزار قدیم', 'YES', NULL, NULL, NULL),
(1, 102, 65, 1, 1056, NULL, NULL, '0', '500000', 'انتقال از نرم افزار قدیم', 'YES', NULL, NULL, NULL),
(1, 103, 65, 1, 1058, NULL, NULL, '0', '500000', 'انتقال از نرم افزار قدیم', 'YES', NULL, NULL, NULL),
(1, 104, 65, 1, 1060, NULL, NULL, '0', '500000', 'انتقال از نرم افزار قدیم', 'YES', NULL, NULL, NULL),
(1, 105, 65, 1, 1059, NULL, NULL, '0', '500000', 'انتقال از نرم افزار قدیم', 'YES', NULL, NULL, NULL),
(1, 106, 65, 1, 1206, NULL, NULL, '0', '500000', 'انتقال از نرم افزار قدیم', 'YES', NULL, NULL, NULL),
(1, 107, 65, 1, 1207, NULL, NULL, '0', '1919187', 'انتقال از نرم افزار قدیم', 'YES', NULL, NULL, NULL),
(1, 108, 65, 1, 1061, NULL, NULL, '0', '500000', 'انتقال از نرم افزار قدیم', 'YES', NULL, NULL, NULL),
(1, 109, 65, 1, 1062, NULL, NULL, '0', '100000', 'انتقال از نرم افزار قدیم', 'YES', NULL, NULL, NULL),
(1, 110, 65, 1, 1208, NULL, NULL, '0', '500000', 'انتقال از نرم افزار قدیم', 'YES', NULL, NULL, NULL),
(1, 111, 65, 1, 1063, NULL, NULL, '0', '500000', 'انتقال از نرم افزار قدیم', 'YES', NULL, NULL, NULL),
(1, 112, 65, 1, 1064, NULL, NULL, '0', '500000', 'انتقال از نرم افزار قدیم', 'YES', NULL, NULL, NULL),
(1, 113, 65, 1, 1065, NULL, NULL, '0', '500000', 'انتقال از نرم افزار قدیم', 'YES', NULL, NULL, NULL),
(1, 114, 65, 1, 1066, NULL, NULL, '0', '500000', 'انتقال از نرم افزار قدیم', 'YES', NULL, NULL, NULL),
(1, 115, 65, 1, 1067, NULL, NULL, '0', '500000', 'انتقال از نرم افزار قدیم', 'YES', NULL, NULL, NULL),
(1, 116, 65, 1, 1210, NULL, NULL, '0', '2215', 'انتقال از نرم افزار قدیم', 'YES', NULL, NULL, NULL),
(1, 117, 65, 1, 1068, NULL, NULL, '0', '500000', 'انتقال از نرم افزار قدیم', 'YES', NULL, NULL, NULL),
(1, 118, 65, 1, 1069, NULL, NULL, '0', '500000', 'انتقال از نرم افزار قدیم', 'YES', NULL, NULL, NULL),
(1, 119, 65, 1, 1070, NULL, NULL, '0', '500000', 'انتقال از نرم افزار قدیم', 'YES', NULL, NULL, NULL),
(1, 120, 65, 1, 1211, NULL, NULL, '0', '249750', 'انتقال از نرم افزار قدیم', 'YES', NULL, NULL, NULL),
(1, 121, 65, 1, 1071, NULL, NULL, '0', '500000', 'انتقال از نرم افزار قدیم', 'YES', NULL, NULL, NULL),
(1, 122, 65, 1, 1072, NULL, NULL, '0', '500000', 'انتقال از نرم افزار قدیم', 'YES', NULL, NULL, NULL),
(1, 123, 65, 1, 1155, NULL, NULL, '0', '500000', 'انتقال از نرم افزار قدیم', 'YES', NULL, NULL, NULL),
(1, 124, 65, 1, 1075, NULL, NULL, '0', '500000', 'انتقال از نرم افزار قدیم', 'YES', NULL, NULL, NULL),
(1, 125, 65, 1, 1076, NULL, NULL, '0', '500000', 'انتقال از نرم افزار قدیم', 'YES', NULL, NULL, NULL),
(1, 126, 65, 1, 1077, NULL, NULL, '0', '500000', 'انتقال از نرم افزار قدیم', 'YES', NULL, NULL, NULL),
(1, 127, 65, 1, 1078, NULL, NULL, '0', '500000', 'انتقال از نرم افزار قدیم', 'YES', NULL, NULL, NULL),
(1, 128, 65, 1, 1080, NULL, NULL, '0', '500000', 'انتقال از نرم افزار قدیم', 'YES', NULL, NULL, NULL),
(1, 129, 65, 1, 1079, NULL, NULL, '0', '500000', 'انتقال از نرم افزار قدیم', 'YES', NULL, NULL, NULL),
(1, 130, 65, 1, 1081, NULL, NULL, '0', '500000', 'انتقال از نرم افزار قدیم', 'YES', NULL, NULL, NULL),
(1, 131, 65, 1, 1073, NULL, NULL, '0', '500000', 'انتقال از نرم افزار قدیم', 'YES', NULL, NULL, NULL),
(1, 132, 65, 1, 1085, NULL, NULL, '0', '500000', 'انتقال از نرم افزار قدیم', 'YES', NULL, NULL, NULL),
(1, 133, 65, 1, 1082, NULL, NULL, '0', '500000', 'انتقال از نرم افزار قدیم', 'YES', NULL, NULL, NULL),
(1, 134, 65, 1, 1083, NULL, NULL, '0', '500000', 'انتقال از نرم افزار قدیم', 'YES', NULL, NULL, NULL),
(1, 135, 65, 1, 1214, NULL, NULL, '0', '0', 'انتقال از نرم افزار قدیم', 'YES', NULL, NULL, NULL),
(1, 136, 65, 1, 1087, NULL, NULL, '0', '500000', 'انتقال از نرم افزار قدیم', 'YES', NULL, NULL, NULL),
(1, 137, 65, 1, 1086, NULL, NULL, '0', '500000', 'انتقال از نرم افزار قدیم', 'YES', NULL, NULL, NULL),
(1, 138, 65, 1, 1154, NULL, NULL, '0', '500000', 'انتقال از نرم افزار قدیم', 'YES', NULL, NULL, NULL),
(1, 139, 65, 1, 1088, NULL, NULL, '0', '500000', 'انتقال از نرم افزار قدیم', 'YES', NULL, NULL, NULL),
(1, 140, 65, 1, 1001, NULL, NULL, '0', '435000001', 'انتقال از نرم افزار قدیم', 'YES', NULL, NULL, NULL),
(1, 141, 65, 1, 1089, NULL, NULL, '0', '500000', 'انتقال از نرم افزار قدیم', 'YES', NULL, NULL, NULL),
(1, 142, 65, 1, 1091, NULL, NULL, '0', '500000', 'انتقال از نرم افزار قدیم', 'YES', NULL, NULL, NULL),
(1, 143, 65, 1, 1092, NULL, NULL, '0', '500000', 'انتقال از نرم افزار قدیم', 'YES', NULL, NULL, NULL),
(1, 144, 65, 1, 1093, NULL, NULL, '0', '500000', 'انتقال از نرم افزار قدیم', 'YES', NULL, NULL, NULL),
(1, 145, 65, 1, 1095, NULL, NULL, '0', '35811', 'انتقال از نرم افزار قدیم', 'YES', NULL, NULL, NULL),
(1, 146, 65, 1, 1221, NULL, NULL, '0', '582000', 'انتقال از نرم افزار قدیم', 'YES', NULL, NULL, NULL),
(1, 147, 65, 1, 1222, NULL, NULL, '0', '693100', 'انتقال از نرم افزار قدیم', 'YES', NULL, NULL, NULL),
(1, 148, 65, 1, 1223, NULL, NULL, '0', '3112200', 'انتقال از نرم افزار قدیم', 'YES', NULL, NULL, NULL),
(1, 149, 65, 1, 1224, NULL, NULL, '0', '3011100', 'انتقال از نرم افزار قدیم', 'YES', NULL, NULL, NULL),
(1, 150, 65, 1, 1225, NULL, NULL, '0', '0', 'انتقال از نرم افزار قدیم', 'YES', NULL, NULL, NULL),
(1, 151, 65, 1, 1226, NULL, NULL, '0', '1746000', 'انتقال از نرم افزار قدیم', 'YES', NULL, NULL, NULL),
(1, 152, 65, 1, 1227, NULL, NULL, '0', '10000', 'انتقال از نرم افزار قدیم', 'YES', NULL, NULL, NULL),
(1, 153, 65, 1, 1094, NULL, NULL, '0', '500000', 'انتقال از نرم افزار قدیم', 'YES', NULL, NULL, NULL),
(1, 154, 65, 1, 1096, NULL, NULL, '0', '1', 'انتقال از نرم افزار قدیم', 'YES', NULL, NULL, NULL),
(1, 155, 65, 1, 1098, NULL, NULL, '0', '500000', 'انتقال از نرم افزار قدیم', 'YES', NULL, NULL, NULL),
(1, 156, 65, 1, 1099, NULL, NULL, '0', '500000', 'انتقال از نرم افزار قدیم', 'YES', NULL, NULL, NULL),
(1, 157, 65, 1, 1100, NULL, NULL, '0', '145887609', 'انتقال از نرم افزار قدیم', 'YES', NULL, NULL, NULL),
(1, 158, 65, 1, 1101, NULL, NULL, '0', '500000', 'انتقال از نرم افزار قدیم', 'YES', NULL, NULL, NULL),
(1, 159, 65, 1, 1103, NULL, NULL, '0', '500000', 'انتقال از نرم افزار قدیم', 'YES', NULL, NULL, NULL),
(1, 160, 65, 1, 1104, NULL, NULL, '0', '500000', 'انتقال از نرم افزار قدیم', 'YES', NULL, NULL, NULL),
(1, 161, 65, 1, 1105, NULL, NULL, '0', '500000', 'انتقال از نرم افزار قدیم', 'YES', NULL, NULL, NULL),
(1, 162, 65, 1, 1106, NULL, NULL, '0', '500000', 'انتقال از نرم افزار قدیم', 'YES', NULL, NULL, NULL),
(1, 163, 65, 1, 1102, NULL, NULL, '0', '1', 'انتقال از نرم افزار قدیم', 'YES', NULL, NULL, NULL),
(1, 164, 65, 1, 1107, NULL, NULL, '0', '500000', 'انتقال از نرم افزار قدیم', 'YES', NULL, NULL, NULL),
(1, 165, 65, 1, 1229, NULL, NULL, '0', '2806144', 'انتقال از نرم افزار قدیم', 'YES', NULL, NULL, NULL),
(1, 166, 65, 1, 1108, NULL, NULL, '0', '500000', 'انتقال از نرم افزار قدیم', 'YES', NULL, NULL, NULL),
(1, 167, 65, 1, 1109, NULL, NULL, '0', '500000', 'انتقال از نرم افزار قدیم', 'YES', NULL, NULL, NULL),
(1, 168, 65, 1, 1111, NULL, NULL, '0', '500001', 'انتقال از نرم افزار قدیم', 'YES', NULL, NULL, NULL),
(1, 169, 65, 1, 1113, NULL, NULL, '0', '500000', 'انتقال از نرم افزار قدیم', 'YES', NULL, NULL, NULL),
(1, 170, 65, 1, 1114, NULL, NULL, '0', '500000', 'انتقال از نرم افزار قدیم', 'YES', NULL, NULL, NULL),
(1, 171, 65, 1, 1112, NULL, NULL, '0', '500000', 'انتقال از نرم افزار قدیم', 'YES', NULL, NULL, NULL),
(1, 172, 65, 1, 1115, NULL, NULL, '0', '500000', 'انتقال از نرم افزار قدیم', 'YES', NULL, NULL, NULL),
(1, 173, 65, 1, 1116, NULL, NULL, '0', '1', 'انتقال از نرم افزار قدیم', 'YES', NULL, NULL, NULL),
(1, 174, 65, 1, 1118, NULL, NULL, '0', '500000', 'انتقال از نرم افزار قدیم', 'YES', NULL, NULL, NULL),
(1, 175, 65, 1, 1120, NULL, NULL, '0', '500000', 'انتقال از نرم افزار قدیم', 'YES', NULL, NULL, NULL),
(1, 176, 65, 1, 1122, NULL, NULL, '0', '500000', 'انتقال از نرم افزار قدیم', 'YES', NULL, NULL, NULL),
(1, 177, 65, 1, 1119, NULL, NULL, '0', '1', 'انتقال از نرم افزار قدیم', 'YES', NULL, NULL, NULL),
(1, 178, 65, 1, 1187, NULL, NULL, '0', '34762500', 'انتقال از نرم افزار قدیم', 'YES', NULL, NULL, NULL),
(1, 179, 1, NULL, NULL, NULL, NULL, '1084181643', '0', NULL, 'NO', NULL, NULL, NULL),
(2, 180, 66, 1, 1002, NULL, NULL, '0', '6115230053', NULL, 'NO', NULL, NULL, NULL),
(2, 181, 66, 1, 1203, NULL, NULL, '0', '40389608', NULL, 'NO', NULL, NULL, NULL),
(2, 182, 1, NULL, NULL, NULL, NULL, '6155619661', '0', NULL, 'NO', NULL, NULL, NULL),
(3, 183, 114, NULL, NULL, NULL, NULL, '51654293', '0', NULL, 'YES', NULL, NULL, NULL),
(3, 184, 115, NULL, NULL, NULL, NULL, '9200000', '0', NULL, 'YES', NULL, NULL, NULL),
(3, 185, 116, NULL, NULL, NULL, NULL, '25300000', '0', NULL, 'YES', NULL, NULL, NULL),
(3, 186, 117, NULL, NULL, NULL, NULL, '67356001', '0', NULL, 'YES', NULL, NULL, NULL),
(3, 187, 149, NULL, NULL, NULL, NULL, '321607003', '0', NULL, 'YES', NULL, NULL, NULL),
(3, 188, 123, NULL, NULL, NULL, NULL, '5936750', '0', NULL, 'YES', NULL, NULL, NULL),
(3, 189, 71, NULL, NULL, NULL, NULL, '22420000', '0', NULL, 'YES', NULL, NULL, NULL),
(3, 190, 72, NULL, NULL, NULL, NULL, '19854000', '0', NULL, 'YES', NULL, NULL, NULL),
(3, 191, 73, NULL, NULL, NULL, NULL, '4442500', '0', NULL, 'YES', NULL, NULL, NULL),
(3, 192, 74, NULL, NULL, NULL, NULL, '27612830', '0', NULL, 'YES', NULL, NULL, NULL),
(3, 193, 124, NULL, NULL, NULL, NULL, '9699696', '0', NULL, 'YES', NULL, NULL, NULL),
(3, 194, 76, NULL, NULL, NULL, NULL, '650000', '0', NULL, 'YES', NULL, NULL, NULL),
(3, 195, 78, NULL, NULL, NULL, NULL, '31064000', '0', NULL, 'YES', NULL, NULL, NULL),
(3, 196, 79, NULL, NULL, NULL, NULL, '3260000', '0', NULL, 'YES', NULL, NULL, NULL),
(3, 197, 117, NULL, NULL, NULL, NULL, '901776', '0', NULL, 'YES', NULL, NULL, NULL),
(3, 198, 81, NULL, NULL, NULL, NULL, '1820000', '0', NULL, 'YES', NULL, NULL, NULL),
(3, 199, 82, NULL, NULL, NULL, NULL, '35766450', '0', NULL, 'YES', NULL, NULL, NULL),
(3, 200, 83, NULL, NULL, NULL, NULL, '1833317', '0', NULL, 'YES', NULL, NULL, NULL),
(3, 201, 84, NULL, NULL, NULL, NULL, '10500000', '0', NULL, 'YES', NULL, NULL, NULL),
(3, 202, 122, NULL, NULL, NULL, NULL, '24788685', '0', NULL, 'YES', NULL, NULL, NULL),
(3, 203, 1, NULL, NULL, NULL, NULL, '0', '675667301', NULL, 'NO', NULL, NULL, NULL);

-- --------------------------------------------------------

--
-- Table structure for table `ACC_docs`
--

CREATE TABLE IF NOT EXISTS `ACC_docs` (
  `DocID` int(10) unsigned NOT NULL AUTO_INCREMENT COMMENT 'کد سند',
  `CycleID` int(10) unsigned NOT NULL COMMENT 'کد دوره',
  `BranchID` int(10) unsigned NOT NULL COMMENT 'کد شعبه',
  `LocalNo` smallint(5) unsigned NOT NULL,
  `DocDate` date NOT NULL COMMENT 'تاریخ سند',
  `RegDate` date NOT NULL COMMENT 'تاریخ ثبت سند',
  `DocStatus` enum('RAW','DELETED','CONFIRM','ARCHIVE') NOT NULL DEFAULT 'RAW' COMMENT 'وضعیت برگه',
  `DocType` varchar(50) NOT NULL DEFAULT 'NORMAL' COMMENT 'نوع برگه',
  `description` varchar(500) DEFAULT NULL COMMENT 'توضیحات',
  `RegPersonID` int(10) unsigned NOT NULL COMMENT 'ثبت کننده',
  PRIMARY KEY (`DocID`)
) ENGINE=InnoDB  DEFAULT CHARSET=utf8 AUTO_INCREMENT=8 ;

--
-- Dumping data for table `ACC_docs`
--

INSERT INTO `ACC_docs` (`DocID`, `CycleID`, `BranchID`, `LocalNo`, `DocDate`, `RegDate`, `DocStatus`, `DocType`, `description`, `RegPersonID`) VALUES
(1, 1394, 1, 1, '2015-12-03', '2015-12-02', 'RAW', 'NORMAL', 'حساب های قرض الحسنه انتقالی از نرم افزار قدیم', 1000),
(2, 1394, 1, 2, '2015-12-03', '2015-12-03', 'RAW', 'NORMAL', 'حساب های سپرده کوتاه مدت انتقالی از نرم افزار قدیم', 1000),
(3, 1394, 1, 3, '2015-12-03', '2015-12-03', 'RAW', 'NORMAL', 'هزینه ها انتقالی از نرم افزار قدیم', 1000);

-- --------------------------------------------------------

--
-- Table structure for table `ACC_tafsilis`
--

CREATE TABLE IF NOT EXISTS `ACC_tafsilis` (
  `TafsiliID` int(10) unsigned NOT NULL AUTO_INCREMENT COMMENT 'کد تفصیلی',
  `TafsiliCode` varchar(100) DEFAULT NULL COMMENT 'کد تفصیلی',
  `TafsiliType` int(10) unsigned NOT NULL COMMENT 'نوع تفصیلی',
  `TafsiliDesc` varchar(500) NOT NULL COMMENT 'عنوان',
  `IsActive` enum('YES','NO') NOT NULL DEFAULT 'YES',
  `ObjectID` int(10) unsigned DEFAULT NULL,
  PRIMARY KEY (`TafsiliID`)
) ENGINE=InnoDB  DEFAULT CHARSET=utf8 ROW_FORMAT=DYNAMIC AUTO_INCREMENT=1248 ;

--
-- Dumping data for table `ACC_tafsilis`
--

INSERT INTO `ACC_tafsilis` (`TafsiliID`, `TafsiliCode`, `TafsiliType`, `TafsiliDesc`, `IsActive`, `ObjectID`) VALUES
(2, '1394', 2, '1394', 'YES', NULL),
(3, '1395', 2, '1395', 'YES', NULL),
(4, '1396', 2, '1396', 'YES', NULL),
(5, '1397', 2, '1397', 'YES', NULL),
(6, '1398', 2, '1398', 'YES', NULL),
(7, '1399', 2, '1399', 'YES', NULL),
(1000, '1000', 1, 'شبنم جعفرخانی', 'YES', 1000),
(1001, '1001', 1, 'پارک علم و فناوری خراسان', 'YES', 1001),
(1002, '1002', 1, 'دانشگاه فردوسی مشهد', 'YES', 1002),
(1003, '1003', 1, 'صندوق نوآوری و شکوفایی', 'YES', 1003),
(1004, '1004', 1, 'مجتمع فنی قوچان', 'YES', 1004),
(1005, '1005', 1, 'علی  بهاری', 'YES', 1005),
(1006, '1006', 1, 'سبحانی  شهر ایمان', 'YES', 1006),
(1007, '1007', 1, 'محمد  ابراهیم زواری', 'YES', 1007),
(1008, '1008', 1, 'شرکت حرکت گستر پردیس . روح اله رفعت حسینی', 'YES', 1008),
(1009, '1009', 1, 'محمود  تقی پور بهره', 'YES', 1009),
(1010, '1010', 1, 'غلامرضا  قاسمی', 'YES', 1010),
(1011, '1011', 1, 'توحید  خراسانی', 'YES', 1011),
(1012, '1012', 1, 'محسن  احمدی پور', 'YES', 1012),
(1013, '1013', 1, 'پیمان  یعقوبی ', 'YES', 1013),
(1014, '1014', 1, 'سید  هادی ابراهیمی ', 'YES', 1014),
(1015, '1015', 1, 'سید  حسین عرفانیان رضا زاده مقدم', 'YES', 1015),
(1016, '1016', 1, 'محمد طباطبایی. شرکت انگاره فیزیک', 'YES', 1016),
(1017, '1017', 1, 'جواد   بهارآراء', 'YES', 1017),
(1018, '1018', 1, 'محمد  نبیونی', 'YES', 1018),
(1019, '1019', 1, 'دکترناصر  مهدوی شهری', 'YES', 1019),
(1020, '1020', 1, 'محمد  یعقوبی ', 'YES', 1020),
(1021, '1021', 1, 'مهدی  اسماعیل زاده', 'YES', 1021),
(1022, '1022', 1, 'سید  احمد محمدی درودی', 'YES', 1022),
(1023, '1023', 1, 'حسن  عاشوری چمن آبادی', 'YES', 1023),
(1024, '1024', 1, 'محمد  کریمی ', 'YES', 1024),
(1025, '1025', 1, 'الهام  افتخاری ', 'YES', 1025),
(1026, '1026', 1, 'شرکت پایا فن آوران', 'YES', 1026),
(1027, '1027', 1, 'مهدی  مروی ', 'YES', 1027),
(1028, '1028', 1, 'روح  اله قاضی خوشانی', 'YES', 1028),
(1029, '1029', 1, 'سید  هاشم موسوی ', 'YES', 1029),
(1030, '1030', 1, 'شرکت سولار باد انرژی (ابوترابی زارچی)', 'YES', 1030),
(1031, '1031', 1, 'مجتبی  حنایی', 'YES', 1031),
(1032, '1032', 1, 'منصور  میرزایی', 'YES', 1032),
(1033, '1033', 1, 'ابراهیم  ولی زاده ', 'YES', 1033),
(1034, '1034', 1, 'شرکت خلاقان جوان ', 'YES', 1034),
(1035, '1035', 1, 'انیسه  رحیمی', 'YES', 1035),
(1036, '1036', 1, 'فاطمه  یزدی ', 'YES', 1036),
(1037, '1037', 1, 'شرکت نوین کامپوزیت آریا (رضا خسروی)', 'YES', 1037),
(1038, '1038', 1, 'محمد  مستعلی ', 'YES', 1038),
(1039, '1039', 1, 'شهربانو  سریر ', 'YES', 1039),
(1040, '1040', 1, 'هاشم  پور احمدان ', 'YES', 1040),
(1041, '1041', 1, 'ابراهیم  مسکین ', 'YES', 1041),
(1042, '1042', 1, 'شهرام  قادری ', 'YES', 1042),
(1043, '1043', 1, 'محمدرضا  برومند', 'YES', 1043),
(1044, '1044', 1, 'شرکت کیمیا کاوان سرزمین خورشید (رضائی)', 'YES', 1044),
(1045, '1045', 1, 'شرکت جهان سلول توس (احمد رضاراجی)', 'YES', 1045),
(1046, '1046', 1, 'مرتضی  شریف زاده', 'YES', 1046),
(1047, '1047', 1, 'محسن شاطریان (شرکت فناور نانو گستر آریا )', 'YES', 1047),
(1048, '1048', 1, 'محمد  حیدری پور', 'YES', 1048),
(1049, '1049', 1, 'شادی  قرائی', 'YES', 1049),
(1050, '1050', 1, 'شرکت سنگ آب نانو (غلامرضا ثوابی)', 'YES', 1050),
(1051, '1051', 1, 'عصمت  امینی', 'YES', 1051),
(1052, '1052', 1, 'دکتراحد  ضابط', 'YES', 1052),
(1053, '1053', 1, 'علی  زرساز', 'YES', 1053),
(1054, '1054', 1, 'شرکت صنایع هوا خورشید (شهریار صابر )', 'YES', 1054),
(1055, '1055', 1, 'شرکت تجهیز گستر پاژ', 'YES', 1055),
(1056, '1056', 1, 'مهدی  کیانی', 'YES', 1056),
(1057, '1057', 1, 'حجت  پور نوروزی قلعه نو', 'YES', 1057),
(1058, '1058', 1, 'هاشمی  زاده مقدم طهرانی', 'YES', 1058),
(1059, '1059', 1, 'پایش  بسامد پارسا', 'YES', 1059),
(1060, '1060', 1, 'شرکت سورنا صنعت خاوران', 'YES', 1060),
(1061, '1061', 1, 'مجید  ابراهیمی زاده ابریشمی', 'YES', 1061),
(1062, '1062', 1, 'شرکت اکسیر گل سرخ', 'YES', 1062),
(1063, '1063', 1, 'شرکت داده کاوی پرهون (مجید سازوار)', 'YES', 1063),
(1064, '1064', 1, 'شرکت پارس شیمی ابتکار گستر', 'YES', 1064),
(1065, '1065', 1, 'شرکت فرا اندیشان رشد خراسان', 'YES', 1065),
(1066, '1066', 1, 'حسن  موسوی', 'YES', 1066),
(1067, '1067', 1, 'شرکت تصویر پردازان دانش فردا (میرزایی)', 'YES', 1067),
(1068, '1068', 1, 'مسعود  حاجی پور', 'YES', 1068),
(1069, '1069', 1, 'محمد  پاویرپور', 'YES', 1069),
(1070, '1070', 1, 'رضا  مالداری', 'YES', 1070),
(1071, '1071', 1, 'شرکت صنعت پروژه توس', 'YES', 1071),
(1072, '1072', 1, 'شرکت علم و فناوری آرام', 'YES', 1072),
(1073, '1073', 1, 'اکبر  امینی', 'YES', 1073),
(1074, '1074', 1, 'شرکت رهپویان خرد و اندیشه', 'YES', 1074),
(1075, '1075', 1, 'شرکت آرتا هوشمند پردازان سناباد', 'YES', 1075),
(1076, '1076', 1, 'امید  صفری', 'YES', 1076),
(1077, '1077', 1, 'شرکت کشت کار گستر نوژان خراسان شمالی', 'YES', 1077),
(1078, '1078', 1, 'شرکت دنا پارس آژند', 'YES', 1078),
(1079, '1079', 1, 'مصطفی  خداشاهی', 'YES', 1079),
(1080, '1080', 1, 'شرکت طراحان ماشین حجازیان', 'YES', 1080),
(1081, '1081', 1, 'شرکت پیشتاز نانو فناور توس', 'YES', 1081),
(1082, '1082', 1, 'شرکت ماهان صنعت توس آروین', 'YES', 1082),
(1083, '1083', 1, 'شرکت کوشا فن آوران پارت ', 'YES', 1083),
(1084, '1084', 1, 'قاسم  موسوی', 'YES', 1084),
(1085, '1085', 1, 'شرکت بسپار پایش پارس (محمودی فریمانی)', 'YES', 1085),
(1086, '1087', 1, 'شرکت فنی مهندسی قدرت پرداز آسیا', 'YES', 1087),
(1087, '1088', 1, 'شرکت ایده پردازان توسعه انرژی آترون', 'YES', 1088),
(1088, '1089', 1, 'شرکت شتاب خودرو خراسان شمالی', 'YES', 1089),
(1089, '1090', 1, 'شرکت سناباد قطعه آلتون', 'YES', 1090),
(1090, '1091', 1, 'دکتر  رضا اکبری نوری ', 'YES', 1091),
(1091, '1092', 1, 'احمد  یوسفیان ', 'YES', 1092),
(1092, '1093', 1, 'شرکت پردازش گستر راتا', 'YES', 1093),
(1093, '1094', 1, 'غلامعلی  سوری', 'YES', 1094),
(1094, '1095', 1, 'شرکت پرنیان ادمان آفرین ', 'YES', 1095),
(1095, '1096', 1, 'آذر  آدینی', 'YES', 1096),
(1096, '1097', 1, 'فریدون  رهنمای رود پشتی', 'YES', 1097),
(1097, '1098', 1, 'مسعود  نوروزیان', 'YES', 1098),
(1098, '1099', 1, 'شرکت سازه گستر آرین پارس', 'YES', 1099),
(1099, '1100', 1, 'شرکت سورن تک توس', 'YES', 1100),
(1100, '1101', 1, 'شرکت اتوماسیون اداری حسیب', 'YES', 1101),
(1101, '1102', 1, 'شرکت دقت گستران آریا پارس', 'YES', 1102),
(1102, '1103', 1, 'سلمان  علیمردانی ', 'YES', 1103),
(1103, '1104', 1, 'محمد  شکوهی فر (شکوه صنعت پاژ)', 'YES', 1104),
(1104, '1105', 1, 'شرکت داروسازی دکتررجبی ', 'YES', 1105),
(1105, '1106', 1, 'شرکت نیرونماد رضوی ', 'YES', 1106),
(1106, '1107', 1, 'رحیم صادقی شرکت ماناپلیمرآرمان', 'YES', 1107),
(1107, '1108', 1, 'علیرضا  سیدیان عنبرانی', 'YES', 1108),
(1108, '1109', 1, 'سیدعلی صحاف(شرکت بعدسوم پردیس ایرانیان)', 'YES', 1109),
(1109, '1110', 1, 'سید  محمد جوادی مال آباد', 'YES', 1110),
(1110, '1111', 1, 'حسین  مخبر داودلی', 'YES', 1111),
(1111, '1112', 1, 'جواد  قربانی ', 'YES', 1112),
(1112, '1113', 1, 'شرکت آرشام صنعت ', 'YES', 1113),
(1113, '1114', 1, 'سامان  داروی هشتم ', 'YES', 1114),
(1114, '1115', 1, 'شرکت ایده پردازان جوان فالینوس ', 'YES', 1115),
(1115, '1116', 1, 'علیرضا  حداد طوسی ', 'YES', 1116),
(1116, '1117', 1, 'انتفاع  صنعت پایا ', 'YES', 1117),
(1117, '1118', 1, 'علیرضا  ایرانبخش', 'YES', 1118),
(1118, '1119', 1, 'موئسسه  غیر تجاری صهبا رسانه موعود', 'YES', 1119),
(1119, '1120', 1, 'ایستاارتباط  کاوشگر', 'YES', 1120),
(1120, '1121', 1, 'پارس  بهبود آسیا', 'YES', 1121),
(1121, '1122', 1, 'کبری  حجتی داودلی', 'YES', 1122),
(1122, '1123', 1, 'حامد  عابدینی یزدی', 'YES', 1123),
(1123, '1124', 1, 'حسام دهقانی-شرکت دنازیست آسیا', 'YES', 1124),
(1124, '1125', 1, 'شرکت پیشگامان صمغ پارسیان ', 'YES', 1125),
(1125, '1126', 1, 'علی  مشتاقی واحدیان', 'YES', 1126),
(1126, '1127', 1, 'محمد  نظری', 'YES', 1127),
(1127, '1128', 1, 'حسن بهزادیان نژاد.شرکت فرایان', 'YES', 1128),
(1128, '1129', 1, 'محمد  قنبری', 'YES', 1129),
(1129, '1130', 1, 'سمیه  محمدخانی', 'YES', 1130),
(1130, '1131', 1, 'زیور  هروی', 'YES', 1131),
(1131, '1132', 1, 'فاطمه  مقتدرگاه', 'YES', 1132),
(1132, '1133', 1, 'محمد  فاطمی', 'YES', 1133),
(1133, '1134', 1, 'مریم  حمیدی', 'YES', 1134),
(1134, '1135', 1, 'زینب  بخشنده', 'YES', 1135),
(1135, '1136', 1, 'علیرضا  محمدزاده', 'YES', 1136),
(1136, '1137', 1, 'مجتبی  اقبالی نژاد', 'YES', 1137),
(1137, '1138', 1, 'نشاط  مشکین فام', 'YES', 1138),
(1138, '1139', 1, 'فریده  نامور', 'YES', 1139),
(1139, '1140', 1, 'حسین  رستمی کاهو', 'YES', 1140),
(1140, '1141', 1, 'مرتضی  رمضانی', 'YES', 1141),
(1141, '1142', 1, 'زیبا  افاقی', 'YES', 1142),
(1142, '1143', 1, 'محمد  بخشنده', 'YES', 1143),
(1143, '1144', 1, 'ایوب  بخشنده زاری  محله', 'YES', 1144),
(1144, '1145', 1, 'عباس  شریعتی', 'YES', 1145),
(1145, '1146', 1, 'اشرف  خاوری خراسانی', 'YES', 1146),
(1146, '1147', 1, 'حسن  میرزائی', 'YES', 1147),
(1147, '1148', 1, 'سید  هادی حسن نیا', 'YES', 1148),
(1148, '1149', 1, 'افروز  مجاور', 'YES', 1149),
(1149, '1150', 1, 'احسان  صادقی شاپور آبادی', 'YES', 1150),
(1150, '1151', 1, 'شرکت کهکشان آریایی', 'YES', 1151),
(1151, '1152', 1, 'شرکت داده پردازی تلاش وتوسعه', 'YES', 1152),
(1152, '1153', 1, 'شرکت کاوش صنعت توس', 'YES', 1153),
(1153, '1154', 1, 'شرکت دانشگرایان نوین دلسا', 'YES', 1154),
(1154, '1155', 1, 'شرکت رهرو تلاش جاوید', 'YES', 1155),
(1155, '1156', 1, 'شرکت صنعتی طلایه مشهد', 'YES', 1156),
(1156, '1157', 1, 'شرکت کیان ترانسفو', 'YES', 1157),
(1157, '1158', 1, 'سید  حمید رضا مصطفوی', 'YES', 1158),
(1158, '1159', 1, 'رقیه  ایرانلو', 'YES', 1159),
(1159, '1160', 1, 'غلامحسن  غلامی', 'YES', 1160),
(1160, '1161', 1, 'محمد  تقی خضری', 'YES', 1161),
(1161, '1162', 1, 'شرکت پارسه. محمدرحیم ملک بالا', 'YES', 1162),
(1162, '1163', 1, 'محمد  جواد کفیلی انداد', 'YES', 1163),
(1163, '1164', 1, 'حسین  شفاعی', 'YES', 1164),
(1164, '1165', 1, 'زهرا  زواری اره کمر', 'YES', 1165),
(1165, '1166', 1, 'حیدر  سالاری اره کمر', 'YES', 1166),
(1166, '1167', 1, 'روشنک  امیرزاده هروی', 'YES', 1167),
(1167, '1168', 1, 'محمد  مهدی شمس', 'YES', 1168),
(1168, '1169', 1, 'محمود  اسدی', 'YES', 1169),
(1169, '1170', 1, 'نجمه  باقرزاده', 'YES', 1170),
(1170, '1171', 1, 'معصومه  شریفی طرقی', 'YES', 1171),
(1171, '1172', 1, 'کاظم  دوست علی', 'YES', 1172),
(1172, '1173', 1, 'رمضان  قربانی', 'YES', 1173),
(1173, '1174', 1, 'میثم  محزونی رباطی', 'YES', 1174),
(1174, '1175', 1, 'محبوبه  ابراهیمی', 'YES', 1175),
(1175, '1176', 1, 'احمد  علی مهر علی نیاکان', 'YES', 1176),
(1176, '1177', 1, 'مصطفی  دلدار', 'YES', 1177),
(1177, '1178', 1, 'مجید  اسدالهی', 'YES', 1178),
(1178, '1179', 1, 'فاطمه  باقری', 'YES', 1179),
(1179, '1180', 1, 'محمدعلی  عبدی زاده', 'YES', 1180),
(1180, '1181', 1, 'هادی  مسرور', 'YES', 1181),
(1181, '1182', 1, 'محمدرضا  بهزادی', 'YES', 1182),
(1182, '1183', 1, 'شرکت سازه های کامپوزیتی خاوران', 'YES', 1183),
(1183, '1184', 1, 'شرکت خدمات نیروگاهی اهار شرق', 'YES', 1184),
(1184, '1185', 1, 'شرکت کالاژن پژوه. مجید جمشیدیان مجاور', 'YES', 1185),
(1185, '1186', 1, 'حسین  عرفانیان', 'YES', 1186),
(1186, '1187', 1, 'مرتضی  شریف زاده', 'YES', 1187),
(1187, '1188', 1, 'شرکت سما توس', 'YES', 1188),
(1188, '1189', 1, 'دکتر  مهدی نژاد نوری', 'YES', 1189),
(1189, '1190', 1, 'حسین  کشیری (موسسه پردیس توس )', 'YES', 1190),
(1190, '1191', 1, 'حسین  کشیری (موسسه پردیس توس )', 'YES', 1191),
(1191, '1192', 1, 'غلامحسین  خانی', 'YES', 1192),
(1192, '1193', 1, 'محمد  علی خلیل زاده', 'YES', 1193),
(1193, '1194', 1, 'علیرضا  ناصری حسینی', 'YES', 1194),
(1194, '1195', 1, 'سید  مهدی میرزابابایی', 'YES', 1195),
(1195, '1196', 1, 'شرکت محققان یاسین (هادی ده دست)', 'YES', 1196),
(1196, '1198', 1, 'مجید  جمشیدیان مجاور', 'YES', 1198),
(1197, '1199', 1, 'شرکت ابزار آزما', 'YES', 1199),
(1198, '1200', 1, 'فرخ  سادات کلالی', 'YES', 1200),
(1199, '1201', 1, 'رضا  هروی نیشابوری', 'YES', 1201),
(1200, '1202', 1, 'هادی  بابلی توت', 'YES', 1202),
(1201, '1203', 1, 'حیدر  قلی حیدری مزرجی', 'YES', 1203),
(1202, '1204', 1, 'محمد  باقر طباطبایی', 'YES', 1204),
(1203, '1205', 1, 'سپرده  مهدوی وابراهیمی', 'YES', 1205),
(1204, '1206', 1, 'سود  سپرده مهدوی و ابراهیمی', 'YES', 1206),
(1205, '1207', 1, 'سینا  خانی', 'YES', 1207),
(1206, '1208', 1, 'شرکت چوب سان شرق (ورشوئی تبریزی)', 'YES', 1208),
(1207, '1209', 1, 'شرکت آریا کاوان اطلس (خیاط خلقی)', 'YES', 1209),
(1208, '1210', 1, 'محمد  حسین هادوی', 'YES', 1210),
(1209, '1211', 1, 'سبحان  خانی', 'YES', 1211),
(1210, '1212', 1, 'نرگس  ارزنی', 'YES', 1212),
(1211, '1213', 1, 'شرکت فناوری و کارآفرینی جهان اندیشه', 'YES', 1213),
(1212, '1214', 1, 'وحید  ضرغامی', 'YES', 1214),
(1213, '1215', 1, 'دکترعلیرضا  عاشوری', 'YES', 1215),
(1214, '1216', 1, 'عاطفه  شریف', 'YES', 1216),
(1215, '1217', 1, 'شرکت داده پردازی تلاش و توسعه', 'YES', 1217),
(1216, '1218', 1, 'شرکت صنایع غذایی دانشگران نوین دلسا', 'YES', 1218),
(1217, '1219', 1, 'شرکت صنایع کیان ترانسفوی', 'YES', 1219),
(1218, '1220', 1, 'شرکت خدمات نیروگاهی آهار شرق', 'YES', 1220),
(1219, '1221', 1, 'جمال  الدین بخشنده', 'YES', 1221),
(1220, '1222', 1, 'سکینه  حمیدی', 'YES', 1222),
(1221, '1223', 1, 'محمد  استادی', 'YES', 1223),
(1222, '1224', 1, 'سعید  عمرانی', 'YES', 1224),
(1223, '1225', 1, 'مسلم  تورینی', 'YES', 1225),
(1224, '1226', 1, ' آژیر', 'YES', 1226),
(1225, '1227', 1, ' احمدی', 'YES', 1227),
(1226, '1228', 1, ' جلیلیان', 'YES', 1228),
(1227, '1229', 1, 'مجتبی  شرفی', 'YES', 1229),
(1228, '1230', 1, 'رضا  اسلامی میل کاریز', 'YES', 1230),
(1229, '1231', 1, 'عاطفه  رشیدی زاده ', 'YES', 1231),
(1230, '1232', 1, 'محمد علی رضوی. شرکت صمغ پارسیان', 'YES', 1232),
(1231, '1233', 1, 'غلامعلی  نخعی', 'YES', 1233),
(1232, '1234', 1, 'دکتر  بختیار شعبانی', 'YES', 1234),
(1233, '1235', 1, 'شرکت آمایش', 'YES', 1235),
(1234, '1236', 1, 'هاشم  مهذب', 'YES', 1236),
(1235, '1237', 1, 'سهراب  درویش', 'YES', 1237),
(1236, '1238', 1, 'سکینه  رستمی تیتکانلو', 'YES', 1238),
(1237, '1239', 1, 'حمیدرضا  نداف سنگانی', 'YES', 1239),
(1238, '1240', 1, 'فریدون   مریدی', 'YES', 1240),
(1239, '1241', 1, 'سید  هادی شکرگذار یتیم دار', 'YES', 1241),
(1240, '1242', 1, 'علی  اکبر پابند', 'YES', 1242),
(1241, '1243', 1, 'فرهاد  شکوهی فر', 'YES', 1243),
(1242, '1244', 1, 'حسین  حیدری', 'YES', 1244),
(1243, '1245', 1, 'مهدی  فرخ', 'YES', 1245),
(1244, '1246', 1, 'مهدی سلطانی. شرکت توس ژن', 'YES', 1246),
(1245, '1247', 1, 'مصطفی  مظاهری', 'YES', 1247),
(1246, '1248', 1, 'ابراهیم  رضایی نیک', 'YES', 1248);

-- --------------------------------------------------------

--
-- Table structure for table `ACC_UserState`
--

CREATE TABLE IF NOT EXISTS `ACC_UserState` (
  `PersonID` int(10) unsigned NOT NULL,
  `BranchID` smallint(5) unsigned NOT NULL,
  `CycleID` smallint(5) unsigned NOT NULL,
  PRIMARY KEY (`PersonID`)
) ENGINE=InnoDB DEFAULT CHARSET=latin1;

--
-- Dumping data for table `ACC_UserState`
--

INSERT INTO `ACC_UserState` (`PersonID`, `BranchID`, `CycleID`) VALUES
(1000, 1, 1394);

-- --------------------------------------------------------

--
-- Table structure for table `BaseInfo`
--

CREATE TABLE IF NOT EXISTS `BaseInfo` (
  `TypeID` int(10) unsigned NOT NULL COMMENT 'کد نوع',
  `InfoID` int(10) unsigned NOT NULL COMMENT 'کد آیتم',
  `InfoDesc` varchar(500) NOT NULL COMMENT 'عنوان',
  `param1` varchar(100) DEFAULT '0',
  `param2` varchar(45) DEFAULT NULL,
  PRIMARY KEY (`InfoID`,`TypeID`)
) ENGINE=InnoDB DEFAULT CHARSET=utf8;

--
-- Dumping data for table `BaseInfo`
--

INSERT INTO `BaseInfo` (`TypeID`, `InfoID`, `InfoDesc`, `param1`, `param2`) VALUES
(1, 1, 'وام های صندوق', '0', NULL),
(2, 1, 'اشخاص و شرکتها', '0', NULL),
(3, 1, 'حساب جاری', '0', NULL),
(4, 1, 'در جریان', '0', NULL),
(5, 1, 'ایجاد درخواست', '0', NULL),
(6, 1, 'فیش', '0', NULL),
(7, 1, 'تضمین', '0', NULL),
(8, 1, 'وثیقه ملکی', '1', NULL),
(9, 1, 'سند افتتاحیه', '0', NULL),
(10, 1, 'پرداخت وام', 'RequestID', 'PartID'),
(11, 1, 'پرداخت مرحله وام', '../../loan/request/RequestInfo.php', 'RequestID'),
(2, 2, 'سال', '0', NULL),
(3, 2, 'حساب سپرده ', '0', NULL),
(4, 2, 'وصول شده', '0', NULL),
(6, 2, 'حواله', '0', NULL),
(7, 2, 'مدارک شخص حقیقی', '0', NULL),
(8, 2, 'ضمانت بانکی', '1', NULL),
(9, 2, 'سند دستی', '0', NULL),
(10, 2, 'پرداخت قسط', '0', NULL),
(2, 3, 'بانک ها', '0', NULL),
(4, 3, 'مسدود', '0', NULL),
(6, 3, 'کسر از حقوق', '0', NULL),
(7, 3, 'مدارک شخص حقوقی', '0', NULL),
(8, 3, 'چک', '1', NULL),
(9, 3, 'سند اختتامیه', '0', NULL),
(4, 4, 'برگشتي', '0', NULL),
(6, 4, 'پرداخت الکترونیک', '0', NULL),
(8, 4, 'سفته', '1', NULL),
(9, 4, 'سند پرداخت مرحله وام', 'RequestID', 'PartID'),
(4, 5, 'گم شده', '0', NULL),
(6, 5, 'دفترچه اقساط', '0', NULL),
(8, 5, 'کسر از حقوق', '1', NULL),
(9, 5, 'سند پرداخت قسط', 'RequestID', 'InstallmentID'),
(4, 6, 'ابطال شده', '0', NULL),
(8, 6, 'ماشین آلات', '1', NULL),
(9, 6, 'سند جریمه تاخیر پرداخت اقساط', '0', NULL),
(8, 7, 'سایر اوراق بهادار بانکی', '1', NULL),
(9, 7, 'سند محاسبه سود سپرده', '0', NULL),
(6, 8, 'پرداخت از حساب', '0', NULL),
(8, 8, 'اوراق مشارکت بی نام', '1', NULL),
(9, 8, 'مدرک', 'DocumentID', NULL),
(6, 9, 'چک', '0', NULL),
(5, 10, 'ارسال درخواست', '0', NULL),
(5, 20, 'رد درخواست', '0', NULL),
(8, 21, 'صفحه اول شناسنامه', '2', NULL),
(8, 22, 'صفحه دوم شناسنامه', '2', NULL),
(8, 23, 'توضیحات شناسنامه', '2', NULL),
(8, 24, 'کارت ملی', '2', NULL),
(8, 25, 'پشت کارت ملی', '2', NULL),
(5, 30, 'تایید درخواست', '0', NULL),
(5, 40, 'ارسال به مشتری جهت تکمیل مدارک', '0', NULL),
(8, 41, 'اساسنامه', '3', NULL),
(8, 42, 'آگهی ثبتی', '3', NULL),
(8, 43, 'آگهی روزنامه رسمی', '3', NULL),
(8, 44, 'آخرین تغییرات', '3', NULL),
(5, 50, 'تکمیل مدارک توسط مشتری', '0', NULL),
(5, 60, 'عدم تایید مدارک', '0', NULL),
(5, 70, 'تایید نهایی', '0', NULL),
(5, 80, 'پرداخت مرحله', '0', NULL),
(5, 90, 'برگشت پرداخت', '0', NULL),
(5, 100, 'اتمام مرحله و ایجاد مرحله جدید', '0', NULL);

-- --------------------------------------------------------

--
-- Table structure for table `BaseTypes`
--

CREATE TABLE IF NOT EXISTS `BaseTypes` (
  `TypeID` int(10) unsigned NOT NULL AUTO_INCREMENT COMMENT 'کد نوع',
  `SystemID` int(10) unsigned NOT NULL,
  `TypeDesc` varchar(500) DEFAULT NULL COMMENT 'عنوان',
  `TableName` varchar(100) DEFAULT NULL COMMENT 'نام جدول',
  `FieldName` varchar(100) DEFAULT NULL COMMENT 'نام فیلد',
  `editable` enum('YES','NO') NOT NULL,
  PRIMARY KEY (`TypeID`)
) ENGINE=InnoDB  DEFAULT CHARSET=utf8 AUTO_INCREMENT=12 ;

--
-- Dumping data for table `BaseTypes`
--

INSERT INTO `BaseTypes` (`TypeID`, `SystemID`, `TypeDesc`, `TableName`, `FieldName`, `editable`) VALUES
(1, 6, 'گروه وام ها', 'LON_loans', 'GroupID', 'YES'),
(2, 2, 'انواع تفصیلی', 'ACC_Tafsilis', 'TafsiliType', 'YES'),
(3, 2, 'نوع حساب بانکی', 'ACC_accounts', 'AccountType', 'NO'),
(4, 2, 'وضعیت چک', 'ACC_DocChecks', 'CheckStatus', 'NO'),
(5, 6, 'وضعیت درخواست وام', 'LON_requests', 'StatusID', 'NO'),
(6, 6, 'نحوه پرداخت قسط وام', 'LON_installments', 'PaidType', 'NO'),
(7, 7, 'گروه مدرک', 'BaseInfo', 'param1', 'YES'),
(8, 7, 'نوع مدرک', 'DMS_documents', 'DocType', 'NO'),
(9, 2, 'نوع سند', 'ACC_docs', 'DocType', 'NO'),
(10, 2, 'مرجع سند حسابداری', 'ACC_DocItems', 'SourceType', 'NO'),
(11, 4, 'انواع آیتم گردش فرم', 'WFM_flows', 'ObjectType', 'NO');

-- --------------------------------------------------------

--
-- Table structure for table `BSC_BranchAccess`
--

CREATE TABLE IF NOT EXISTS `BSC_BranchAccess` (
  `PersonID` int(10) unsigned NOT NULL AUTO_INCREMENT,
  `BranchID` int(10) unsigned NOT NULL,
  `IsCurrent` enum('YES','NO') NOT NULL,
  PRIMARY KEY (`PersonID`,`BranchID`)
) ENGINE=InnoDB  DEFAULT CHARSET=latin1 AUTO_INCREMENT=1001 ;

--
-- Dumping data for table `BSC_BranchAccess`
--

INSERT INTO `BSC_BranchAccess` (`PersonID`, `BranchID`, `IsCurrent`) VALUES
(1000, 1, 'NO'),
(1000, 2, 'NO');

-- --------------------------------------------------------

--
-- Table structure for table `BSC_branches`
--

CREATE TABLE IF NOT EXISTS `BSC_branches` (
  `BranchID` int(10) unsigned NOT NULL AUTO_INCREMENT,
  `BranchName` varchar(500) CHARACTER SET utf8 NOT NULL,
  `IsActive` enum('YES','NO') NOT NULL,
  PRIMARY KEY (`BranchID`)
) ENGINE=InnoDB  DEFAULT CHARSET=latin1 COMMENT='شعبه ها' AUTO_INCREMENT=5 ;

--
-- Dumping data for table `BSC_branches`
--

INSERT INTO `BSC_branches` (`BranchID`, `BranchName`, `IsActive`) VALUES
(1, 'شعبه مرکزی', 'YES'),
(2, 'شعبه بجنورد', 'YES'),
(3, 'ششششششششش', 'NO'),
(4, 'sfaf', 'NO');

-- --------------------------------------------------------

--
-- Table structure for table `BSC_persons`
--

CREATE TABLE IF NOT EXISTS `BSC_persons` (
  `PersonID` int(10) unsigned NOT NULL AUTO_INCREMENT COMMENT 'کد فرد',
  `UserName` varchar(100) DEFAULT NULL COMMENT 'کلمه کاربری',
  `UserPass` varchar(60) DEFAULT NULL COMMENT 'رمز عبور',
  `IsReal` enum('YES','NO') NOT NULL COMMENT 'حقیقی است؟',
  `fname` varchar(500) DEFAULT NULL COMMENT 'عنوان',
  `lname` varchar(200) DEFAULT NULL,
  `CompanyName` varchar(200) DEFAULT NULL,
  `NationalID` varchar(10) DEFAULT NULL COMMENT 'کد ملی',
  `EconomicID` varchar(10) DEFAULT NULL COMMENT 'کد اقتصادی',
  `PhoneNo` varchar(45) DEFAULT NULL COMMENT 'تلفن',
  `mobile` varchar(45) DEFAULT NULL COMMENT 'موبایل',
  `address` varchar(500) DEFAULT NULL COMMENT 'آدرس',
  `email` varchar(100) DEFAULT NULL,
  `IsStaff` enum('YES','NO') NOT NULL DEFAULT 'NO',
  `IsCustomer` enum('YES','NO') CHARACTER SET latin1 NOT NULL DEFAULT 'YES' COMMENT 'مشتری',
  `IsShareholder` enum('YES','NO') NOT NULL DEFAULT 'NO' COMMENT 'سهامدار',
  `IsAgent` enum('YES','NO') NOT NULL DEFAULT 'NO' COMMENT 'عامل',
  `IsSupporter` enum('YES','NO') NOT NULL DEFAULT 'NO' COMMENT 'حامی',
  `IsActive` enum('YES','NO') NOT NULL DEFAULT 'YES',
  `PostID` int(10) unsigned DEFAULT NULL,
  `imp_CustomerCode` int(10) unsigned DEFAULT NULL,
  PRIMARY KEY (`PersonID`)
) ENGINE=InnoDB  DEFAULT CHARSET=utf8 COMMENT='ذینفعان' AUTO_INCREMENT=1250 ;

--
-- Dumping data for table `BSC_persons`
--

INSERT INTO `BSC_persons` (`PersonID`, `UserName`, `UserPass`, `IsReal`, `fname`, `lname`, `CompanyName`, `NationalID`, `EconomicID`, `PhoneNo`, `mobile`, `address`, `email`, `IsStaff`, `IsCustomer`, `IsShareholder`, `IsAgent`, `IsSupporter`, `IsActive`, `PostID`, `imp_CustomerCode`) VALUES
(1000, 'admin', '$P$BCy9D77Tk5UrJibOCgIkum/NYvq3Ym1', 'YES', 'شبنم', 'جعفرخانی', NULL, '0943021723', NULL, NULL, NULL, 'sdfsdf', 'jafarkhani_sh@yahoo.com', 'YES', 'YES', 'YES', 'NO', 'NO', 'YES', 1, NULL),
(1001, 'park', '$P$BxRr4XWjqcX8mcQp0wYFryxdiSllgF.', 'NO', '', '', 'پارک علم و فناوری خراسان', NULL, NULL, '35003333', '', 'جاده قوچان ', NULL, 'NO', 'YES', 'YES', 'YES', 'NO', 'YES', NULL, 202),
(1002, 'um', '$P$Bycap3x5ddHssUbkMErS3tBiQmf7OE1', 'NO', '', '', 'دانشگاه فردوسی مشهد', NULL, NULL, '8802000', '', 'میدان آزادی دانشگاه فردوسی', NULL, 'NO', 'YES', 'YES', 'YES', 'NO', 'YES', NULL, 133),
(1003, 'shekoofaie', '$P$Bycap3x5ddHssUbkMErS3tBiQmf7OE1', 'NO', NULL, NULL, 'صندوق نوآوری و شکوفایی', NULL, NULL, NULL, NULL, NULL, NULL, 'NO', 'NO', 'NO', 'NO', 'YES', 'YES', NULL, NULL),
(1004, 'ghoochan', '$P$B0DJkog522gyIoHt71lfA5JK8tZAwy/', 'NO', NULL, NULL, 'مجتمع فنی قوچان', NULL, NULL, NULL, NULL, NULL, NULL, 'NO', 'NO', 'NO', 'YES', 'NO', 'YES', NULL, NULL),
(1005, NULL, NULL, 'YES', 'علی ', 'بهاری', NULL, NULL, NULL, '09159157131', '', 'پیروزی 2 حق شناس 2/5 پ6', NULL, 'NO', 'YES', 'NO', 'NO', 'NO', 'YES', NULL, 104),
(1006, NULL, NULL, 'YES', 'سبحانی ', 'شهر ایمان', NULL, NULL, NULL, '09151060183', '', 'بلوار عبدالمطلب.کریمی12.ساختمان یاس پلاک 118', NULL, 'NO', 'YES', 'NO', 'NO', 'NO', 'YES', NULL, 107),
(1007, NULL, NULL, 'YES', 'محمد ', 'ابراهیم زواری', NULL, NULL, NULL, '05118763344', '', 'دانشگاه فردوسی ', NULL, 'NO', 'YES', 'NO', 'NO', 'NO', 'YES', NULL, 108),
(1008, NULL, NULL, 'NO', NULL, NULL, 'شرکت حرکت گستر پردیس . روح اله رفعت حسینی', NULL, NULL, '05118837395', '', 'مرکز رشد مهندسی دانشگاه  واحد 2', NULL, 'NO', 'YES', 'NO', 'NO', 'NO', 'YES', NULL, 109),
(1009, NULL, NULL, 'YES', 'محمود ', 'تقی پور بهره', NULL, NULL, NULL, '8763344', '', 'دانشگاه فردوسی مشهد', NULL, 'NO', 'YES', 'NO', 'NO', 'NO', 'YES', NULL, 110),
(1010, NULL, NULL, 'YES', 'غلامرضا ', 'قاسمی', NULL, NULL, NULL, '2515061', '09154185214', 'گلشهر کوی صاحب الزمان شهید نوروزی بین 12و14پلاک 31', NULL, 'NO', 'YES', 'NO', 'NO', 'NO', 'YES', NULL, 111),
(1011, NULL, NULL, 'YES', 'توحید ', 'خراسانی', NULL, NULL, NULL, '01713327540', '09380206888', 'گلستان -گرگان -فلکه کریمی مطهری جنوبی چهارم مجتمع احسان ', NULL, 'NO', 'YES', 'NO', 'NO', 'NO', 'YES', NULL, 112),
(1012, NULL, NULL, 'YES', 'محسن ', 'احمدی پور', NULL, NULL, NULL, '09381295212', '', 'استان یزد-ابر کوه -خیابان کوثر کوچه 14 متری لاله پلاک 41', NULL, 'NO', 'YES', 'NO', 'NO', 'NO', 'YES', NULL, 113),
(1013, NULL, NULL, 'YES', 'پیمان ', 'یعقوبی ', NULL, NULL, NULL, '09117697857', '09398577370', 'گرگان - بلوار امام رضا -رضوان 39 بن بست امیر کبیر پلاک 9', NULL, 'NO', 'YES', 'NO', 'NO', 'NO', 'YES', NULL, 114),
(1014, NULL, NULL, 'YES', 'سید ', 'هادی ابراهیمی ', NULL, NULL, NULL, '8797174', '09354634004', 'بلوار رضوی -رضوی 4پلاک 10-واحد2', NULL, 'NO', 'YES', 'NO', 'NO', 'NO', 'YES', NULL, 115),
(1015, NULL, NULL, 'YES', 'سید ', 'حسین عرفانیان رضا زاده مقدم', NULL, NULL, NULL, '8654112', '09158914741', 'پیروزی -پیروزی72 حافظیه 1 پلاک 31 واحد 1 ساختمان پریوش', NULL, 'NO', 'YES', 'NO', 'NO', 'NO', 'YES', NULL, 116),
(1016, NULL, NULL, 'NO', NULL, NULL, 'محمد طباطبایی. شرکت انگاره فیزیک', NULL, NULL, '0', '', '.', NULL, 'NO', 'YES', 'NO', 'NO', 'NO', 'YES', NULL, 12),
(1017, NULL, NULL, 'YES', 'جواد ', ' بهارآراء', NULL, NULL, NULL, '0000', '', 'دانشگاه ازاد', NULL, 'NO', 'YES', 'NO', 'NO', 'NO', 'YES', NULL, 120),
(1018, NULL, NULL, 'YES', 'محمد ', 'نبیونی', NULL, NULL, NULL, '000', '', 'تهران. دانشگاه خوارزمی', NULL, 'NO', 'YES', 'NO', 'NO', 'NO', 'YES', NULL, 121),
(1019, NULL, NULL, 'YES', 'دکترناصر ', 'مهدوی شهری', NULL, NULL, NULL, '05116040362', '09153114338', 'فرامرز عباسی - عباسی 31 پلاک 12 واحد 2', NULL, 'NO', 'YES', 'NO', 'NO', 'NO', 'YES', NULL, 122),
(1020, NULL, NULL, 'YES', 'محمد ', 'یعقوبی ', NULL, NULL, NULL, '09156970615', '', 'دانشگاه فردوسی ', NULL, 'NO', 'YES', 'NO', 'NO', 'NO', 'YES', NULL, 123),
(1021, NULL, NULL, 'YES', 'مهدی ', 'اسماعیل زاده', NULL, NULL, NULL, '8441755', '09105109100', 'بهشتی 57 پلاک 45', NULL, 'NO', 'YES', 'NO', 'NO', 'NO', 'YES', NULL, 124),
(1022, NULL, NULL, 'YES', 'سید ', 'احمد محمدی درودی', NULL, NULL, NULL, '7254715', '09153146002', 'آیت ا... عبادی انتهای عباسی 34 سمت چپ بن بست وحدت پلاک 20', NULL, 'NO', 'YES', 'NO', 'NO', 'NO', 'YES', NULL, 125),
(1023, NULL, NULL, 'YES', 'حسن ', 'عاشوری چمن آبادی', NULL, NULL, NULL, '09398057908', '', 'چاپخانه دانشگاه -سه راه دانش بلوار توس 77پلاک 102', NULL, 'NO', 'YES', 'NO', 'NO', 'NO', 'YES', NULL, 127),
(1024, NULL, NULL, 'YES', 'محمد ', 'کریمی ', NULL, NULL, NULL, '09386393813', '', 'صیاد شیرازی 26 پلاک 25', NULL, 'NO', 'YES', 'NO', 'NO', 'NO', 'YES', NULL, 128),
(1025, NULL, NULL, 'YES', 'الهام ', 'افتخاری ', NULL, NULL, NULL, '09158227537', '', 'هفت تیر 14 پلاک 15', NULL, 'NO', 'YES', 'NO', 'NO', 'NO', 'YES', NULL, 129),
(1026, NULL, NULL, 'NO', NULL, NULL, 'شرکت پایا فن آوران', NULL, NULL, '0', '', '.', NULL, 'NO', 'YES', 'NO', 'NO', 'NO', 'YES', NULL, 13),
(1027, NULL, NULL, 'YES', 'مهدی ', 'مروی ', NULL, NULL, NULL, '5003469', '', 'پارک علم وفناوری ', NULL, 'NO', 'YES', 'NO', 'NO', 'NO', 'YES', NULL, 130),
(1028, NULL, NULL, 'YES', 'روح ', 'اله قاضی خوشانی', NULL, NULL, NULL, '02177899937', '09153100696', 'تهران خیابان آیت خیابان چمن غربی تقاطع صادقی پ 67', NULL, 'NO', 'YES', 'NO', 'NO', 'NO', 'YES', NULL, 131),
(1029, NULL, NULL, 'YES', 'سید ', 'هاشم موسوی ', NULL, NULL, NULL, '0511', '09151096407', 'بلوار', NULL, 'NO', 'YES', 'NO', 'NO', 'NO', 'YES', NULL, 132),
(1030, NULL, NULL, 'NO', NULL, NULL, 'شرکت سولار باد انرژی (ابوترابی زارچی)', NULL, NULL, '6078317', '09151245574', 'بلوار فردوسی -رسالت 20 پلاک 9 واحد 6 شمالی', NULL, 'NO', 'YES', 'NO', 'NO', 'NO', 'YES', NULL, 134),
(1031, NULL, NULL, 'YES', 'مجتبی ', 'حنایی', NULL, NULL, NULL, '5225372', '09397149558', 'قاسم آباد -بلوار شاهد- شاهد 2 پلاک 1', NULL, 'NO', 'YES', 'NO', 'NO', 'NO', 'YES', NULL, 135),
(1032, NULL, NULL, 'YES', 'منصور ', 'میرزایی', NULL, NULL, NULL, '7418036', '09153255699', 'خواجه ربیع بلوار بهمن 4/3 پلاک 47', NULL, 'NO', 'YES', 'NO', 'NO', 'NO', 'YES', NULL, 136),
(1033, NULL, NULL, 'YES', 'ابراهیم ', 'ولی زاده ', NULL, NULL, NULL, '8837393', '09352449198', 'قوچان دانشگاه مهندسی فناوری نوین', NULL, 'NO', 'YES', 'NO', 'NO', 'NO', 'YES', NULL, 137),
(1034, NULL, NULL, 'NO', NULL, NULL, 'شرکت خلاقان جوان ', NULL, NULL, '6038690', '09155180132', 'بلوار سجاد -حامد جنوبی 14پلاک 21', NULL, 'NO', 'YES', 'NO', 'NO', 'NO', 'YES', NULL, 139),
(1035, NULL, NULL, 'YES', 'انیسه ', 'رحیمی', NULL, NULL, NULL, '7124531', '09158230885', 'بلوار ابوطالب -ابوطالب 26 پلاک 77 طبقه اول ', NULL, 'NO', 'YES', 'NO', 'NO', 'NO', 'YES', NULL, 140),
(1036, NULL, NULL, 'YES', 'فاطمه ', 'یزدی ', NULL, NULL, NULL, '8928634', '09159025573', 'بلوار دانشجو -دانشجو25 پلاک 528', NULL, 'NO', 'YES', 'NO', 'NO', 'NO', 'YES', NULL, 141),
(1037, NULL, NULL, 'NO', NULL, NULL, 'شرکت نوین کامپوزیت آریا (رضا خسروی)', NULL, NULL, '7316863', '09151180150', 'مطهری شمالی 39 پلاک 122', NULL, 'NO', 'YES', 'NO', 'NO', 'NO', 'YES', NULL, 142),
(1038, NULL, NULL, 'YES', 'محمد ', 'مستعلی ', NULL, NULL, NULL, '09155210488', '', 'منزل آباد بعثت 8/6پ 8', NULL, 'NO', 'YES', 'NO', 'NO', 'NO', 'YES', NULL, 143),
(1039, NULL, NULL, 'YES', 'شهربانو ', 'سریر ', NULL, NULL, NULL, '8804972', '09367288457', 'ابوطالب هدایت شرقی انتهای 23 سمت راست قطعه 6 سمت چپ', NULL, 'NO', 'YES', 'NO', 'NO', 'NO', 'YES', NULL, 145),
(1040, NULL, NULL, 'YES', 'هاشم ', 'پور احمدان ', NULL, NULL, NULL, '3762676', '09153092664', 'پارک علم و فناوری خراسان ', NULL, 'NO', 'YES', 'NO', 'NO', 'NO', 'YES', NULL, 147),
(1041, NULL, NULL, 'YES', 'ابراهیم ', 'مسکین ', NULL, NULL, NULL, '0956037969', '', 'کوی امیر المومنین 6 امیر 2 پلاک 37', NULL, 'NO', 'YES', 'NO', 'NO', 'NO', 'YES', NULL, 148),
(1042, NULL, NULL, 'YES', 'شهرام ', 'قادری ', NULL, NULL, NULL, '0', '09151672730', 'هنرستان 27 پلاک 34', NULL, 'NO', 'YES', 'NO', 'NO', 'NO', 'YES', NULL, 149),
(1043, NULL, NULL, 'YES', 'محمدرضا ', 'برومند', NULL, NULL, NULL, '0', '', '.', NULL, 'NO', 'YES', 'NO', 'NO', 'NO', 'YES', NULL, 15),
(1044, NULL, NULL, 'NO', NULL, NULL, 'شرکت کیمیا کاوان سرزمین خورشید (رضائی)', NULL, NULL, '8487151', '09151186524', 'آزادشهر امامت 29 پلاک 29', NULL, 'NO', 'YES', 'NO', 'NO', 'NO', 'YES', NULL, 150),
(1045, NULL, NULL, 'NO', NULL, NULL, 'شرکت جهان سلول توس (احمد رضاراجی)', NULL, NULL, '8941494', '09153050349', 'دانشجو - پلاک 69 طبقه دوم', NULL, 'NO', 'YES', 'NO', 'NO', 'NO', 'YES', NULL, 151),
(1046, NULL, NULL, 'YES', 'مرتضی ', 'شریف زاده', NULL, NULL, NULL, '8827392', '', 'صندوق پژوهش ', NULL, 'NO', 'YES', 'NO', 'NO', 'NO', 'YES', NULL, 152),
(1047, NULL, NULL, 'NO', NULL, NULL, 'محسن شاطریان (شرکت فناور نانو گستر آریا )', NULL, NULL, '8832814', '09155107315', 'کوثر جنوبی 10 پلاک 4', NULL, 'NO', 'YES', 'NO', 'NO', 'NO', 'YES', NULL, 154),
(1048, NULL, NULL, 'YES', 'محمد ', 'حیدری پور', NULL, NULL, NULL, '6225001', '09308576320', 'فلاحی 21 پلاک 23', NULL, 'NO', 'YES', 'NO', 'NO', 'NO', 'YES', NULL, 155),
(1049, NULL, NULL, 'YES', 'شادی ', 'قرائی', NULL, NULL, NULL, '0', '09151581671', 'بلوار سجاد - بهار 18 پلاک 211 واحد و محل کار مرکز رشد 4', NULL, 'NO', 'YES', 'NO', 'NO', 'NO', 'YES', NULL, 156),
(1050, NULL, NULL, 'NO', NULL, NULL, 'شرکت سنگ آب نانو (غلامرضا ثوابی)', NULL, NULL, '3712799', '09159180473', 'شهید رجا ئی حر 28 الوند 11 پ 3-محل کار پردیس مرکز رشد', NULL, 'NO', 'YES', 'NO', 'NO', 'NO', 'YES', NULL, 157),
(1051, NULL, NULL, 'YES', 'عصمت ', 'امینی', NULL, NULL, NULL, '8802448', '09151044799', 'سرافرازان 48 پلاک 9', NULL, 'NO', 'YES', 'NO', 'NO', 'NO', 'YES', NULL, 158),
(1052, NULL, NULL, 'YES', 'دکتراحد ', 'ضابط', NULL, NULL, NULL, '8806057', '09151112933', 'پژوهشکده هوا خورشید', NULL, 'NO', 'YES', 'NO', 'NO', 'NO', 'YES', NULL, 159),
(1053, NULL, NULL, 'YES', 'علی ', 'زرساز', NULL, NULL, NULL, '6656302', '09153020925', 'بلوار توس - توس 44 روبه روی شهید غنوری 18 پلاک 155', NULL, 'NO', 'YES', 'NO', 'NO', 'NO', 'YES', NULL, 160),
(1054, NULL, NULL, 'NO', NULL, NULL, 'شرکت صنایع هوا خورشید (شهریار صابر )', NULL, NULL, '8804406', '09153048655', 'دانشگاه فردوسی پژوهشکده هوا خورشید38804407مالی ', NULL, 'NO', 'YES', 'NO', 'NO', 'NO', 'YES', NULL, 162),
(1055, NULL, NULL, 'NO', NULL, NULL, 'شرکت تجهیز گستر پاژ', NULL, NULL, '0', '09155077972', 'دانشگاه فردوسی - مرکزرشد', NULL, 'NO', 'YES', 'NO', 'NO', 'NO', 'YES', NULL, 165),
(1056, NULL, NULL, 'YES', 'مهدی ', 'کیانی', NULL, NULL, NULL, '6220015', '09361343006', 'قاسم آباد - امامیه 59', NULL, 'NO', 'YES', 'NO', 'NO', 'NO', 'YES', NULL, 167),
(1057, NULL, NULL, 'YES', 'حجت ', 'پور نوروزی قلعه نو', NULL, NULL, NULL, '5003312', '09151177351', 'پارک علم و فناوری', NULL, 'NO', 'YES', 'NO', 'NO', 'NO', 'YES', NULL, 168),
(1058, NULL, NULL, 'YES', 'هاشمی ', 'زاده مقدم طهرانی', NULL, NULL, NULL, '32239767', '09159114504', 'حرم مطهر انتشارات آستان قدس رضوی', NULL, 'NO', 'YES', 'NO', 'NO', 'NO', 'YES', NULL, 169),
(1059, NULL, NULL, 'YES', 'پایش ', 'بسامد پارسا', NULL, NULL, NULL, '09155212580', '', 'پارک علم و فناوری', NULL, 'NO', 'YES', 'NO', 'NO', 'NO', 'YES', NULL, 170),
(1060, NULL, NULL, 'NO', NULL, NULL, 'شرکت سورنا صنعت خاوران', NULL, NULL, '2247140', '09155007579', 'بجنورد خیابان شریعتی شمالی چهارراه صفا پلاک 703', NULL, 'NO', 'YES', 'NO', 'NO', 'NO', 'YES', NULL, 171),
(1061, NULL, NULL, 'YES', 'مجید ', 'ابراهیمی زاده ابریشمی', NULL, NULL, NULL, '36629712', '09153010256', 'قاسم آباد- بین یوسفی 28 و 30 پلاک 224 واحد 7', NULL, 'NO', 'YES', 'NO', 'NO', 'NO', 'YES', NULL, 174),
(1062, NULL, NULL, 'NO', NULL, NULL, 'شرکت اکسیر گل سرخ', NULL, NULL, '35410965', '09155040458', 'شهرک صنعتی توس - فاز 2 اندیشه 10 قطعه 317 ', NULL, 'NO', 'YES', 'NO', 'NO', 'NO', 'YES', NULL, 175),
(1063, NULL, NULL, 'NO', NULL, NULL, 'شرکت داده کاوی پرهون (مجید سازوار)', NULL, NULL, '33425884', '09155089500', 'بلوار جمهوری اسلامی - پروین اعتصامی 21 پلاک 35 واحد 1', NULL, 'NO', 'YES', 'NO', 'NO', 'NO', 'YES', NULL, 177),
(1064, NULL, NULL, 'NO', NULL, NULL, 'شرکت پارس شیمی ابتکار گستر', NULL, NULL, '09151575760', '', 'دانشگاه فردوسی مشهد.مرکزرشد واحدهای فناور ', NULL, 'NO', 'YES', 'NO', 'NO', 'NO', 'YES', NULL, 178),
(1065, NULL, NULL, 'NO', NULL, NULL, 'شرکت فرا اندیشان رشد خراسان', NULL, NULL, '38766343', '09150473093', 'مرکز رشد شماره 5 پلاک 510', NULL, 'NO', 'YES', 'NO', 'NO', 'NO', 'YES', NULL, 179),
(1066, NULL, NULL, 'YES', 'حسن ', 'موسوی', NULL, NULL, NULL, '37674329', '09154017419', 'خیابان عامل - عامل 64 - پلاک 93', NULL, 'NO', 'YES', 'NO', 'NO', 'NO', 'YES', NULL, 180),
(1067, NULL, NULL, 'NO', NULL, NULL, 'شرکت تصویر پردازان دانش فردا (میرزایی)', NULL, NULL, '36087628', '09151022874', 'سیدرضی 14 پلاک 315', NULL, 'NO', 'YES', 'NO', 'NO', 'NO', 'YES', NULL, 181),
(1068, NULL, NULL, 'YES', 'مسعود ', 'حاجی پور', NULL, NULL, NULL, '38802262', '09158123174', 'دانشگاه فردوسی سازمان مرکزی طبقه همکف اداره خدمات', NULL, 'NO', 'YES', 'NO', 'NO', 'NO', 'YES', NULL, 183),
(1069, NULL, NULL, 'YES', 'محمد ', 'پاویرپور', NULL, NULL, NULL, '38802431', '09159176234', 'دانشگاه فردوسی سازمان مرکزی طبقه همکف اداره خدمات', NULL, 'NO', 'YES', 'NO', 'NO', 'NO', 'YES', NULL, 184),
(1070, NULL, NULL, 'YES', 'رضا ', 'مالداری', NULL, NULL, NULL, '09151194606', '', 'مشهد جاده سرخس روستای تنگل شور', NULL, 'NO', 'YES', 'NO', 'NO', 'NO', 'YES', NULL, 185),
(1071, NULL, NULL, 'NO', NULL, NULL, 'شرکت صنعت پروژه توس', NULL, NULL, '35425513', '09153031455', 'پارک علم و فناوری خراسان ', NULL, 'NO', 'YES', 'NO', 'NO', 'NO', 'YES', NULL, 187),
(1072, NULL, NULL, 'NO', NULL, NULL, 'شرکت علم و فناوری آرام', NULL, NULL, '09151117396', '09359350973', 'کاهدوز 32 پلاک 13', NULL, 'NO', 'YES', 'NO', 'NO', 'NO', 'YES', NULL, 188),
(1073, NULL, NULL, 'YES', 'اکبر ', 'امینی', NULL, NULL, NULL, '35003333', '09153174496', 'پارک علم و فناوری ', NULL, 'NO', 'YES', 'NO', 'NO', 'NO', 'YES', NULL, 189),
(1074, NULL, NULL, 'NO', NULL, NULL, 'شرکت رهپویان خرد و اندیشه', NULL, NULL, '35003333', '09352161735', 'پارک علم و فناوری', NULL, 'NO', 'YES', 'NO', 'NO', 'NO', 'YES', NULL, 190),
(1075, NULL, NULL, 'NO', NULL, NULL, 'شرکت آرتا هوشمند پردازان سناباد', NULL, NULL, '38466022', '09156958054', 'فلاحی 38/12 پلاک 50', NULL, 'NO', 'YES', 'NO', 'NO', 'NO', 'YES', NULL, 191),
(1076, NULL, NULL, 'YES', 'امید ', 'صفری', NULL, NULL, NULL, '38805466', '', 'دانشکاه فردوسی دانشکده منابع طبیعی و محیط زیست', NULL, 'NO', 'YES', 'NO', 'NO', 'NO', 'YES', NULL, 192),
(1077, NULL, NULL, 'NO', NULL, NULL, 'شرکت کشت کار گستر نوژان خراسان شمالی', NULL, NULL, '05837228494', '09376654099', 'بجنورد - خیابان شهریار - مجتمع الغدیر - مجتمع گلها', NULL, 'NO', 'YES', 'NO', 'NO', 'NO', 'YES', NULL, 193),
(1078, NULL, NULL, 'NO', NULL, NULL, 'شرکت دنا پارس آژند', NULL, NULL, '35027992', '09155112908', 'بلوار پیروزی - پیروزی 79 بنفشه 13 پلاک 17 واحد 4', NULL, 'NO', 'YES', 'NO', 'NO', 'NO', 'YES', NULL, 194),
(1079, NULL, NULL, 'YES', 'مصطفی ', 'خداشاهی', NULL, NULL, NULL, '35003100', '09151177464', 'قاسم آباد حسابی 36 مجتمع سامان 2 بلوک 1 واحد 7', NULL, 'NO', 'YES', 'NO', 'NO', 'NO', 'YES', NULL, 195),
(1080, NULL, NULL, 'NO', NULL, NULL, 'شرکت طراحان ماشین حجازیان', NULL, NULL, '35003416', '09157976980', 'قاسم آباد - انوشیر 64 مجتمع نگین 2 بلوک 21 ', NULL, 'NO', 'YES', 'NO', 'NO', 'NO', 'YES', NULL, 196),
(1081, NULL, NULL, 'NO', NULL, NULL, 'شرکت پیشتاز نانو فناور توس', NULL, NULL, '37665391', '09353115792', 'دانشگاه فردوسی- مرکز رشد ش 5 واحد 514', NULL, 'NO', 'YES', 'NO', 'NO', 'NO', 'YES', NULL, 197),
(1082, NULL, NULL, 'NO', NULL, NULL, 'شرکت ماهان صنعت توس آروین', NULL, NULL, '0', '09155212068', 'بلوار نمایشگاه - نمایشگاه 5 پلاک 1 واحد 2', NULL, 'NO', 'YES', 'NO', 'NO', 'NO', 'YES', NULL, 198),
(1083, NULL, NULL, 'NO', NULL, NULL, 'شرکت کوشا فن آوران پارت ', NULL, NULL, '0', '09157655265', 'شیروان - خیابان پاسداران - پاسداران 2 پلاک 42', NULL, 'NO', 'YES', 'NO', 'NO', 'NO', 'YES', NULL, 199),
(1084, NULL, NULL, 'YES', 'قاسم ', 'موسوی', NULL, NULL, NULL, '8838460', '09155143213', 'وکیل آباد 8 پلاک 8/1', NULL, 'NO', 'YES', 'NO', 'NO', 'NO', 'YES', NULL, 20),
(1085, NULL, NULL, 'NO', NULL, NULL, 'شرکت بسپار پایش پارس (محمودی فریمانی)', NULL, NULL, '35234763', '09158701544', 'قاسم آباد - شریعتی 53/1 مجتمع مسکونی گلها بلوک 8 واحد 1 غربی ', NULL, 'NO', 'YES', 'NO', 'NO', 'NO', 'YES', NULL, 200),
(1087, NULL, NULL, 'NO', NULL, NULL, 'شرکت فنی مهندسی قدرت پرداز آسیا', NULL, NULL, '37663536', '09155180620', 'فرهاد 19 پلاک 128 طبقه چهارم', NULL, 'NO', 'YES', 'NO', 'NO', 'NO', 'YES', NULL, 203),
(1088, NULL, NULL, 'NO', NULL, NULL, 'شرکت ایده پردازان توسعه انرژی آترون', NULL, NULL, '35232788', '09153142096', 'قاسم آباد شاهد 40 پ 21 طبقه اول', NULL, 'NO', 'YES', 'NO', 'NO', 'NO', 'YES', NULL, 204),
(1089, NULL, NULL, 'NO', NULL, NULL, 'شرکت شتاب خودرو خراسان شمالی', NULL, NULL, '05857217733', '09153216436', 'اسفراین - خیابان سید جمال الدین - دستغیب 4 پلاک 1', NULL, 'NO', 'YES', 'NO', 'NO', 'NO', 'YES', NULL, 210),
(1090, NULL, NULL, 'NO', NULL, NULL, 'شرکت سناباد قطعه آلتون', NULL, NULL, '38650515', '09155060764', 'بلوار فکوری - فکوری 17 لاله 6 پلاک 40 واحد 7', NULL, 'NO', 'YES', 'NO', 'NO', 'NO', 'YES', NULL, 211),
(1091, NULL, NULL, 'YES', 'دکتر ', 'رضا اکبری نوری ', NULL, NULL, NULL, '02188244539', '09123553618', 'شهرآراء خیابان پاتریس لومومبا 19 شرقی پلاک 38', NULL, 'NO', 'YES', 'NO', 'NO', 'NO', 'YES', NULL, 212),
(1092, NULL, NULL, 'YES', 'احمد ', 'یوسفیان ', NULL, NULL, NULL, '38806117', '09150738979', 'انتظامات دانشگاه فردوسی', NULL, 'NO', 'YES', 'NO', 'NO', 'NO', 'YES', NULL, 213),
(1093, NULL, NULL, 'NO', NULL, NULL, 'شرکت پردازش گستر راتا', NULL, NULL, '38936601', '09153227545', 'بلوار دانشجو - دانشجو 32 پلاک 20 واحد 8', NULL, 'NO', 'YES', 'NO', 'NO', 'NO', 'YES', NULL, 214),
(1094, NULL, NULL, 'YES', 'غلامعلی ', 'سوری', NULL, NULL, NULL, '37245156', '09156247762', 'بلوار حر عاملی - عاملی 45 نبش حجت 15 پ 121', NULL, 'NO', 'YES', 'NO', 'NO', 'NO', 'YES', NULL, 215),
(1095, NULL, NULL, 'NO', NULL, NULL, 'شرکت پرنیان ادمان آفرین ', NULL, NULL, '0', '09153227642', 'پارک علم و فناوری خراسان ', NULL, 'NO', 'YES', 'NO', 'NO', 'NO', 'YES', NULL, 216),
(1096, NULL, NULL, 'YES', 'آذر ', 'آدینی', NULL, NULL, NULL, '38686650', '09159156473', 'فکوری 17 پلاک 61', NULL, 'NO', 'YES', 'NO', 'NO', 'NO', 'YES', NULL, 217),
(1097, NULL, NULL, 'YES', 'فریدون ', 'رهنمای رود پشتی', NULL, NULL, NULL, '0', '', 'ح', NULL, 'NO', 'YES', 'NO', 'NO', 'NO', 'YES', NULL, 218),
(1098, NULL, NULL, 'YES', 'مسعود ', 'نوروزیان', NULL, NULL, NULL, '0', '', 'م', NULL, 'NO', 'YES', 'NO', 'NO', 'NO', 'YES', NULL, 219),
(1099, NULL, NULL, 'NO', NULL, NULL, 'شرکت سازه گستر آرین پارس', NULL, NULL, '35003450', '09153595097', 'پارک علم و فناوری خراسان ', NULL, 'NO', 'YES', 'NO', 'NO', 'NO', 'YES', NULL, 227),
(1100, NULL, NULL, 'NO', NULL, NULL, 'شرکت سورن تک توس', NULL, NULL, '05135424821', '09155041295', 'شهرک فناوری صنایع غذایی - ساختمان ریز بینی طبقه سوم', NULL, 'NO', 'YES', 'NO', 'NO', 'NO', 'YES', NULL, 228),
(1101, NULL, NULL, 'NO', NULL, NULL, 'شرکت اتوماسیون اداری حسیب', NULL, NULL, '35425590', '09155044722', 'پارک علم و فناوری خراسان رضوی', NULL, 'NO', 'YES', 'NO', 'NO', 'NO', 'YES', NULL, 229),
(1102, NULL, NULL, 'NO', NULL, NULL, 'شرکت دقت گستران آریا پارس', NULL, NULL, '05135424527', '09156247433', 'شهرک صنعتی توس - شهرک بیوتکنولوژی- ساختمان پژوهش', NULL, 'NO', 'YES', 'NO', 'NO', 'NO', 'YES', NULL, 230),
(1103, NULL, NULL, 'YES', 'سلمان ', 'علیمردانی ', NULL, NULL, NULL, '38450344', '09353669570', 'دکتر بهشتی 46 پلاک 164', NULL, 'NO', 'YES', 'NO', 'NO', 'NO', 'YES', NULL, 231),
(1104, NULL, NULL, 'YES', 'محمد ', 'شکوهی فر (شکوه صنعت پاژ)', NULL, NULL, NULL, '38400202', '09153014266', 'بین ابوذر غفاری 20و 22 حاشیه پ 220 واحد 2 ', NULL, 'NO', 'YES', 'NO', 'NO', 'NO', 'YES', NULL, 232),
(1105, NULL, NULL, 'NO', NULL, NULL, 'شرکت داروسازی دکتررجبی ', NULL, NULL, '388434783', '09155199632', 'شهرک صنعتی توس شهرک فناوری صنایع غذایی شماره 27', NULL, 'NO', 'YES', 'NO', 'NO', 'NO', 'YES', NULL, 233),
(1106, NULL, NULL, 'NO', NULL, NULL, 'شرکت نیرونماد رضوی ', NULL, NULL, '05132400758', '09363018711', 'شهرک فناوری های برتر صنعت 11 نبش کوشش 5', NULL, 'NO', 'YES', 'NO', 'NO', 'NO', 'YES', NULL, 234),
(1107, NULL, NULL, 'NO', NULL, NULL, 'رحیم صادقی شرکت ماناپلیمرآرمان', NULL, NULL, '35425521', '09153219204', 'ویلای 5 پلاک 24واحد6', NULL, 'NO', 'YES', 'NO', 'NO', 'NO', 'YES', NULL, 235),
(1108, NULL, NULL, 'YES', 'علیرضا ', 'سیدیان عنبرانی', NULL, NULL, NULL, '1234567', '09151592787', 'تنانعللبیقیقیتق', NULL, 'NO', 'YES', 'NO', 'NO', 'NO', 'YES', NULL, 237),
(1109, NULL, NULL, 'NO', NULL, NULL, 'سیدعلی صحاف(شرکت بعدسوم پردیس ایرانیان)', NULL, NULL, '123', '09153232372', 'فکوری 27 نوزده بهمن 1 پلاک 24 واحد 5', NULL, 'NO', 'YES', 'NO', 'NO', 'NO', 'YES', NULL, 238),
(1110, NULL, NULL, 'YES', 'سید ', 'محمد جوادی مال آباد', NULL, NULL, NULL, '09153155382', '09153155382', 'پیروزی 20رهایی8/8 پلاک 62', NULL, 'NO', 'YES', 'NO', 'NO', 'NO', 'YES', NULL, 239),
(1111, NULL, NULL, 'YES', 'حسین ', 'مخبر داودلی', NULL, NULL, NULL, '6031196', '09151042575', 'جلال آل احمد70پلاک 283', NULL, 'NO', 'YES', 'NO', 'NO', 'NO', 'YES', NULL, 24),
(1112, NULL, NULL, 'YES', 'جواد ', 'قربانی ', NULL, NULL, NULL, '09126618949', '', 'دانشگاه آزاد اسلامی ', NULL, 'NO', 'YES', 'NO', 'NO', 'NO', 'YES', NULL, 240),
(1113, NULL, NULL, 'NO', NULL, NULL, 'شرکت آرشام صنعت ', NULL, NULL, '35425671', '09155123191', 'پارک علم وفناوری', NULL, 'NO', 'YES', 'NO', 'NO', 'NO', 'YES', NULL, 241),
(1114, NULL, NULL, 'YES', 'سامان ', 'داروی هشتم ', NULL, NULL, NULL, '35421990', '09155216753', 'پارک علم و فناوری ', NULL, 'NO', 'YES', 'NO', 'NO', 'NO', 'YES', NULL, 242),
(1115, NULL, NULL, 'NO', NULL, NULL, 'شرکت ایده پردازان جوان فالینوس ', NULL, NULL, '09151568479', '09151568479', 'مرکز رشد فردوسی واحد 521', NULL, 'NO', 'YES', 'NO', 'NO', 'NO', 'YES', NULL, 243),
(1116, NULL, NULL, 'YES', 'علیرضا ', 'حداد طوسی ', NULL, NULL, NULL, '38806740', '09392248711', 'دانشکده ادبیات اداره امور عمومی ', NULL, 'NO', 'YES', 'NO', 'NO', 'NO', 'YES', NULL, 244),
(1117, NULL, NULL, 'YES', 'انتفاع ', 'صنعت پایا ', NULL, NULL, NULL, '36079718', '09155078055', 'بلوارامامت انتهای امامت 3پلاک 12', NULL, 'NO', 'YES', 'NO', 'NO', 'NO', 'YES', NULL, 245),
(1118, NULL, NULL, 'YES', 'علیرضا ', 'ایرانبخش', NULL, NULL, NULL, '22588167', '', 'تهران انتهای اشرفی اصفهانی بسمت حصارک سازمان مرکزی دانشگاه آزاد', NULL, 'NO', 'YES', 'NO', 'NO', 'NO', 'YES', NULL, 246),
(1119, NULL, NULL, 'YES', 'موئسسه ', 'غیر تجاری صهبا رسانه موعود', NULL, NULL, NULL, '09155207269', '', 'پردیس دانشگاه فردوسی ', NULL, 'NO', 'YES', 'NO', 'NO', 'NO', 'YES', NULL, 247),
(1120, 'ista_ertebat', '$P$BwSE5l.e4RwskLVWe0KJ1woXvecDdP1', 'NO', NULL, NULL, 'ایستا ارتباط کاوشگر', NULL, NULL, '36044014', '09153141653', 'بلواررفیعی 10/4بلوک 3واحد2', NULL, 'NO', 'YES', 'NO', 'NO', 'NO', 'YES', NULL, 248),
(1121, NULL, NULL, 'YES', 'پارس ', 'بهبود آسیا', NULL, NULL, NULL, '09151151343', '09153165196', 'دانشجو8پلاک 80', NULL, 'NO', 'YES', 'NO', 'NO', 'NO', 'YES', NULL, 249),
(1122, NULL, NULL, 'YES', 'کبری ', 'حجتی داودلی', NULL, NULL, NULL, '6031196', '09156494982', 'جلال آل احمد70پلاک 283', NULL, 'NO', 'YES', 'NO', 'NO', 'NO', 'YES', NULL, 25),
(1123, NULL, NULL, 'YES', 'حامد ', 'عابدینی یزدی', NULL, NULL, NULL, '35236556', '09154515280', 'قاسم آباد  شریعتی 45خاتمی یک پلاک44طبقه 4', NULL, 'NO', 'YES', 'NO', 'NO', 'NO', 'YES', NULL, 250),
(1124, NULL, NULL, 'NO', NULL, NULL, 'حسام دهقانی-شرکت دنازیست آسیا', NULL, NULL, '7679089', '09151095669', 'مرکز رشد دانشگاه فارسی', NULL, 'NO', 'YES', 'NO', 'NO', 'NO', 'YES', NULL, 26),
(1125, NULL, NULL, 'NO', NULL, NULL, 'شرکت پیشگامان صمغ پارسیان ', NULL, NULL, '7634481', '', 'بلوارخیام 28پلاک5', NULL, 'NO', 'YES', 'NO', 'NO', 'NO', 'YES', NULL, 27),
(1126, NULL, NULL, 'YES', 'علی ', 'مشتاقی واحدیان', NULL, NULL, NULL, '6099333', '09153068924', 'شریعتی 60مجتمع غدیر پ31', NULL, 'NO', 'YES', 'NO', 'NO', 'NO', 'YES', NULL, 30),
(1127, NULL, NULL, 'YES', 'محمد ', 'نظری', NULL, NULL, NULL, '6099333', '09155253066', 'علیمردانی 23 پ13', NULL, 'NO', 'YES', 'NO', 'NO', 'NO', 'YES', NULL, 31),
(1128, NULL, NULL, 'NO', NULL, NULL, 'حسن بهزادیان نژاد.شرکت فرایان', NULL, NULL, '7661986', '09123430412', 'خیام جنوبی 3.پلاک 42', NULL, 'NO', 'YES', 'NO', 'NO', 'NO', 'YES', NULL, 32),
(1129, NULL, NULL, 'YES', 'محمد ', 'قنبری', NULL, NULL, NULL, '7287461', '', 'حر عاملی 32 پلاک 204', NULL, 'NO', 'YES', 'NO', 'NO', 'NO', 'YES', NULL, 33),
(1130, NULL, NULL, 'YES', 'سمیه ', 'محمدخانی', NULL, NULL, NULL, '09158115028', '', 'ایثارگران21 پ10', NULL, 'NO', 'YES', 'NO', 'NO', 'NO', 'YES', NULL, 34),
(1131, NULL, NULL, 'YES', 'زیور ', 'هروی', NULL, NULL, NULL, '2126814', '', 'بلوار طبرسی50 پلاک 20', NULL, 'NO', 'YES', 'NO', 'NO', 'NO', 'YES', NULL, 35),
(1132, NULL, NULL, 'YES', 'فاطمه ', 'مقتدرگاه', NULL, NULL, NULL, '4218056', '09153012506', 'بلوار الهیه. الهیه 14 پلاک 9', NULL, 'NO', 'YES', 'NO', 'NO', 'NO', 'YES', NULL, 36),
(1133, NULL, NULL, 'YES', 'محمد ', 'فاطمی', NULL, NULL, NULL, '6586958', '091570077300', 'توس 65. سیستانی 2. پلاک 81', NULL, 'NO', 'YES', 'NO', 'NO', 'NO', 'YES', NULL, 37),
(1134, NULL, NULL, 'YES', 'مریم ', 'حمیدی', NULL, NULL, NULL, '2709894', '09305111464', 'طلاب. بین میثم 3 و 5. پلاک 471', NULL, 'NO', 'YES', 'NO', 'NO', 'NO', 'YES', NULL, 38),
(1135, NULL, NULL, 'YES', 'زینب ', 'بخشنده', NULL, NULL, NULL, '09369648485', '', 'طلاب. وحید 19 پلاک 125', NULL, 'NO', 'YES', 'NO', 'NO', 'NO', 'YES', NULL, 39),
(1136, NULL, NULL, 'YES', 'علیرضا ', 'محمدزاده', NULL, NULL, NULL, '000000', '', 'دانشگاه فردوسی مشهد', NULL, 'NO', 'YES', 'NO', 'NO', 'NO', 'YES', NULL, 40),
(1137, NULL, NULL, 'YES', 'مجتبی ', 'اقبالی نژاد', NULL, NULL, NULL, '8458509', '', 'ابوذر غفاری 31.پلاک 121', NULL, 'NO', 'YES', 'NO', 'NO', 'NO', 'YES', NULL, 41),
(1138, NULL, NULL, 'YES', 'نشاط ', 'مشکین فام', NULL, NULL, NULL, '09392619991', '', 'لادن 14 پلاک 1', NULL, 'NO', 'YES', 'NO', 'NO', 'NO', 'YES', NULL, 42),
(1139, NULL, NULL, 'YES', 'فریده ', 'نامور', NULL, NULL, NULL, '09151252011', '', 'خاقانی 23 پلاک2', NULL, 'NO', 'YES', 'NO', 'NO', 'NO', 'YES', NULL, 43),
(1140, NULL, NULL, 'YES', 'حسین ', 'رستمی کاهو', NULL, NULL, NULL, '8802450', '', 'دانشگاه فردوسی. سازمان مرکزی', NULL, 'NO', 'YES', 'NO', 'NO', 'NO', 'YES', NULL, 44),
(1141, NULL, NULL, 'YES', 'مرتضی ', 'رمضانی', NULL, NULL, NULL, '09155015606', '', '.کیل اباد 50/8پلاک62', NULL, 'NO', 'YES', 'NO', 'NO', 'NO', 'YES', NULL, 46),
(1142, NULL, NULL, 'YES', 'زیبا ', 'افاقی', NULL, NULL, NULL, '8710018', '', 'طالقانی 4 پلاک 5', NULL, 'NO', 'YES', 'NO', 'NO', 'NO', 'YES', NULL, 47),
(1143, NULL, NULL, 'YES', 'محمد ', 'بخشنده', NULL, NULL, NULL, '8515451', '', 'بیمارستان سینا', NULL, 'NO', 'YES', 'NO', 'NO', 'NO', 'YES', NULL, 48),
(1144, NULL, NULL, 'YES', 'ایوب ', 'بخشنده زاری  محله', NULL, NULL, NULL, '8544315', '', 'بیمارستان سینا', NULL, 'NO', 'YES', 'NO', 'NO', 'NO', 'YES', NULL, 49),
(1145, NULL, NULL, 'YES', 'عباس ', 'شریعتی', NULL, NULL, NULL, '8417577', '', 'سناباد 38پلاک 58', NULL, 'NO', 'YES', 'NO', 'NO', 'NO', 'YES', NULL, 50),
(1146, NULL, NULL, 'YES', 'اشرف ', 'خاوری خراسانی', NULL, NULL, NULL, '8417577', '', 'سناباد 38پلاک 58', NULL, 'NO', 'YES', 'NO', 'NO', 'NO', 'YES', NULL, 51),
(1147, NULL, NULL, 'YES', 'حسن ', 'میرزائی', NULL, NULL, NULL, '2787532', '', 'طلاب مفتح20پلاک287', NULL, 'NO', 'YES', 'NO', 'NO', 'NO', 'YES', NULL, 52),
(1148, NULL, NULL, 'YES', 'سید ', 'هادی حسن نیا', NULL, NULL, NULL, '7635287', '09158010734', 'فدک21.پلاک 29', NULL, 'NO', 'YES', 'NO', 'NO', 'NO', 'YES', NULL, 53),
(1149, NULL, NULL, 'YES', 'افروز ', 'مجاور', NULL, NULL, NULL, '8802401', '', 'دانشگاه فردوسی.', NULL, 'NO', 'YES', 'NO', 'NO', 'NO', 'YES', NULL, 55),
(1150, NULL, NULL, 'YES', 'احسان ', 'صادقی شاپور آبادی', NULL, NULL, NULL, '09366024589', '', 'قاسم اباد. بلوار مجدیه. 50.مجتمع پارس', NULL, 'NO', 'YES', 'NO', 'NO', 'NO', 'YES', NULL, 56),
(1151, NULL, NULL, 'NO', NULL, NULL, 'شرکت کهکشان آریایی', NULL, NULL, '8837390', '', 'مرکز رشد مهندسی', NULL, 'NO', 'YES', 'NO', 'NO', 'NO', 'YES', NULL, 57),
(1152, NULL, NULL, 'NO', NULL, NULL, 'شرکت داده پردازی تلاش وتوسعه', NULL, NULL, '8837382', '', 'مرکز رشددانشگاه فردوسی', NULL, 'NO', 'YES', 'NO', 'NO', 'NO', 'YES', NULL, 58),
(1153, NULL, NULL, 'NO', NULL, NULL, 'شرکت کاوش صنعت توس', NULL, NULL, '0', '09153114052', 'پارک علم و فناوری', NULL, 'NO', 'YES', 'NO', 'NO', 'NO', 'YES', NULL, 59),
(1154, NULL, NULL, 'NO', NULL, NULL, 'شرکت دانشگرایان نوین دلسا', NULL, NULL, '8401630', '', 'بین ملاصدرای 10و12ساختمان مهدی ط4', NULL, 'NO', 'YES', 'NO', 'NO', 'NO', 'YES', NULL, 60),
(1155, NULL, NULL, 'NO', NULL, NULL, 'شرکت رهرو تلاش جاوید', NULL, NULL, '6676081', '09121257192', 'خیابان فلسطین کوچه فتحی پ2 واحد 12', NULL, 'NO', 'YES', 'NO', 'NO', 'NO', 'YES', NULL, 61),
(1156, NULL, NULL, 'NO', NULL, NULL, 'شرکت صنعتی طلایه مشهد', NULL, NULL, '32673511', '09151110064', 'کیلومتر 20 بزرگراه آسیایی جنب پمپ بنزین ناظریه', NULL, 'NO', 'YES', 'NO', 'NO', 'NO', 'YES', NULL, 62),
(1157, NULL, NULL, 'NO', NULL, NULL, 'شرکت کیان ترانسفو', NULL, NULL, '7255813', '', 'بین سنایی 11 و13پ 102', NULL, 'NO', 'YES', 'NO', 'NO', 'NO', 'YES', NULL, 63),
(1158, NULL, NULL, 'YES', 'سید ', 'حمید رضا مصطفوی', NULL, NULL, NULL, '7638647', '09155139177', 'سجاد. بیستون 5 پلاک 28', NULL, 'NO', 'YES', 'NO', 'NO', 'NO', 'YES', NULL, 65),
(1159, NULL, NULL, 'YES', 'رقیه ', 'ایرانلو', NULL, NULL, NULL, '8802164', '', 'دانشگاه فردوسی', NULL, 'NO', 'YES', 'NO', 'NO', 'NO', 'YES', NULL, 66),
(1160, NULL, NULL, 'YES', 'غلامحسن ', 'غلامی', NULL, NULL, NULL, '09153584641', '', 'دانشگاه ازاد مشهد', NULL, 'NO', 'YES', 'NO', 'NO', 'NO', 'YES', NULL, 67),
(1161, NULL, NULL, 'YES', 'محمد ', 'تقی خضری', NULL, NULL, NULL, '09159186963', '', 'دانشگاه فردوسی مشهد', NULL, 'NO', 'YES', 'NO', 'NO', 'NO', 'YES', NULL, 69),
(1162, NULL, NULL, 'NO', NULL, NULL, 'شرکت پارسه. محمدرحیم ملک بالا', NULL, NULL, '000', '', 'دانشگاه فردوسی مشهد', NULL, 'NO', 'YES', 'NO', 'NO', 'NO', 'YES', NULL, 70),
(1163, NULL, NULL, 'YES', 'محمد ', 'جواد کفیلی انداد', NULL, NULL, NULL, '09155255834', '', 'فلاحی 4. مجتمع استانداری. بلوک 9 پلاک 4', NULL, 'NO', 'YES', 'NO', 'NO', 'NO', 'YES', NULL, 71),
(1164, NULL, NULL, 'YES', 'حسین ', 'شفاعی', NULL, NULL, NULL, '000', '', 'پارک علم و فناوری', NULL, 'NO', 'YES', 'NO', 'NO', 'NO', 'YES', NULL, 72),
(1165, NULL, NULL, 'YES', 'زهرا ', 'زواری اره کمر', NULL, NULL, NULL, '8763344', '', 'دانشگاه فردوسی. ساختمان مرکزی', NULL, 'NO', 'YES', 'NO', 'NO', 'NO', 'YES', NULL, 73),
(1166, NULL, NULL, 'YES', 'حیدر ', 'سالاری اره کمر', NULL, NULL, NULL, '8763344', '', 'دانشگاه فردوسی', NULL, 'NO', 'YES', 'NO', 'NO', 'NO', 'YES', NULL, 74),
(1167, NULL, NULL, 'YES', 'روشنک ', 'امیرزاده هروی', NULL, NULL, NULL, '8763344', '', 'دانشگاه فردوسی. ساختمان مرکزی', NULL, 'NO', 'YES', 'NO', 'NO', 'NO', 'YES', NULL, 75),
(1168, NULL, NULL, 'YES', 'محمد ', 'مهدی شمس', NULL, NULL, NULL, '09158019802', '', 'دانشگاه فردوسی', NULL, 'NO', 'YES', 'NO', 'NO', 'NO', 'YES', NULL, 76),
(1169, NULL, NULL, 'YES', 'محمود ', 'اسدی', NULL, NULL, NULL, '09151587026', '', 'دانشگاه فردوسی', NULL, 'NO', 'YES', 'NO', 'NO', 'NO', 'YES', NULL, 77),
(1170, NULL, NULL, 'YES', 'نجمه ', 'باقرزاده', NULL, NULL, NULL, '09153190057', '', 'دانشگاه فردوسی', NULL, 'NO', 'YES', 'NO', 'NO', 'NO', 'YES', NULL, 78),
(1171, NULL, NULL, 'YES', 'معصومه ', 'شریفی طرقی', NULL, NULL, NULL, '09157003515', '', 'دانشگاه', NULL, 'NO', 'YES', 'NO', 'NO', 'NO', 'YES', NULL, 79),
(1172, NULL, NULL, 'YES', 'کاظم ', 'دوست علی', NULL, NULL, NULL, '09155255797', '', 'دانشگاه فردوسی مشهد', NULL, 'NO', 'YES', 'NO', 'NO', 'NO', 'YES', NULL, 80),
(1173, NULL, NULL, 'YES', 'رمضان ', 'قربانی', NULL, NULL, NULL, '3120082', '', 'بلوار صبا38 پلاک 14', NULL, 'NO', 'YES', 'NO', 'NO', 'NO', 'YES', NULL, 81),
(1174, NULL, NULL, 'YES', 'میثم ', 'محزونی رباطی', NULL, NULL, NULL, '8684940', '09154391013', 'دانشگاه فردوسی مشهد', NULL, 'NO', 'YES', 'NO', 'NO', 'NO', 'YES', NULL, 82),
(1175, NULL, NULL, 'YES', 'محبوبه ', 'ابراهیمی', NULL, NULL, NULL, '8924014', '', 'دانشگاه فردوسی', NULL, 'NO', 'YES', 'NO', 'NO', 'NO', 'YES', NULL, 83),
(1176, NULL, NULL, 'YES', 'احمد ', 'علی مهر علی نیاکان', NULL, NULL, NULL, '09151188277', '', 'دانشگاه فردوسی.انتظامات', NULL, 'NO', 'YES', 'NO', 'NO', 'NO', 'YES', NULL, 84),
(1177, NULL, NULL, 'YES', 'مصطفی ', 'دلدار', NULL, NULL, NULL, '09154382235', '', 'خیابان شیرازی. شیرازی 24 پلاک 42', NULL, 'NO', 'YES', 'NO', 'NO', 'NO', 'YES', NULL, 85),
(1178, NULL, NULL, 'YES', 'مجید ', 'اسدالهی', NULL, NULL, NULL, '09156208279', '', 'دانشگاه فردوسی', NULL, 'NO', 'YES', 'NO', 'NO', 'NO', 'YES', NULL, 86),
(1179, NULL, NULL, 'YES', 'فاطمه ', 'باقری', NULL, NULL, NULL, '09156208279', '', 'دانشگاه فردوسی', NULL, 'NO', 'YES', 'NO', 'NO', 'NO', 'YES', NULL, 87),
(1180, NULL, NULL, 'YES', 'محمدعلی ', 'عبدی زاده', NULL, NULL, NULL, '8213267', '', 'سرافرازان 23 پلاک 23', NULL, 'NO', 'YES', 'NO', 'NO', 'NO', 'YES', NULL, 88),
(1181, NULL, NULL, 'YES', 'هادی ', 'مسرور', NULL, NULL, NULL, '09156150300', '', 'صندوق پژوهش', NULL, 'NO', 'YES', 'NO', 'NO', 'NO', 'YES', NULL, 89),
(1182, NULL, NULL, 'YES', 'محمدرضا ', 'بهزادی', NULL, NULL, NULL, '09151187657', '', 'دانشگاه فردوسی ', NULL, 'NO', 'YES', 'NO', 'NO', 'NO', 'YES', NULL, 90),
(1183, NULL, NULL, 'NO', NULL, NULL, 'شرکت سازه های کامپوزیتی خاوران', NULL, NULL, '09155145638', '', 'بلوار دندان پزشکان. پلاک 55', NULL, 'NO', 'YES', 'NO', 'NO', 'NO', 'YES', NULL, 91),
(1184, NULL, NULL, 'NO', NULL, NULL, 'شرکت خدمات نیروگاهی اهار شرق', NULL, NULL, '8664741', '', 'خیابان فرهاد11 پلاک 12', NULL, 'NO', 'YES', 'NO', 'NO', 'NO', 'YES', NULL, 92),
(1185, NULL, NULL, 'NO', NULL, NULL, 'شرکت کالاژن پژوه. مجید جمشیدیان مجاور', NULL, NULL, '0000', '', 'دانشگاه فردوسی مشهد', NULL, 'NO', 'YES', 'NO', 'NO', 'NO', 'YES', NULL, 93),
(1186, NULL, NULL, 'YES', 'حسین ', 'عرفانیان', NULL, NULL, NULL, '09155116151', '', 'اداره منابع طبیعی', NULL, 'NO', 'YES', 'NO', 'NO', 'NO', 'YES', NULL, 94),
(1187, NULL, NULL, 'YES', 'مرتضی ', 'شریف زاده', NULL, NULL, NULL, '09155232573', '', 'پارک علم و فناوری', NULL, 'NO', 'YES', 'NO', 'NO', 'NO', 'YES', NULL, 97),
(1188, NULL, NULL, 'NO', NULL, NULL, 'شرکت سما توس', NULL, NULL, '35097760', '09351741775', '.', NULL, 'NO', 'YES', 'NO', 'NO', 'NO', 'YES', NULL, 10),
(1189, NULL, NULL, 'YES', 'دکتر ', 'مهدی نژاد نوری', NULL, NULL, NULL, '0', '', 'معاونت پژوهشی وزارت علوم', NULL, 'NO', 'YES', 'NO', 'NO', 'NO', 'YES', NULL, 1),
(1190, NULL, NULL, 'YES', 'حسین ', 'کشیری (موسسه پردیس توس )', NULL, NULL, NULL, '8761872', '09155027505', 'بلوارسید رضی سید رضی 37پ 243/1', NULL, 'NO', 'YES', 'NO', 'NO', 'NO', 'YES', NULL, 105),
(1191, NULL, NULL, 'YES', 'حسین ', 'کشیری (موسسه پردیس توس )', NULL, NULL, NULL, '8761872', '09155027505', 'بلوار سید رضی سید رضی 37پ 243/1', NULL, 'NO', 'YES', 'NO', 'NO', 'NO', 'YES', NULL, 106),
(1192, NULL, NULL, 'YES', 'غلامحسین ', 'خانی', NULL, NULL, NULL, '0', '', '.', NULL, 'NO', 'YES', 'NO', 'NO', 'NO', 'YES', NULL, 11),
(1193, NULL, NULL, 'YES', 'محمد ', 'علی خلیل زاده', NULL, NULL, NULL, '09153156724', '', 'دانشگاه ازاد مشهد', NULL, 'NO', 'YES', 'NO', 'NO', 'NO', 'YES', NULL, 117),
(1194, NULL, NULL, 'YES', 'علیرضا ', 'ناصری حسینی', NULL, NULL, NULL, '000', '', 'پارک علم و فناوری', NULL, 'NO', 'YES', 'NO', 'NO', 'NO', 'YES', NULL, 118),
(1195, NULL, NULL, 'YES', 'سید ', 'مهدی میرزابابایی', NULL, NULL, NULL, '09151141501', '', 'پارک علم و فناوری', NULL, 'NO', 'YES', 'NO', 'NO', 'NO', 'YES', NULL, 119),
(1196, NULL, NULL, 'NO', NULL, NULL, 'شرکت محققان یاسین (هادی ده دست)', NULL, NULL, '8837396', '09123136825', 'دانشگاه فردوسی مشهد مرکز رشد واحد 1', NULL, 'NO', 'YES', 'NO', 'NO', 'NO', 'YES', NULL, 126),
(1198, NULL, NULL, 'YES', 'مجید ', 'جمشیدیان مجاور', NULL, NULL, NULL, '6617773', '09155214348', 'شهرک رازی -رازی 17/5پلاک 19 طبقه سوم واحد 5', NULL, 'NO', 'YES', 'NO', 'NO', 'NO', 'YES', NULL, 138),
(1199, NULL, NULL, 'NO', NULL, NULL, 'شرکت ابزار آزما', NULL, NULL, '0', '', '.', NULL, 'NO', 'YES', 'NO', 'NO', 'NO', 'YES', NULL, 14),
(1200, NULL, NULL, 'YES', 'فرخ ', 'سادات کلالی', NULL, NULL, NULL, '8810402', '09155051781', 'کوثر شمالی 16 باهنر 9 پلاک 38 طبقه اول', NULL, 'NO', 'YES', 'NO', 'NO', 'NO', 'YES', NULL, 146),
(1201, NULL, NULL, 'YES', 'رضا ', 'هروی نیشابوری', NULL, NULL, NULL, '0212121', '', 'صندوق ', NULL, 'NO', 'YES', 'NO', 'NO', 'NO', 'YES', NULL, 153),
(1202, NULL, NULL, 'YES', 'هادی ', 'بابلی توت', NULL, NULL, NULL, '0', '', '.', NULL, 'NO', 'YES', 'NO', 'NO', 'NO', 'YES', NULL, 16),
(1203, NULL, NULL, 'YES', 'حیدر ', 'قلی حیدری مزرجی', NULL, NULL, NULL, '8837392', '', 'دانشگاه فردوسی - صندوق پژوهش', NULL, 'NO', 'YES', 'NO', 'NO', 'NO', 'YES', NULL, 161),
(1204, NULL, NULL, 'YES', 'محمد ', 'باقر طباطبایی', NULL, NULL, NULL, '09151192721', '', 'دانشگاه آزاد', NULL, 'NO', 'YES', 'NO', 'NO', 'NO', 'YES', NULL, 163),
(1205, NULL, NULL, 'YES', 'سپرده ', 'مهدوی وابراهیمی', NULL, NULL, NULL, '8806503', '09354634004', 'دانشگاه فردوسی - دانشکده کشاورزی', NULL, 'NO', 'YES', 'NO', 'NO', 'NO', 'YES', NULL, 164),
(1206, NULL, NULL, 'YES', 'سود ', 'سپرده مهدوی و ابراهیمی', NULL, NULL, NULL, '8806503', '09354634004', 'دانشگاه فردوسی ', NULL, 'NO', 'YES', 'NO', 'NO', 'NO', 'YES', NULL, 166),
(1207, NULL, NULL, 'YES', 'سینا ', 'خانی', NULL, NULL, NULL, '0', '', '.', NULL, 'NO', 'YES', 'NO', 'NO', 'NO', 'YES', NULL, 17),
(1208, NULL, NULL, 'NO', NULL, NULL, 'شرکت چوب سان شرق (ورشوئی تبریزی)', NULL, NULL, '38431483', '09155018726', 'پارک علم و فن آوری ', NULL, 'NO', 'YES', 'NO', 'NO', 'NO', 'YES', NULL, 172),
(1209, NULL, NULL, 'NO', NULL, NULL, 'شرکت آریا کاوان اطلس (خیاط خلقی)', NULL, NULL, '38422783', '', 'احمدآباد -بلوار بعثت شماره 167', NULL, 'NO', 'YES', 'NO', 'NO', 'NO', 'YES', NULL, 173),
(1210, NULL, NULL, 'YES', 'محمد ', 'حسین هادوی', NULL, NULL, NULL, '38811217', '09155018006', 'بلوار صارمی - بین صارمی 11و 13 پلاک 25', NULL, 'NO', 'YES', 'NO', 'NO', 'NO', 'YES', NULL, 176),
(1211, NULL, NULL, 'YES', 'سبحان ', 'خانی', NULL, NULL, NULL, '0', '', '.', NULL, 'NO', 'YES', 'NO', 'NO', 'NO', 'YES', NULL, 18),
(1212, NULL, NULL, 'YES', 'نرگس ', 'ارزنی', NULL, NULL, NULL, '38682729', '09157368045', 'بلوار فکوری فکوری 11 شقایق 6 پلاک 71 واحد 9', NULL, 'NO', 'YES', 'NO', 'NO', 'NO', 'YES', NULL, 182),
(1213, NULL, NULL, 'NO', NULL, NULL, 'شرکت فناوری و کارآفرینی جهان اندیشه', NULL, NULL, '38846150', '', 'دانشگاه فردوسی مرکز رشد 4', NULL, 'NO', 'YES', 'NO', 'NO', 'NO', 'YES', NULL, 186),
(1214, NULL, NULL, 'YES', 'وحید ', 'ضرغامی', NULL, NULL, NULL, '8677846', '09155097301', 'آب وبرق ویلا 10 پلاک 4', NULL, 'NO', 'YES', 'NO', 'NO', 'NO', 'YES', NULL, 19),
(1215, NULL, NULL, 'YES', 'دکترعلیرضا ', 'عاشوری', NULL, NULL, NULL, '0', '', 'ریاست دانشگاه فردوسی مشهد', NULL, 'NO', 'YES', 'NO', 'NO', 'NO', 'YES', NULL, 2),
(1216, NULL, NULL, 'YES', 'عاطفه ', 'شریف', NULL, NULL, NULL, '38716503', '09151207559', 'رضا شهر - شهرک طالقانی - ارغوان 10 - پلاک 48', NULL, 'NO', 'YES', 'NO', 'NO', 'NO', 'YES', NULL, 201),
(1217, NULL, NULL, 'NO', NULL, NULL, 'شرکت داده پردازی تلاش و توسعه', NULL, NULL, '38837382', '09151105285', 'مرکز رشد دانشگاه فردوسی ', NULL, 'NO', 'YES', 'NO', 'NO', 'NO', 'YES', NULL, 205),
(1218, NULL, NULL, 'NO', NULL, NULL, 'شرکت صنایع غذایی دانشگران نوین دلسا', NULL, NULL, '38401630', '09155160528', 'احمداباد - بین ملاصدرا 10 و 12 ساختمان مهدی طبقه 4', NULL, 'NO', 'YES', 'NO', 'NO', 'NO', 'YES', NULL, 207),
(1219, NULL, NULL, 'NO', NULL, NULL, 'شرکت صنایع کیان ترانسفوی', NULL, NULL, '37255813', '09153108639', 'خیابان سنایی - بین 11 و 13 پلاک 102', NULL, 'NO', 'YES', 'NO', 'NO', 'NO', 'YES', NULL, 208),
(1220, NULL, NULL, 'NO', NULL, NULL, 'شرکت خدمات نیروگاهی آهار شرق', NULL, NULL, '35424100', '09153589903', 'بلوار وکیل آباد - خیابان فرهاد 11 پلاک 12', NULL, 'NO', 'YES', 'NO', 'NO', 'NO', 'YES', NULL, 209),
(1221, NULL, NULL, 'YES', 'جمال ', 'الدین بخشنده', NULL, NULL, NULL, '7332571', '09158787197', 'خ گاز 4 خاکزادی 17 پ9', NULL, 'NO', 'YES', 'NO', 'NO', 'NO', 'YES', NULL, 21),
(1222, NULL, NULL, 'YES', 'سکینه ', 'حمیدی', NULL, NULL, NULL, '7332571', '09157060699', 'خ گاز 4 خاکزادی 17 پ 9', NULL, 'NO', 'YES', 'NO', 'NO', 'NO', 'YES', NULL, 22),
(1223, NULL, NULL, 'YES', 'محمد ', 'استادی', NULL, NULL, NULL, '0', '', 'ا', NULL, 'NO', 'YES', 'NO', 'NO', 'NO', 'YES', NULL, 220),
(1224, NULL, NULL, 'YES', 'سعید ', 'عمرانی', NULL, NULL, NULL, '0', '', 'ا', NULL, 'NO', 'YES', 'NO', 'NO', 'NO', 'YES', NULL, 221),
(1225, NULL, NULL, 'YES', 'مسلم ', 'تورینی', NULL, NULL, NULL, '0', '09153145673', 'ا', NULL, 'NO', 'YES', 'NO', 'NO', 'NO', 'YES', NULL, 222),
(1226, NULL, NULL, 'YES', '', 'آژیر', NULL, NULL, NULL, '0', '09155164068', 'ا', NULL, 'NO', 'YES', 'NO', 'NO', 'NO', 'YES', NULL, 223),
(1227, NULL, NULL, 'YES', '', 'احمدی', NULL, NULL, NULL, '0', '', 'ا', NULL, 'NO', 'YES', 'NO', 'NO', 'NO', 'YES', NULL, 224),
(1228, NULL, NULL, 'YES', '', 'جلیلیان', NULL, NULL, NULL, '0', '', 'ا', NULL, 'NO', 'YES', 'NO', 'NO', 'NO', 'YES', NULL, 225),
(1229, NULL, NULL, 'YES', 'مجتبی ', 'شرفی', NULL, NULL, NULL, '0', '', 'ا', NULL, 'NO', 'YES', 'NO', 'NO', 'NO', 'YES', NULL, 226),
(1230, NULL, NULL, 'YES', 'رضا ', 'اسلامی میل کاریز', NULL, NULL, NULL, '09352545344', '', 'جاده قدیم قوچان.حمامی 13.کوچه سوم.درب چهارم', NULL, 'NO', 'YES', 'NO', 'NO', 'NO', 'YES', NULL, 23),
(1231, NULL, NULL, 'YES', 'عاطفه ', 'رشیدی زاده ', NULL, NULL, NULL, '09153069316', '', 'دانشگاه فردوسی', NULL, 'NO', 'YES', 'NO', 'NO', 'NO', 'YES', NULL, 236),
(1232, NULL, NULL, 'NO', NULL, NULL, 'محمد علی رضوی. شرکت صمغ پارسیان', NULL, NULL, '8792450', '09360371382', 'بلوار خیام 28 پلاک 5', NULL, 'NO', 'YES', 'NO', 'NO', 'NO', 'YES', NULL, 28),
(1233, NULL, NULL, 'YES', 'غلامعلی ', 'نخعی', NULL, NULL, NULL, '0', '', 'دفتر پژوهش استانداری', NULL, 'NO', 'YES', 'NO', 'NO', 'NO', 'YES', NULL, 29),
(1234, NULL, NULL, 'YES', 'دکتر ', 'بختیار شعبانی', NULL, NULL, NULL, '0', '', 'معاونت پژوهشی دانشگاه فردوسی', NULL, 'NO', 'YES', 'NO', 'NO', 'NO', 'YES', NULL, 3),
(1235, NULL, NULL, 'NO', NULL, NULL, 'شرکت آمایش', NULL, NULL, '0', '', 'دانشگاه فردوسی', NULL, 'NO', 'YES', 'NO', 'NO', 'NO', 'YES', NULL, 4),
(1236, NULL, NULL, 'YES', 'هاشم ', 'مهذب', NULL, NULL, NULL, '00000', '', 'پارک علم و فناوری ', NULL, 'NO', 'YES', 'NO', 'NO', 'NO', 'YES', NULL, 45),
(1237, NULL, NULL, 'YES', 'سهراب ', 'درویش', NULL, NULL, NULL, '0', '', 'دانشگاه فردوسی', NULL, 'NO', 'YES', 'NO', 'NO', 'NO', 'YES', NULL, 5);
INSERT INTO `BSC_persons` (`PersonID`, `UserName`, `UserPass`, `IsReal`, `fname`, `lname`, `CompanyName`, `NationalID`, `EconomicID`, `PhoneNo`, `mobile`, `address`, `email`, `IsStaff`, `IsCustomer`, `IsShareholder`, `IsAgent`, `IsSupporter`, `IsActive`, `PostID`, `imp_CustomerCode`) VALUES
(1238, NULL, NULL, 'YES', 'سکینه ', 'رستمی تیتکانلو', NULL, NULL, NULL, '6580384', '', 'قاسم اباد. شهرک رازی 10 پلاک 12', NULL, 'NO', 'YES', 'NO', 'NO', 'NO', 'YES', NULL, 54),
(1239, NULL, NULL, 'YES', 'حمیدرضا ', 'نداف سنگانی', NULL, NULL, NULL, '8802401', '', 'مرکز رشد دانشگاه فردوسی', NULL, 'NO', 'YES', 'NO', 'NO', 'NO', 'YES', NULL, 6),
(1240, NULL, NULL, 'YES', 'فریدون ', ' مریدی', NULL, NULL, NULL, '8802423', '', 'دانشگاه فردوسی', NULL, 'NO', 'YES', 'NO', 'NO', 'NO', 'YES', NULL, 64),
(1241, NULL, NULL, 'YES', 'سید ', 'هادی شکرگذار یتیم دار', NULL, NULL, NULL, '8649821', '09358375233', 'صیاد بین صیاد41و43 پوشاک قیمت مقطوع', NULL, 'NO', 'YES', 'NO', 'NO', 'NO', 'YES', NULL, 68),
(1242, NULL, NULL, 'YES', 'علی ', 'اکبر پابند', NULL, NULL, NULL, '0', '', '.', NULL, 'NO', 'YES', 'NO', 'NO', 'NO', 'YES', NULL, 7),
(1243, NULL, NULL, 'YES', 'فرهاد ', 'شکوهی فر', NULL, NULL, NULL, '0', '', '.', NULL, 'NO', 'YES', 'NO', 'NO', 'NO', 'YES', NULL, 8),
(1244, NULL, NULL, 'YES', 'حسین ', 'حیدری', NULL, NULL, NULL, '0', '', '.', NULL, 'NO', 'YES', 'NO', 'NO', 'NO', 'YES', NULL, 9),
(1245, NULL, NULL, 'YES', 'مهدی ', 'فرخ', NULL, NULL, NULL, '6655630', '09369488399', 'دانشگاه فردوسی-منابع طبیعی', NULL, 'NO', 'YES', 'NO', 'NO', 'NO', 'YES', NULL, 95),
(1246, NULL, NULL, 'NO', NULL, NULL, 'مهدی سلطانی. شرکت توس ژن', NULL, NULL, '8798471', '09154191695', 'مرکز رشد دانشگاه فردوسی مشهد', NULL, 'NO', 'YES', 'NO', 'NO', 'NO', 'YES', NULL, 96),
(1247, NULL, NULL, 'YES', 'مصطفی ', 'مظاهری', NULL, NULL, NULL, '0000', '', 'دانشگاه فردوسی', NULL, 'NO', 'YES', 'NO', 'NO', 'NO', 'YES', NULL, 98),
(1248, NULL, NULL, 'YES', 'ابراهیم ', 'رضایی نیک', NULL, NULL, NULL, '09153102996', '', 'موسسه اموزش عالس سجاد', NULL, 'NO', 'YES', 'NO', 'NO', 'NO', 'YES', NULL, 99);

-- --------------------------------------------------------

--
-- Table structure for table `BSC_posts`
--

CREATE TABLE IF NOT EXISTS `BSC_posts` (
  `PostID` int(10) unsigned NOT NULL AUTO_INCREMENT,
  `UnitID` int(10) unsigned NOT NULL,
  `PostName` varchar(500) NOT NULL,
  PRIMARY KEY (`PostID`)
) ENGINE=InnoDB  DEFAULT CHARSET=utf8 COMMENT='پست هاي سازماني' AUTO_INCREMENT=5 ;

--
-- Dumping data for table `BSC_posts`
--

INSERT INTO `BSC_posts` (`PostID`, `UnitID`, `PostName`) VALUES
(1, 1, 'کارشناس'),
(2, 1, 'مدیر عامل'),
(3, 1, 'ناظر');

-- --------------------------------------------------------

--
-- Table structure for table `BSC_units`
--

CREATE TABLE IF NOT EXISTS `BSC_units` (
  `UnitID` int(10) unsigned NOT NULL AUTO_INCREMENT,
  `ParentID` int(10) unsigned DEFAULT NULL,
  `UnitName` varchar(500) CHARACTER SET utf8 NOT NULL,
  PRIMARY KEY (`UnitID`)
) ENGINE=InnoDB  DEFAULT CHARSET=latin1 COMMENT='واحدهای سازمانی' AUTO_INCREMENT=10 ;

--
-- Dumping data for table `BSC_units`
--

INSERT INTO `BSC_units` (`UnitID`, `ParentID`, `UnitName`) VALUES
(1, NULL, 'مدیریت'),
(8, 1, 'معاونت');

-- --------------------------------------------------------

--
-- Table structure for table `DataAudit`
--

CREATE TABLE IF NOT EXISTS `DataAudit` (
  `DataAuditID` int(10) unsigned NOT NULL AUTO_INCREMENT,
  `PersonID` int(11) NOT NULL COMMENT 'کد شخصی عمل کننده',
  `TableName` varchar(100) COLLATE utf8_persian_ci NOT NULL COMMENT 'نام جدول',
  `MainObjectID` int(11) NOT NULL COMMENT 'کد داده اصلی دستکاری شده',
  `SubObjectID` int(11) DEFAULT NULL COMMENT 'کد داده فرعی دستکاری شده',
  `ActionType` enum('ADD','DELETE','UPDATE','VIEW','SEARCH','SEND','RETURN','CONFIRM','REJECT','OTHER') CHARACTER SET utf8 DEFAULT NULL COMMENT 'نوع عمل',
  `SystemID` int(11) NOT NULL COMMENT 'کد سیستم جاری',
  `PageName` varchar(100) COLLATE utf8_persian_ci NOT NULL COMMENT 'نام صفحه ای این دستکاری توسط آن انجام شده',
  `description` varchar(200) COLLATE utf8_persian_ci DEFAULT NULL COMMENT 'توضیحات بیشتر',
  `IPAddress` varchar(100) COLLATE utf8_persian_ci NOT NULL COMMENT 'آدرس آی پی کامپیوتر عمل کننده',
  `ActionTime` datetime NOT NULL COMMENT 'زمان انجام عمل',
  `QueryString` varchar(2000) CHARACTER SET utf8 DEFAULT NULL COMMENT 'query اجرا شده',
  PRIMARY KEY (`DataAuditID`)
) ENGINE=MyISAM  DEFAULT CHARSET=utf8 COLLATE=utf8_persian_ci COMMENT='اطلاعات ممیزی ' AUTO_INCREMENT=2377 ;

--
-- Dumping data for table `DataAudit`
--

INSERT INTO `DataAudit` (`DataAuditID`, `PersonID`, `TableName`, `MainObjectID`, `SubObjectID`, `ActionType`, `SystemID`, `PageName`, `description`, `IPAddress`, `ActionTime`, `QueryString`) VALUES
(2315, 1000, 'ACC_docs', 4, NULL, 'ADD', 2, 'http://framework.krrtf.ir/accounting/start.php?SystemID=2', NULL, '172.21.10.12', '2015-12-13 05:10:54', 'insert into ACC_docs(CycleID,BranchID,LocalNo,DocDate,RegDate,DocType,description,regPersonID) values (''1394'',''1'',''4'',now(),now(),''7'',''محاسبه سود سپرده'',''1000'')'),
(2316, 1000, 'ACC_docs', 5, NULL, 'ADD', 2, 'http://framework.krrtf.ir/accounting/start.php?SystemID=2', NULL, '172.21.10.12', '2015-12-13 05:11:09', 'insert into ACC_docs(CycleID,BranchID,LocalNo,DocDate,RegDate,DocType,description,regPersonID) values (''1394'',''1'',''4'',now(),now(),''7'',''محاسبه سود سپرده'',''1000'')'),
(2317, 1000, 'ACC_docs', 6, NULL, 'ADD', 2, 'http://framework.krrtf.ir/accounting/start.php?SystemID=2', NULL, '172.21.10.12', '2015-12-13 05:21:39', 'insert into ACC_docs(CycleID,BranchID,LocalNo,DocDate,RegDate,DocType,description,regPersonID) values (''1394'',''1'',''4'',now(),now(),''7'',''محاسبه سود سپرده'',''1000'')'),
(2318, 1000, 'ACC_docs', 7, NULL, 'ADD', 2, 'http://framework.krrtf.ir/accounting/start.php?SystemID=2', NULL, '172.21.10.12', '2015-12-13 05:24:28', 'insert into ACC_docs(CycleID,BranchID,LocalNo,DocDate,RegDate,regPersonID) values (''1394'',''1'',''4'',now(),''2015/12/13'',''1000'')'),
(2319, 1000, 'ACC_DocItems', 211, NULL, 'ADD', 2, 'http://framework.krrtf.ir/accounting/start.php?SystemID=2', NULL, '172.21.10.12', '2015-12-13 05:38:20', 'insert into ACC_DocItems(DocID,ItemID,CostID,TafsiliType,TafsiliID,DebtorAmount,CreditorAmount,locked) values (''7'',''0'',''2'',''1'',''1001'',''10000'',''0'',''NO'')'),
(2320, 1000, 'ACC_DocItems', 212, NULL, 'ADD', 2, 'http://framework.krrtf.ir/accounting/start.php?SystemID=2', NULL, '172.21.10.12', '2015-12-13 05:38:40', 'insert into ACC_DocItems(DocID,ItemID,CostID,TafsiliType,TafsiliID,DebtorAmount,CreditorAmount,locked) values (''7'',''0'',''2'',''1'',''1001'',''10000'',''0'',''NO'')'),
(2321, 1000, 'ACC_DocItems', 212, NULL, 'UPDATE', 2, 'http://framework.krrtf.ir/accounting/start.php?SystemID=2', NULL, '172.21.10.12', '2015-12-13 05:38:49', 'update ACC_DocItems set DocID=''7'',ItemID=''212'',CostID=''4'',TafsiliType=''1'',TafsiliID=''1001'',Tafsili2Type=null,Tafsili2ID=null,DebtorAmount=''10000'',CreditorAmount=''0'',details=null,locked=''NO'' where ItemID=''212'''),
(2322, 1000, 'ACC_DocItems', 212, NULL, 'DELETE', 2, 'http://framework.krrtf.ir/accounting/start.php?SystemID=2', NULL, '172.21.10.12', '2015-12-13 05:38:54', 'delete from ACC_DocItems where ItemID=''212'''),
(2323, 1000, 'ACC_DocItems', 211, NULL, 'DELETE', 2, 'http://framework.krrtf.ir/accounting/start.php?SystemID=2', NULL, '172.21.10.12', '2015-12-13 05:38:59', 'delete from ACC_DocItems where ItemID=''211'''),
(2324, 1000, 'ACC_docs', 7, NULL, 'DELETE', 2, 'http://framework.krrtf.ir/accounting/start.php?SystemID=2', NULL, '172.21.10.12', '2015-12-13 05:39:05', 'delete from ACC_docs where DocID=''7'''),
(2325, 1000, 'BSC_persons', 1000, NULL, 'UPDATE', 1, 'http://framework.krrtf.ir/framework/start.php?SystemID=1', NULL, '172.21.10.12', '2015-12-13 05:47:35', 'update BSC_persons set PersonID=''1000'',UserName=''admin'',IsReal=''YES'',fname=''شبنم'',lname=''جعفرخانی'',CompanyName=null,NationalID=''0943021723'',EconomicID=null,PhoneNo=null,mobile=null,address=''sdfsdf'',email=''jafarkhani_sh@yahoo.com'',IsCustomer=''YES'',IsStaff=''YES'',PostID=''1'' where  PersonID=''1000'''),
(2326, 1000, 'BSC_persons', 1000, NULL, 'UPDATE', 1, 'http://framework.krrtf.ir/framework/start.php?SystemID=1', NULL, '172.21.10.12', '2015-12-13 05:47:47', 'update BSC_persons set PersonID=''1000'',UserName=''admin'',IsReal=''YES'',fname=''شبنم'',lname=''جعفرخانی'',CompanyName=null,NationalID=''0943021723'',EconomicID=null,PhoneNo=null,mobile=null,address=''sdfsdf'',email=''jafarkhani_sh@yahoo.com'',IsCustomer=''YES'',IsShareholder=''YES'',IsStaff=''YES'',PostID=''1'' where  PersonID=''1000'''),
(2327, 1000, 'BSC_persons', 1000, NULL, 'UPDATE', 1, 'http://framework.krrtf.ir/framework/start.php?SystemID=1', NULL, '172.21.10.12', '2015-12-13 05:47:58', 'update BSC_persons set PersonID=''1000'',UserName=''admin'',IsReal=''YES'',fname=''شبنم'',lname=''جعفرخانی'',CompanyName=null,NationalID=''0943021723'',EconomicID=null,PhoneNo=null,mobile=null,address=''sdfsdf'',email=''jafarkhani_sh@yahoo.com'',IsStaff=''YES'',PostID=''1'' where  PersonID=''1000'''),
(2328, 1000, 'BSC_persons', 1000, NULL, 'UPDATE', 1, 'http://framework.krrtf.ir/framework/start.php?SystemID=1', NULL, '172.21.10.12', '2015-12-13 05:48:13', 'update BSC_persons set PersonID=''1000'',UserName=''admin'',IsReal=''YES'',fname=''شبنم'',lname=''جعفرخانی'',CompanyName=null,NationalID=''0943021723'',EconomicID=null,PhoneNo=null,mobile=null,address=''sdfsdf'',email=''jafarkhani_sh@yahoo.com'',IsStaff=''YES'',PostID=''1'' where  PersonID=''1000'''),
(2329, 1000, 'FRW_access', 0, 1000, 'ADD', 1, 'http://framework.krrtf.ir/framework/start.php?SystemID=1', NULL, '172.21.10.12', '2015-12-13 05:50:38', 'insert into FRW_access(MenuID,PersonID,ViewFlag,AddFlag,EditFlag,RemoveFlag) values (''50'',''1000'',''YES'',''YES'',''YES'',''YES'')'),
(2330, 1000, 'FRW_access', 0, 1000, 'ADD', 1, 'http://framework.krrtf.ir/framework/start.php?SystemID=1', NULL, '172.21.10.12', '2015-12-13 05:50:38', 'insert into FRW_access(MenuID,PersonID,ViewFlag,AddFlag,EditFlag,RemoveFlag) values (''34'',''1000'',''YES'',''YES'',''YES'',''YES'')'),
(2331, 1000, 'FRW_access', 0, 1000, 'ADD', 1, 'http://framework.krrtf.ir/framework/start.php?SystemID=1', NULL, '172.21.10.12', '2015-12-13 05:50:38', 'insert into FRW_access(MenuID,PersonID,ViewFlag,AddFlag,EditFlag,RemoveFlag) values (''8'',''1000'',''YES'',''YES'',''YES'',''YES'')'),
(2332, 1000, 'FRW_access', 0, 1000, 'ADD', 1, 'http://framework.krrtf.ir/framework/start.php?SystemID=1', NULL, '172.21.10.12', '2015-12-13 05:50:38', 'insert into FRW_access(MenuID,PersonID,ViewFlag,AddFlag,EditFlag,RemoveFlag) values (''25'',''1000'',''YES'',''YES'',''YES'',''YES'')'),
(2333, 1000, 'FRW_access', 0, 1000, 'ADD', 1, 'http://framework.krrtf.ir/framework/start.php?SystemID=1', NULL, '172.21.10.12', '2015-12-13 05:50:38', 'insert into FRW_access(MenuID,PersonID,ViewFlag,AddFlag,EditFlag,RemoveFlag) values (''36'',''1000'',''YES'',''YES'',''YES'',''YES'')'),
(2334, 1000, 'FRW_access', 0, 1000, 'ADD', 1, 'http://framework.krrtf.ir/framework/start.php?SystemID=1', NULL, '172.21.10.12', '2015-12-13 05:50:38', 'insert into FRW_access(MenuID,PersonID,ViewFlag,AddFlag,EditFlag,RemoveFlag) values (''22'',''1000'',''YES'',''YES'',''YES'',''YES'')'),
(2335, 1000, 'FRW_access', 0, 1000, 'ADD', 1, 'http://framework.krrtf.ir/framework/start.php?SystemID=1', NULL, '172.21.10.12', '2015-12-13 05:50:38', 'insert into FRW_access(MenuID,PersonID,ViewFlag,AddFlag,EditFlag,RemoveFlag) values (''23'',''1000'',''YES'',''YES'',''YES'',''YES'')'),
(2336, 1000, 'FRW_access', 0, 1000, 'ADD', 1, 'http://framework.krrtf.ir/framework/start.php?SystemID=1', NULL, '172.21.10.12', '2015-12-13 05:50:38', 'insert into FRW_access(MenuID,PersonID,ViewFlag,AddFlag,EditFlag,RemoveFlag) values (''26'',''1000'',''YES'',''YES'',''YES'',''YES'')'),
(2337, 1000, 'FRW_access', 0, 1000, 'ADD', 1, 'http://framework.krrtf.ir/framework/start.php?SystemID=1', NULL, '172.21.10.12', '2015-12-13 05:50:38', 'insert into FRW_access(MenuID,PersonID,ViewFlag,AddFlag,EditFlag,RemoveFlag) values (''27'',''1000'',''YES'',''YES'',''YES'',''YES'')'),
(2338, 1000, 'FRW_access', 0, 1000, 'ADD', 1, 'http://framework.krrtf.ir/framework/start.php?SystemID=1', NULL, '172.21.10.12', '2015-12-13 05:50:38', 'insert into FRW_access(MenuID,PersonID,ViewFlag,AddFlag,EditFlag,RemoveFlag) values (''28'',''1000'',''YES'',''YES'',''YES'',''YES'')'),
(2339, 1000, 'FRW_access', 0, 1000, 'ADD', 1, 'http://framework.krrtf.ir/framework/start.php?SystemID=1', NULL, '172.21.10.12', '2015-12-13 05:50:47', 'insert into FRW_access(MenuID,PersonID,ViewFlag,AddFlag,EditFlag,RemoveFlag) values (''34'',''1000'',''YES'',''YES'',''YES'',''YES'')'),
(2340, 1000, 'FRW_access', 0, 1000, 'ADD', 1, 'http://framework.krrtf.ir/framework/start.php?SystemID=1', NULL, '172.21.10.12', '2015-12-13 05:50:47', 'insert into FRW_access(MenuID,PersonID,ViewFlag,AddFlag,EditFlag,RemoveFlag) values (''8'',''1000'',''YES'',''YES'',''YES'',''YES'')'),
(2341, 1000, 'FRW_access', 0, 1000, 'ADD', 1, 'http://framework.krrtf.ir/framework/start.php?SystemID=1', NULL, '172.21.10.12', '2015-12-13 05:50:47', 'insert into FRW_access(MenuID,PersonID,ViewFlag,AddFlag,EditFlag,RemoveFlag) values (''25'',''1000'',''YES'',''YES'',''YES'',''YES'')'),
(2342, 1000, 'FRW_access', 0, 1000, 'ADD', 1, 'http://framework.krrtf.ir/framework/start.php?SystemID=1', NULL, '172.21.10.12', '2015-12-13 05:50:47', 'insert into FRW_access(MenuID,PersonID,ViewFlag,AddFlag,EditFlag,RemoveFlag) values (''36'',''1000'',''YES'',''YES'',''YES'',''YES'')'),
(2343, 1000, 'FRW_access', 0, 1000, 'ADD', 1, 'http://framework.krrtf.ir/framework/start.php?SystemID=1', NULL, '172.21.10.12', '2015-12-13 05:50:47', 'insert into FRW_access(MenuID,PersonID,ViewFlag,AddFlag,EditFlag,RemoveFlag) values (''22'',''1000'',''YES'',''YES'',''YES'',''YES'')'),
(2344, 1000, 'FRW_access', 0, 1000, 'ADD', 1, 'http://framework.krrtf.ir/framework/start.php?SystemID=1', NULL, '172.21.10.12', '2015-12-13 05:50:47', 'insert into FRW_access(MenuID,PersonID,ViewFlag,AddFlag,EditFlag,RemoveFlag) values (''23'',''1000'',''YES'',''YES'',''YES'',''YES'')'),
(2345, 1000, 'FRW_access', 0, 1000, 'ADD', 1, 'http://framework.krrtf.ir/framework/start.php?SystemID=1', NULL, '172.21.10.12', '2015-12-13 05:50:47', 'insert into FRW_access(MenuID,PersonID,ViewFlag,AddFlag,EditFlag,RemoveFlag) values (''26'',''1000'',''YES'',''YES'',''YES'',''YES'')'),
(2346, 1000, 'FRW_access', 0, 1000, 'ADD', 1, 'http://framework.krrtf.ir/framework/start.php?SystemID=1', NULL, '172.21.10.12', '2015-12-13 05:50:47', 'insert into FRW_access(MenuID,PersonID,ViewFlag,AddFlag,EditFlag,RemoveFlag) values (''27'',''1000'',''YES'',''YES'',''YES'',''YES'')'),
(2347, 1000, 'FRW_access', 0, 1000, 'ADD', 1, 'http://framework.krrtf.ir/framework/start.php?SystemID=1', NULL, '172.21.10.12', '2015-12-13 05:50:47', 'insert into FRW_access(MenuID,PersonID,ViewFlag,AddFlag,EditFlag,RemoveFlag) values (''28'',''1000'',''YES'',''YES'',''YES'',''YES'')'),
(2348, 1000, 'FRW_access', 0, 1000, 'ADD', 1, 'http://framework.krrtf.ir/framework/start.php?SystemID=1', NULL, '172.21.10.12', '2015-12-13 05:50:50', 'insert into FRW_access(MenuID,PersonID,ViewFlag,AddFlag,EditFlag,RemoveFlag) values (''50'',''1000'',''YES'',''YES'',''YES'',''YES'')'),
(2349, 1000, 'FRW_access', 0, 1000, 'ADD', 1, 'http://framework.krrtf.ir/framework/start.php?SystemID=1', NULL, '172.21.10.12', '2015-12-13 05:50:50', 'insert into FRW_access(MenuID,PersonID,ViewFlag,AddFlag,EditFlag,RemoveFlag) values (''34'',''1000'',''YES'',''YES'',''YES'',''YES'')'),
(2350, 1000, 'FRW_access', 0, 1000, 'ADD', 1, 'http://framework.krrtf.ir/framework/start.php?SystemID=1', NULL, '172.21.10.12', '2015-12-13 05:50:50', 'insert into FRW_access(MenuID,PersonID,ViewFlag,AddFlag,EditFlag,RemoveFlag) values (''8'',''1000'',''YES'',''YES'',''YES'',''YES'')'),
(2351, 1000, 'FRW_access', 0, 1000, 'ADD', 1, 'http://framework.krrtf.ir/framework/start.php?SystemID=1', NULL, '172.21.10.12', '2015-12-13 05:50:50', 'insert into FRW_access(MenuID,PersonID,ViewFlag,AddFlag,EditFlag,RemoveFlag) values (''25'',''1000'',''YES'',''YES'',''YES'',''YES'')'),
(2352, 1000, 'FRW_access', 0, 1000, 'ADD', 1, 'http://framework.krrtf.ir/framework/start.php?SystemID=1', NULL, '172.21.10.12', '2015-12-13 05:50:50', 'insert into FRW_access(MenuID,PersonID,ViewFlag,AddFlag,EditFlag,RemoveFlag) values (''36'',''1000'',''YES'',''YES'',''YES'',''YES'')'),
(2353, 1000, 'FRW_access', 0, 1000, 'ADD', 1, 'http://framework.krrtf.ir/framework/start.php?SystemID=1', NULL, '172.21.10.12', '2015-12-13 05:50:50', 'insert into FRW_access(MenuID,PersonID,ViewFlag,AddFlag,EditFlag,RemoveFlag) values (''22'',''1000'',''YES'',''YES'',''YES'',''YES'')'),
(2354, 1000, 'FRW_access', 0, 1000, 'ADD', 1, 'http://framework.krrtf.ir/framework/start.php?SystemID=1', NULL, '172.21.10.12', '2015-12-13 05:50:50', 'insert into FRW_access(MenuID,PersonID,ViewFlag,AddFlag,EditFlag,RemoveFlag) values (''23'',''1000'',''YES'',''YES'',''YES'',''YES'')'),
(2355, 1000, 'FRW_access', 0, 1000, 'ADD', 1, 'http://framework.krrtf.ir/framework/start.php?SystemID=1', NULL, '172.21.10.12', '2015-12-13 05:50:50', 'insert into FRW_access(MenuID,PersonID,ViewFlag,AddFlag,EditFlag,RemoveFlag) values (''26'',''1000'',''YES'',''YES'',''YES'',''YES'')'),
(2356, 1000, 'FRW_access', 0, 1000, 'ADD', 1, 'http://framework.krrtf.ir/framework/start.php?SystemID=1', NULL, '172.21.10.12', '2015-12-13 05:50:50', 'insert into FRW_access(MenuID,PersonID,ViewFlag,AddFlag,EditFlag,RemoveFlag) values (''27'',''1000'',''YES'',''YES'',''YES'',''YES'')'),
(2357, 1000, 'FRW_access', 0, 1000, 'ADD', 1, 'http://framework.krrtf.ir/framework/start.php?SystemID=1', NULL, '172.21.10.12', '2015-12-13 05:50:50', 'insert into FRW_access(MenuID,PersonID,ViewFlag,AddFlag,EditFlag,RemoveFlag) values (''28'',''1000'',''YES'',''YES'',''YES'',''YES'')'),
(2358, 1000, 'ACC_tafsilis', 1247, NULL, 'ADD', 1, 'http://framework.krrtf.ir/framework/start.php?SystemID=1', NULL, '172.21.10.12', '2015-12-13 05:51:24', 'insert into ACC_tafsilis(TafsiliType,TafsiliCode,TafsiliDesc,ObjectID) values (''1'',''1249'',''علی تستی'',''1249'')'),
(2359, 1000, 'BSC_persons', 1249, NULL, 'ADD', 1, 'http://framework.krrtf.ir/framework/start.php?SystemID=1', NULL, '172.21.10.12', '2015-12-13 05:51:24', 'insert into DataAudit(PersonID,SystemID,PageName,IPAddress,ActionTime,TableName,MainObjectID,ActionType,QueryString) values (''1000'',''1'',''http://framework.krrtf.ir/framework/start.php?SystemID=1'',''172.21.10.12'',now(),''ACC_tafsilis'',''1247'',''ADD'',''insert into ACC_tafsilis(TafsiliType,TafsiliCode,TafsiliDesc,ObjectID) values (''1'',''1249'',''علی تستی'',''1249'')'')'),
(2360, 1000, 'LON_loans', 2, NULL, 'UPDATE', 6, 'http://framework.krrtf.ir/loan/start.php?SystemID=6', NULL, '172.21.10.12', '2015-12-13 05:56:39', 'update LON_loans set LoanID=''2'',GroupID=''1'',LoanDesc=''وام کارگشائی'',MaxAmount=''10000000'',IntervalType=''MONTH'',PayInterval=''1'',DelayMonths=''0'',ForfeitPercent=''0'',CustomerWage=''0'' where  LoanID=''2'''),
(2361, 1000, 'LON_loans', 2, NULL, 'UPDATE', 6, 'http://framework.krrtf.ir/loan/start.php?SystemID=6', NULL, '172.21.10.12', '2015-12-13 05:56:59', 'update LON_loans set LoanID=''2'',GroupID=''1'',LoanDesc=''وام کارگشائی'',MaxAmount=''10000000'',IntervalType=''MONTH'',PayInterval=''1'',DelayMonths=''0'',ForfeitPercent=''0'',CustomerWage=''0'' where  LoanID=''2'''),
(2362, 1000, 'LON_requests', 229, NULL, 'ADD', 6, 'http://framework.krrtf.ir/loan/start.php?SystemID=6', NULL, '172.21.10.12', '2015-12-13 05:57:33', 'insert into LON_requests(RequestID,BranchID,LoanID,ReqPersonID,ReqDate,ReqAmount,LoanPersonID,guarantees,AgentGuarantee,SupportPersonID) values (''0'',''1'',''9'',''1000'',now(),''120'',''1007'',''1,3'',''NO'',''1003'')'),
(2363, 1000, 'LON_ReqParts', 228, NULL, 'ADD', 6, 'http://framework.krrtf.ir/loan/start.php?SystemID=6', NULL, '172.21.10.12', '2015-12-13 05:59:26', 'insert into LON_ReqParts(RequestID,PartDesc,PartDate,PartAmount,InstallmentCount,IntervalType,PayInterval,DelayMonths,ForfeitPercent,CustomerWage,FundWage) values (''229'',''lv'',''2015/12/17'',''120'',''12'',''MONTH'',''1'',''6'',''4'',''4'',''4'')'),
(2364, 1000, 'LON_ReqParts', 228, NULL, 'DELETE', 6, 'http://framework.krrtf.ir/loan/start.php?SystemID=6', NULL, '172.21.10.12', '2015-12-13 05:59:34', 'delete from LON_ReqParts where  PartID=''228'''),
(2365, 1120, 'LON_requests', 230, NULL, 'ADD', 1000, 'http://portal.krrtf.ir/portal/index.php', NULL, '172.21.10.12', '2015-12-13 06:00:33', 'insert into LON_requests(BranchID,LoanID,ReqPersonID,ReqDate,ReqAmount,StatusID,LoanPersonID,AgentGuarantee) values (''1'',''1'',''1120'',now(),''10000000'',''10'',''1120'',''NO'')'),
(2366, 1120, 'LON_ReqParts', 229, NULL, 'ADD', 1000, 'http://portal.krrtf.ir/portal/index.php', NULL, '172.21.10.12', '2015-12-13 06:00:33', 'insert into LON_ReqParts(RequestID,PartDesc,PartDate,PartAmount) values (''230'',''مرحله اول'',now(),''10000000'')'),
(2367, 1000, 'LON_requests', 230, NULL, 'UPDATE', 6, 'http://framework.krrtf.ir/loan/start.php?SystemID=6', NULL, '172.21.10.12', '2015-12-13 06:01:14', 'update LON_requests set RequestID=''230'',StatusID=''30'' where  RequestID=''230'''),
(2368, 1000, 'LON_requests', 230, NULL, 'UPDATE', 6, 'http://framework.krrtf.ir/loan/start.php?SystemID=6', NULL, '172.21.10.12', '2015-12-13 06:01:18', 'update LON_requests set RequestID=''230'',StatusID=''40'' where  RequestID=''230'''),
(2369, 1120, 'DMS_documents', 645, NULL, 'ADD', 1000, 'http://portal.krrtf.ir/portal/index.php', NULL, '172.21.10.12', '2015-12-13 06:02:21', 'insert into DMS_documents(DocDesc,DocType,ObjectType,ObjectID,RegPersonID) values (''-'',''1'',''loan'',''230'',''1120'')'),
(2370, 1120, 'DMS_documents', 645, NULL, 'DELETE', 1000, 'http://portal.krrtf.ir/portal/index.php', NULL, '172.21.10.12', '2015-12-13 06:02:31', 'delete from DMS_documents where  DocumentID=''645'''),
(2371, 1000, 'WFM_FlowSteps', 1, 3, 'ADD', 4, 'http://framework.krrtf.ir/office/start.php?SystemID=4', NULL, '172.21.10.12', '2015-12-13 06:06:31', 'insert into WFM_FlowSteps(FlowID,StepID,StepDesc,PostID) values (''1'',''3'',''sdfsdf'',''2'')'),
(2372, 1000, 'WFM_FlowSteps', 1, 3, 'DELETE', 4, 'http://framework.krrtf.ir/office/start.php?SystemID=4', NULL, '172.21.10.12', '2015-12-13 06:06:34', 'update WFM_FlowSteps set StepID=StepID-1 where StepID>''3'' AND FlowID=''1'''),
(2373, 1000, 'BSC_branches', 4, NULL, 'ADD', 1, 'http://framework.krrtf.ir/framework/start.php?SystemID=1', NULL, '172.21.10.12', '2015-12-13 06:14:41', 'insert into BSC_branches(BranchName,IsActive) values (''sfaf'',''YES'')'),
(2374, 1000, 'BSC_units', 9, NULL, 'ADD', 1, 'http://framework.krrtf.ir/framework/start.php?SystemID=1', NULL, '172.21.10.12', '2015-12-13 06:14:54', 'insert into BSC_units(ParentID,UnitName) values (''1'',''sdfsdf'')'),
(2375, 1000, 'BSC_units', 9, NULL, 'DELETE', 1, 'http://framework.krrtf.ir/framework/start.php?SystemID=1', NULL, '172.21.10.12', '2015-12-13 06:15:02', 'delete from BSC_units where  UnitID=''9'''),
(2376, 1000, 'BSC_posts', 4, NULL, 'ADD', 1, 'http://framework.krrtf.ir/framework/start.php?SystemID=1', NULL, '172.21.10.12', '2015-12-13 06:15:08', 'insert into BSC_posts(UnitID,PostName) values (''8'',''sdfs'')');

-- --------------------------------------------------------

--
-- Table structure for table `DMS_DocParams`
--

CREATE TABLE IF NOT EXISTS `DMS_DocParams` (
  `ParamID` int(10) unsigned NOT NULL AUTO_INCREMENT,
  `DocType` int(10) unsigned NOT NULL,
  `ParamDesc` varchar(45) NOT NULL,
  `ParamType` varchar(45) NOT NULL,
  PRIMARY KEY (`ParamID`)
) ENGINE=InnoDB  DEFAULT CHARSET=utf8 AUTO_INCREMENT=11 ;

--
-- Dumping data for table `DMS_DocParams`
--

INSERT INTO `DMS_DocParams` (`ParamID`, `DocType`, `ParamDesc`, `ParamType`) VALUES
(1, 3, 'سریال', 'textfield'),
(2, 3, 'مبلغ', 'currencyfield'),
(3, 3, 'بانک', 'textfield'),
(4, 3, 'شعبه', 'textfield'),
(5, 4, 'سریال', 'textfield'),
(6, 4, 'مبلغ', 'currencyfield'),
(7, 1, 'مبلغ', 'currencyfield'),
(8, 2, 'مبلغ', 'currencyfield'),
(9, 7, 'مبلغ', 'currencyfield'),
(10, 8, 'مبلغ', 'currencyfield');

-- --------------------------------------------------------

--
-- Table structure for table `DMS_DocParamValues`
--

CREATE TABLE IF NOT EXISTS `DMS_DocParamValues` (
  `DocumentID` int(10) unsigned NOT NULL,
  `ParamID` int(10) unsigned NOT NULL,
  `ParamValue` varchar(500) NOT NULL,
  PRIMARY KEY (`DocumentID`,`ParamID`)
) ENGINE=InnoDB DEFAULT CHARSET=utf8;

--
-- Dumping data for table `DMS_DocParamValues`
--

INSERT INTO `DMS_DocParamValues` (`DocumentID`, `ParamID`, `ParamValue`) VALUES
(1, 1, '557798/49'),
(1, 2, '36000000'),
(1, 3, 'ملت'),
(2, 1, '806069'),
(2, 2, '36000000'),
(2, 3, 'تجارت'),
(3, 5, '750040'),
(3, 6, '100000000'),
(4, 5, '750041'),
(4, 6, '100000000'),
(5, 5, '410064'),
(5, 6, '20000000'),
(6, 5, '410065'),
(6, 6, '20000000'),
(7, 5, '410091'),
(7, 6, '20000000'),
(8, 5, '410092'),
(8, 6, '20000000'),
(9, 1, '457950'),
(9, 2, '240000000'),
(9, 3, 'ملی'),
(10, 1, '531519'),
(10, 2, '36000000'),
(10, 3, 'مسکن'),
(11, 5, '896821'),
(11, 6, '1000000'),
(12, 5, '896822'),
(12, 6, '1000000'),
(13, 5, '438930'),
(13, 6, '10000000'),
(14, 5, '438931'),
(14, 6, '10000000'),
(15, 5, '438932'),
(15, 6, '10000000'),
(16, 5, '438933'),
(16, 6, '10000000'),
(17, 1, '531518'),
(17, 2, '36000000'),
(17, 3, 'مسکن'),
(18, 5, '896819'),
(18, 6, '1000000'),
(19, 5, '896820'),
(19, 6, '1000000'),
(20, 5, '438934'),
(20, 6, '10000000'),
(21, 5, '438935'),
(21, 6, '10000000'),
(22, 5, '438936'),
(22, 6, '10000000'),
(23, 5, '438937'),
(23, 6, '10000000'),
(24, 1, '368413'),
(24, 2, '120000000'),
(24, 3, 'تجارت'),
(25, 1, '306794'),
(25, 2, '120000000'),
(25, 3, 'ملت'),
(26, 1, '556875'),
(26, 2, '120000000'),
(26, 3, 'تجارت'),
(27, 5, '410084'),
(27, 6, '20000000'),
(28, 5, '410085'),
(28, 6, '20000000'),
(29, 5, '750132'),
(29, 6, '100000000'),
(30, 1, '630478'),
(30, 2, '120000000'),
(30, 3, 'ملی'),
(31, 1, '593232'),
(31, 2, '36000000'),
(31, 3, 'انصار'),
(32, 5, '277105'),
(32, 6, '50000000'),
(33, 1, '593231'),
(33, 2, '36000000'),
(33, 3, 'انصار'),
(34, 5, '277104'),
(34, 6, '50000000'),
(35, 1, '798287'),
(35, 2, '228000000'),
(35, 3, 'ملی'),
(36, 1, '978071'),
(36, 2, '36000000'),
(36, 3, 'سپه'),
(37, 5, '752369'),
(37, 6, '10000000'),
(38, 5, '249537'),
(38, 6, '20000000'),
(39, 5, '249538'),
(39, 6, '20000000'),
(40, 1, '511073'),
(40, 2, '240000000'),
(40, 3, 'انصار'),
(41, 1, '650628'),
(41, 2, '240000000'),
(41, 3, 'ملی'),
(42, 1, '648522'),
(42, 2, '240000000'),
(42, 3, 'ملی'),
(43, 5, '363386'),
(43, 6, '20000000'),
(44, 5, '408933'),
(44, 6, '100000000'),
(45, 5, '369075'),
(45, 6, '5000000'),
(46, 5, '408932'),
(46, 6, '100000000'),
(47, 5, '369074'),
(47, 6, '5000000'),
(48, 5, '573206'),
(48, 6, '50000000'),
(49, 5, '948504'),
(49, 6, '20000000'),
(50, 5, '260356'),
(50, 6, '100000000'),
(51, 5, '948505'),
(51, 6, '20000000'),
(52, 1, '260357'),
(52, 2, '100000000'),
(52, 3, 'شفته'),
(53, 5, '948506'),
(53, 6, '20000000'),
(54, 5, '948507'),
(54, 6, '20000000'),
(55, 1, '308328'),
(55, 2, '36000000'),
(55, 3, 'ملی'),
(56, 5, '898963'),
(56, 6, '1000000'),
(57, 5, '898962'),
(57, 6, '1000000'),
(58, 5, '914043'),
(58, 6, '20000000'),
(59, 5, '914044'),
(59, 6, '20000000'),
(60, 1, '411655'),
(60, 2, '36000000'),
(60, 3, 'ملی'),
(61, 1, '930923'),
(61, 2, '36000000'),
(61, 3, 'ملی 701009'),
(62, 1, '718574'),
(62, 2, '36000000'),
(62, 3, 'ملی 37002'),
(63, 5, '67850'),
(63, 6, '1000000'),
(64, 5, '67851'),
(64, 6, '1000000'),
(65, 5, '957019'),
(65, 6, '1000000'),
(66, 5, '174219'),
(66, 6, '1000000'),
(67, 1, '379985'),
(67, 2, '36000000'),
(67, 3, 'صادرات'),
(68, 5, '770920'),
(68, 6, '20000000'),
(69, 5, '770921'),
(69, 6, '20000000'),
(70, 5, '969555'),
(70, 6, '1000000'),
(71, 5, '969556'),
(71, 6, '1000000'),
(72, 1, '308142'),
(72, 2, '36000000'),
(72, 3, 'ملی 12008'),
(73, 5, '462992'),
(73, 6, '50000000'),
(74, 1, '522881'),
(74, 2, '36000000'),
(74, 3, 'تجارت'),
(75, 1, '366021'),
(75, 2, '36000000'),
(75, 3, 'تجارت 26186'),
(76, 1, '704248'),
(76, 2, '36000000'),
(76, 3, 'ملی'),
(77, 5, '686490'),
(77, 6, '20000000'),
(78, 5, '686491'),
(78, 6, '20000000'),
(79, 5, '772725'),
(79, 6, '1000000'),
(80, 5, '772726'),
(80, 6, '1000000'),
(81, 1, '80073'),
(81, 2, '36000000'),
(81, 3, 'ملی 28005'),
(82, 1, '270197'),
(82, 2, '36000000'),
(82, 3, 'ملی خاوری'),
(83, 1, '335320'),
(83, 2, '36000000'),
(83, 3, 'ملی 994000'),
(84, 5, '686586'),
(84, 6, '20000000'),
(85, 5, '772784'),
(85, 6, '1000000'),
(86, 5, '772783'),
(86, 6, '1000000'),
(87, 5, '772782'),
(87, 6, '1000000'),
(88, 5, '772785'),
(88, 6, '1000000'),
(89, 1, '704249'),
(89, 2, '36000000'),
(89, 3, 'ملی محمد بخشنده'),
(90, 5, '914089'),
(90, 6, '20000000'),
(91, 5, '914088'),
(91, 6, '20000000'),
(92, 5, '433'),
(92, 6, '5000000'),
(93, 1, '440064'),
(93, 2, '36000000'),
(93, 3, 'ملی 96001'),
(94, 5, '276809'),
(94, 6, '20000000'),
(95, 5, '276810'),
(95, 6, '20000000'),
(96, 5, '103151'),
(96, 6, '1000000'),
(97, 5, '103152'),
(97, 6, '1000000'),
(98, 1, '23421'),
(98, 2, '36000000'),
(98, 3, 'ملی 72511'),
(99, 1, '633355'),
(99, 2, '36000000'),
(99, 3, 'ملی 112007'),
(100, 1, '244957'),
(100, 2, '36000000'),
(100, 3, 'ملی 176005'),
(101, 1, '187825'),
(101, 2, '36000000'),
(101, 3, 'ملی 53004'),
(102, 1, '270196'),
(102, 2, '36000000'),
(102, 3, 'ملی خاوری'),
(103, 1, '80072'),
(103, 2, '36000000'),
(103, 3, 'ملی خاوری'),
(104, 1, '23425'),
(104, 2, '36000000'),
(104, 3, 'ملی 73511'),
(105, 1, '63335'),
(105, 2, '36000000'),
(105, 3, 'ملی 112007'),
(106, 1, '507405'),
(106, 2, '36000000'),
(106, 3, 'ملی.یداله نوری'),
(107, 5, '548060'),
(107, 6, '1000000'),
(108, 5, '548061'),
(108, 6, '1000000'),
(109, 5, '0379220'),
(109, 6, '10000000'),
(110, 5, '0379221'),
(110, 6, '10000000'),
(111, 5, '0379223'),
(111, 6, '10000000'),
(112, 5, '0379222'),
(112, 6, '10000000'),
(113, 1, '287282'),
(113, 2, '40000000'),
(113, 3, 'ملت. محمد قدیمی نقندر'),
(114, 5, '0770812'),
(114, 6, '20000000'),
(115, 5, '0778011'),
(115, 6, '20000000'),
(116, 1, '469680'),
(116, 2, '24000000'),
(116, 3, 'تجارت. زمانی خادمانلو'),
(117, 1, '522886'),
(117, 2, '36000000'),
(117, 3, 'تجارت. محمدرضا بهزادی'),
(118, 1, '366024'),
(118, 2, '36000000'),
(118, 3, 'تجارت.بهاری'),
(119, 1, '196943'),
(119, 2, '56000000'),
(119, 3, 'ملی کد 8522'),
(120, 5, '545993'),
(120, 6, '1000000'),
(121, 5, '545994'),
(121, 6, '1000000'),
(122, 5, '545995'),
(122, 6, '1000000'),
(123, 5, '580625'),
(123, 6, '20000000'),
(124, 5, '580624'),
(124, 6, '20000000'),
(125, 5, '251967'),
(125, 6, '5000000'),
(126, 1, '228916'),
(126, 2, '36000000'),
(126, 3, 'ملی'),
(127, 1, '739386'),
(127, 2, '36000000'),
(127, 3, 'ملی'),
(128, 1, '182998'),
(128, 2, '36000000'),
(128, 3, 'ملی. محمدباقر نقیبی'),
(129, 5, '732518'),
(129, 6, '1000000'),
(130, 5, '732519'),
(130, 6, '1000000'),
(131, 5, '580541'),
(131, 6, '20000000'),
(132, 5, '580542'),
(132, 6, '20000000'),
(133, 1, '964807'),
(133, 2, '36000000'),
(133, 3, 'پاسارگاد'),
(134, 5, '580830'),
(134, 6, '20000000'),
(135, 5, '580531'),
(135, 6, '20000000'),
(136, 5, '732513'),
(136, 6, '1000000'),
(137, 5, '732514'),
(137, 6, '1000000'),
(138, 1, '40443'),
(138, 2, '36000000'),
(138, 3, 'انصار شعبه 2071'),
(139, 5, '580634'),
(139, 6, '20000000'),
(140, 5, '641001'),
(140, 6, '1000000'),
(141, 5, '641002'),
(141, 6, '1000000'),
(142, 5, '580635'),
(142, 6, '20000000'),
(143, 5, '897701'),
(143, 6, '20000000'),
(144, 5, '641189'),
(144, 6, '1000000'),
(145, 5, '641188'),
(145, 6, '1000000'),
(146, 5, '641187'),
(146, 6, '1000000'),
(147, 5, '453726'),
(147, 6, '5000000'),
(148, 1, '467697'),
(148, 2, '36000000'),
(148, 3, 'ملی شعبه پردیس'),
(149, 1, '964808'),
(149, 2, '30000000'),
(149, 3, 'پاسارگاد کد221'),
(150, 5, '21444'),
(150, 6, '2000000'),
(151, 5, '21443'),
(151, 6, '2000000'),
(152, 5, '614403'),
(152, 6, '10000000'),
(153, 5, '21445'),
(153, 6, '2000000'),
(154, 5, '614402'),
(154, 6, '10000000'),
(155, 5, '21446'),
(155, 6, '2000000'),
(156, 5, '614406'),
(156, 6, '10000000'),
(157, 5, '21441'),
(157, 6, '2000000'),
(158, 5, '21442'),
(158, 6, '2000000'),
(159, 1, '630652'),
(159, 2, '36000000'),
(159, 3, 'ملی پردیس'),
(160, 5, '732584'),
(160, 6, '1000000'),
(161, 5, '732585'),
(161, 6, '1000000'),
(162, 5, '897822'),
(162, 6, '20000000'),
(163, 5, '897823'),
(163, 6, '20000000'),
(164, 1, '819400'),
(164, 2, '240000000'),
(164, 3, 'تجارت'),
(165, 1, '224097'),
(165, 2, '36000000'),
(165, 3, 'ملی پردیس'),
(166, 5, '217010'),
(166, 6, '20000000'),
(167, 5, '217011'),
(167, 6, '20000000'),
(168, 5, '63899'),
(168, 6, '1000000'),
(169, 5, '63900'),
(169, 6, '1000000'),
(170, 1, '713795'),
(170, 2, '240000000'),
(170, 3, 'تجارت -دانشگاه فردوسی'),
(171, 1, '713796'),
(171, 2, '10000000'),
(171, 3, 'تجارت -دانشگاه فردوسی'),
(172, 1, '713797'),
(172, 2, '28000000'),
(172, 3, 'تجارت -دانشگاه فردوسی'),
(173, 1, '713798'),
(173, 2, '18000000'),
(173, 3, 'تجارت -دانشگاه فردوسی'),
(174, 1, '898385'),
(174, 2, '200000000'),
(174, 3, 'تجارت -دانشگاه فردوسی'),
(175, 1, '819399'),
(175, 2, '200000000'),
(175, 3, 'تجارت'),
(176, 1, '819398'),
(176, 2, '28000000'),
(176, 3, 'تجارت'),
(177, 1, '819397'),
(177, 2, '28000000'),
(177, 3, 'تجارت'),
(178, 1, '522232'),
(178, 2, '240000000'),
(178, 3, 'تجارت'),
(179, 1, '29889'),
(179, 2, '240000000'),
(179, 3, 'ملی پردیس'),
(180, 1, '658992'),
(180, 2, '120000000'),
(180, 3, 'ملی پردیس'),
(181, 1, '771189'),
(181, 2, '36000000'),
(181, 3, 'ملی -پردیس'),
(182, 1, '103849'),
(182, 2, '36000000'),
(182, 3, 'ملی -پردیس'),
(183, 1, '338415'),
(183, 2, '32000000'),
(183, 3, 'ملی -پردیس'),
(184, 5, '45937'),
(184, 6, '50000000'),
(185, 5, '631539'),
(185, 6, '2000000'),
(186, 5, '631540'),
(186, 6, '2000000'),
(187, 5, '192794'),
(187, 6, '10000000'),
(188, 5, '217155'),
(188, 6, '20000000'),
(189, 1, '386257'),
(189, 2, '36000000'),
(189, 3, 'ملی شعبه آب و برق'),
(190, 1, '549549'),
(190, 2, '36000000'),
(190, 3, 'تجارت دانشگاه فردوسی'),
(191, 5, '631542'),
(191, 6, '2000000'),
(192, 5, '217167'),
(192, 6, '20000000'),
(193, 5, '217168'),
(193, 6, '20000000'),
(194, 1, '51238'),
(194, 2, '240000000'),
(194, 3, 'پاسارگاد'),
(195, 1, '400416'),
(195, 2, '120000000'),
(195, 3, 'سپه'),
(196, 1, '304370'),
(196, 2, '120000000'),
(196, 3, 'صادرات'),
(197, 1, '694625/57'),
(197, 2, '120000000'),
(197, 3, 'ملت'),
(198, 5, '52859'),
(198, 6, '20000000'),
(199, 5, '132172'),
(199, 6, '100000000'),
(200, 5, '132173'),
(200, 6, '100000000'),
(201, 5, '52860'),
(201, 6, '20000000'),
(202, 1, '64872844'),
(202, 2, '36000000'),
(202, 3, 'ملت 17 شهریور'),
(203, 1, '617432'),
(203, 2, '36000000'),
(203, 3, 'پاسارگاد'),
(204, 1, '121788'),
(204, 2, '24000000'),
(204, 3, 'تجارت'),
(205, 5, '86994'),
(205, 6, '20000000'),
(206, 5, '251625'),
(206, 6, '2000000'),
(207, 5, '777744'),
(207, 6, '1000000'),
(208, 5, '380189'),
(208, 6, '5000000'),
(209, 5, '42952'),
(209, 6, '10000000'),
(210, 5, '42951'),
(210, 6, '10000000'),
(211, 1, '223591'),
(211, 2, '24000000'),
(211, 3, 'ملی'),
(212, 5, '466064'),
(212, 6, '5000000'),
(213, 5, '466059'),
(213, 6, '5000000'),
(214, 5, '466060'),
(214, 6, '5000000'),
(215, 5, '466061'),
(215, 6, '5000000'),
(216, 5, '466062'),
(216, 6, '5000000'),
(217, 5, '466063'),
(217, 6, '5000000'),
(218, 1, '405002'),
(218, 2, '600000000'),
(218, 3, 'ملی سماءتوس'),
(219, 1, '891207'),
(219, 2, '600000000'),
(219, 3, 'رفاه معموری'),
(220, 5, '554912و13و10و11و7و8و9'),
(220, 6, '700000000'),
(221, 5, '621259'),
(221, 6, '2000000'),
(222, 5, '621260'),
(222, 6, '2000000'),
(223, 5, '211601'),
(223, 6, '20000000'),
(224, 5, '38937'),
(224, 6, '20000000'),
(225, 5, '38936'),
(225, 6, '20000000'),
(226, 5, '631427'),
(226, 6, '2000000'),
(227, 1, '806551'),
(227, 2, '36000000'),
(227, 3, 'تجارت دانشگاه'),
(228, 1, '781087'),
(228, 2, '36000000'),
(228, 3, 'تجارت دانشگاه'),
(229, 1, '885599'),
(229, 2, '33600000'),
(229, 3, 'تجارت'),
(230, 1, '85975'),
(230, 2, '33600000'),
(230, 3, 'ملی پردیس'),
(231, 1, '332744'),
(231, 2, '30000000'),
(231, 3, 'ملی پردیس'),
(232, 1, '555241'),
(232, 2, '30000000'),
(232, 3, 'تجارت دانشگاه'),
(233, 1, '409004'),
(233, 2, '120000000'),
(233, 3, 'ملی دادگستری'),
(234, 1, '840151'),
(234, 2, '120000000'),
(234, 3, 'ملی پردیس'),
(235, 1, '863288'),
(235, 2, '120000000'),
(235, 3, 'ملی سناباد'),
(236, 1, '514959'),
(236, 2, '24000000'),
(236, 3, 'تجارت دانشگاه'),
(237, 1, '323251'),
(237, 2, '24000000'),
(237, 3, 'تجارت دانشگاه'),
(238, 5, '365898'),
(238, 6, '20000000'),
(239, 1, '739097'),
(239, 2, '240000000'),
(239, 3, 'ملی پردیس'),
(240, 1, '241164'),
(240, 2, '36000000'),
(240, 3, 'ملی پردیس'),
(241, 1, '461112'),
(241, 2, '36000000'),
(241, 3, 'ملی پردیس'),
(242, 5, '300658'),
(242, 6, '100000000'),
(243, 1, '806090'),
(243, 2, '36000000'),
(243, 3, 'تجارت دانشگاه فردوسی'),
(244, 1, '848766'),
(244, 2, '36000000'),
(244, 3, 'تجارت دانشگاه فردوسی'),
(245, 1, '895982'),
(245, 2, '36000000'),
(245, 3, 'رفاه کارگران'),
(246, 5, '417024'),
(246, 6, '2000000'),
(247, 5, '903854'),
(247, 6, '5000000'),
(248, 5, '903853'),
(248, 6, '5000000'),
(249, 5, '903852'),
(249, 6, '5000000'),
(250, 5, '903857'),
(250, 6, '5000000'),
(251, 5, '903856'),
(251, 6, '5000000'),
(252, 5, '903855'),
(252, 6, '5000000'),
(253, 5, '903859'),
(253, 6, '5000000'),
(254, 5, '903858'),
(254, 6, '5000000'),
(255, 1, '7699'),
(255, 2, '120000000'),
(255, 3, 'ملی'),
(256, 1, '207239'),
(256, 2, '120000000'),
(256, 3, 'صادرات'),
(257, 1, '94652/32'),
(257, 2, '120000000'),
(257, 3, 'ملت'),
(258, 5, '128929'),
(258, 6, '2500000'),
(259, 5, '128930'),
(259, 6, '2500000'),
(260, 5, '128931'),
(260, 6, '2500000'),
(261, 5, '128932'),
(261, 6, '2500000'),
(262, 5, '218538'),
(262, 6, '5000000'),
(263, 5, '218539'),
(263, 6, '5000000'),
(264, 5, '218540'),
(264, 6, '5000000'),
(265, 5, '218541'),
(265, 6, '5000000'),
(266, 5, '299399'),
(266, 6, '100000000'),
(267, 5, '128933'),
(267, 6, '2500000'),
(268, 5, '128934'),
(268, 6, '2500000'),
(269, 5, '128935'),
(269, 6, '2500000'),
(270, 5, '128936'),
(270, 6, '2500000'),
(271, 1, '578111'),
(271, 2, '20000000'),
(271, 3, 'ملی'),
(272, 1, '1/617512'),
(272, 2, '10000000'),
(272, 3, 'ملی'),
(273, 1, '578110'),
(273, 2, '20000000'),
(273, 3, 'ملی'),
(274, 1, '793210'),
(274, 2, '5000000'),
(274, 3, 'ملی'),
(275, 1, '167893'),
(275, 2, '300000000'),
(275, 3, 'ملی سجاد'),
(276, 1, '167894'),
(276, 2, '200000000'),
(276, 3, 'ملی سجاد'),
(277, 1, '167895'),
(277, 2, '200000000'),
(277, 3, 'ملی سجاد'),
(278, 1, '167896'),
(278, 2, '300000000'),
(278, 3, 'ملی سجاد'),
(279, 1, '556108'),
(279, 2, '36000000'),
(279, 3, 'تجارت دانشگاه'),
(280, 5, '843592'),
(280, 6, '2000000'),
(281, 5, '913181'),
(281, 6, '20000000'),
(282, 5, '913180'),
(282, 6, '20000000'),
(283, 1, '289632'),
(283, 2, '36000000'),
(283, 3, 'صادرات'),
(284, 1, '289633'),
(284, 2, '2000000'),
(284, 3, 'صادرات'),
(285, 5, '816372'),
(285, 6, '20000000'),
(286, 5, '816373'),
(286, 6, '20000000'),
(287, 1, '343323'),
(287, 2, '24000000'),
(287, 3, 'تجارت'),
(288, 1, '332418'),
(288, 2, '24000000'),
(288, 3, 'ملی پردیس'),
(289, 5, '941273'),
(289, 6, '20000000'),
(290, 5, '173306'),
(290, 6, '20000000'),
(291, 5, '109429'),
(291, 6, '10000000'),
(292, 5, '109615'),
(292, 6, '20000000'),
(293, 5, '109614'),
(293, 6, '20000000'),
(294, 5, '44889'),
(294, 6, '2000000'),
(295, 1, '3156'),
(295, 2, '36000000'),
(295, 3, 'کشاورزی'),
(296, 1, '844783'),
(296, 2, '36000000'),
(296, 3, 'کشاورزی'),
(297, 5, '461923'),
(297, 6, '50000000'),
(298, 5, '461924'),
(298, 6, '50000000'),
(299, 5, '906636'),
(299, 6, '20000000'),
(300, 5, '906635'),
(300, 6, '20000000'),
(301, 5, '461927'),
(301, 6, '50000000'),
(302, 5, '906631'),
(302, 6, '20000000'),
(303, 5, '906632'),
(303, 6, '20000000'),
(304, 5, '461928'),
(304, 6, '50000000'),
(305, 5, '906633'),
(305, 6, '20000000'),
(306, 5, '906634'),
(306, 6, '20000000'),
(307, 5, '461926'),
(307, 6, '50000000'),
(308, 5, '461925'),
(308, 6, '50000000'),
(309, 5, '315814'),
(309, 6, '1000000'),
(310, 5, '315815'),
(310, 6, '1000000'),
(311, 5, '315816'),
(311, 6, '1000000'),
(312, 5, '315817'),
(312, 6, '1000000'),
(313, 5, '315818'),
(313, 6, '1000000'),
(314, 5, '315819'),
(314, 6, '1000000'),
(315, 5, '337134'),
(315, 6, '5000000'),
(316, 5, '647926'),
(316, 6, '20000000'),
(317, 5, '337135'),
(317, 6, '5000000'),
(318, 5, '647927'),
(318, 6, '20000000'),
(319, 1, '559774'),
(319, 2, '240000000'),
(319, 3, 'ملی'),
(320, 1, '333822'),
(320, 2, '240000000'),
(320, 3, 'ملی پردیس'),
(321, 1, '889231'),
(321, 2, '240000000'),
(321, 3, 'تجارت دانشگاه شاهرود'),
(322, 1, '796603'),
(322, 2, '1200000000'),
(322, 3, 'تجارت دانشگاه فردوسی'),
(323, 1, '760375'),
(323, 2, '240000000'),
(323, 3, 'تجارت دانشگاه فردوسی'),
(324, 1, '380565'),
(324, 2, '36000000'),
(324, 3, 'تجارت شعبه دانشگاه'),
(325, 1, '238559'),
(325, 2, '36000000'),
(325, 3, 'تجارت شعبه دانشگاه'),
(326, 1, '567088'),
(326, 2, '36000000'),
(326, 3, 'ملی - چهارراه حجت'),
(327, 1, '407153'),
(327, 2, '340000000'),
(327, 3, 'حکمت ایرانیان'),
(328, 1, '407154'),
(328, 2, '340000000'),
(328, 3, 'حکمت ایرانیان'),
(329, 1, '407155'),
(329, 2, '340000000'),
(329, 3, 'حکمت ایرانیان'),
(330, 1, '407156'),
(330, 2, '340000000'),
(330, 3, 'حکمت ایرانیان'),
(331, 1, '407157'),
(331, 2, '340000000'),
(331, 3, 'حکمت ایرانیان'),
(332, 1, '407158'),
(332, 2, '340000000'),
(332, 3, 'حکمت ایرانیان'),
(333, 1, '917476'),
(333, 2, '170000000'),
(333, 3, 'رفاه کارگران - بجنورد'),
(334, 1, '917477'),
(334, 2, '170000000'),
(334, 3, 'رفاه کارگران'),
(335, 1, '917478'),
(335, 2, '170000000'),
(335, 3, 'رفاه کارگران'),
(336, 1, '917479'),
(336, 2, '170000000'),
(336, 3, 'رفاه کارگران'),
(337, 1, '917480'),
(337, 2, '170000000'),
(337, 3, 'رفاه کارگران'),
(338, 1, '917475'),
(338, 2, '170000000'),
(338, 3, 'رفاه کارگران'),
(339, 1, '93542'),
(339, 2, '500000000'),
(339, 3, 'بانک شهر'),
(340, 1, '93544'),
(340, 2, '500000000'),
(340, 3, 'بانک شهر'),
(341, 1, '93546'),
(341, 2, '500000000'),
(341, 3, 'بانک شهر'),
(342, 1, '93543'),
(342, 2, '500000000'),
(342, 3, 'بانک شهر'),
(343, 1, '93545'),
(343, 2, '500000000'),
(343, 3, 'بانک شهر'),
(344, 1, '93547'),
(344, 2, '500000000'),
(344, 3, 'بانک شهر'),
(345, 1, '648739'),
(345, 2, '36000000'),
(345, 3, 'تجارت'),
(346, 1, '398287'),
(346, 2, '170000000'),
(346, 3, 'کشاورزی'),
(347, 1, '398288'),
(347, 2, '170000000'),
(347, 3, 'کشاورزی'),
(348, 1, '398289'),
(348, 2, '170000000'),
(348, 3, 'کشاورزی'),
(349, 1, '398290'),
(349, 2, '170000000'),
(349, 3, 'کشاورزی'),
(350, 1, '398291'),
(350, 2, '170000000'),
(350, 3, 'کشاورزی'),
(351, 1, '398292'),
(351, 2, '170000000'),
(351, 3, 'کشاورزی'),
(352, 1, '831714/17'),
(352, 2, '36000000'),
(352, 3, 'ملت'),
(353, 1, '8283'),
(353, 2, '36000000'),
(353, 3, 'مهر ایران'),
(354, 1, '632123'),
(354, 2, '36000000'),
(354, 3, 'ملی پردیس'),
(355, 1, '625299'),
(355, 2, '50000000'),
(355, 3, 'ملی'),
(356, 1, '5695409'),
(356, 2, '50000000'),
(356, 3, 'توسعه تعاون'),
(357, 1, '463357'),
(357, 2, '36000000'),
(357, 3, 'ملی پردیس'),
(358, 1, '209876'),
(358, 2, '36000000'),
(358, 3, 'تجارت دانشگاه فردوسی'),
(359, 1, '839658'),
(359, 2, '36000000'),
(359, 3, 'ملی پردیس'),
(360, 5, '643644'),
(360, 6, '20000000'),
(361, 5, '784088'),
(361, 6, '1000000'),
(362, 5, '784087'),
(362, 6, '1000000'),
(363, 5, '643643'),
(363, 6, '20000000'),
(364, 1, '24356372'),
(364, 2, '336000000'),
(364, 3, 'پارسیان'),
(365, 1, '967250'),
(365, 2, '336000000'),
(365, 3, 'مسکن'),
(366, 1, '765927'),
(366, 2, '336000000'),
(366, 3, 'مسکن'),
(367, 5, '467955'),
(367, 6, '150000000'),
(368, 5, '467956'),
(368, 6, '150000000'),
(369, 5, '50385'),
(369, 6, '100000000'),
(370, 1, '641058'),
(370, 2, '30000000'),
(370, 3, 'ملی پردیس'),
(371, 1, '937416'),
(371, 2, '30000000'),
(371, 3, 'کشاورزی'),
(372, 1, '42599'),
(372, 2, '240000000'),
(372, 3, 'کشاورزی'),
(373, 5, '378748'),
(373, 6, '100000000'),
(374, 5, '378749'),
(374, 6, '100000000'),
(375, 5, '924189'),
(375, 6, '50000000'),
(376, 5, '66738'),
(376, 6, '20000000'),
(377, 5, '340590'),
(377, 6, '10000000'),
(378, 1, '437370'),
(378, 2, '24000000'),
(378, 3, 'ملی'),
(379, 5, '66733'),
(379, 6, '20000000'),
(380, 5, '340589'),
(380, 6, '10000000'),
(381, 1, '17927038'),
(381, 2, '24000000'),
(381, 3, 'پست بانک ایران'),
(382, 1, '878438'),
(382, 2, '24000000'),
(382, 3, 'تجارت دانشگاه فردوسی'),
(383, 1, '204572'),
(383, 2, '120000000'),
(383, 3, 'ملت'),
(384, 5, '903439'),
(384, 6, '20000000'),
(385, 5, '903440'),
(385, 6, '20000000'),
(386, 5, '903441'),
(386, 6, '20000000'),
(387, 5, '903442'),
(387, 6, '20000000'),
(388, 5, '903443'),
(388, 6, '20000000'),
(389, 5, '903444'),
(389, 6, '20000000'),
(390, 5, '903445'),
(390, 6, '20000000'),
(391, 1, '287979'),
(391, 2, '300000000'),
(391, 3, 'ملی'),
(392, 1, '830490'),
(392, 2, '340000000'),
(392, 3, 'تجارت'),
(393, 1, '830491'),
(393, 2, '340000000'),
(393, 3, 'تجارت'),
(394, 1, '830492'),
(394, 2, '340000000'),
(394, 3, 'تجارت'),
(395, 1, '830493'),
(395, 2, '340000000'),
(395, 3, 'تجارت'),
(396, 1, '830494'),
(396, 2, '340000000'),
(396, 3, 'تجارت'),
(397, 1, '830495'),
(397, 2, '340000000'),
(397, 3, 'تجارت'),
(398, 1, '497876'),
(398, 2, '60000000'),
(398, 3, 'سپه'),
(399, 1, '876117'),
(399, 2, '120000000'),
(399, 3, 'تجارت'),
(400, 5, '738367'),
(400, 6, '50000000'),
(401, 5, '738368'),
(401, 6, '50000000'),
(402, 5, '738369'),
(402, 6, '50000000'),
(403, 1, '103686'),
(403, 2, '36000000'),
(403, 3, 'ملی پردیس'),
(404, 1, '283419'),
(404, 2, '36000000'),
(404, 3, 'ملی شریعتی'),
(405, 1, '225402'),
(405, 2, '35000000'),
(405, 3, 'تجارت سجاد'),
(406, 1, '209040'),
(406, 2, '174000000'),
(406, 3, 'اقتصاد نوین'),
(407, 1, '209041'),
(407, 2, '174000000'),
(407, 3, 'اقتصاد نوین'),
(408, 1, '209042'),
(408, 2, '174000000'),
(408, 3, 'اقتصاد نوین'),
(409, 1, '209043'),
(409, 2, '174000000'),
(409, 3, 'اقتصاد نوین'),
(410, 1, '209044'),
(410, 2, '174000000'),
(410, 3, 'اقتصاد نوین'),
(411, 1, '209045'),
(411, 2, '170000000'),
(411, 3, 'اقتصاد نوین'),
(412, 1, '407159'),
(412, 2, '260000000'),
(412, 3, 'حکمت ایرانیان'),
(413, 1, '407160'),
(413, 2, '260000000'),
(413, 3, 'حکمت ایرانیان'),
(414, 1, '211936'),
(414, 2, '260000000'),
(414, 3, 'قرض الحسنه رسالت'),
(415, 1, '211937'),
(415, 2, '260000000'),
(415, 3, 'قرض الحسنه رسالت'),
(416, 1, '599608'),
(416, 2, '260000000'),
(416, 3, 'ملی بجنورد'),
(417, 1, '599609'),
(417, 2, '260000000'),
(417, 3, 'ملی بجنورد'),
(418, 1, '599610'),
(418, 2, '260000000'),
(418, 3, 'ملی بجنورد'),
(419, 1, '599611'),
(419, 2, '260000000'),
(419, 3, 'ملی بجنورد'),
(420, 1, '411147'),
(420, 2, '600000000'),
(420, 3, 'پاسارگاد'),
(421, 1, '986757'),
(421, 2, '600000000'),
(421, 3, 'تجارت'),
(422, 1, '122705/46'),
(422, 2, '600000000'),
(422, 3, 'ملت'),
(423, 1, '270270'),
(423, 2, '36000000'),
(423, 3, 'ملی'),
(424, 1, '819995'),
(424, 2, '36000000'),
(424, 3, 'تجارت'),
(425, 1, '204574/40'),
(425, 2, '60000000'),
(425, 3, 'ملت'),
(426, 5, '492716'),
(426, 6, '10000000'),
(427, 5, '113042'),
(427, 6, '20000000'),
(428, 5, '113043'),
(428, 6, '20000000'),
(429, 5, '113044'),
(429, 6, '20000000'),
(430, 7, '5000000000'),
(431, 7, '4600000000'),
(432, 1, '839912'),
(432, 2, '16500000'),
(432, 3, 'تجارت'),
(433, 7, '1460000000'),
(434, 7, '0'),
(435, 7, '0'),
(436, 1, '623663'),
(436, 2, '1040000000'),
(436, 3, 'تجارت'),
(437, 1, '846347'),
(437, 2, '520000000'),
(437, 3, 'تجارت'),
(438, 1, '846348'),
(438, 2, '520000000'),
(438, 3, 'تجارت'),
(439, 7, '1000000000'),
(440, 1, '172900'),
(440, 2, '1040000000'),
(440, 3, 'تجارت'),
(441, 1, '937639'),
(441, 2, '174000000'),
(441, 3, 'تجارت'),
(442, 1, '937640'),
(442, 2, '174000000'),
(442, 3, 'تجارت'),
(443, 1, '937642'),
(443, 2, '174000000'),
(443, 3, 'تجارت'),
(444, 1, '937641'),
(444, 2, '174000000'),
(444, 3, 'تجارت'),
(445, 1, '937643'),
(445, 2, '174000000'),
(445, 3, 'تجارت'),
(446, 1, '937644'),
(446, 2, '170000000'),
(446, 3, 'تجارت'),
(447, 7, '1000000000'),
(448, 1, '732031/40'),
(448, 2, '36000000'),
(448, 3, 'ملت'),
(449, 5, '176129'),
(449, 6, '50000000'),
(450, 1, '477989'),
(450, 2, '133333333'),
(450, 3, 'پاسارگاد'),
(451, 1, '477990'),
(451, 2, '133333333'),
(451, 3, 'پاسارگاد'),
(452, 1, '820649'),
(452, 2, '133333334'),
(452, 3, 'پاسارگاد'),
(453, 1, '559780'),
(453, 2, '264000000'),
(453, 3, 'ملی'),
(454, 1, '423689'),
(454, 2, '132000000'),
(454, 3, 'تجارت'),
(455, 7, '2500000000'),
(456, 1, '275'),
(456, 2, '300000000'),
(456, 3, 'تجارت'),
(457, 1, '194401'),
(457, 2, '166700000'),
(457, 3, 'تجارت'),
(458, 1, '194402'),
(458, 2, '166700000'),
(458, 3, 'تجارت'),
(459, 1, '194403'),
(459, 2, '166700000'),
(459, 3, 'تجارت'),
(460, 1, '194404'),
(460, 2, '166700000'),
(460, 3, 'تجارت'),
(461, 1, '194406'),
(461, 2, '166700000'),
(461, 3, 'تجارت'),
(462, 1, '194407'),
(462, 2, '166500000'),
(462, 3, 'تجارت'),
(463, 7, '1000000000'),
(464, 1, '164544'),
(464, 2, '900000000'),
(464, 3, 'ملی پردیس'),
(465, 1, '936798'),
(465, 2, '900000000'),
(465, 3, 'سینا'),
(466, 1, '3222083'),
(466, 2, '116000000'),
(466, 3, 'توسعه تعاون'),
(467, 1, '3222084'),
(467, 2, '116000000'),
(467, 3, 'توسعه تعاون'),
(468, 1, '3222085'),
(468, 2, '116000000'),
(468, 3, 'توسعه تعاون'),
(469, 1, '3659707'),
(469, 2, '116000000'),
(469, 3, 'توسعه تعاون'),
(470, 1, '3659708'),
(470, 2, '116000000'),
(470, 3, 'توسعه تعاون'),
(471, 1, '3659709'),
(471, 2, '116000000'),
(471, 3, 'توسعه تعاون'),
(472, 1, '3659713'),
(472, 2, '116000000'),
(472, 3, 'توسعه تعاون'),
(473, 1, '3659711'),
(473, 2, '116000000'),
(473, 3, 'توسعه تعاون'),
(474, 1, '3659712'),
(474, 2, '112000000'),
(474, 3, 'توسعه تعاون'),
(475, 1, '559779'),
(475, 2, '720000000'),
(475, 3, 'ملی'),
(476, 1, '871295'),
(476, 2, '24000000'),
(476, 3, 'تجارت'),
(477, 1, '201343'),
(477, 2, '24000000'),
(477, 3, 'تجارت'),
(478, 5, '280221'),
(478, 6, '10000000'),
(479, 5, '280222'),
(479, 6, '10000000'),
(480, 5, '229058'),
(480, 6, '20000000'),
(481, 5, '229059'),
(481, 6, '20000000'),
(482, 1, '278031'),
(482, 2, '48000000'),
(482, 3, 'تجارت'),
(483, 5, '101657'),
(483, 6, '10000000'),
(484, 5, '192117'),
(484, 6, '50000000'),
(485, 1, '62298'),
(485, 2, '60000000'),
(485, 3, 'تجارت'),
(486, 1, '386257'),
(486, 2, '60000000'),
(486, 3, 'ملی'),
(487, 1, '250551'),
(487, 2, '24000000'),
(487, 3, 'تجارت'),
(488, 5, '346833'),
(488, 6, '5000000'),
(489, 5, '992158'),
(489, 6, '5000000'),
(490, 5, '346832'),
(490, 6, '5000000'),
(491, 5, '992156'),
(491, 6, '5000000'),
(492, 5, '992157'),
(492, 6, '5000000'),
(493, 1, '854109'),
(493, 2, '24000000'),
(493, 3, 'تجارت'),
(494, 1, '131782'),
(494, 2, '24000000'),
(494, 3, 'ملی'),
(495, 1, '255623'),
(495, 2, '316700000'),
(495, 3, 'آینده'),
(496, 1, '407588'),
(496, 2, '316700000'),
(496, 3, 'مهر ایران'),
(497, 1, '407589'),
(497, 2, '316700000'),
(497, 3, 'مهر ایران'),
(498, 1, '407590'),
(498, 2, '316700000'),
(498, 3, 'مهر ایران'),
(499, 1, '407591'),
(499, 2, '316700000'),
(499, 3, 'مهر ایران'),
(500, 1, '407592'),
(500, 2, '316500000'),
(500, 3, 'مهرایران'),
(501, 1, '831902'),
(501, 2, '237500000'),
(501, 3, 'پاسارگاد'),
(502, 1, '831903'),
(502, 2, '237500000'),
(502, 3, 'پاسارگاد'),
(503, 1, '831904'),
(503, 2, '237500000'),
(503, 3, 'پاسارگاد'),
(504, 1, '831905'),
(504, 2, '237500000'),
(504, 3, 'پاسارگاد'),
(505, 1, '831906'),
(505, 2, '237500000'),
(505, 3, 'پاسارگاد'),
(506, 1, '831907'),
(506, 2, '237500000'),
(506, 3, 'پاسارگاد'),
(507, 1, '315640'),
(507, 2, '240000000'),
(507, 3, 'ملی'),
(508, 1, '62714'),
(508, 2, '240000000'),
(508, 3, 'ملی'),
(509, 5, '484813'),
(509, 6, '300000000'),
(510, 1, '692926'),
(510, 2, '166700000'),
(510, 3, 'ملی'),
(511, 1, '692927'),
(511, 2, '166700000'),
(511, 3, 'ملی'),
(512, 1, '692928'),
(512, 2, '166700000'),
(512, 3, 'ملی'),
(513, 1, '692929'),
(513, 2, '166700000'),
(513, 3, 'ملی'),
(514, 1, '692930'),
(514, 2, '166700000'),
(514, 3, 'ملی'),
(515, 1, '692931'),
(515, 2, '166700000'),
(515, 3, 'ملی'),
(516, 1, '903942'),
(516, 2, '316700000'),
(516, 3, 'تجارت'),
(517, 1, '903943'),
(517, 2, '316700000'),
(517, 3, 'تجارت'),
(518, 1, '903944'),
(518, 2, '316700000'),
(518, 3, 'تجارت'),
(519, 1, '903945'),
(519, 2, '316700000'),
(519, 3, 'تجارت'),
(520, 1, '903946'),
(520, 2, '316700000'),
(520, 3, 'تجارت'),
(521, 1, '903947'),
(521, 2, '316500000'),
(521, 3, 'تجارت'),
(522, 7, '2280000000'),
(523, 1, '312782'),
(523, 2, '158340000'),
(523, 3, 'پاسارگاد'),
(524, 1, '312783'),
(524, 2, '158340000'),
(524, 3, 'پاسارگاد'),
(525, 1, '312784'),
(525, 2, '158340000'),
(525, 3, 'پاسارگاد'),
(526, 1, '312786'),
(526, 2, '158340000'),
(526, 3, 'پاسارگاد'),
(527, 1, '312785'),
(527, 2, '158340000'),
(527, 3, 'پاسارگاد'),
(528, 1, '312787'),
(528, 2, '158300000'),
(528, 3, 'پاسارگاد'),
(529, 7, '1140000000'),
(530, 1, '846075'),
(530, 2, '300000000'),
(530, 3, 'تجارت'),
(531, 1, '846076'),
(531, 2, '300000000'),
(531, 3, 'تجارت'),
(532, 1, 'وثیقه ملکی'),
(532, 2, '1710000000'),
(532, 3, 'ملیحه علیزاده قیاس آیاد'),
(533, 7, '1080000000'),
(534, 5, '667241'),
(534, 6, '20000000'),
(535, 5, '667240'),
(535, 6, '20000000'),
(536, 5, '692971'),
(536, 6, '100000000'),
(537, 1, '537469'),
(537, 2, '120000000'),
(537, 3, 'ملی علی مردانی'),
(538, 1, '537470'),
(538, 2, '120000000'),
(538, 3, 'ملی علیمردانی'),
(539, 1, '630265'),
(539, 2, '36000000'),
(539, 3, 'ملی'),
(540, 1, '376636'),
(540, 2, '36000000'),
(540, 3, 'ملی'),
(541, 1, '516378'),
(541, 2, '36000000'),
(541, 3, 'تجارت'),
(542, 1, '521028'),
(542, 2, '36000000'),
(542, 3, 'تجارت'),
(543, 1, '521055'),
(543, 2, '36000000'),
(543, 3, 'تجارت'),
(544, 1, '51233'),
(544, 2, '120000000'),
(544, 3, 'پاسارگاد'),
(545, 1, '189908'),
(545, 2, '120000000'),
(545, 3, 'ملت'),
(546, 1, '990879'),
(546, 2, '36000000'),
(546, 3, 'صادرات'),
(547, 5, '602443'),
(547, 6, '20000000'),
(548, 5, '602444'),
(548, 6, '20000000'),
(549, 5, '482772'),
(549, 6, '1000000'),
(550, 5, '482771'),
(550, 6, '1000000'),
(551, 1, '516379'),
(551, 2, '36000000'),
(551, 3, 'تجارت'),
(552, 1, '457779'),
(552, 2, '36000000'),
(552, 3, 'ملی'),
(553, 1, '625293'),
(553, 2, '180000000'),
(553, 3, 'ملی'),
(554, 5, '136408'),
(554, 6, '10000000'),
(555, 5, '696837'),
(555, 6, '100000000'),
(556, 5, '696830'),
(556, 6, '100000000'),
(557, 1, '413381'),
(557, 2, '36000000'),
(557, 3, 'ملت سید مجتبی صحاف'),
(558, 5, '229138'),
(558, 6, '20000000'),
(559, 5, '229137'),
(559, 6, '20000000'),
(560, 5, '498628'),
(560, 6, '2000000'),
(561, 1, '210502'),
(561, 2, '240000000'),
(561, 3, 'ملی محمدشکوهی فر'),
(562, 1, '6567509'),
(562, 2, '240000000'),
(562, 3, 'سامان عادل سپهر'),
(563, 1, '950718'),
(563, 2, '84000000'),
(563, 3, 'توسعه تعاون انگاره فیزیک'),
(564, 1, '332459'),
(564, 2, '84000000'),
(564, 3, 'ملی علیزاده قمصری'),
(565, 1, '513836/40'),
(565, 2, '240000000'),
(565, 3, 'ملت'),
(566, 5, '385656'),
(566, 6, '150000000'),
(567, 5, '385657'),
(567, 6, '150000000'),
(568, 1, '467966'),
(568, 2, '144000000'),
(568, 3, 'ملی جوادی مال آباد'),
(569, 1, '655641'),
(569, 2, '144000000'),
(569, 3, 'کشاورزی'),
(570, 7, '600000000'),
(571, 9, '700000000'),
(572, 1, '000280'),
(572, 2, '300000000'),
(572, 3, 'تجارت'),
(573, 5, '181417'),
(573, 6, '100000000'),
(574, 5, '181418'),
(574, 6, '100000000'),
(575, 5, '181419'),
(575, 6, '100000000'),
(576, 7, '1620000000'),
(577, 1, '987613'),
(577, 2, '3940000000'),
(577, 3, 'صادرات شرکت خاک و سنگ الماس'),
(578, 1, '910116'),
(578, 2, '3940000000'),
(578, 3, 'ملی شرکت سورن تک توس'),
(579, 5, '765919'),
(579, 6, '300000000'),
(580, 5, '765918'),
(580, 6, '300000000'),
(581, 5, '018014'),
(581, 6, '2000000000'),
(582, 5, '018013'),
(582, 6, '2000000000'),
(583, 1, '14552190'),
(583, 2, '9600000000'),
(583, 3, 'سامان سامان داروی هشتم'),
(584, 5, '024791'),
(584, 6, '1000000000'),
(585, 5, '014721'),
(585, 6, '10000000000'),
(586, 5, '645862'),
(586, 6, '100000000'),
(587, 5, '645863'),
(587, 6, '100000000'),
(588, 1, '336911'),
(588, 2, '1320000000'),
(588, 3, 'تجارت اتوماسیون اداری'),
(589, 1, '740452'),
(589, 2, '1320000000'),
(589, 3, 'تجارت محمدهنرور'),
(590, 5, '380064'),
(590, 6, '300000000'),
(591, 5, '738798'),
(591, 6, '20000000'),
(592, 5, '738797'),
(592, 6, '20000000'),
(593, 5, '380063'),
(593, 6, '300000000'),
(594, 5, '380062'),
(594, 6, '300000000'),
(595, 5, '380061'),
(595, 6, '300000000'),
(596, 5, '380060'),
(596, 6, '300000000'),
(597, 1, '603268'),
(597, 2, '36000000'),
(597, 3, 'تجارت'),
(598, 5, '0334514'),
(598, 6, '50000000'),
(599, 1, '810650'),
(599, 2, '35400000'),
(599, 3, 'تجارت دانشگاه فردوسی'),
(600, 5, '537357'),
(600, 6, '50000000'),
(601, 1, '788014'),
(601, 2, '36000000'),
(601, 3, 'تجارت سیادتی'),
(602, 1, '807361'),
(602, 2, '24000000'),
(602, 3, 'ملی پردیس'),
(603, 1, '296054'),
(603, 2, '24000000'),
(603, 3, 'ملی پردیس'),
(604, 1, '9364/637747'),
(604, 2, '180000000'),
(604, 3, 'اقتصاد نوین'),
(605, 5, '298226'),
(605, 6, '10000000'),
(606, 5, '785276'),
(606, 6, '100000000'),
(607, 5, '0785275'),
(607, 6, '100000000'),
(608, 1, '9364637747'),
(608, 2, '25875000'),
(608, 3, 'اقتصاد نوین'),
(609, 1, '660799'),
(609, 2, '300000000'),
(609, 3, 'ملی'),
(610, 1, '426443'),
(610, 2, '36000000'),
(610, 3, 'سپه طلائی'),
(611, 1, '412096'),
(611, 2, '36000000'),
(611, 3, 'ملی'),
(612, 1, '831950'),
(612, 2, '1200000000'),
(612, 3, 'پاسارگاد'),
(613, 5, '789553'),
(613, 6, '100000000'),
(614, 5, '855306'),
(614, 6, '300000000'),
(615, 5, '789552'),
(615, 6, '100000000'),
(616, 5, '855307'),
(616, 6, '300000000'),
(617, 5, '855308'),
(617, 6, '300000000'),
(618, 5, '855309'),
(618, 6, '300000000'),
(619, 1, '835256'),
(619, 2, '1200000000'),
(619, 3, 'ملی'),
(620, 5, '268838'),
(620, 6, '300000000'),
(621, 5, '268839'),
(621, 6, '300000000'),
(622, 5, '268840'),
(622, 6, '300000000'),
(623, 5, '268841'),
(623, 6, '300000000'),
(624, 5, '516216'),
(624, 6, '100000000'),
(625, 5, '516217'),
(625, 6, '100000000'),
(626, 1, '286158'),
(626, 2, '48000000'),
(626, 3, 'ملی'),
(627, 1, '475077'),
(627, 2, '48000000'),
(627, 3, 'ملی'),
(628, 9, '250000000'),
(629, 1, '1437/779034/62'),
(629, 2, '600000000'),
(629, 3, 'ملت'),
(630, 1, '967582'),
(630, 2, '600000000'),
(630, 3, 'ملی'),
(631, 1, '1950720'),
(631, 2, '600000000'),
(631, 3, 'توسعه تعاون'),
(632, 5, '0692972'),
(632, 6, '100000000'),
(633, 5, '484846'),
(633, 6, '300000000'),
(634, 5, '484857'),
(634, 6, '300000000'),
(635, 1, '370395'),
(635, 2, '192000000'),
(635, 3, 'ملی'),
(636, 5, '539279'),
(636, 6, '100000000'),
(637, 5, '539280'),
(637, 6, '100000000'),
(638, 9, '2600000000'),
(639, 9, '8812500000'),
(640, 1, '081487'),
(640, 2, '36000000'),
(640, 3, 'سپه'),
(641, 5, '654497'),
(641, 6, '20000000'),
(642, 5, '654498'),
(642, 6, '20000000'),
(643, 5, '799680'),
(643, 6, '5000000');

-- --------------------------------------------------------

--
-- Table structure for table `DMS_documents`
--

CREATE TABLE IF NOT EXISTS `DMS_documents` (
  `DocumentID` int(10) unsigned NOT NULL AUTO_INCREMENT COMMENT 'کد سند',
  `DocDesc` varchar(200) DEFAULT NULL COMMENT 'توضیحات کلی',
  `DocType` int(10) unsigned NOT NULL COMMENT 'نوع سند',
  `ObjectType` varchar(50) DEFAULT NULL COMMENT 'نوع آبجکت',
  `ObjectID` int(10) unsigned DEFAULT NULL COMMENT 'کد آبجکت',
  `FileType` varchar(20) DEFAULT NULL COMMENT 'نوع فایل',
  `FileContent` tinyblob COMMENT 'قسمتی از محتوای فایل',
  `IsConfirm` enum('NOTSET','YES','NO') NOT NULL DEFAULT 'NOTSET' COMMENT 'برابر اصل',
  `RegPersonID` int(10) unsigned DEFAULT NULL,
  `ConfirmPersonID` int(10) unsigned DEFAULT NULL COMMENT 'فرد تایید کننده',
  `RejectDesc` varchar(2000) DEFAULT NULL,
  `IsReturned` enum('YES','NO') NOT NULL DEFAULT 'NO' COMMENT 'برگشت به مشتری',
  `imp_DetailID` int(10) unsigned DEFAULT NULL,
  PRIMARY KEY (`DocumentID`)
) ENGINE=InnoDB  DEFAULT CHARSET=utf8 AUTO_INCREMENT=646 ;

--
-- Dumping data for table `DMS_documents`
--

INSERT INTO `DMS_documents` (`DocumentID`, `DocDesc`, `DocType`, `ObjectType`, `ObjectID`, `FileType`, `FileContent`, `IsConfirm`, `RegPersonID`, `ConfirmPersonID`, `RejectDesc`, `IsReturned`, `imp_DetailID`) VALUES
(1, 'ملت', 3, 'loan', 1, NULL, NULL, 'YES', NULL, NULL, NULL, 'YES', 535),
(2, 'تجارت', 3, 'loan', 1, NULL, NULL, 'YES', NULL, NULL, NULL, 'YES', 536),
(3, 'سفته', 4, 'loan', 3, NULL, NULL, 'YES', NULL, NULL, NULL, 'NO', 537),
(4, 'سفته', 4, 'loan', 3, NULL, NULL, 'YES', NULL, NULL, NULL, 'NO', 538),
(5, 'سفته', 4, 'loan', 3, NULL, NULL, 'YES', NULL, NULL, NULL, 'NO', 539),
(6, 'سفته', 4, 'loan', 3, NULL, NULL, 'YES', NULL, NULL, NULL, 'NO', 540),
(7, 'سفته', 4, 'loan', 3, NULL, NULL, 'YES', NULL, NULL, NULL, 'NO', 541),
(8, 'سفته', 4, 'loan', 3, NULL, NULL, 'YES', NULL, NULL, NULL, 'NO', 542),
(9, 'ملی', 3, 'loan', 3, NULL, NULL, 'YES', NULL, NULL, NULL, 'NO', 543),
(10, 'مسکن', 3, 'loan', 4, NULL, NULL, 'YES', NULL, NULL, NULL, 'NO', 544),
(11, 'سفته', 4, 'loan', 4, NULL, NULL, 'YES', NULL, NULL, NULL, 'NO', 545),
(12, 'سفته', 4, 'loan', 4, NULL, NULL, 'YES', NULL, NULL, NULL, 'NO', 546),
(13, 'سفته', 4, 'loan', 4, NULL, NULL, 'YES', NULL, NULL, NULL, 'NO', 547),
(14, 'سفته', 4, 'loan', 4, NULL, NULL, 'YES', NULL, NULL, NULL, 'NO', 548),
(15, 'سفته', 4, 'loan', 4, NULL, NULL, 'YES', NULL, NULL, NULL, 'NO', 549),
(16, 'سفته', 4, 'loan', 4, NULL, NULL, 'YES', NULL, NULL, NULL, 'NO', 550),
(17, 'مسکن', 3, 'loan', 5, NULL, NULL, 'YES', NULL, NULL, NULL, 'NO', 551),
(18, 'سفته', 4, 'loan', 5, NULL, NULL, 'YES', NULL, NULL, NULL, 'NO', 552),
(19, 'سفته', 4, 'loan', 5, NULL, NULL, 'YES', NULL, NULL, NULL, 'NO', 553),
(20, 'سفته', 4, 'loan', 5, NULL, NULL, 'YES', NULL, NULL, NULL, 'NO', 554),
(21, 'سفته', 4, 'loan', 5, NULL, NULL, 'YES', NULL, NULL, NULL, 'NO', 555),
(22, 'سفته', 4, 'loan', 5, NULL, NULL, 'YES', NULL, NULL, NULL, 'NO', 556),
(23, 'سفته', 4, 'loan', 5, NULL, NULL, 'YES', NULL, NULL, NULL, 'NO', 557),
(24, 'تجارت', 3, 'loan', 6, NULL, NULL, 'YES', NULL, NULL, NULL, 'YES', 558),
(25, 'ملت', 3, 'loan', 6, NULL, NULL, 'YES', NULL, NULL, NULL, 'YES', 559),
(26, 'تجارت', 3, 'loan', 7, NULL, NULL, 'YES', NULL, NULL, NULL, 'NO', 560),
(27, 'سفته', 4, 'loan', 7, NULL, NULL, 'YES', NULL, NULL, NULL, 'NO', 561),
(28, 'سفته', 4, 'loan', 7, NULL, NULL, 'YES', NULL, NULL, NULL, 'NO', 562),
(29, 'سفته', 4, 'loan', 7, NULL, NULL, 'YES', NULL, NULL, NULL, 'NO', 563),
(30, 'ملی', 3, 'loan', 8, NULL, NULL, 'YES', NULL, NULL, NULL, 'YES', 564),
(31, 'انصار', 3, 'loan', 9, NULL, NULL, 'YES', NULL, NULL, NULL, 'NO', 565),
(32, 'سفته', 4, 'loan', 9, NULL, NULL, 'YES', NULL, NULL, NULL, 'NO', 566),
(33, 'انصار', 3, 'loan', 10, NULL, NULL, 'YES', NULL, NULL, NULL, 'NO', 567),
(34, 'سفته', 4, 'loan', 10, NULL, NULL, 'YES', NULL, NULL, NULL, 'NO', 568),
(35, 'ملی', 3, 'loan', 18, NULL, NULL, 'YES', NULL, NULL, NULL, 'NO', 569),
(36, 'سپه', 3, 'loan', 69, NULL, NULL, 'YES', NULL, NULL, NULL, 'NO', 571),
(37, 'سفته', 4, 'loan', 69, NULL, NULL, 'YES', NULL, NULL, NULL, 'NO', 572),
(38, 'سفته', 4, 'loan', 69, NULL, NULL, 'YES', NULL, NULL, NULL, 'NO', 573),
(39, 'سفته', 4, 'loan', 69, NULL, NULL, 'YES', NULL, NULL, NULL, 'NO', 574),
(40, 'انصار', 3, 'loan', 15, NULL, NULL, 'YES', NULL, NULL, NULL, 'NO', 575),
(41, 'ملی', 3, 'loan', 15, NULL, NULL, 'YES', NULL, NULL, NULL, 'NO', 576),
(42, 'ملی', 3, 'loan', 15, NULL, NULL, 'YES', NULL, NULL, NULL, 'NO', 577),
(43, 'سفته', 4, 'loan', 15, NULL, NULL, 'YES', NULL, NULL, NULL, 'NO', 578),
(44, 'سفته', 4, 'loan', 15, NULL, NULL, 'YES', NULL, NULL, NULL, 'NO', 579),
(45, 'سفته', 4, 'loan', 15, NULL, NULL, 'YES', NULL, NULL, NULL, 'NO', 580),
(46, 'سفته', 4, 'loan', 15, NULL, NULL, 'YES', NULL, NULL, NULL, 'NO', 581),
(47, 'سفته', 4, 'loan', 15, NULL, NULL, 'YES', NULL, NULL, NULL, 'NO', 582),
(48, 'سفته', 4, 'loan', 15, NULL, NULL, 'YES', NULL, NULL, NULL, 'NO', 583),
(49, 'سفته', 4, 'loan', 56, NULL, NULL, 'YES', NULL, NULL, NULL, 'YES', 584),
(50, 'سفته', 4, 'loan', 56, NULL, NULL, 'YES', NULL, NULL, NULL, 'YES', 585),
(51, 'سفته', 4, 'loan', 56, NULL, NULL, 'YES', NULL, NULL, NULL, 'YES', 586),
(52, 'شفته', 3, 'loan', 56, NULL, NULL, 'YES', NULL, NULL, NULL, 'YES', 587),
(53, 'سفته', 4, 'loan', 56, NULL, NULL, 'YES', NULL, NULL, NULL, 'YES', 588),
(54, 'سفته', 4, 'loan', 56, NULL, NULL, 'YES', NULL, NULL, NULL, 'YES', 589),
(55, 'ملی', 3, 'loan', 19, NULL, NULL, 'YES', NULL, NULL, NULL, 'YES', 590),
(56, 'سفته', 4, 'loan', 19, NULL, NULL, 'YES', NULL, NULL, NULL, 'YES', 591),
(57, 'سفته', 4, 'loan', 19, NULL, NULL, 'YES', NULL, NULL, NULL, 'YES', 592),
(58, 'سفته', 4, 'loan', 19, NULL, NULL, 'YES', NULL, NULL, NULL, 'YES', 593),
(59, 'سفته', 4, 'loan', 19, NULL, NULL, 'YES', NULL, NULL, NULL, 'YES', 594),
(60, 'ملی', 3, 'loan', 30, NULL, NULL, 'YES', NULL, NULL, NULL, 'YES', 595),
(61, 'ملی 701009', 3, 'loan', 30, NULL, NULL, 'YES', NULL, NULL, NULL, 'YES', 596),
(62, 'ملی 37002', 3, 'loan', 17, NULL, NULL, 'YES', NULL, NULL, NULL, 'NO', 597),
(63, 'سفته. ذبیح اله', 4, 'loan', 17, NULL, NULL, 'YES', NULL, NULL, NULL, 'NO', 598),
(64, 'سفته. ذبیح اله', 4, 'loan', 17, NULL, NULL, 'YES', NULL, NULL, NULL, 'NO', 599),
(65, 'سفته. ذبیح اله', 4, 'loan', 17, NULL, NULL, 'YES', NULL, NULL, NULL, 'NO', 600),
(66, 'سفته. ذبیح اله', 4, 'loan', 17, NULL, NULL, 'YES', NULL, NULL, NULL, 'NO', 601),
(67, 'صادرات', 3, 'loan', 43, NULL, NULL, 'YES', NULL, NULL, NULL, 'YES', 602),
(68, 'سفته ذبیحی', 4, 'loan', 43, NULL, NULL, 'YES', NULL, NULL, NULL, 'YES', 603),
(69, 'سفته کمیلی', 4, 'loan', 43, NULL, NULL, 'YES', NULL, NULL, NULL, 'YES', 604),
(70, 'سفته کمیلی', 4, 'loan', 43, NULL, NULL, 'YES', NULL, NULL, NULL, 'YES', 605),
(71, 'سفته. کمیلی', 4, 'loan', 43, NULL, NULL, 'YES', NULL, NULL, NULL, 'YES', 606),
(72, 'ملی 12008', 3, 'loan', 41, NULL, NULL, 'YES', NULL, NULL, NULL, 'YES', 607),
(73, 'سفته', 4, 'loan', 41, NULL, NULL, 'YES', NULL, NULL, NULL, 'YES', 608),
(74, 'تجارت', 3, 'loan', 65, NULL, NULL, 'YES', NULL, NULL, NULL, 'NO', 609),
(75, 'تجارت 26186', 3, 'loan', 65, NULL, NULL, 'YES', NULL, NULL, NULL, 'NO', 610),
(76, 'ملی', 3, 'loan', 33, NULL, NULL, 'YES', NULL, NULL, NULL, 'NO', 611),
(77, 'سفته هادیان', 4, 'loan', 33, NULL, NULL, 'YES', NULL, NULL, NULL, 'NO', 612),
(78, 'سفته هادیان', 4, 'loan', 33, NULL, NULL, 'YES', NULL, NULL, NULL, 'NO', 613),
(79, 'سفته هادیان', 4, 'loan', 33, NULL, NULL, 'YES', NULL, NULL, NULL, 'NO', 614),
(80, 'سفته هادیان', 4, 'loan', 33, NULL, NULL, 'YES', NULL, NULL, NULL, 'NO', 615),
(81, 'ملی 28005', 3, 'loan', 20, NULL, NULL, 'YES', NULL, NULL, NULL, 'YES', 616),
(82, 'ملی خاوری', 3, 'loan', 20, NULL, NULL, 'YES', NULL, NULL, NULL, 'YES', 617),
(83, 'ملی 994000', 3, 'loan', 39, NULL, NULL, 'YES', NULL, NULL, NULL, 'YES', 618),
(84, 'سفته قاسمی کاکایی', 4, 'loan', 39, NULL, NULL, 'YES', NULL, NULL, NULL, 'YES', 619),
(85, 'سفته کمیلی', 4, 'loan', 39, NULL, NULL, 'YES', NULL, NULL, NULL, 'YES', 620),
(86, 'سفته کمیلی', 4, 'loan', 39, NULL, NULL, 'YES', NULL, NULL, NULL, 'YES', 621),
(87, 'سفته کمیلی', 4, 'loan', 39, NULL, NULL, 'YES', NULL, NULL, NULL, 'YES', 622),
(88, 'سفته کمیلی', 4, 'loan', 39, NULL, NULL, 'YES', NULL, NULL, NULL, 'YES', 623),
(89, 'ملی محمد بخشنده', 3, 'loan', 32, NULL, NULL, 'YES', NULL, NULL, NULL, 'NO', 624),
(90, 'سفته ایوب بخشنده', 4, 'loan', 32, NULL, NULL, 'YES', NULL, NULL, NULL, 'NO', 625),
(91, 'سفته ایوب بخشنده', 4, 'loan', 32, NULL, NULL, 'YES', NULL, NULL, NULL, 'NO', 626),
(92, 'سفته ایوب بخشنده', 4, 'loan', 32, NULL, NULL, 'YES', NULL, NULL, NULL, 'NO', 627),
(93, 'ملی 96001', 3, 'loan', 34, NULL, NULL, 'YES', NULL, NULL, NULL, 'NO', 628),
(94, 'سفته نداف', 4, 'loan', 34, NULL, NULL, 'YES', NULL, NULL, NULL, 'NO', 629),
(95, 'سفته نداف', 4, 'loan', 34, NULL, NULL, 'YES', NULL, NULL, NULL, 'NO', 630),
(96, 'سفته نداف', 4, 'loan', 34, NULL, NULL, 'YES', NULL, NULL, NULL, 'NO', 631),
(97, 'سفته نداف', 4, 'loan', 34, NULL, NULL, 'YES', NULL, NULL, NULL, 'NO', 632),
(98, 'ملی 72511', 3, 'loan', 45, NULL, NULL, 'YES', NULL, NULL, NULL, 'YES', 633),
(99, 'ملی 112007', 3, 'loan', 45, NULL, NULL, 'YES', NULL, NULL, NULL, 'YES', 634),
(100, 'ملی 176005', 3, 'loan', 42, NULL, NULL, 'YES', NULL, NULL, NULL, 'YES', 635),
(101, 'ملی 53004', 3, 'loan', 42, NULL, NULL, 'YES', NULL, NULL, NULL, 'YES', 636),
(102, 'ملی خاوری', 3, 'loan', 21, NULL, NULL, 'YES', NULL, NULL, NULL, 'YES', 637),
(103, 'ملی خاوری', 3, 'loan', 21, NULL, NULL, 'YES', NULL, NULL, NULL, 'YES', 638),
(104, 'ملی 73511', 3, 'loan', 46, NULL, NULL, 'YES', NULL, NULL, NULL, 'YES', 639),
(105, 'ملی 112007', 3, 'loan', 46, NULL, NULL, 'YES', NULL, NULL, NULL, 'YES', 640),
(106, 'ملی.یداله نوری', 3, 'loan', 12, NULL, NULL, 'YES', NULL, NULL, NULL, 'NO', 641),
(107, 'سفته', 4, 'loan', 12, NULL, NULL, 'YES', NULL, NULL, NULL, 'NO', 642),
(108, 'سفته', 4, 'loan', 12, NULL, NULL, 'YES', NULL, NULL, NULL, 'NO', 643),
(109, 'سفته', 4, 'loan', 12, NULL, NULL, 'YES', NULL, NULL, NULL, 'NO', 644),
(110, 'سفته', 4, 'loan', 12, NULL, NULL, 'YES', NULL, NULL, NULL, 'NO', 645),
(111, 'سفته', 4, 'loan', 12, NULL, NULL, 'YES', NULL, NULL, NULL, 'NO', 646),
(112, 'سفته', 4, 'loan', 12, NULL, NULL, 'YES', NULL, NULL, NULL, 'NO', 647),
(113, 'ملت. محمد قدیمی نقندر', 3, 'loan', 37, NULL, NULL, 'YES', NULL, NULL, NULL, 'NO', 648),
(114, 'سفته', 4, 'loan', 37, NULL, NULL, 'YES', NULL, NULL, NULL, 'NO', 649),
(115, 'سفته', 4, 'loan', 37, NULL, NULL, 'YES', NULL, NULL, NULL, 'NO', 650),
(116, 'تجارت. زمانی خادمانلو', 3, 'loan', 53, NULL, NULL, 'YES', NULL, NULL, NULL, 'YES', 651),
(117, 'تجارت. محمدرضا بهزادی', 3, 'loan', 72, NULL, NULL, 'YES', NULL, NULL, NULL, 'NO', 652),
(118, 'تجارت.بهاری', 3, 'loan', 72, NULL, NULL, 'YES', NULL, NULL, NULL, 'NO', 653),
(119, 'ملی کد 8522', 3, 'loan', 74, NULL, NULL, 'YES', NULL, NULL, NULL, 'NO', 654),
(120, 'سفته', 4, 'loan', 74, NULL, NULL, 'YES', NULL, NULL, NULL, 'NO', 655),
(121, 'سفته', 4, 'loan', 74, NULL, NULL, 'YES', NULL, NULL, NULL, 'NO', 656),
(122, 'سفته', 4, 'loan', 74, NULL, NULL, 'YES', NULL, NULL, NULL, 'NO', 657),
(123, 'سفته', 4, 'loan', 74, NULL, NULL, 'YES', NULL, NULL, NULL, 'NO', 658),
(124, 'سفته', 4, 'loan', 74, NULL, NULL, 'YES', NULL, NULL, NULL, 'NO', 659),
(125, 'سفته', 4, 'loan', 74, NULL, NULL, 'YES', NULL, NULL, NULL, 'NO', 660),
(126, 'ملی', 3, 'loan', 77, NULL, NULL, 'YES', NULL, NULL, NULL, 'YES', 661),
(127, 'ملی', 3, 'loan', 77, NULL, NULL, 'YES', NULL, NULL, NULL, 'YES', 662),
(128, 'ملی. محمدباقر نقیبی', 3, 'loan', 76, NULL, NULL, 'YES', NULL, NULL, NULL, 'YES', 663),
(129, 'سفته', 4, 'loan', 76, NULL, NULL, 'YES', NULL, NULL, NULL, 'YES', 664),
(130, 'سفته', 4, 'loan', 76, NULL, NULL, 'YES', NULL, NULL, NULL, 'YES', 665),
(131, 'سفته', 4, 'loan', 76, NULL, NULL, 'YES', NULL, NULL, NULL, 'YES', 666),
(132, 'سفته', 4, 'loan', 76, NULL, NULL, 'YES', NULL, NULL, NULL, 'YES', 667),
(133, 'پاسارگاد', 3, 'loan', 78, NULL, NULL, 'YES', NULL, NULL, NULL, 'YES', 668),
(134, 'سفته', 4, 'loan', 78, NULL, NULL, 'YES', NULL, NULL, NULL, 'YES', 669),
(135, 'سفته', 4, 'loan', 78, NULL, NULL, 'YES', NULL, NULL, NULL, 'YES', 670),
(136, 'سفته', 4, 'loan', 78, NULL, NULL, 'YES', NULL, NULL, NULL, 'YES', 671),
(137, 'سفته', 4, 'loan', 78, NULL, NULL, 'YES', NULL, NULL, NULL, 'YES', 672),
(138, 'انصار شعبه 2071', 3, 'loan', 75, NULL, NULL, 'YES', NULL, NULL, NULL, 'YES', 673),
(139, 'سفته', 4, 'loan', 75, NULL, NULL, 'YES', NULL, NULL, NULL, 'NO', 674),
(140, 'سفته', 4, 'loan', 75, NULL, NULL, 'YES', NULL, NULL, NULL, 'NO', 675),
(141, 'سفته', 4, 'loan', 75, NULL, NULL, 'YES', NULL, NULL, NULL, 'NO', 676),
(142, 'سفته', 4, 'loan', 75, NULL, NULL, 'YES', NULL, NULL, NULL, 'NO', 677),
(143, 'سفته', 4, 'loan', 85, NULL, NULL, 'YES', NULL, NULL, NULL, 'NO', 678),
(144, 'سفته', 4, 'loan', 85, NULL, NULL, 'YES', NULL, NULL, NULL, 'NO', 679),
(145, 'سفته', 4, 'loan', 85, NULL, NULL, 'YES', NULL, NULL, NULL, 'NO', 680),
(146, 'سفته', 4, 'loan', 85, NULL, NULL, 'YES', NULL, NULL, NULL, 'NO', 681),
(147, 'سفته', 4, 'loan', 85, NULL, NULL, 'YES', NULL, NULL, NULL, 'NO', 682),
(148, 'ملی شعبه پردیس', 3, 'loan', 84, NULL, NULL, 'YES', NULL, NULL, NULL, 'YES', 683),
(149, 'پاسارگاد کد221', 3, 'loan', 84, NULL, NULL, 'YES', NULL, NULL, NULL, 'YES', 684),
(150, 'سفته', 4, 'loan', 81, NULL, NULL, 'YES', NULL, NULL, NULL, 'NO', 685),
(151, 'سفته', 4, 'loan', 81, NULL, NULL, 'YES', NULL, NULL, NULL, 'NO', 686),
(152, 'سفته', 4, 'loan', 81, NULL, NULL, 'YES', NULL, NULL, NULL, 'NO', 687),
(153, 'سفته', 4, 'loan', 83, NULL, NULL, 'YES', NULL, NULL, NULL, 'NO', 688),
(154, 'سفته', 4, 'loan', 83, NULL, NULL, 'YES', NULL, NULL, NULL, 'NO', 689),
(155, 'سفته', 4, 'loan', 83, NULL, NULL, 'YES', NULL, NULL, NULL, 'NO', 690),
(156, 'سفته', 4, 'loan', 82, NULL, NULL, 'YES', NULL, NULL, NULL, 'NO', 691),
(157, 'سفته', 4, 'loan', 82, NULL, NULL, 'YES', NULL, NULL, NULL, 'NO', 692),
(158, 'سفته', 4, 'loan', 82, NULL, NULL, 'YES', NULL, NULL, NULL, 'NO', 693),
(159, 'ملی پردیس', 3, 'loan', 86, NULL, NULL, 'YES', NULL, NULL, NULL, 'YES', 694),
(160, 'سفته', 4, 'loan', 86, NULL, NULL, 'YES', NULL, NULL, NULL, 'YES', 695),
(161, 'سفته', 4, 'loan', 86, NULL, NULL, 'YES', NULL, NULL, NULL, 'YES', 696),
(162, 'سفته', 4, 'loan', 86, NULL, NULL, 'YES', NULL, NULL, NULL, 'YES', 697),
(163, 'سفته', 4, 'loan', 86, NULL, NULL, 'YES', NULL, NULL, NULL, 'YES', 698),
(164, 'تجارت', 3, 'loan', 87, NULL, NULL, 'YES', NULL, NULL, NULL, 'NO', 699),
(165, 'ملی پردیس', 3, 'loan', 91, NULL, NULL, 'YES', NULL, NULL, NULL, 'NO', 700),
(166, 'سفته', 4, 'loan', 91, NULL, NULL, 'YES', NULL, NULL, NULL, 'NO', 701),
(167, 'سفته', 4, 'loan', 91, NULL, NULL, 'YES', NULL, NULL, NULL, 'NO', 702),
(168, 'سفته', 4, 'loan', 91, NULL, NULL, 'YES', NULL, NULL, NULL, 'NO', 703),
(169, 'سفته', 4, 'loan', 91, NULL, NULL, 'YES', NULL, NULL, NULL, 'NO', 704),
(170, 'تجارت -دانشگاه فردوسی', 3, 'loan', 89, NULL, NULL, 'YES', NULL, NULL, NULL, 'YES', 705),
(171, 'تجارت -دانشگاه فردوسی', 3, 'loan', 89, NULL, NULL, 'YES', NULL, NULL, NULL, 'YES', 706),
(172, 'تجارت -دانشگاه فردوسی', 3, 'loan', 89, NULL, NULL, 'YES', NULL, NULL, NULL, 'YES', 707),
(173, 'تجارت -دانشگاه فردوسی', 3, 'loan', 89, NULL, NULL, 'YES', NULL, NULL, NULL, 'YES', 708),
(174, 'تجارت -دانشگاه فردوسی', 3, 'loan', 89, NULL, NULL, 'YES', NULL, NULL, NULL, 'YES', 709),
(175, 'تجارت', 3, 'loan', 87, NULL, NULL, 'YES', NULL, NULL, NULL, 'YES', 710),
(176, 'تجارت', 3, 'loan', 87, NULL, NULL, 'YES', NULL, NULL, NULL, 'NO', 711),
(177, 'تجارت', 3, 'loan', 87, NULL, NULL, 'YES', NULL, NULL, NULL, 'NO', 712),
(178, 'تجارت', 3, 'loan', 90, NULL, NULL, 'YES', NULL, NULL, NULL, 'YES', 713),
(179, 'ملی پردیس', 3, 'loan', 90, NULL, NULL, 'YES', NULL, NULL, NULL, 'YES', 714),
(180, 'ملی پردیس', 3, 'loan', 90, NULL, NULL, 'YES', NULL, NULL, NULL, 'YES', 715),
(181, 'ملی -پردیس', 3, 'loan', 92, NULL, NULL, 'YES', NULL, NULL, NULL, 'YES', 716),
(182, 'ملی -پردیس', 3, 'loan', 92, NULL, NULL, 'YES', NULL, NULL, NULL, 'YES', 717),
(183, 'ملی -پردیس', 3, 'loan', 93, NULL, NULL, 'YES', NULL, NULL, NULL, 'NO', 718),
(184, 'سفته', 4, 'loan', 93, NULL, NULL, 'YES', NULL, NULL, NULL, 'NO', 719),
(185, 'سفته', 4, 'loan', 93, NULL, NULL, 'YES', NULL, NULL, NULL, 'NO', 720),
(186, 'سفته', 4, 'loan', 93, NULL, NULL, 'YES', NULL, NULL, NULL, 'NO', 721),
(187, 'سفته', 4, 'loan', 93, NULL, NULL, 'YES', NULL, NULL, NULL, 'NO', 722),
(188, 'سفته', 4, 'loan', 93, NULL, NULL, 'YES', NULL, NULL, NULL, 'NO', 723),
(189, 'ملی شعبه آب و برق', 3, 'loan', 96, NULL, NULL, 'YES', NULL, NULL, NULL, 'YES', 724),
(190, 'تجارت دانشگاه فردوسی', 3, 'loan', 95, NULL, NULL, 'YES', NULL, NULL, NULL, 'NO', 725),
(191, 'سفته', 4, 'loan', 95, NULL, NULL, 'YES', NULL, NULL, NULL, 'NO', 726),
(192, 'سفته', 4, 'loan', 95, NULL, NULL, 'YES', NULL, NULL, NULL, 'NO', 727),
(193, 'سفته', 4, 'loan', 95, NULL, NULL, 'YES', NULL, NULL, NULL, 'NO', 728),
(194, 'پاسارگاد', 3, 'loan', 94, NULL, NULL, 'YES', NULL, NULL, NULL, 'NO', 729),
(195, 'سپه', 3, 'loan', 94, NULL, NULL, 'YES', NULL, NULL, NULL, 'NO', 730),
(196, 'صادرات', 3, 'loan', 94, NULL, NULL, 'YES', NULL, NULL, NULL, 'NO', 731),
(197, 'ملت', 3, 'loan', 94, NULL, NULL, 'YES', NULL, NULL, NULL, 'NO', 732),
(198, 'سفته', 4, 'loan', 94, NULL, NULL, 'YES', NULL, NULL, NULL, 'NO', 733),
(199, 'سفته', 4, 'loan', 94, NULL, NULL, 'YES', NULL, NULL, NULL, 'NO', 734),
(200, 'سفته', 4, 'loan', 94, NULL, NULL, 'YES', NULL, NULL, NULL, 'NO', 735),
(201, 'سفته', 4, 'loan', 94, NULL, NULL, 'YES', NULL, NULL, NULL, 'NO', 736),
(202, 'ملت 17 شهریور', 3, 'loan', 101, NULL, NULL, 'YES', NULL, NULL, NULL, 'YES', 737),
(203, 'پاسارگاد', 3, 'loan', 102, NULL, NULL, 'YES', NULL, NULL, NULL, 'NO', 738),
(204, 'تجارت', 3, 'loan', 79, NULL, NULL, 'YES', NULL, NULL, NULL, 'YES', 739),
(205, 'سفته', 4, 'loan', 79, NULL, NULL, 'YES', NULL, NULL, NULL, 'YES', 740),
(206, 'سفته', 4, 'loan', 79, NULL, NULL, 'YES', NULL, NULL, NULL, 'YES', 741),
(207, 'سفته', 4, 'loan', 79, NULL, NULL, 'YES', NULL, NULL, NULL, 'YES', 742),
(208, 'سفته', 4, 'loan', 79, NULL, NULL, 'YES', NULL, NULL, NULL, 'YES', 743),
(209, 'سفته', 4, 'loan', 52, NULL, NULL, 'YES', NULL, NULL, NULL, 'NO', 744),
(210, 'سفته', 4, 'loan', 52, NULL, NULL, 'YES', NULL, NULL, NULL, 'NO', 745),
(211, 'ملی', 3, 'loan', 103, NULL, NULL, 'YES', NULL, NULL, NULL, 'YES', 746),
(212, 'سفته', 4, 'loan', 103, NULL, NULL, 'YES', NULL, NULL, NULL, 'YES', 747),
(213, 'سفته', 4, 'loan', 103, NULL, NULL, 'YES', NULL, NULL, NULL, 'YES', 748),
(214, 'سفته', 4, 'loan', 103, NULL, NULL, 'YES', NULL, NULL, NULL, 'YES', 749),
(215, 'سفته', 4, 'loan', 103, NULL, NULL, 'YES', NULL, NULL, NULL, 'YES', 750),
(216, 'سفته', 4, 'loan', 103, NULL, NULL, 'YES', NULL, NULL, NULL, 'YES', 751),
(217, 'سفته', 4, 'loan', 103, NULL, NULL, 'YES', NULL, NULL, NULL, 'YES', 752),
(218, 'ملی سماءتوس', 3, 'loan', 98, NULL, NULL, 'YES', NULL, NULL, NULL, 'NO', 759),
(219, 'رفاه معموری', 3, 'loan', 98, NULL, NULL, 'YES', NULL, NULL, NULL, 'NO', 760),
(220, 'سفته سماء توس', 4, 'loan', 98, NULL, NULL, 'YES', NULL, NULL, NULL, 'NO', 761),
(221, 'سفته', 4, 'loan', 106, NULL, NULL, 'YES', NULL, NULL, NULL, 'NO', 762),
(222, 'سفته', 4, 'loan', 106, NULL, NULL, 'YES', NULL, NULL, NULL, 'NO', 763),
(223, 'سفته', 4, 'loan', 106, NULL, NULL, 'YES', NULL, NULL, NULL, 'NO', 764),
(224, 'سفته', 4, 'loan', 104, NULL, NULL, 'YES', NULL, NULL, NULL, 'NO', 765),
(225, 'سفته', 4, 'loan', 104, NULL, NULL, 'YES', NULL, NULL, NULL, 'NO', 766),
(226, 'سفته', 4, 'loan', 104, NULL, NULL, 'YES', NULL, NULL, NULL, 'NO', 767),
(227, 'تجارت دانشگاه', 3, 'loan', 105, NULL, NULL, 'YES', NULL, NULL, NULL, 'YES', 768),
(228, 'تجارت دانشگاه', 3, 'loan', 105, NULL, NULL, 'YES', NULL, NULL, NULL, 'YES', 769),
(229, 'تجارت', 3, 'loan', 109, NULL, NULL, 'YES', NULL, NULL, NULL, 'YES', 770),
(230, 'ملی پردیس', 3, 'loan', 109, NULL, NULL, 'YES', NULL, NULL, NULL, 'YES', 771),
(231, 'ملی پردیس', 3, 'loan', 110, NULL, NULL, 'YES', NULL, NULL, NULL, 'NO', 772),
(232, 'تجارت دانشگاه', 3, 'loan', 110, NULL, NULL, 'YES', NULL, NULL, NULL, 'NO', 773),
(233, 'ملی دادگستری', 3, 'loan', 115, NULL, NULL, 'YES', NULL, NULL, NULL, 'NO', 776),
(234, 'ملی پردیس', 3, 'loan', 115, NULL, NULL, 'YES', NULL, NULL, NULL, 'NO', 777),
(235, 'ملی سناباد', 3, 'loan', 115, NULL, NULL, 'YES', NULL, NULL, NULL, 'NO', 778),
(236, 'تجارت دانشگاه', 3, 'loan', 114, NULL, NULL, 'YES', NULL, NULL, NULL, 'NO', 779),
(237, 'تجارت دانشگاه', 3, 'loan', 114, NULL, NULL, 'YES', NULL, NULL, NULL, 'NO', 780),
(238, 'سفته', 4, 'loan', 117, NULL, NULL, 'YES', NULL, NULL, NULL, 'NO', 781),
(239, 'ملی پردیس', 3, 'loan', 116, NULL, NULL, 'YES', NULL, NULL, NULL, 'NO', 782),
(240, 'ملی پردیس', 3, 'loan', 121, NULL, NULL, 'YES', NULL, NULL, NULL, 'NO', 783),
(241, 'ملی پردیس', 3, 'loan', 121, NULL, NULL, 'YES', NULL, NULL, NULL, 'NO', 784),
(242, 'سفته', 4, 'loan', 120, NULL, NULL, 'YES', NULL, NULL, NULL, 'YES', 785),
(243, 'تجارت دانشگاه فردوسی', 3, 'loan', 122, NULL, NULL, 'YES', NULL, NULL, NULL, 'NO', 786),
(244, 'تجارت دانشگاه فردوسی', 3, 'loan', 122, NULL, NULL, 'YES', NULL, NULL, NULL, 'NO', 787),
(245, 'رفاه کارگران', 3, 'loan', 118, NULL, NULL, 'YES', NULL, NULL, NULL, 'YES', 788),
(246, 'سفته', 4, 'loan', 118, NULL, NULL, 'YES', NULL, NULL, NULL, 'YES', 789),
(247, 'سفته', 4, 'loan', 118, NULL, NULL, 'YES', NULL, NULL, NULL, 'YES', 790),
(248, 'سفته', 4, 'loan', 118, NULL, NULL, 'YES', NULL, NULL, NULL, 'YES', 791),
(249, 'سفته', 4, 'loan', 118, NULL, NULL, 'YES', NULL, NULL, NULL, 'YES', 792),
(250, 'سفته', 4, 'loan', 118, NULL, NULL, 'YES', NULL, NULL, NULL, 'YES', 793),
(251, 'سفته', 4, 'loan', 118, NULL, NULL, 'YES', NULL, NULL, NULL, 'YES', 794),
(252, 'سفته', 4, 'loan', 118, NULL, NULL, 'YES', NULL, NULL, NULL, 'YES', 795),
(253, 'سفته', 4, 'loan', 118, NULL, NULL, 'YES', NULL, NULL, NULL, 'YES', 796),
(254, 'سفته', 4, 'loan', 118, NULL, NULL, 'YES', NULL, NULL, NULL, 'YES', 797),
(255, 'ملی', 3, 'loan', 119, NULL, NULL, 'YES', NULL, NULL, NULL, 'NO', 798),
(256, 'صادرات', 3, 'loan', 119, NULL, NULL, 'YES', NULL, NULL, NULL, 'NO', 799),
(257, 'ملت', 3, 'loan', 119, NULL, NULL, 'YES', NULL, NULL, NULL, 'NO', 800),
(258, 'سفته', 4, 'loan', 119, NULL, NULL, 'YES', NULL, NULL, NULL, 'NO', 801),
(259, 'سفته', 4, 'loan', 119, NULL, NULL, 'YES', NULL, NULL, NULL, 'NO', 802),
(260, 'سفته', 4, 'loan', 119, NULL, NULL, 'YES', NULL, NULL, NULL, 'NO', 803),
(261, 'سفته', 4, 'loan', 119, NULL, NULL, 'YES', NULL, NULL, NULL, 'NO', 804),
(262, 'سفته', 4, 'loan', 119, NULL, NULL, 'YES', NULL, NULL, NULL, 'NO', 805),
(263, 'سفته', 4, 'loan', 119, NULL, NULL, 'YES', NULL, NULL, NULL, 'NO', 806),
(264, 'سفته', 4, 'loan', 119, NULL, NULL, 'YES', NULL, NULL, NULL, 'NO', 807),
(265, 'سفته', 4, 'loan', 119, NULL, NULL, 'YES', NULL, NULL, NULL, 'NO', 808),
(266, 'سفته', 4, 'loan', 119, NULL, NULL, 'YES', NULL, NULL, NULL, 'NO', 809),
(267, 'سفته', 4, 'loan', 119, NULL, NULL, 'YES', NULL, NULL, NULL, 'NO', 810),
(268, 'سفته', 4, 'loan', 119, NULL, NULL, 'YES', NULL, NULL, NULL, 'NO', 811),
(269, 'سفته', 4, 'loan', 119, NULL, NULL, 'YES', NULL, NULL, NULL, 'NO', 812),
(270, 'سفته', 4, 'loan', 119, NULL, NULL, 'YES', NULL, NULL, NULL, 'NO', 813),
(271, 'ملی', 3, 'loan', 124, NULL, NULL, 'YES', NULL, NULL, NULL, 'YES', 814),
(272, 'ملی', 3, 'loan', 124, NULL, NULL, 'YES', NULL, NULL, NULL, 'YES', 816),
(273, 'ملی', 3, 'loan', 124, NULL, NULL, 'YES', NULL, NULL, NULL, 'YES', 817),
(274, 'ملی', 3, 'loan', 124, NULL, NULL, 'YES', NULL, NULL, NULL, 'YES', 818),
(275, 'ملی سجاد', 3, 'loan', 107, NULL, NULL, 'YES', NULL, NULL, NULL, 'YES', 819),
(276, 'ملی سجاد', 3, 'loan', 107, NULL, NULL, 'YES', NULL, NULL, NULL, 'YES', 820),
(277, 'ملی سجاد', 3, 'loan', 107, NULL, NULL, 'YES', NULL, NULL, NULL, 'NO', 821),
(278, 'ملی سجاد', 3, 'loan', 107, NULL, NULL, 'YES', NULL, NULL, NULL, 'NO', 822),
(279, 'تجارت دانشگاه', 3, 'loan', 127, NULL, NULL, 'YES', NULL, NULL, NULL, 'NO', 823),
(280, 'سفته', 4, 'loan', 127, NULL, NULL, 'YES', NULL, NULL, NULL, 'NO', 824),
(281, 'سفته', 4, 'loan', 127, NULL, NULL, 'YES', NULL, NULL, NULL, 'NO', 825),
(282, 'سفته', 4, 'loan', 127, NULL, NULL, 'YES', NULL, NULL, NULL, 'NO', 826),
(283, 'صادرات', 3, 'loan', 128, NULL, NULL, 'YES', NULL, NULL, NULL, 'NO', 827),
(284, 'صادرات', 3, 'loan', 128, NULL, NULL, 'YES', NULL, NULL, NULL, 'NO', 828),
(285, 'سفته', 4, 'loan', 128, NULL, NULL, 'YES', NULL, NULL, NULL, 'NO', 829),
(286, 'سفته', 4, 'loan', 128, NULL, NULL, 'YES', NULL, NULL, NULL, 'NO', 830),
(287, 'تجارت', 3, 'loan', 130, NULL, NULL, 'YES', NULL, NULL, NULL, 'NO', 831),
(288, 'ملی پردیس', 3, 'loan', 130, NULL, NULL, 'YES', NULL, NULL, NULL, 'NO', 832),
(289, 'سفته', 4, 'loan', 131, NULL, NULL, 'YES', NULL, NULL, NULL, 'NO', 833),
(290, 'سفته', 4, 'loan', 131, NULL, NULL, 'YES', NULL, NULL, NULL, 'NO', 834),
(291, 'سفته', 4, 'loan', 131, NULL, NULL, 'YES', NULL, NULL, NULL, 'NO', 835),
(292, 'سفته', 4, 'loan', 131, NULL, NULL, 'YES', NULL, NULL, NULL, 'NO', 836),
(293, 'سفته', 4, 'loan', 131, NULL, NULL, 'YES', NULL, NULL, NULL, 'NO', 837),
(294, 'سفته', 4, 'loan', 131, NULL, NULL, 'YES', NULL, NULL, NULL, 'NO', 838),
(295, 'کشاورزی', 3, 'loan', 133, NULL, NULL, 'YES', NULL, NULL, NULL, 'YES', 839),
(296, 'کشاورزی', 3, 'loan', 133, NULL, NULL, 'YES', NULL, NULL, NULL, 'YES', 840),
(297, 'سفته', 4, 'loan', 134, NULL, NULL, 'YES', NULL, NULL, NULL, 'NO', 841),
(298, 'سفته', 4, 'loan', 134, NULL, NULL, 'YES', NULL, NULL, NULL, 'NO', 842),
(299, 'سفته', 4, 'loan', 134, NULL, NULL, 'YES', NULL, NULL, NULL, 'NO', 843),
(300, 'سفته', 4, 'loan', 134, NULL, NULL, 'YES', NULL, NULL, NULL, 'NO', 844),
(301, 'سفته. مهشید جبارزاده', 4, 'loan', 134, NULL, NULL, 'YES', NULL, NULL, NULL, 'NO', 845),
(302, 'سفته. مهشید جبارزاده', 4, 'loan', 134, NULL, NULL, 'YES', NULL, NULL, NULL, 'NO', 846),
(303, 'سفته. مهشیدجبارزاده', 4, 'loan', 134, NULL, NULL, 'YES', NULL, NULL, NULL, 'NO', 847),
(304, 'سفته. مهشید جبارزاده', 4, 'loan', 134, NULL, NULL, 'YES', NULL, NULL, NULL, 'NO', 848),
(305, 'سفته. کیومرثی', 4, 'loan', 134, NULL, NULL, 'YES', NULL, NULL, NULL, 'NO', 849),
(306, 'سفته. کیومرثی', 4, 'loan', 134, NULL, NULL, 'YES', NULL, NULL, NULL, 'NO', 850),
(307, 'سفته. کیومرثی', 4, 'loan', 134, NULL, NULL, 'YES', NULL, NULL, NULL, 'NO', 851),
(308, 'سفته. کیومرثی', 4, 'loan', 134, NULL, NULL, 'YES', NULL, NULL, NULL, 'NO', 852),
(309, 'سفته', 4, 'loan', 136, NULL, NULL, 'YES', NULL, NULL, NULL, 'NO', 853),
(310, 'سفته', 4, 'loan', 136, NULL, NULL, 'YES', NULL, NULL, NULL, 'NO', 854),
(311, 'سفته', 4, 'loan', 136, NULL, NULL, 'YES', NULL, NULL, NULL, 'NO', 855),
(312, 'سفته', 4, 'loan', 136, NULL, NULL, 'YES', NULL, NULL, NULL, 'NO', 856),
(313, 'سفته', 4, 'loan', 136, NULL, NULL, 'YES', NULL, NULL, NULL, 'NO', 857),
(314, 'سفته', 4, 'loan', 136, NULL, NULL, 'YES', NULL, NULL, NULL, 'NO', 858),
(315, 'سفته', 4, 'loan', 136, NULL, NULL, 'YES', NULL, NULL, NULL, 'NO', 859),
(316, 'سفته', 4, 'loan', 136, NULL, NULL, 'YES', NULL, NULL, NULL, 'NO', 860),
(317, 'سفته', 4, 'loan', 136, NULL, NULL, 'YES', NULL, NULL, NULL, 'NO', 861),
(318, 'سفته', 4, 'loan', 136, NULL, NULL, 'YES', NULL, NULL, NULL, 'NO', 862),
(319, 'ملی', 3, 'loan', 132, NULL, NULL, 'YES', NULL, NULL, NULL, 'NO', 863),
(320, 'ملی پردیس', 3, 'loan', 132, NULL, NULL, 'YES', NULL, NULL, NULL, 'NO', 864),
(321, 'تجارت دانشگاه شاهرود', 3, 'loan', 132, NULL, NULL, 'YES', NULL, NULL, NULL, 'NO', 865),
(322, 'تجارت دانشگاه فردوسی', 3, 'loan', 132, NULL, NULL, 'YES', NULL, NULL, NULL, 'NO', 866),
(323, 'تجارت دانشگاه فردوسی', 3, 'loan', 132, NULL, NULL, 'YES', NULL, NULL, NULL, 'NO', 867),
(324, 'تجارت شعبه دانشگاه', 3, 'loan', 137, NULL, NULL, 'YES', NULL, NULL, NULL, 'NO', 868),
(325, 'تجارت شعبه دانشگاه', 3, 'loan', 137, NULL, NULL, 'YES', NULL, NULL, NULL, 'NO', 869),
(326, 'ملی - چهارراه حجت', 3, 'loan', 138, NULL, NULL, 'YES', NULL, NULL, NULL, 'NO', 870),
(327, 'حکمت ایرانیان', 3, 'loan', 139, NULL, NULL, 'YES', NULL, NULL, NULL, 'YES', 871),
(328, 'حکمت ایرانیان', 3, 'loan', 139, NULL, NULL, 'YES', NULL, NULL, NULL, 'NO', 872),
(329, 'حکمت ایرانیان', 3, 'loan', 139, NULL, NULL, 'YES', NULL, NULL, NULL, 'NO', 873),
(330, 'حکمت ایرانیان', 3, 'loan', 139, NULL, NULL, 'YES', NULL, NULL, NULL, 'NO', 874),
(331, 'حکمت ایرانیان', 3, 'loan', 139, NULL, NULL, 'YES', NULL, NULL, NULL, 'NO', 875),
(332, 'حکمت ایرانیان', 3, 'loan', 139, NULL, NULL, 'YES', NULL, NULL, NULL, 'NO', 876),
(333, 'رفاه کارگران - بجنورد', 3, 'loan', 140, NULL, NULL, 'YES', NULL, NULL, NULL, 'NO', 877),
(334, 'رفاه کارگران', 3, 'loan', 140, NULL, NULL, 'YES', NULL, NULL, NULL, 'NO', 878),
(335, 'رفاه کارگران', 3, 'loan', 140, NULL, NULL, 'YES', NULL, NULL, NULL, 'NO', 879),
(336, 'رفاه کارگران', 3, 'loan', 140, NULL, NULL, 'YES', NULL, NULL, NULL, 'NO', 880),
(337, 'رفاه کارگران', 3, 'loan', 140, NULL, NULL, 'YES', NULL, NULL, NULL, 'NO', 881),
(338, 'رفاه کارگران', 3, 'loan', 140, NULL, NULL, 'YES', NULL, NULL, NULL, 'NO', 882),
(339, 'بانک شهر', 3, 'loan', 22, NULL, NULL, 'YES', NULL, NULL, NULL, 'NO', 886),
(340, 'بانک شهر', 3, 'loan', 22, NULL, NULL, 'YES', NULL, NULL, NULL, 'NO', 887),
(341, 'بانک شهر', 3, 'loan', 22, NULL, NULL, 'YES', NULL, NULL, NULL, 'NO', 888),
(342, 'بانک شهر', 3, 'loan', 28, NULL, NULL, 'YES', NULL, NULL, NULL, 'NO', 889),
(343, 'بانک شهر', 3, 'loan', 28, NULL, NULL, 'YES', NULL, NULL, NULL, 'NO', 890),
(344, 'بانک شهر', 3, 'loan', 28, NULL, NULL, 'YES', NULL, NULL, NULL, 'NO', 891),
(345, 'تجارت', 3, 'loan', 141, NULL, NULL, 'YES', NULL, NULL, NULL, 'NO', 892),
(346, 'کشاورزی', 3, 'loan', 142, NULL, NULL, 'YES', NULL, NULL, NULL, 'YES', 893),
(347, 'کشاورزی', 3, 'loan', 142, NULL, NULL, 'YES', NULL, NULL, NULL, 'NO', 894),
(348, 'کشاورزی', 3, 'loan', 142, NULL, NULL, 'YES', NULL, NULL, NULL, 'NO', 895),
(349, 'کشاورزی', 3, 'loan', 142, NULL, NULL, 'YES', NULL, NULL, NULL, 'NO', 896),
(350, 'کشاورزی', 3, 'loan', 142, NULL, NULL, 'YES', NULL, NULL, NULL, 'NO', 897),
(351, 'کشاورزی', 3, 'loan', 142, NULL, NULL, 'YES', NULL, NULL, NULL, 'NO', 898),
(352, 'ملت', 3, 'loan', 145, NULL, NULL, 'YES', NULL, NULL, NULL, 'NO', 899),
(353, 'مهر ایران', 3, 'loan', 145, NULL, NULL, 'YES', NULL, NULL, NULL, 'NO', 900),
(354, 'ملی پردیس', 3, 'loan', 144, NULL, NULL, 'YES', NULL, NULL, NULL, 'NO', 901),
(355, 'ملی', 3, 'loan', 143, NULL, NULL, 'YES', NULL, NULL, NULL, 'YES', 902),
(356, 'توسعه تعاون', 3, 'loan', 143, NULL, NULL, 'YES', NULL, NULL, NULL, 'YES', 903),
(357, 'ملی پردیس', 3, 'loan', 146, NULL, NULL, 'YES', NULL, NULL, NULL, 'NO', 904),
(358, 'تجارت دانشگاه فردوسی', 3, 'loan', 146, NULL, NULL, 'YES', NULL, NULL, NULL, 'NO', 905),
(359, 'ملی پردیس', 3, 'loan', 147, NULL, NULL, 'YES', NULL, NULL, NULL, 'NO', 906),
(360, 'سفته', 4, 'loan', 147, NULL, NULL, 'YES', NULL, NULL, NULL, 'NO', 907),
(361, 'سفته', 4, 'loan', 147, NULL, NULL, 'YES', NULL, NULL, NULL, 'NO', 908),
(362, 'سفته', 4, 'loan', 147, NULL, NULL, 'YES', NULL, NULL, NULL, 'NO', 909),
(363, 'سفته', 4, 'loan', 147, NULL, NULL, 'YES', NULL, NULL, NULL, 'NO', 910),
(364, 'پارسیان', 3, 'loan', 148, NULL, NULL, 'YES', NULL, NULL, NULL, 'NO', 911),
(365, 'مسکن', 3, 'loan', 148, NULL, NULL, 'YES', NULL, NULL, NULL, 'NO', 912),
(366, 'مسکن', 3, 'loan', 148, NULL, NULL, 'YES', NULL, NULL, NULL, 'NO', 913),
(367, 'سفته', 4, 'loan', 148, NULL, NULL, 'YES', NULL, NULL, NULL, 'NO', 914),
(368, 'سفته', 4, 'loan', 148, NULL, NULL, 'YES', NULL, NULL, NULL, 'NO', 915),
(369, 'سفته', 4, 'loan', 148, NULL, NULL, 'YES', NULL, NULL, NULL, 'NO', 916),
(370, 'ملی پردیس', 3, 'loan', 149, NULL, NULL, 'YES', NULL, NULL, NULL, 'NO', 917),
(371, 'کشاورزی', 3, 'loan', 149, NULL, NULL, 'YES', NULL, NULL, NULL, 'NO', 918),
(372, 'کشاورزی', 3, 'loan', 150, NULL, NULL, 'YES', NULL, NULL, NULL, 'NO', 919),
(373, 'سفته', 4, 'loan', 150, NULL, NULL, 'YES', NULL, NULL, NULL, 'NO', 920),
(374, 'سفته', 4, 'loan', 150, NULL, NULL, 'YES', NULL, NULL, NULL, 'NO', 921),
(375, 'سفته', 4, 'loan', 150, NULL, NULL, 'YES', NULL, NULL, NULL, 'NO', 922),
(376, 'سفته', 4, 'loan', 150, NULL, NULL, 'YES', NULL, NULL, NULL, 'NO', 923),
(377, 'سفته', 4, 'loan', 150, NULL, NULL, 'YES', NULL, NULL, NULL, 'NO', 924),
(378, 'ملی', 3, 'loan', 151, NULL, NULL, 'YES', NULL, NULL, NULL, 'NO', 925),
(379, 'سفته', 4, 'loan', 151, NULL, NULL, 'YES', NULL, NULL, NULL, 'NO', 926),
(380, 'سفته', 4, 'loan', 151, NULL, NULL, 'YES', NULL, NULL, NULL, 'NO', 927),
(381, 'پست بانک ایران', 3, 'loan', 152, NULL, NULL, 'YES', NULL, NULL, NULL, 'NO', 928),
(382, 'تجارت دانشگاه فردوسی', 3, 'loan', 152, NULL, NULL, 'YES', NULL, NULL, NULL, 'NO', 929),
(383, 'ملت', 3, 'loan', 154, NULL, NULL, 'YES', NULL, NULL, NULL, 'NO', 930),
(384, 'سفته', 4, 'loan', 154, NULL, NULL, 'YES', NULL, NULL, NULL, 'NO', 931),
(385, 'سفته', 4, 'loan', 154, NULL, NULL, 'YES', NULL, NULL, NULL, 'NO', 932),
(386, 'سفته', 4, 'loan', 154, NULL, NULL, 'YES', NULL, NULL, NULL, 'NO', 933),
(387, 'سفته', 4, 'loan', 154, NULL, NULL, 'YES', NULL, NULL, NULL, 'NO', 934),
(388, 'سفته', 4, 'loan', 154, NULL, NULL, 'YES', NULL, NULL, NULL, 'NO', 935),
(389, 'سفته', 4, 'loan', 154, NULL, NULL, 'YES', NULL, NULL, NULL, 'NO', 936),
(390, 'سفته', 4, 'loan', 154, NULL, NULL, 'YES', NULL, NULL, NULL, 'NO', 937),
(391, 'ملی', 3, 'loan', 155, NULL, NULL, 'YES', NULL, NULL, NULL, 'NO', 938),
(392, 'تجارت', 3, 'loan', 153, NULL, NULL, 'YES', NULL, NULL, NULL, 'NO', 939),
(393, 'تجارت', 3, 'loan', 153, NULL, NULL, 'YES', NULL, NULL, NULL, 'NO', 940),
(394, 'تجارت', 3, 'loan', 153, NULL, NULL, 'YES', NULL, NULL, NULL, 'NO', 941),
(395, 'تجارت', 3, 'loan', 153, NULL, NULL, 'YES', NULL, NULL, NULL, 'NO', 942),
(396, 'تجارت', 3, 'loan', 153, NULL, NULL, 'YES', NULL, NULL, NULL, 'NO', 943),
(397, 'تجارت', 3, 'loan', 153, NULL, NULL, 'YES', NULL, NULL, NULL, 'NO', 944),
(398, 'سپه', 3, 'loan', 100, NULL, NULL, 'YES', NULL, NULL, NULL, 'YES', 949),
(399, 'تجارت', 3, 'loan', 126, NULL, NULL, 'YES', NULL, NULL, NULL, 'NO', 951),
(400, 'سفته', 4, 'loan', 126, NULL, NULL, 'YES', NULL, NULL, NULL, 'NO', 952),
(401, 'سفته', 4, 'loan', 126, NULL, NULL, 'YES', NULL, NULL, NULL, 'NO', 953),
(402, 'سفته', 4, 'loan', 126, NULL, NULL, 'YES', NULL, NULL, NULL, 'NO', 954),
(403, 'ملی پردیس', 3, 'loan', 158, NULL, NULL, 'YES', NULL, NULL, NULL, 'NO', 955),
(404, 'ملی شریعتی', 3, 'loan', 158, NULL, NULL, 'YES', NULL, NULL, NULL, 'NO', 956),
(405, 'تجارت سجاد', 3, 'loan', 157, NULL, NULL, 'YES', NULL, NULL, NULL, 'NO', 957),
(406, 'اقتصاد نوین', 3, 'loan', 159, NULL, NULL, 'YES', NULL, NULL, NULL, 'NO', 958),
(407, 'اقتصاد نوین', 3, 'loan', 159, NULL, NULL, 'YES', NULL, NULL, NULL, 'NO', 959),
(408, 'اقتصاد نوین', 3, 'loan', 159, NULL, NULL, 'YES', NULL, NULL, NULL, 'NO', 960),
(409, 'اقتصاد نوین', 3, 'loan', 159, NULL, NULL, 'YES', NULL, NULL, NULL, 'NO', 961),
(410, 'اقتصاد نوین', 3, 'loan', 159, NULL, NULL, 'YES', NULL, NULL, NULL, 'NO', 962),
(411, 'اقتصاد نوین', 3, 'loan', 159, NULL, NULL, 'YES', NULL, NULL, NULL, 'NO', 963),
(412, 'حکمت ایرانیان', 3, 'loan', 160, NULL, NULL, 'YES', NULL, NULL, NULL, 'YES', 964),
(413, 'حکمت ایرانیان', 3, 'loan', 160, NULL, NULL, 'YES', NULL, NULL, NULL, 'YES', 965),
(414, 'قرض الحسنه رسالت', 3, 'loan', 160, NULL, NULL, 'YES', NULL, NULL, NULL, 'YES', 966),
(415, 'قرض الحسنه رسالت', 3, 'loan', 160, NULL, NULL, 'YES', NULL, NULL, NULL, 'YES', 967),
(416, 'ملی بجنورد', 3, 'loan', 161, NULL, NULL, 'YES', NULL, NULL, NULL, 'YES', 968),
(417, 'ملی بجنورد', 3, 'loan', 161, NULL, NULL, 'YES', NULL, NULL, NULL, 'YES', 969),
(418, 'ملی بجنورد', 3, 'loan', 161, NULL, NULL, 'YES', NULL, NULL, NULL, 'YES', 970),
(419, 'ملی بجنورد', 3, 'loan', 161, NULL, NULL, 'YES', NULL, NULL, NULL, 'YES', 971),
(420, 'پاسارگاد', 3, 'loan', 162, NULL, NULL, 'YES', NULL, NULL, NULL, 'NO', 972),
(421, 'تجارت', 3, 'loan', 162, NULL, NULL, 'YES', NULL, NULL, NULL, 'NO', 973),
(422, 'ملت', 3, 'loan', 162, NULL, NULL, 'YES', NULL, NULL, NULL, 'NO', 974),
(423, 'ملی', 3, 'loan', 163, NULL, NULL, 'YES', NULL, NULL, NULL, 'NO', 975),
(424, 'تجارت', 3, 'loan', 163, NULL, NULL, 'YES', NULL, NULL, NULL, 'NO', 976),
(425, 'ملت', 3, 'loan', 164, NULL, NULL, 'YES', NULL, NULL, NULL, 'NO', 977),
(426, 'سفته', 4, 'loan', 164, NULL, NULL, 'YES', NULL, NULL, NULL, 'NO', 978),
(427, 'سفته', 4, 'loan', 164, NULL, NULL, 'YES', NULL, NULL, NULL, 'NO', 979),
(428, 'سفته', 4, 'loan', 164, NULL, NULL, 'YES', NULL, NULL, NULL, 'NO', 980),
(429, 'سفته', 4, 'loan', 164, NULL, NULL, 'YES', NULL, NULL, NULL, 'NO', 981),
(430, 'سند ملکی - پلاک 274 ثبتی', 1, 'loan', 165, NULL, NULL, 'YES', NULL, NULL, NULL, 'NO', 982),
(431, 'وثیقه ملکی - ملک 18653', 1, 'loan', 159, NULL, NULL, 'YES', NULL, NULL, NULL, 'NO', 983),
(432, 'تجارت', 3, 'loan', 156, NULL, NULL, 'YES', NULL, NULL, NULL, 'NO', 984),
(433, 'وثیقه ملکی - ملک 238', 1, 'loan', 161, NULL, NULL, 'YES', NULL, NULL, NULL, 'NO', 985),
(434, 'وثیقه ملکی - 18653', 1, 'loan', 159, NULL, NULL, 'YES', NULL, NULL, NULL, 'NO', 986),
(435, 'وثیقه ملکی - ملک  18653', 1, 'loan', 159, NULL, NULL, 'YES', NULL, NULL, NULL, 'NO', 987),
(436, 'تجارت', 3, 'loan', 166, NULL, NULL, 'YES', NULL, NULL, NULL, 'NO', 988),
(437, 'تجارت', 3, 'loan', 166, NULL, NULL, 'YES', NULL, NULL, NULL, 'NO', 989),
(438, 'تجارت', 3, 'loan', 166, NULL, NULL, 'YES', NULL, NULL, NULL, 'NO', 990),
(439, 'وثیقه ملکی - ملک 35591', 1, 'loan', 166, NULL, NULL, 'YES', NULL, NULL, NULL, 'NO', 991),
(440, 'تجارت', 3, 'loan', 167, NULL, NULL, 'YES', NULL, NULL, NULL, 'NO', 992),
(441, 'تجارت', 3, 'loan', 167, NULL, NULL, 'YES', NULL, NULL, NULL, 'NO', 993),
(442, 'تجارت', 3, 'loan', 167, NULL, NULL, 'YES', NULL, NULL, NULL, 'NO', 994),
(443, 'تجارت', 3, 'loan', 167, NULL, NULL, 'YES', NULL, NULL, NULL, 'NO', 995),
(444, 'تجارت', 3, 'loan', 167, NULL, NULL, 'YES', NULL, NULL, NULL, 'NO', 996),
(445, 'تجارت', 3, 'loan', 167, NULL, NULL, 'YES', NULL, NULL, NULL, 'NO', 997),
(446, 'تجارت', 3, 'loan', 167, NULL, NULL, 'YES', NULL, NULL, NULL, 'NO', 998),
(447, 'وثیقه ملکی - ملک 2258', 1, 'loan', 167, NULL, NULL, 'YES', NULL, NULL, NULL, 'NO', 999),
(448, 'ملت', 3, 'loan', 169, NULL, NULL, 'YES', NULL, NULL, NULL, 'NO', 1188),
(449, 'سفته', 4, 'loan', 169, NULL, NULL, 'YES', NULL, NULL, NULL, 'NO', 1189),
(450, 'پاسارگاد', 3, 'loan', 171, NULL, NULL, 'YES', NULL, NULL, NULL, 'NO', 1190),
(451, 'پاسارگاد', 3, 'loan', 171, NULL, NULL, 'YES', NULL, NULL, NULL, 'NO', 1191),
(452, 'پاسارگاد', 3, 'loan', 171, NULL, NULL, 'YES', NULL, NULL, NULL, 'NO', 1192),
(453, 'ملی', 3, 'loan', 174, NULL, NULL, 'YES', NULL, NULL, NULL, 'NO', 1193),
(454, 'تجارت', 3, 'loan', 175, NULL, NULL, 'YES', NULL, NULL, NULL, 'NO', 1194),
(455, 'وثیقه ملکی - ملک 45479', 1, 'loan', 170, NULL, NULL, 'YES', NULL, NULL, NULL, 'NO', 1195),
(456, 'تجارت', 3, 'loan', 177, NULL, NULL, 'YES', NULL, NULL, NULL, 'NO', 1196),
(457, 'تجارت', 3, 'loan', 178, NULL, NULL, 'YES', NULL, NULL, NULL, 'NO', 1197),
(458, 'تجارت', 3, 'loan', 178, NULL, NULL, 'YES', NULL, NULL, NULL, 'NO', 1198),
(459, 'تجارت', 3, 'loan', 178, NULL, NULL, 'YES', NULL, NULL, NULL, 'NO', 1199),
(460, 'تجارت', 3, 'loan', 178, NULL, NULL, 'YES', NULL, NULL, NULL, 'NO', 1200),
(461, 'تجارت', 3, 'loan', 178, NULL, NULL, 'YES', NULL, NULL, NULL, 'NO', 1201),
(462, 'تجارت', 3, 'loan', 178, NULL, NULL, 'YES', NULL, NULL, NULL, 'NO', 1202),
(463, 'سند ملکی مازاد - پلاک 274', 1, 'loan', 178, NULL, NULL, 'YES', NULL, NULL, NULL, 'NO', 1203),
(464, 'ملی پردیس', 3, 'loan', 172, NULL, NULL, 'YES', NULL, NULL, NULL, 'NO', 1204),
(465, 'سینا', 3, 'loan', 172, NULL, NULL, 'YES', NULL, NULL, NULL, 'NO', 1205),
(466, 'توسعه تعاون', 3, 'loan', 176, NULL, NULL, 'YES', NULL, NULL, NULL, 'NO', 1206),
(467, 'توسعه تعاون', 3, 'loan', 176, NULL, NULL, 'YES', NULL, NULL, NULL, 'NO', 1207),
(468, 'توسعه تعاون', 3, 'loan', 176, NULL, NULL, 'YES', NULL, NULL, NULL, 'NO', 1208),
(469, 'توسعه تعاون', 3, 'loan', 176, NULL, NULL, 'YES', NULL, NULL, NULL, 'NO', 1209),
(470, 'توسعه تعاون', 3, 'loan', 176, NULL, NULL, 'YES', NULL, NULL, NULL, 'NO', 1210),
(471, 'توسعه تعاون', 3, 'loan', 176, NULL, NULL, 'YES', NULL, NULL, NULL, 'NO', 1211),
(472, 'توسعه تعاون', 3, 'loan', 176, NULL, NULL, 'YES', NULL, NULL, NULL, 'NO', 1212),
(473, 'توسعه تعاون', 3, 'loan', 176, NULL, NULL, 'YES', NULL, NULL, NULL, 'NO', 1213),
(474, 'توسعه تعاون', 3, 'loan', 176, NULL, NULL, 'YES', NULL, NULL, NULL, 'NO', 1214),
(475, 'ملی', 3, 'loan', 179, NULL, NULL, 'YES', NULL, NULL, NULL, 'NO', 1215),
(476, 'تجارت', 3, 'loan', 181, NULL, NULL, 'YES', NULL, NULL, NULL, 'NO', 1216),
(477, 'تجارت', 3, 'loan', 181, NULL, NULL, 'YES', NULL, NULL, NULL, 'NO', 1217),
(478, 'سفته', 4, 'loan', 182, NULL, NULL, 'YES', NULL, NULL, NULL, 'NO', 1218),
(479, 'سفته', 4, 'loan', 182, NULL, NULL, 'YES', NULL, NULL, NULL, 'NO', 1219),
(480, 'سفته', 4, 'loan', 182, NULL, NULL, 'YES', NULL, NULL, NULL, 'NO', 1220),
(481, 'سفته', 4, 'loan', 182, NULL, NULL, 'YES', NULL, NULL, NULL, 'NO', 1221),
(482, 'تجارت', 3, 'loan', 183, NULL, NULL, 'YES', NULL, NULL, NULL, 'NO', 1222),
(483, 'سفته', 4, 'loan', 183, NULL, NULL, 'YES', NULL, NULL, NULL, 'NO', 1223),
(484, 'سفته', 4, 'loan', 183, NULL, NULL, 'YES', NULL, NULL, NULL, 'NO', 1224),
(485, 'تجارت', 3, 'loan', 187, NULL, NULL, 'YES', NULL, NULL, NULL, 'NO', 1225),
(486, 'ملی', 3, 'loan', 186, NULL, NULL, 'YES', NULL, NULL, NULL, 'NO', 1226),
(487, 'تجارت', 3, 'loan', 188, NULL, NULL, 'YES', NULL, NULL, NULL, 'NO', 1227),
(488, 'سفته', 4, 'loan', 188, NULL, NULL, 'YES', NULL, NULL, NULL, 'NO', 1228),
(489, 'سفته', 4, 'loan', 188, NULL, NULL, 'YES', NULL, NULL, NULL, 'NO', 1229),
(490, 'سفته', 4, 'loan', 188, NULL, NULL, 'YES', NULL, NULL, NULL, 'NO', 1230),
(491, 'سفته', 4, 'loan', 188, NULL, NULL, 'YES', NULL, NULL, NULL, 'NO', 1231),
(492, 'سفته', 4, 'loan', 188, NULL, NULL, 'YES', NULL, NULL, NULL, 'NO', 1232),
(493, 'تجارت', 3, 'loan', 191, NULL, NULL, 'YES', NULL, NULL, NULL, 'NO', 1233),
(494, 'ملی', 3, 'loan', 191, NULL, NULL, 'YES', NULL, NULL, NULL, 'NO', 1234),
(495, 'آینده', 3, 'loan', 185, NULL, NULL, 'YES', NULL, NULL, NULL, 'NO', 1235),
(496, 'مهر ایران', 3, 'loan', 185, NULL, NULL, 'YES', NULL, NULL, NULL, 'NO', 1236),
(497, 'مهر ایران', 3, 'loan', 185, NULL, NULL, 'YES', NULL, NULL, NULL, 'NO', 1237),
(498, 'مهر ایران', 3, 'loan', 185, NULL, NULL, 'YES', NULL, NULL, NULL, 'NO', 1238),
(499, 'مهر ایران', 3, 'loan', 185, NULL, NULL, 'YES', NULL, NULL, NULL, 'NO', 1239),
(500, 'مهرایران', 3, 'loan', 185, NULL, NULL, 'YES', NULL, NULL, NULL, 'NO', 1240),
(501, 'پاسارگاد', 3, 'loan', 184, NULL, NULL, 'YES', NULL, NULL, NULL, 'NO', 1241),
(502, 'پاسارگاد', 3, 'loan', 184, NULL, NULL, 'YES', NULL, NULL, NULL, 'NO', 1242),
(503, 'پاسارگاد', 3, 'loan', 184, NULL, NULL, 'YES', NULL, NULL, NULL, 'NO', 1243),
(504, 'پاسارگاد', 3, 'loan', 184, NULL, NULL, 'YES', NULL, NULL, NULL, 'NO', 1244),
(505, 'پاسارگاد', 3, 'loan', 184, NULL, NULL, 'YES', NULL, NULL, NULL, 'NO', 1245),
(506, 'پاسارگاد', 3, 'loan', 184, NULL, NULL, 'YES', NULL, NULL, NULL, 'NO', 1246),
(507, 'ملی', 3, 'loan', 192, NULL, NULL, 'YES', NULL, NULL, NULL, 'NO', 1247),
(508, 'ملی', 3, 'loan', 192, NULL, NULL, 'YES', NULL, NULL, NULL, 'NO', 1248),
(509, 'سفته', 4, 'loan', 192, NULL, NULL, 'YES', NULL, NULL, NULL, 'NO', 1249),
(510, 'ملی', 3, 'loan', 173, NULL, NULL, 'YES', NULL, NULL, NULL, 'NO', 1250),
(511, 'ملی', 3, 'loan', 173, NULL, NULL, 'YES', NULL, NULL, NULL, 'NO', 1251),
(512, 'ملی', 3, 'loan', 173, NULL, NULL, 'YES', NULL, NULL, NULL, 'NO', 1252),
(513, 'ملی', 3, 'loan', 173, NULL, NULL, 'YES', NULL, NULL, NULL, 'NO', 1253),
(514, 'ملی', 3, 'loan', 173, NULL, NULL, 'YES', NULL, NULL, NULL, 'NO', 1254),
(515, 'ملی', 3, 'loan', 173, NULL, NULL, 'YES', NULL, NULL, NULL, 'NO', 1255),
(516, 'تجارت', 3, 'loan', 193, NULL, NULL, 'YES', NULL, NULL, NULL, 'NO', 1256),
(517, 'تجارت', 3, 'loan', 193, NULL, NULL, 'YES', NULL, NULL, NULL, 'NO', 1257),
(518, 'تجارت', 3, 'loan', 193, NULL, NULL, 'YES', NULL, NULL, NULL, 'NO', 1258),
(519, 'تجارت', 3, 'loan', 193, NULL, NULL, 'YES', NULL, NULL, NULL, 'NO', 1259),
(520, 'تجارت', 3, 'loan', 193, NULL, NULL, 'YES', NULL, NULL, NULL, 'NO', 1260),
(521, 'تجارت', 3, 'loan', 193, NULL, NULL, 'YES', NULL, NULL, NULL, 'NO', 1261),
(522, 'وثیقه ملکی - ملک 38464', 1, 'loan', 193, NULL, NULL, 'YES', NULL, NULL, NULL, 'NO', 1262),
(523, 'پاسارگاد', 3, 'loan', 194, NULL, NULL, 'YES', NULL, NULL, NULL, 'NO', 1263),
(524, 'پاسارگاد', 3, 'loan', 194, NULL, NULL, 'YES', NULL, NULL, NULL, 'NO', 1264),
(525, 'پاسارگاد', 3, 'loan', 194, NULL, NULL, 'YES', NULL, NULL, NULL, 'NO', 1265),
(526, 'پاسارگاد', 3, 'loan', 194, NULL, NULL, 'YES', NULL, NULL, NULL, 'NO', 1266),
(527, 'پاسارگاد', 3, 'loan', 194, NULL, NULL, 'YES', NULL, NULL, NULL, 'NO', 1267),
(528, 'پاسارگاد', 3, 'loan', 194, NULL, NULL, 'YES', NULL, NULL, NULL, 'NO', 1269),
(529, 'وثیقه ملکی - ملک 8447', 1, 'loan', 194, NULL, NULL, 'YES', NULL, NULL, NULL, 'NO', 1270),
(530, 'تجارت', 3, 'loan', 190, NULL, NULL, 'YES', NULL, NULL, NULL, 'NO', 1271),
(531, 'تجارت', 3, 'loan', 189, NULL, NULL, 'YES', NULL, NULL, NULL, 'NO', 1272),
(532, 'ملیحه علیزاده قیاس آیاد', 3, 'loan', 197, NULL, NULL, 'YES', NULL, NULL, NULL, 'NO', 1282),
(533, 'وثیقه ملکی - وثیقه ملکی', 1, 'loan', 198, NULL, NULL, 'YES', NULL, NULL, NULL, 'NO', 1283),
(534, 'سفته', 4, 'loan', 196, NULL, NULL, 'YES', NULL, NULL, NULL, 'NO', 1284),
(535, 'سفته', 4, 'loan', 196, NULL, NULL, 'YES', NULL, NULL, NULL, 'NO', 1285),
(536, 'سفته', 4, 'loan', 196, NULL, NULL, 'YES', NULL, NULL, NULL, 'NO', 1286),
(537, 'ملی علی مردانی', 3, 'loan', 196, NULL, NULL, 'YES', NULL, NULL, NULL, 'NO', 1287),
(538, 'ملی علیمردانی', 3, 'loan', 196, NULL, NULL, 'YES', NULL, NULL, NULL, 'NO', 1288),
(539, 'ملی', 3, 'loan', 62, NULL, NULL, 'YES', NULL, NULL, NULL, 'NO', 1289),
(540, 'ملی', 3, 'loan', 62, NULL, NULL, 'YES', NULL, NULL, NULL, 'NO', 1290),
(541, 'تجارت', 3, 'loan', 63, NULL, NULL, 'YES', NULL, NULL, NULL, 'NO', 1291),
(542, 'تجارت', 3, 'loan', 60, NULL, NULL, 'YES', NULL, NULL, NULL, 'NO', 1292),
(543, 'تجارت', 3, 'loan', 60, NULL, NULL, 'YES', NULL, NULL, NULL, 'NO', 1293),
(544, 'پاسارگاد', 3, 'loan', 40, NULL, NULL, 'YES', NULL, NULL, NULL, 'NO', 1294),
(545, 'ملت', 3, 'loan', 40, NULL, NULL, 'YES', NULL, NULL, NULL, 'NO', 1295),
(546, 'صادرات', 3, 'loan', 38, NULL, NULL, 'YES', NULL, NULL, NULL, 'NO', 1296),
(547, 'سفته', 4, 'loan', 38, NULL, NULL, 'YES', NULL, NULL, NULL, 'NO', 1297),
(548, 'سفته', 4, 'loan', 38, NULL, NULL, 'YES', NULL, NULL, NULL, 'NO', 1298),
(549, 'سفته', 4, 'loan', 38, NULL, NULL, 'YES', NULL, NULL, NULL, 'NO', 1299),
(550, 'سفته', 4, 'loan', 38, NULL, NULL, 'YES', NULL, NULL, NULL, 'NO', 1300),
(551, 'تجارت', 3, 'loan', 64, NULL, NULL, 'YES', NULL, NULL, NULL, 'NO', 1301),
(552, 'ملی', 3, 'loan', 64, NULL, NULL, 'YES', NULL, NULL, NULL, 'NO', 1302),
(553, 'ملی', 3, 'loan', 97, NULL, NULL, 'YES', NULL, NULL, NULL, 'NO', 1308),
(554, 'سفته', 4, 'loan', 97, NULL, NULL, 'YES', NULL, NULL, NULL, 'NO', 1309),
(555, 'سفته', 4, 'loan', 97, NULL, NULL, 'YES', NULL, NULL, NULL, 'NO', 1310),
(556, 'سفته', 4, 'loan', 97, NULL, NULL, 'YES', NULL, NULL, NULL, 'NO', 1311),
(557, 'ملت سید مجتبی صحاف', 3, 'loan', 199, NULL, NULL, 'YES', NULL, NULL, NULL, 'NO', 1312),
(558, 'سفته', 4, 'loan', 199, NULL, NULL, 'YES', NULL, NULL, NULL, 'NO', 1313),
(559, 'سفته', 4, 'loan', 199, NULL, NULL, 'YES', NULL, NULL, NULL, 'NO', 1314),
(560, 'سفته', 4, 'loan', 199, NULL, NULL, 'YES', NULL, NULL, NULL, 'NO', 1315),
(561, 'ملی محمدشکوهی فر', 3, 'loan', 200, NULL, NULL, 'YES', NULL, NULL, NULL, 'NO', 1316),
(562, 'سامان عادل سپهر', 3, 'loan', 200, NULL, NULL, 'YES', NULL, NULL, NULL, 'NO', 1317),
(563, 'توسعه تعاون انگاره فیزیک', 3, 'loan', 201, NULL, NULL, 'YES', NULL, NULL, NULL, 'NO', 1318),
(564, 'ملی علیزاده قمصری', 3, 'loan', 201, NULL, NULL, 'YES', NULL, NULL, NULL, 'NO', 1319),
(565, 'ملت', 3, 'loan', 195, NULL, NULL, 'YES', NULL, NULL, NULL, 'NO', 1320),
(566, 'سفته', 4, 'loan', 195, NULL, NULL, 'YES', NULL, NULL, NULL, 'NO', 1321),
(567, 'سفته', 4, 'loan', 195, NULL, NULL, 'YES', NULL, NULL, NULL, 'NO', 1322),
(568, 'ملی جوادی مال آباد', 3, 'loan', 202, NULL, NULL, 'YES', NULL, NULL, NULL, 'NO', 1323),
(569, 'کشاورزی', 3, 'loan', 202, NULL, NULL, 'YES', NULL, NULL, NULL, 'NO', 1324),
(570, 'وثیقه ملکی رضا درودی - وثیقه ملکی 545698', 1, 'loan', 180, NULL, NULL, 'YES', NULL, NULL, NULL, 'NO', 1325),
(571, 'دفتر110مشهد - 20099', 7, 'loan', 203, NULL, NULL, 'YES', NULL, NULL, NULL, 'NO', 1326),
(572, 'تجارت', 3, 'loan', 204, NULL, NULL, 'YES', NULL, NULL, NULL, 'NO', 1327),
(573, 'سفته', 4, 'loan', 204, NULL, NULL, 'YES', NULL, NULL, NULL, 'NO', 1328),
(574, 'سفته', 4, 'loan', 204, NULL, NULL, 'YES', NULL, NULL, NULL, 'NO', 1329),
(575, 'سفته', 4, 'loan', 204, NULL, NULL, 'YES', NULL, NULL, NULL, 'NO', 1330);
INSERT INTO `DMS_documents` (`DocumentID`, `DocDesc`, `DocType`, `ObjectType`, `ObjectID`, `FileType`, `FileContent`, `IsConfirm`, `RegPersonID`, `ConfirmPersonID`, `RejectDesc`, `IsReturned`, `imp_DetailID`) VALUES
(576, 'وثیقه ملکی - 1', 1, 'loan', 205, NULL, NULL, 'YES', NULL, NULL, NULL, 'NO', 1331),
(577, 'صادرات شرکت خاک و سنگ الماس', 3, 'loan', 206, NULL, NULL, 'YES', NULL, NULL, NULL, 'NO', 1332),
(578, 'ملی شرکت سورن تک توس', 3, 'loan', 206, NULL, NULL, 'YES', NULL, NULL, NULL, 'NO', 1333),
(579, 'سفته', 4, 'loan', 206, NULL, NULL, 'YES', NULL, NULL, NULL, 'NO', 1334),
(580, 'سفته', 4, 'loan', 206, NULL, NULL, 'YES', NULL, NULL, NULL, 'NO', 1335),
(581, 'سفته', 4, 'loan', 206, NULL, NULL, 'YES', NULL, NULL, NULL, 'NO', 1336),
(582, 'سفته', 4, 'loan', 206, NULL, NULL, 'YES', NULL, NULL, NULL, 'NO', 1337),
(583, 'سامان سامان داروی هشتم', 3, 'loan', 207, NULL, NULL, 'YES', NULL, NULL, NULL, 'NO', 1338),
(584, 'سفته', 4, 'loan', 207, NULL, NULL, 'YES', NULL, NULL, NULL, 'NO', 1339),
(585, 'سفته', 4, 'loan', 207, NULL, NULL, 'YES', NULL, NULL, NULL, 'NO', 1340),
(586, 'سفته', 4, 'loan', 207, NULL, NULL, 'YES', NULL, NULL, NULL, 'NO', 1341),
(587, 'سفته', 4, 'loan', 207, NULL, NULL, 'YES', NULL, NULL, NULL, 'NO', 1342),
(588, 'تجارت اتوماسیون اداری', 3, 'loan', 208, NULL, NULL, 'YES', NULL, NULL, NULL, 'NO', 1343),
(589, 'تجارت محمدهنرور', 3, 'loan', 208, NULL, NULL, 'YES', NULL, NULL, NULL, 'NO', 1344),
(590, 'سفته', 4, 'loan', 208, NULL, NULL, 'YES', NULL, NULL, NULL, 'NO', 1345),
(591, 'سفته', 4, 'loan', 208, NULL, NULL, 'YES', NULL, NULL, NULL, 'NO', 1346),
(592, 'سفته', 4, 'loan', 208, NULL, NULL, 'YES', NULL, NULL, NULL, 'NO', 1347),
(593, 'سفته', 4, 'loan', 208, NULL, NULL, 'YES', NULL, NULL, NULL, 'NO', 1348),
(594, 'سفته', 4, 'loan', 208, NULL, NULL, 'YES', NULL, NULL, NULL, 'NO', 1349),
(595, 'سفته', 4, 'loan', 208, NULL, NULL, 'YES', NULL, NULL, NULL, 'NO', 1350),
(596, 'سفته', 4, 'loan', 208, NULL, NULL, 'YES', NULL, NULL, NULL, 'NO', 1351),
(597, 'تجارت', 3, 'loan', 209, NULL, NULL, 'YES', NULL, NULL, NULL, 'NO', 1355),
(598, 'سفته', 4, 'loan', 209, NULL, NULL, 'YES', NULL, NULL, NULL, 'NO', 1356),
(599, 'تجارت دانشگاه فردوسی', 3, 'loan', 211, NULL, NULL, 'YES', NULL, NULL, NULL, 'NO', 1357),
(600, 'سفته', 4, 'loan', 211, NULL, NULL, 'YES', NULL, NULL, NULL, 'NO', 1358),
(601, 'تجارت سیادتی', 3, 'loan', 212, NULL, NULL, 'YES', NULL, NULL, NULL, 'NO', 1359),
(602, 'ملی پردیس', 3, 'loan', 213, NULL, NULL, 'YES', NULL, NULL, NULL, 'NO', 1360),
(603, 'ملی پردیس', 3, 'loan', 213, NULL, NULL, 'YES', NULL, NULL, NULL, 'NO', 1361),
(604, 'اقتصاد نوین', 3, 'loan', 215, NULL, NULL, 'YES', NULL, NULL, NULL, 'NO', 1362),
(605, 'سفته', 4, 'loan', 215, NULL, NULL, 'YES', NULL, NULL, NULL, 'NO', 1363),
(606, 'سفته', 4, 'loan', 215, NULL, NULL, 'YES', NULL, NULL, NULL, 'NO', 1364),
(607, 'سفته', 4, 'loan', 215, NULL, NULL, 'YES', NULL, NULL, NULL, 'NO', 1365),
(608, 'اقتصاد نوین', 3, 'loan', 215, NULL, NULL, 'YES', NULL, NULL, NULL, 'NO', 1366),
(609, 'ملی', 3, 'loan', 216, NULL, NULL, 'YES', NULL, NULL, NULL, 'NO', 1367),
(610, 'سپه طلائی', 3, 'loan', 217, NULL, NULL, 'YES', NULL, NULL, NULL, 'NO', 1368),
(611, 'ملی', 3, 'loan', 217, NULL, NULL, 'YES', NULL, NULL, NULL, 'NO', 1369),
(612, 'پاسارگاد', 3, 'loan', 218, NULL, NULL, 'YES', NULL, NULL, NULL, 'NO', 1370),
(613, 'سفته', 4, 'loan', 218, NULL, NULL, 'YES', NULL, NULL, NULL, 'NO', 1371),
(614, 'سفته', 4, 'loan', 218, NULL, NULL, 'YES', NULL, NULL, NULL, 'NO', 1372),
(615, 'سفته', 4, 'loan', 218, NULL, NULL, 'YES', NULL, NULL, NULL, 'NO', 1373),
(616, 'سفته', 4, 'loan', 218, NULL, NULL, 'YES', NULL, NULL, NULL, 'NO', 1374),
(617, 'سفته', 4, 'loan', 218, NULL, NULL, 'YES', NULL, NULL, NULL, 'NO', 1375),
(618, 'سفته', 4, 'loan', 218, NULL, NULL, 'YES', NULL, NULL, NULL, 'NO', 1376),
(619, 'ملی', 3, 'loan', 219, NULL, NULL, 'YES', NULL, NULL, NULL, 'NO', 1377),
(620, 'سفته', 4, 'loan', 219, NULL, NULL, 'YES', NULL, NULL, NULL, 'NO', 1378),
(621, 'سفته', 4, 'loan', 219, NULL, NULL, 'YES', NULL, NULL, NULL, 'NO', 1379),
(622, 'سفته', 4, 'loan', 219, NULL, NULL, 'YES', NULL, NULL, NULL, 'NO', 1380),
(623, 'سفته', 4, 'loan', 219, NULL, NULL, 'YES', NULL, NULL, NULL, 'NO', 1381),
(624, 'سفته', 4, 'loan', 219, NULL, NULL, 'YES', NULL, NULL, NULL, 'NO', 1382),
(625, 'سفته', 4, 'loan', 219, NULL, NULL, 'YES', NULL, NULL, NULL, 'NO', 1383),
(626, 'ملی', 3, 'loan', 220, NULL, NULL, 'YES', NULL, NULL, NULL, 'NO', 1384),
(627, 'ملی', 3, 'loan', 220, NULL, NULL, 'YES', NULL, NULL, NULL, 'NO', 1385),
(628, 'صندوق پزوهش - سهام شرکت از صندوق', 7, 'loan', 221, NULL, NULL, 'YES', NULL, NULL, NULL, 'NO', 1386),
(629, 'ملت', 3, 'loan', 222, NULL, NULL, 'YES', NULL, NULL, NULL, 'NO', 1387),
(630, 'ملی', 3, 'loan', 222, NULL, NULL, 'YES', NULL, NULL, NULL, 'NO', 1388),
(631, 'توسعه تعاون', 3, 'loan', 223, NULL, NULL, 'YES', NULL, NULL, NULL, 'NO', 1389),
(632, 'سفته', 4, 'loan', 223, NULL, NULL, 'YES', NULL, NULL, NULL, 'NO', 1390),
(633, 'سفته', 4, 'loan', 223, NULL, NULL, 'YES', NULL, NULL, NULL, 'NO', 1391),
(634, 'سفته', 4, 'loan', 223, NULL, NULL, 'YES', NULL, NULL, NULL, 'NO', 1392),
(635, 'ملی', 3, 'loan', 224, NULL, NULL, 'YES', NULL, NULL, NULL, 'NO', 1393),
(636, 'سفته', 4, 'loan', 224, NULL, NULL, 'YES', NULL, NULL, NULL, 'NO', 1394),
(637, 'سفته', 4, 'loan', 224, NULL, NULL, 'YES', NULL, NULL, NULL, 'NO', 1395),
(638, 'دفتراسناد110مشهد - 20090', 7, 'loan', 224, NULL, NULL, 'YES', NULL, NULL, NULL, 'NO', 1396),
(639, 'دفتراسناد110مشهد - 20477', 7, 'loan', 225, NULL, NULL, 'YES', NULL, NULL, NULL, 'NO', 1397),
(640, 'سپه', 3, 'loan', 226, NULL, NULL, 'YES', NULL, NULL, NULL, 'NO', 1398),
(641, 'سفته 229', 4, 'loan', 226, NULL, NULL, 'YES', NULL, NULL, NULL, 'NO', 1399),
(642, 'سفته', 4, 'loan', 226, NULL, NULL, 'YES', NULL, NULL, NULL, 'NO', 1400),
(643, 'سفته', 4, 'loan', 226, NULL, NULL, 'YES', NULL, NULL, NULL, 'NO', 1401),
(644, 'اساسنامه', 41, 'person', 1001, 'jpg', 0xffd8ffe000104a46494600010201006000600000ffe1302d4578696600004d4d002a00000008000d010e000200000010000000aa011200030000000100010000011a000500000001000000ba011b000500000001000000c2012800030000000100020000013100020000001c000000ca0132000200000014000000e6013b00020000001c000000fa829800020000001c000001169c9b000100000020000001329c9d00010000003800000152ea1c0007000007c40000018a87690004000000010000095000001194, 'YES', 1001, 1000, NULL, 'NO', NULL);

-- --------------------------------------------------------

--
-- Table structure for table `DMS_packages`
--

CREATE TABLE IF NOT EXISTS `DMS_packages` (
  `PackageID` int(10) unsigned NOT NULL AUTO_INCREMENT COMMENT 'کد بسته',
  `PackDesc` varchar(500) CHARACTER SET utf8 NOT NULL COMMENT 'عتوان',
  `ObjectType` varchar(50) CHARACTER SET utf8 DEFAULT NULL COMMENT 'نوع آبجکت',
  `ObjectID` int(10) unsigned DEFAULT NULL COMMENT 'کد آبجکت',
  `description` varchar(1000) CHARACTER SET utf8 DEFAULT NULL COMMENT 'توضیحات',
  PRIMARY KEY (`PackageID`)
) ENGINE=InnoDB DEFAULT CHARSET=latin1 AUTO_INCREMENT=1 ;

-- --------------------------------------------------------

--
-- Table structure for table `FGR_FormElements`
--

CREATE TABLE IF NOT EXISTS `FGR_FormElements` (
  `ElementID` int(10) unsigned NOT NULL AUTO_INCREMENT,
  `FormID` int(10) unsigned NOT NULL,
  `ElTitle` varchar(45) CHARACTER SET utf8 NOT NULL,
  `ElType` varchar(45) NOT NULL,
  `ElValue` varchar(45) DEFAULT NULL,
  `RefField` varchar(45) DEFAULT NULL,
  `TypeID` int(10) unsigned DEFAULT NULL,
  `ordering` varchar(45) NOT NULL,
  `width` varchar(45) DEFAULT NULL,
  PRIMARY KEY (`ElementID`)
) ENGINE=InnoDB  DEFAULT CHARSET=latin1 AUTO_INCREMENT=4 ;

--
-- Dumping data for table `FGR_FormElements`
--

INSERT INTO `FGR_FormElements` (`ElementID`, `FormID`, `ElTitle`, `ElType`, `ElValue`, `RefField`, `TypeID`, `ordering`, `width`) VALUES
(1, 1, 'مدت مرخصی', 'combo', '1:2:3', NULL, 0, '1', '50'),
(2, 1, 'سمتنبی سمین', 'textfield', NULL, NULL, 0, '2', NULL),
(3, 1, 'شسیشس', 'currencyfield', NULL, NULL, 0, '3', NULL);

-- --------------------------------------------------------

--
-- Table structure for table `FGR_forms`
--

CREATE TABLE IF NOT EXISTS `FGR_forms` (
  `FormID` int(10) unsigned NOT NULL AUTO_INCREMENT COMMENT 'کد فرم',
  `FormName` varchar(500) NOT NULL COMMENT 'عنوان فرم',
  `reference` varchar(45) DEFAULT NULL COMMENT 'آیتم',
  `FileInclude` enum('YES','NO') DEFAULT 'NO',
  PRIMARY KEY (`FormID`)
) ENGINE=InnoDB  DEFAULT CHARSET=utf8 AUTO_INCREMENT=2 ;

--
-- Dumping data for table `FGR_forms`
--

INSERT INTO `FGR_forms` (`FormID`, `FormName`, `reference`, `FileInclude`) VALUES
(1, 'فرم تستی', NULL, 'NO');

-- --------------------------------------------------------

--
-- Table structure for table `FGR_StepElements`
--

CREATE TABLE IF NOT EXISTS `FGR_StepElements` (
  `StepID` int(10) unsigned NOT NULL,
  `ElementID` int(10) unsigned NOT NULL,
  PRIMARY KEY (`StepID`,`ElementID`)
) ENGINE=InnoDB DEFAULT CHARSET=latin1;

-- --------------------------------------------------------

--
-- Table structure for table `FGR_steps`
--

CREATE TABLE IF NOT EXISTS `FGR_steps` (
  `StepID` int(10) unsigned NOT NULL AUTO_INCREMENT COMMENT 'کد مرحله',
  `FormID` int(10) unsigned NOT NULL COMMENT 'کد فرم',
  `ordering` smallint(5) unsigned NOT NULL COMMENT 'ترتیب',
  `StepTitle` varchar(200) NOT NULL COMMENT 'عنوان مرحله',
  `PostID` int(10) unsigned NOT NULL COMMENT 'پست',
  `BreakDuration` smallint(5) unsigned NOT NULL COMMENT 'مهلت به روز',
  PRIMARY KEY (`StepID`),
  KEY `FK_FGR_steps_1` (`FormID`)
) ENGINE=InnoDB  DEFAULT CHARSET=latin1 AUTO_INCREMENT=5 ;

--
-- Dumping data for table `FGR_steps`
--

INSERT INTO `FGR_steps` (`StepID`, `FormID`, `ordering`, `StepTitle`, `PostID`, `BreakDuration`) VALUES
(2, 1, 1, 'sdsds', 2, 2),
(3, 1, 2, 'dsfsdfsd', 1, 3),
(4, 1, 3, 'fffffff', 1, 3);

-- --------------------------------------------------------

--
-- Table structure for table `FRW_access`
--

CREATE TABLE IF NOT EXISTS `FRW_access` (
  `MenuID` int(11) NOT NULL,
  `PersonID` int(11) NOT NULL,
  `ViewFlag` enum('YES','NO') DEFAULT 'NO',
  `AddFlag` enum('YES','NO') DEFAULT 'NO',
  `EditFlag` enum('YES','NO') DEFAULT 'NO',
  `RemoveFlag` enum('YES','NO') DEFAULT 'NO',
  PRIMARY KEY (`MenuID`,`PersonID`)
) ENGINE=InnoDB DEFAULT CHARSET=utf8;

--
-- Dumping data for table `FRW_access`
--

INSERT INTO `FRW_access` (`MenuID`, `PersonID`, `ViewFlag`, `AddFlag`, `EditFlag`, `RemoveFlag`) VALUES
(3, 1000, 'YES', 'YES', 'YES', 'YES'),
(4, 1000, 'YES', 'YES', 'YES', 'YES'),
(5, 1000, 'YES', 'YES', 'YES', 'YES'),
(6, 1000, 'YES', 'YES', 'YES', 'YES'),
(8, 1000, 'YES', 'YES', 'YES', 'YES'),
(10, 1000, 'YES', 'YES', 'YES', 'YES'),
(11, 1000, 'YES', 'YES', 'YES', 'YES'),
(12, 1000, 'YES', 'YES', 'YES', 'YES'),
(14, 1000, 'YES', 'YES', 'YES', 'YES'),
(16, 1000, 'YES', 'YES', 'YES', 'YES'),
(18, 1000, 'YES', 'YES', 'YES', 'YES'),
(22, 1000, 'YES', 'YES', 'YES', 'YES'),
(23, 1000, 'YES', 'YES', 'YES', 'YES'),
(25, 1000, 'YES', 'YES', 'YES', 'YES'),
(26, 1000, 'YES', 'YES', 'YES', 'YES'),
(27, 1000, 'YES', 'YES', 'YES', 'YES'),
(28, 1000, 'YES', 'YES', 'YES', 'YES'),
(30, 1000, 'YES', 'YES', 'YES', 'YES'),
(31, 1000, 'YES', 'YES', 'YES', 'YES'),
(32, 1000, 'YES', 'YES', 'YES', 'YES'),
(33, 1000, 'YES', 'YES', 'YES', 'YES'),
(34, 1000, 'YES', 'YES', 'YES', 'YES'),
(35, 1000, 'YES', 'YES', 'YES', 'YES'),
(36, 1000, 'YES', 'YES', 'YES', 'YES'),
(38, 1000, 'YES', 'YES', 'YES', 'YES'),
(45, 1000, 'YES', 'YES', 'YES', 'YES'),
(49, 1000, 'YES', 'YES', 'YES', 'YES'),
(50, 1000, 'YES', 'YES', 'YES', 'YES'),
(53, 1000, 'YES', 'YES', 'YES', 'YES'),
(53, 1008, 'YES', 'YES', 'YES', 'YES'),
(53, 1009, 'YES', 'YES', 'YES', 'YES'),
(54, 1000, 'YES', 'YES', 'YES', 'YES'),
(56, 1000, 'YES', 'YES', 'YES', 'YES'),
(57, 1000, 'YES', 'YES', 'YES', 'YES');

-- --------------------------------------------------------

--
-- Table structure for table `FRW_menus`
--

CREATE TABLE IF NOT EXISTS `FRW_menus` (
  `SystemID` int(10) unsigned NOT NULL,
  `MenuID` int(11) NOT NULL AUTO_INCREMENT,
  `ParentID` int(10) unsigned DEFAULT NULL,
  `MenuDesc` varchar(500) NOT NULL,
  `IsActive` enum('YES','NO') NOT NULL DEFAULT 'YES',
  `ordering` smallint(5) unsigned DEFAULT NULL,
  `icon` varchar(200) DEFAULT NULL,
  `MenuPath` varchar(500) DEFAULT NULL,
  `IsCustomer` enum('YES','NO') NOT NULL DEFAULT 'NO',
  `IsShareholder` enum('YES','NO') NOT NULL DEFAULT 'NO',
  `IsStaff` enum('YES','NO') NOT NULL DEFAULT 'NO',
  `IsAgent` enum('YES','NO') NOT NULL DEFAULT 'NO',
  `IsSupporter` enum('YES','NO') NOT NULL DEFAULT 'NO',
  PRIMARY KEY (`MenuID`),
  KEY `FK_FRW_menus_1` (`SystemID`)
) ENGINE=InnoDB  DEFAULT CHARSET=utf8 AUTO_INCREMENT=59 ;

--
-- Dumping data for table `FRW_menus`
--

INSERT INTO `FRW_menus` (`SystemID`, `MenuID`, `ParentID`, `MenuDesc`, `IsActive`, `ordering`, `icon`, `MenuPath`, `IsCustomer`, `IsShareholder`, `IsStaff`, `IsAgent`, `IsSupporter`) VALUES
(1, 1, 0, 'مدیریت  سیستم ها', 'YES', 1, NULL, NULL, 'NO', 'NO', 'NO', 'NO', 'NO'),
(1, 2, 0, 'مدیریت کاربران', 'YES', 2, NULL, NULL, 'NO', 'NO', 'NO', 'NO', 'NO'),
(1, 3, 1, 'مدیریت سیستم ها', 'YES', 1, NULL, 'management/systems.php', 'NO', 'NO', 'NO', 'NO', 'NO'),
(1, 4, 1, 'مدیریت منوها', 'YES', 2, NULL, 'management/menus.php', 'NO', 'NO', 'NO', 'NO', 'NO'),
(1, 5, 2, 'دسترسی کاربران', 'YES', 2, 'access.gif', 'management/UserAccess.php', 'NO', 'NO', 'NO', 'NO', 'NO'),
(1, 6, 2, 'مدیریت ذینفعان', 'YES', 1, 'users.gif', 'person/persons.php', 'NO', 'NO', 'NO', 'NO', 'NO'),
(2, 7, 0, 'اطلاعات پایه', 'YES', 1, NULL, NULL, 'NO', 'NO', 'NO', 'NO', 'NO'),
(2, 8, 7, 'مدیریت کد حساب', 'YES', 3, NULL, 'baseinfo/CostCodes.php', 'NO', 'NO', 'NO', 'NO', 'NO'),
(1, 9, 0, 'اطلاعات پایه', 'YES', 3, NULL, NULL, 'NO', 'NO', 'NO', 'NO', 'NO'),
(1, 10, 9, 'واحدهای سازمان', 'YES', 1, 'unit.png', 'baseInfo/units.php', 'NO', 'NO', 'NO', 'NO', 'NO'),
(1, 11, 9, 'مدیریت شعب', 'YES', 2, NULL, 'baseInfo/branches.php', 'NO', 'NO', 'NO', 'NO', 'NO'),
(1, 12, 9, 'دسترسی شعب', 'YES', 3, NULL, 'baseInfo/BranchAccess.php', 'NO', 'NO', 'NO', 'NO', 'NO'),
(6, 13, 0, 'اطلاعات پایه', 'YES', 1, NULL, NULL, 'NO', 'NO', 'NO', 'NO', 'NO'),
(6, 14, 13, 'انواع وام', 'YES', 1, NULL, 'loan/loans.php', 'NO', 'NO', 'NO', 'NO', 'NO'),
(6, 15, 0, 'اعطای تسهیلات', 'YES', 2, NULL, NULL, 'NO', 'NO', 'NO', 'NO', 'NO'),
(6, 16, 15, 'مدیریت درخواست ها', 'YES', 2, NULL, 'request/ManageRequests.php', 'NO', 'NO', 'NO', 'NO', 'NO'),
(6, 17, 0, 'گزارشات', 'YES', 3, NULL, NULL, 'NO', 'NO', 'NO', 'NO', 'NO'),
(6, 18, 17, 'گزارش درخواست های تسهیلات', 'YES', 1, NULL, 'report/requests.php', 'NO', 'NO', 'NO', 'NO', 'NO'),
(2, 19, 0, 'گزارشات', 'YES', 3, NULL, NULL, 'NO', 'NO', 'NO', 'NO', 'NO'),
(2, 21, 0, 'عملیات برگه', 'YES', 2, NULL, NULL, 'NO', 'NO', 'NO', 'NO', 'NO'),
(2, 22, 21, 'مدیریت برگه ها', 'YES', 1, NULL, 'docs/docs.php', 'NO', 'NO', 'NO', 'NO', 'NO'),
(2, 23, 21, 'سند افتتاحیه / اختتامیه', 'YES', 2, NULL, 'docs/CloseOpenDocs.php', 'NO', 'NO', 'NO', 'NO', 'NO'),
(2, 25, 7, 'مدیریت تفصیلی ها', 'YES', 4, NULL, 'baseinfo/tafsilis.php', 'NO', 'NO', 'NO', 'NO', 'NO'),
(2, 26, 19, 'گزارش تراز', 'YES', 1, NULL, 'report/taraz.php', 'NO', 'NO', 'NO', 'NO', 'NO'),
(2, 27, 19, 'گزارش گردش حساب', 'YES', 2, NULL, 'report/flow.php', 'NO', 'NO', 'NO', 'NO', 'NO'),
(2, 28, 19, 'گزارش اسناد', 'YES', 3, NULL, 'report/docs.php', 'NO', 'NO', 'NO', 'NO', 'NO'),
(4, 29, 0, 'اطلاعات پایه', 'YES', 1, NULL, NULL, 'NO', 'NO', 'NO', 'NO', 'NO'),
(4, 30, 29, 'نامه های رسیده', 'YES', 2, NULL, 'letter/receive.php', 'NO', 'NO', 'NO', 'NO', 'NO'),
(4, 31, 29, 'ایجاد نامه', 'YES', 1, NULL, 'letter/newLetter.php', 'NO', 'NO', 'NO', 'NO', 'NO'),
(4, 32, 29, 'نامه های ارسالی', 'YES', 3, NULL, 'letter/send.php', 'NO', 'NO', 'NO', 'NO', 'NO'),
(2, 34, 7, 'اجزای حساب', 'YES', 2, NULL, 'baseinfo/blocks.php', 'NO', 'NO', 'NO', 'NO', 'NO'),
(2, 36, 7, 'حساب های بانکی', 'YES', 5, NULL, 'baseinfo/accounts.php', 'NO', 'NO', 'NO', 'NO', 'NO'),
(4, 37, 0, 'فرمساز', 'YES', 4, NULL, NULL, 'NO', 'NO', 'NO', 'NO', 'NO'),
(4, 38, 37, 'مدیریت فرم ها', 'YES', 1, NULL, 'formGenerator/buildForm.php', 'NO', 'NO', 'NO', 'NO', 'NO'),
(1000, 39, 0, 'وام گیرنده', 'YES', 2, NULL, NULL, 'YES', 'NO', 'NO', 'NO', 'NO'),
(1000, 40, 0, 'سهامداران', 'YES', 1, NULL, NULL, 'NO', 'YES', 'NO', 'NO', 'NO'),
(1000, 41, 39, 'درخواست وام', 'YES', 1, 'clone', '../loan/request/CustomerNewRequest.php', 'YES', 'NO', 'NO', 'NO', 'NO'),
(1000, 42, 39, 'وام های دریافتی', 'YES', 2, 'list', '../loan/request/MyRequests.php', 'YES', 'NO', 'NO', 'NO', 'YES'),
(1000, 43, 39, 'پرداخت اقساط', 'YES', 3, 'credit-card', '../loan/request/installments.php', 'YES', 'NO', 'NO', 'NO', 'NO'),
(1000, 44, 40, 'مدیریت سهام', 'YES', 1, 'pie-chart', '/', 'NO', 'YES', 'NO', 'NO', 'NO'),
(6, 45, 13, 'مدیریت ذینفعان', 'YES', 2, 'users.gif', '../person/persons.php', 'NO', 'NO', 'NO', 'NO', 'NO'),
(1000, 46, 0, 'سرمایه گذار', 'YES', NULL, NULL, NULL, 'NO', 'NO', 'NO', 'YES', 'NO'),
(1000, 47, 46, 'معرفی اخذ وام', 'YES', 1, 'share-square-o', '../loan/request/RequestInfo.php', 'NO', 'NO', 'NO', 'YES', 'NO'),
(2, 50, 7, 'تعیین شعبه و دوره', 'YES', 1, NULL, 'global/UserState.php', 'NO', 'NO', 'NO', 'NO', 'NO'),
(1000, 51, 46, 'لیست وام های ارسالی', 'YES', 2, 'list', '../loan/request/MyRequests.php', 'NO', 'NO', 'NO', 'YES', 'NO'),
(4, 52, 0, 'کارتابل شخصی', 'YES', 2, NULL, NULL, 'NO', 'NO', 'NO', 'NO', 'NO'),
(4, 53, 52, 'کارتابل فرم های رسیده', 'YES', 1, NULL, 'workflow/MyForms.php', 'NO', 'NO', 'NO', 'NO', 'NO'),
(6, 54, 15, 'ایجاد درخواست وام', 'YES', 1, NULL, 'request/RequestInfo.php', 'NO', 'NO', 'NO', 'NO', 'NO'),
(1000, 55, 46, 'اطلاعات سپرده', 'YES', 1, 'database', 'global/DepositeInfo.php', 'NO', 'NO', 'NO', 'YES', 'NO'),
(4, 56, 52, 'مدیریت فرم ها', 'YES', 2, 'manageForm.png', 'workflow/ManageForms.php', 'NO', 'NO', 'NO', 'NO', 'NO'),
(4, 57, 37, 'مدیریت گردش کار', 'YES', 2, 'flow.png', 'workflow/wfm.php', 'NO', 'NO', 'NO', 'NO', 'NO'),
(1000, 58, 39, 'اطلاعات قرض الحسنه', 'YES', 4, NULL, 'global/AccountInfo.php', 'YES', 'NO', 'NO', 'YES', 'NO');

-- --------------------------------------------------------

--
-- Table structure for table `FRW_systems`
--

CREATE TABLE IF NOT EXISTS `FRW_systems` (
  `SystemID` int(10) unsigned NOT NULL AUTO_INCREMENT,
  `SysName` varchar(500) CHARACTER SET utf8 COLLATE utf8_persian_ci NOT NULL,
  `SysPath` varchar(500) NOT NULL,
  `IsActive` enum('YES','NO') NOT NULL DEFAULT 'YES',
  `SysIcon` varchar(500) NOT NULL,
  PRIMARY KEY (`SystemID`)
) ENGINE=InnoDB  DEFAULT CHARSET=latin1 AUTO_INCREMENT=1001 ;

--
-- Dumping data for table `FRW_systems`
--

INSERT INTO `FRW_systems` (`SystemID`, `SysName`, `SysPath`, `IsActive`, `SysIcon`) VALUES
(1, 'سیستم مدیریت فریم ورک', 'framework', 'YES', 'framework.gif'),
(2, 'سیستم حسابداری ', 'accounting', 'YES', 'accountancy.gif'),
(4, 'سیستم اتوماسیون اداری', 'office', 'YES', 'office.gif'),
(6, 'سیستم تسهیلات', 'loan', 'YES', 'loan.jpg'),
(7, 'سیستم مدیریت اسناد', 'dms', 'YES', 'document.gif'),
(8, 'سیستم مدیریت ذینفعان', 'person', 'YES', 'person.png'),
(1000, 'پرتال ', 'portal', 'YES', '-');

-- --------------------------------------------------------

--
-- Table structure for table `FRW_units`
--

CREATE TABLE IF NOT EXISTS `FRW_units` (
  `UnitID` int(10) unsigned NOT NULL AUTO_INCREMENT,
  `ParentID` int(10) unsigned DEFAULT NULL,
  `UnitName` varchar(500) CHARACTER SET utf8 NOT NULL,
  PRIMARY KEY (`UnitID`)
) ENGINE=InnoDB  DEFAULT CHARSET=latin1 COMMENT='واحدهای سازمانی' AUTO_INCREMENT=10 ;

--
-- Dumping data for table `FRW_units`
--

INSERT INTO `FRW_units` (`UnitID`, `ParentID`, `UnitName`) VALUES
(1, NULL, 'مدیریت'),
(8, 1, 'معاونت'),
(9, NULL, 'اداری');

-- --------------------------------------------------------

--
-- Table structure for table `imp_MapCodes`
--

CREATE TABLE IF NOT EXISTS `imp_MapCodes` (
  `CostID` int(10) unsigned NOT NULL,
  `AccCode` varchar(50) NOT NULL,
  PRIMARY KEY (`CostID`,`AccCode`)
) ENGINE=InnoDB DEFAULT CHARSET=utf8;

--
-- Dumping data for table `imp_MapCodes`
--

INSERT INTO `imp_MapCodes` (`CostID`, `AccCode`) VALUES
(71, '500-06'),
(72, '500-07'),
(73, '500-08'),
(74, '500-10'),
(76, '500-14'),
(77, '50015'),
(78, '500-18'),
(79, '500-19'),
(81, '500-22'),
(82, '500-26'),
(83, '500-500-27'),
(84, '500-500-28'),
(114, '500-01-0001'),
(115, '500-01-0004'),
(116, '500-01-0005'),
(117, '500-01-0006'),
(117, '500-20'),
(122, '500-500-29'),
(123, '500-04'),
(124, '500-13'),
(149, '500-01-0007');

-- --------------------------------------------------------

--
-- Table structure for table `LON_installments`
--

CREATE TABLE IF NOT EXISTS `LON_installments` (
  `InstallmentID` int(10) unsigned NOT NULL AUTO_INCREMENT COMMENT 'ردیف پرداخت',
  `PartID` int(10) unsigned NOT NULL COMMENT 'کد مرحله وام',
  `InstallmentDate` date NOT NULL COMMENT 'تاریخ سررسید',
  `InstallmentAmount` decimal(15,0) NOT NULL COMMENT 'مبلغ خالص',
  `PaidType` smallint(5) unsigned NOT NULL DEFAULT '0',
  `PaidDate` datetime DEFAULT NULL COMMENT 'تاریخ پرداخت',
  `PaidAmount` decimal(15,0) DEFAULT NULL COMMENT 'مبلغ چرداخت شده',
  `PaidRefNo` varchar(100) DEFAULT NULL COMMENT 'شماره پیگیری پرداخت',
  `PaidBillNo` varchar(50) DEFAULT NULL COMMENT 'شماره فیش پرداخت',
  `IsPaid` enum('YES','NO') NOT NULL DEFAULT 'NO',
  `ChequeNo` decimal(10,0) DEFAULT NULL,
  `ChequeBank` smallint(5) unsigned DEFAULT NULL,
  `ChequeBranch` varchar(200) DEFAULT NULL,
  `details` varchar(500) DEFAULT NULL COMMENT 'توضیحات',
  `imp_SerialNo` int(10) unsigned DEFAULT NULL,
  PRIMARY KEY (`InstallmentID`),
  KEY `FK_LON_installments_1` (`PartID`)
) ENGINE=InnoDB  DEFAULT CHARSET=utf8 AUTO_INCREMENT=2003 ;

--
-- Dumping data for table `LON_installments`
--

INSERT INTO `LON_installments` (`InstallmentID`, `PartID`, `InstallmentDate`, `InstallmentAmount`, `PaidType`, `PaidDate`, `PaidAmount`, `PaidRefNo`, `PaidBillNo`, `IsPaid`, `ChequeNo`, `ChequeBank`, `ChequeBranch`, `details`, `imp_SerialNo`) VALUES
(1, 1, '2012-07-09', '30000000', 1, '2013-03-17 00:00:00', '30000000', NULL, '0', 'YES', NULL, NULL, NULL, '', 100718),
(2, 2, '2012-07-06', '30000000', 1, '2012-08-26 00:00:00', '30000000', NULL, '0', 'YES', NULL, NULL, NULL, '', 100002),
(3, 3, '2012-05-16', '12350000', 1, '2012-11-17 00:00:00', '12350000', NULL, '0', 'YES', NULL, NULL, NULL, '', 100514),
(4, 3, '2012-06-16', '12350000', 1, '2012-12-18 00:00:00', '12350000', NULL, '0', 'YES', NULL, NULL, NULL, '', 100515),
(5, 3, '2012-07-17', '12350000', 1, '2013-02-19 00:00:00', '12350000', NULL, '0', 'YES', NULL, NULL, NULL, '', 100516),
(6, 3, '2012-08-17', '12350000', 1, '2013-03-13 00:00:00', '12350000', NULL, '0', 'YES', NULL, NULL, NULL, '', 100517),
(7, 3, '2012-09-17', '12350000', 1, '2013-04-18 00:00:00', '12350000', NULL, '0', 'YES', NULL, NULL, NULL, '', 100518),
(8, 3, '2012-10-18', '12350000', 1, '2013-04-18 00:00:00', '12350000', NULL, '0', 'YES', NULL, NULL, NULL, '', 100519),
(9, 3, '2012-11-17', '12350000', 1, '2013-05-18 00:00:00', '12350000', NULL, '0', 'YES', NULL, NULL, NULL, '', 100520),
(10, 3, '2012-12-17', '12350000', 1, '2013-06-18 00:00:00', '12350000', NULL, '0', 'YES', NULL, NULL, NULL, '', 100521),
(11, 3, '2013-01-16', '12350000', 1, '2013-07-23 00:00:00', '12350000', NULL, '0', 'YES', NULL, NULL, NULL, '', 100522),
(12, 3, '2013-02-15', '12350000', 1, '2013-08-20 00:00:00', '12350000', NULL, '0', 'YES', NULL, NULL, NULL, '', 100523),
(13, 3, '2013-03-17', '12350000', 1, '2013-09-19 00:00:00', '12350000', NULL, '0', 'YES', NULL, NULL, NULL, '', 100524),
(14, 3, '2013-04-16', '12350000', 1, '2013-10-22 00:00:00', '12350000', NULL, '0', 'YES', NULL, NULL, NULL, '', 100525),
(15, 3, '2013-05-17', '12350000', 1, '2013-11-21 00:00:00', '12350000', NULL, '0', 'YES', NULL, NULL, NULL, '', 100526),
(16, 3, '2013-06-17', '12350000', 1, '2013-12-19 00:00:00', '12350000', NULL, '0', 'YES', NULL, NULL, NULL, '', 100527),
(17, 3, '2013-07-18', '12350000', 2, '2014-01-18 00:00:00', '12350000', NULL, '0', 'YES', NULL, NULL, NULL, '', 100528),
(18, 3, '2013-08-18', '12350000', 2, '2014-03-01 00:00:00', '12350000', NULL, '0', 'YES', NULL, NULL, NULL, '', 100529),
(19, 3, '2013-09-18', '12350000', 2, '2014-03-13 00:00:00', '12350000', NULL, '0', 'YES', NULL, NULL, NULL, '', 100530),
(20, 3, '2013-10-19', '12216667', 2, '2014-04-21 00:00:00', '12216667', NULL, '0', 'YES', NULL, NULL, NULL, '', 100531),
(21, 4, '2012-11-29', '30000000', 2, '2014-03-04 00:00:00', '30000000', NULL, '0', 'YES', NULL, NULL, NULL, '', 100279),
(22, 4, '2012-12-29', '1000000', 0, NULL, '0', NULL, '0', 'NO', NULL, NULL, NULL, 'قسط اضافه شده بابت کارمزد', 101339),
(23, 5, '2012-11-29', '30000000', 2, '2014-03-04 00:00:00', '30000000', NULL, '0', 'YES', NULL, NULL, NULL, '', 100280),
(24, 5, '2012-12-29', '1000000', 0, NULL, '0', NULL, '0', 'NO', NULL, NULL, NULL, 'قسط اضافه شده بابت کارمزد', 101340),
(25, 6, '2012-10-30', '5800000', 1, '2012-11-25 00:00:00', '5800000', NULL, '0', 'YES', NULL, NULL, NULL, '', 100006),
(26, 6, '2012-10-30', '98158333', 1, '2012-12-07 00:00:00', '98158333', NULL, '', 'YES', NULL, NULL, NULL, '', 100006),
(27, 7, '2012-10-30', '5800000', 1, '2012-11-27 00:00:00', '5800000', NULL, '0', 'YES', NULL, NULL, NULL, '', 100729),
(28, 7, '2012-11-29', '5800000', 1, '2013-01-06 00:00:00', '5800000', NULL, '0', 'YES', NULL, NULL, NULL, '', 100730),
(29, 7, '2012-12-29', '5800000', 1, '2013-02-03 00:00:00', '5800000', NULL, '0', 'YES', NULL, NULL, NULL, '', 100731),
(30, 7, '2013-01-28', '5800000', 1, '2013-02-26 00:00:00', '5800000', NULL, '0', 'YES', NULL, NULL, NULL, '', 100732),
(31, 7, '2013-02-27', '5800000', 2, '2013-04-07 00:00:00', '5800000', NULL, '0', 'YES', NULL, NULL, NULL, 'واریزی به اقتصاد نوین ', 100763),
(32, 7, '2013-03-29', '5800000', 2, '2013-05-02 00:00:00', '5800000', NULL, '0', 'YES', NULL, NULL, NULL, '', 100824),
(33, 7, '2013-04-29', '5800000', 2, '2013-05-28 00:00:00', '5800000', NULL, '0', 'YES', NULL, NULL, NULL, '', 100825),
(34, 7, '2013-05-30', '5800000', 2, '2013-07-11 00:00:00', '5800000', NULL, '0', 'YES', NULL, NULL, NULL, '', 100927),
(35, 7, '2013-06-30', '5800000', 2, '2013-07-25 00:00:00', '5800000', NULL, '0', 'YES', NULL, NULL, NULL, '', 100928),
(36, 7, '2013-07-31', '5800000', 2, '2013-09-01 00:00:00', '5800000', NULL, '0', 'YES', NULL, NULL, NULL, '', 101133),
(37, 7, '2013-08-31', '5800000', 2, '2013-10-02 00:00:00', '5800000', NULL, '0', 'YES', NULL, NULL, NULL, '', 101147),
(38, 7, '2013-10-01', '5800000', 2, '2013-10-30 00:00:00', '5800000', NULL, '0', 'YES', NULL, NULL, NULL, '', 101148),
(39, 7, '2013-10-31', '5800000', 1, '2013-12-16 00:00:00', '5800000', NULL, '0', 'YES', NULL, NULL, NULL, '', 101168),
(40, 7, '2013-11-30', '5800000', 1, '2014-01-14 00:00:00', '5800000', NULL, '0', 'YES', NULL, NULL, NULL, '', 101219),
(41, 7, '2013-12-30', '5800000', 2, '2014-02-03 00:00:00', '5800000', NULL, '0', 'YES', NULL, NULL, NULL, '', 101258),
(42, 7, '2014-01-29', '5800000', 2, '2014-03-05 00:00:00', '5800000', NULL, '0', 'YES', NULL, NULL, NULL, '', 101294),
(43, 7, '2014-02-28', '5800000', 2, '2014-05-03 00:00:00', '5800000', NULL, '0', 'YES', NULL, NULL, NULL, '', 101359),
(44, 7, '2014-03-29', '5358333', 2, '2014-06-16 00:00:00', '5358333', NULL, '0', 'YES', NULL, NULL, NULL, '', 101425),
(45, 8, '2012-12-06', '6171296', 2, '2013-09-07 00:00:00', '6171296', NULL, '0', 'YES', NULL, NULL, NULL, '', 100008),
(46, 8, '2013-01-05', '7000000', 2, '2013-10-15 00:00:00', '7000000', NULL, '0', 'YES', NULL, NULL, NULL, '', 101139),
(47, 8, '2013-02-04', '1916667', 2, '2013-10-19 00:00:00', '6000000', NULL, '0', 'YES', NULL, NULL, NULL, '', 101162),
(48, 8, '2013-03-06', '6000000', 2, '2014-02-17 00:00:00', '50000000', NULL, '0', 'YES', NULL, NULL, NULL, '', 101163),
(49, 8, '2013-04-05', '50000000', 2, '2014-03-05 00:00:00', '14300000', NULL, '0', 'YES', NULL, NULL, NULL, '', 101164),
(50, 8, '2013-05-06', '41912037', 2, '2014-05-08 00:00:00', '30000000', NULL, '0', 'YES', NULL, NULL, NULL, '', 101325),
(51, 8, '2013-06-06', '5530467', 2, '2014-05-11 00:00:00', '5070000', NULL, '0', 'YES', NULL, NULL, NULL, '', 101436),
(52, 8, '2013-07-07', '10829', 0, NULL, '0', NULL, '0', 'NO', NULL, NULL, NULL, 'قسط اضافه شده بابت کارمزد', 101437),
(53, 9, '2012-08-13', '1500000', 2, '2014-06-02 00:00:00', '1500000', NULL, '0', 'YES', NULL, NULL, NULL, 'چک ش 603592', 100458),
(54, 9, '2012-09-13', '1500000', 2, '2014-07-12 00:00:00', '1500000', NULL, '0', 'YES', NULL, NULL, NULL, '', 101463),
(55, 9, '2012-10-14', '1500000', 1, '2014-07-27 00:00:00', '1500000', NULL, '0', 'YES', NULL, NULL, NULL, '', 101536),
(56, 9, '2012-11-13', '1500000', 3, '2014-09-02 00:00:00', '1500000', NULL, '0', 'YES', NULL, NULL, NULL, '', 101543),
(57, 9, '2012-12-13', '1500000', 3, '2014-10-02 00:00:00', '1500000', NULL, '0', 'YES', NULL, NULL, NULL, '', 101567),
(58, 9, '2013-01-12', '1500000', 2, '2014-11-05 00:00:00', '1500000', NULL, '0', 'YES', NULL, NULL, NULL, '', 101590),
(59, 9, '2013-02-11', '1500000', 1, '2014-11-29 00:00:00', '1500000', NULL, '0', 'YES', NULL, NULL, NULL, '', 101655),
(60, 9, '2013-03-13', '1500000', 1, '2015-01-01 00:00:00', '1500000', NULL, '0', 'YES', NULL, NULL, NULL, '', 101686),
(61, 9, '2013-04-12', '1500000', 3, '2015-01-27 00:00:00', '1500000', NULL, '0', 'YES', NULL, NULL, NULL, '', 101781),
(62, 9, '2013-05-13', '1500000', 3, '2015-02-25 00:00:00', '1500000', NULL, '0', 'YES', NULL, NULL, NULL, '', 101845),
(63, 9, '2013-06-13', '1500000', 3, '2015-04-05 00:00:00', '1500000', NULL, '0', 'YES', NULL, NULL, NULL, '', 101921),
(64, 9, '2013-07-14', '1500000', 1, '2015-04-27 00:00:00', '1500000', NULL, '0', 'YES', NULL, NULL, NULL, '', 102208),
(65, 9, '2013-08-14', '1500000', 1, '2015-06-08 00:00:00', '1500000', NULL, '0', 'YES', NULL, NULL, NULL, '', 102216),
(66, 9, '2013-09-14', '1500000', 1, '2015-07-01 00:00:00', '1500000', NULL, '0', 'YES', NULL, NULL, NULL, 'کسرحقوق چک ملی آمزش و پرورش ', 102358),
(67, 9, '2013-10-15', '1500000', 1, '2015-07-30 00:00:00', '1500000', NULL, '0', 'YES', NULL, NULL, NULL, '', 102397),
(68, 9, '2013-11-14', '1500000', 3, '2015-10-01 00:00:00', '1500000', NULL, '0', 'YES', NULL, NULL, NULL, 'چک شماره 608175 بانک ملی بابت کسر حقوق که نقدا از بانک دریافت شد', 102401),
(69, 9, '2013-12-14', '1500000', 3, '2015-10-05 00:00:00', '1500000', NULL, '0', 'YES', NULL, NULL, NULL, 'چک شماره 608373 آموزش و پرورش', 102540),
(70, 9, '2014-01-13', '4500000', 0, NULL, '0', NULL, '0', 'NO', NULL, NULL, NULL, '', 102546),
(71, 10, '2012-08-13', '30000000', 0, NULL, '0', NULL, '0', 'NO', NULL, NULL, NULL, '', 100457),
(72, 11, '2012-11-17', '30000000', 1, '2013-02-18 00:00:00', '30000000', NULL, '0', 'YES', NULL, NULL, NULL, '', 100431),
(73, 12, '2012-11-17', '1500000', 1, '2013-02-21 00:00:00', '1500000', NULL, '0', 'YES', NULL, NULL, NULL, '', 100317),
(74, 12, '2012-12-17', '1500000', 2, '2013-06-18 00:00:00', '1500000', NULL, '0', 'YES', NULL, NULL, NULL, '', 100902),
(75, 12, '2013-01-16', '1500000', 2, '2013-09-01 00:00:00', '1500000', NULL, '0', 'YES', NULL, NULL, NULL, '', 100903),
(76, 12, '2013-02-15', '1500000', 2, '2013-10-10 00:00:00', '1500000', NULL, '0', 'YES', NULL, NULL, NULL, '', 100904),
(77, 12, '2013-03-17', '1500000', 2, '2013-11-07 00:00:00', '1500000', NULL, '0', 'YES', NULL, NULL, NULL, '', 100905),
(78, 12, '2013-04-16', '1500000', 2, '2013-12-04 00:00:00', '1500000', NULL, '0', 'YES', NULL, NULL, NULL, '', 100906),
(79, 12, '2013-05-17', '1500000', 2, '2013-12-26 00:00:00', '1500000', NULL, '0', 'YES', NULL, NULL, NULL, '', 100907),
(80, 12, '2013-06-17', '1500000', 2, '2014-02-05 00:00:00', '1500000', NULL, '0', 'YES', NULL, NULL, NULL, '', 100908),
(81, 12, '2013-07-18', '1500000', 2, '2014-03-09 00:00:00', '1500000', NULL, '0', 'YES', NULL, NULL, NULL, '', 100909),
(82, 12, '2013-08-18', '1500000', 2, '2014-03-26 00:00:00', '1500000', NULL, '0', 'YES', NULL, NULL, NULL, '', 100910),
(83, 12, '2013-09-18', '1500000', 2, '2014-05-05 00:00:00', '1500000', NULL, '0', 'YES', NULL, NULL, NULL, '', 100911),
(84, 12, '2013-10-19', '1500000', 2, '2014-06-02 00:00:00', '1500000', NULL, '0', 'YES', NULL, NULL, NULL, 'چک ش 819554', 100912),
(85, 12, '2013-11-18', '1500000', 2, '2014-07-01 00:00:00', '1500000', NULL, '0', 'YES', NULL, NULL, NULL, '', 100913),
(86, 12, '2013-12-18', '1500000', 2, '2014-08-12 00:00:00', '1500000', NULL, '0', 'YES', NULL, NULL, NULL, '', 100914),
(87, 12, '2014-01-17', '1500000', 2, '2014-09-04 00:00:00', '1500000', NULL, '0', 'YES', NULL, NULL, NULL, '', 100915),
(88, 12, '2014-02-16', '1500000', 2, '2014-10-09 00:00:00', '1500000', NULL, '0', 'YES', NULL, NULL, NULL, '', 100916),
(89, 12, '2014-03-18', '1500000', 2, '2014-11-08 00:00:00', '1500000', NULL, '0', 'YES', NULL, NULL, NULL, '', 100917),
(90, 12, '2014-04-16', '1500000', 2, '2014-12-09 00:00:00', '1500000', NULL, '0', 'YES', NULL, NULL, NULL, '', 100918),
(91, 12, '2014-05-17', '1500000', 2, '2015-01-03 00:00:00', '1500000', NULL, '0', 'YES', NULL, NULL, NULL, '', 100919),
(92, 12, '2014-06-17', '1500000', 2, '2015-03-05 00:00:00', '1500000', NULL, '0', 'YES', NULL, NULL, NULL, '', 100920),
(93, 12, '2014-07-18', '1500000', 2, '2015-04-07 00:00:00', '1500000', NULL, '0', 'YES', NULL, NULL, NULL, '', 102015),
(94, 12, '2014-08-18', '5418082', 0, NULL, '0', NULL, '0', 'NO', NULL, NULL, NULL, '', 102211),
(95, 13, '2012-12-17', '30000000', 1, '2012-10-25 00:00:00', '30000000', NULL, '0', 'YES', NULL, NULL, NULL, 'پرداخت بابت تسویه وام', 100282),
(96, 14, '2012-12-17', '30000000', 1, '2012-12-22 00:00:00', '30000000', NULL, '0', 'YES', NULL, NULL, NULL, 'بابت تسویه وام کارگشایی', 100284),
(97, 15, '2012-06-16', '2500000', 2, '2014-02-25 00:00:00', '3000000', NULL, '0', 'YES', NULL, NULL, NULL, '', 101149),
(98, 15, '2012-07-17', '3000000', 2, '2014-02-25 00:00:00', '3000000', NULL, '0', 'YES', NULL, NULL, NULL, '', 101335),
(99, 15, '2012-08-17', '2500000', 2, '2015-06-29 00:00:00', '2500000', NULL, '0', 'YES', NULL, NULL, NULL, '', 101336),
(100, 15, '2012-09-17', '2500000', 2, '2015-06-29 00:00:00', '2500000', NULL, '0', 'YES', NULL, NULL, NULL, '', 102395),
(101, 15, '2012-10-18', '2500000', 2, '2015-08-01 00:00:00', '2500000', NULL, '0', 'YES', NULL, NULL, NULL, '', 102396),
(102, 15, '2012-11-17', '2500000', 2, '2015-08-01 00:00:00', '2500000', NULL, '0', 'YES', NULL, NULL, NULL, '', 102402),
(103, 15, '2012-12-17', '5000000', 2, '2015-09-14 00:00:00', '5000000', NULL, '0', 'YES', NULL, NULL, NULL, '', 102403),
(104, 15, '2013-01-16', '5000000', 2, '2015-10-11 00:00:00', '5000000', NULL, '0', 'YES', NULL, NULL, NULL, '', 102495),
(105, 15, '2013-02-15', '196666667', 0, NULL, '0', NULL, '0', 'NO', NULL, NULL, NULL, '', 102551),
(106, 16, '2012-12-27', '30000000', 1, '2013-03-13 00:00:00', '30000000', NULL, '0', 'YES', NULL, NULL, NULL, 'پرداخت نقدی', 100285),
(107, 17, '2012-06-27', '1500000', 2, '2013-09-01 00:00:00', '1500000', NULL, '0', 'YES', NULL, NULL, NULL, '', 101135),
(108, 17, '2012-07-28', '1500000', 2, '2013-10-10 00:00:00', '1500000', NULL, '0', 'YES', NULL, NULL, NULL, '', 101136),
(109, 17, '2012-08-28', '1500000', 2, '2013-11-07 00:00:00', '1500000', NULL, '0', 'YES', NULL, NULL, NULL, '', 101157),
(110, 17, '2012-09-28', '1500000', 2, '2013-12-04 00:00:00', '1500000', NULL, '0', 'YES', NULL, NULL, NULL, '', 101171),
(111, 17, '2012-10-28', '1500000', 2, '2013-12-26 00:00:00', '1500000', NULL, '0', 'YES', NULL, NULL, NULL, '', 101214),
(112, 17, '2012-11-27', '1500000', 2, '2014-02-05 00:00:00', '1500000', NULL, '0', 'YES', NULL, NULL, NULL, '', 101222),
(113, 17, '2012-12-27', '1500000', 2, '2014-03-09 00:00:00', '1500000', NULL, '0', 'YES', NULL, NULL, NULL, '', 101296),
(114, 17, '2013-01-26', '1500000', 2, '2014-03-26 00:00:00', '1500000', NULL, '0', 'YES', NULL, NULL, NULL, '', 101373),
(115, 17, '2013-02-25', '1500000', 2, '2014-05-05 00:00:00', '1500000', NULL, '0', 'YES', NULL, NULL, NULL, '', 101382),
(116, 17, '2013-03-27', '1500000', 2, '2014-06-02 00:00:00', '1500000', NULL, '0', 'YES', NULL, NULL, NULL, 'چک ش 819554', 101434),
(117, 17, '2013-04-27', '1500000', 2, '2014-07-01 00:00:00', '1500000', NULL, '0', 'YES', NULL, NULL, NULL, '', 101465),
(118, 17, '2013-05-28', '1500000', 2, '2014-08-12 00:00:00', '1500000', NULL, '0', 'YES', NULL, NULL, NULL, '', 101500),
(119, 17, '2013-06-28', '1500000', 2, '2015-02-07 00:00:00', '1500000', NULL, '0', 'YES', NULL, NULL, NULL, '', 101551),
(120, 17, '2013-07-29', '1500000', 2, '2015-03-05 00:00:00', '1500000', NULL, '0', 'YES', NULL, NULL, NULL, '', 101887),
(121, 17, '2013-08-29', '1500000', 2, '2015-04-07 00:00:00', '1500000', NULL, '0', 'YES', NULL, NULL, NULL, '', 102014),
(122, 17, '2013-09-29', '1500000', 2, '2015-05-04 00:00:00', '1500000', NULL, '0', 'YES', NULL, NULL, NULL, '', 102210),
(123, 17, '2013-10-29', '1500000', 2, '2015-06-10 00:00:00', '1500000', NULL, '0', 'YES', NULL, NULL, NULL, '', 102238),
(124, 17, '2013-11-28', '1500000', 2, '2015-07-29 00:00:00', '1500000', NULL, '0', 'YES', NULL, NULL, NULL, '', 102360),
(125, 17, '2013-12-28', '1500000', 2, '2015-08-20 00:00:00', '1500000', NULL, '0', 'YES', NULL, NULL, NULL, '', 102398),
(126, 17, '2014-01-27', '1500000', 2, '2015-09-13 00:00:00', '1500000', NULL, '0', 'YES', NULL, NULL, NULL, '', 102463),
(127, 17, '2014-02-26', '1500000', 2, '2015-10-01 00:00:00', '1500000', NULL, '0', 'YES', NULL, NULL, NULL, '', 102492),
(128, 17, '2014-03-27', '9000000', 0, NULL, '0', NULL, '0', 'NO', NULL, NULL, NULL, '', 102543),
(129, 18, '2012-06-24', '9000000', 1, '2012-06-24 00:00:00', '9000000', NULL, '0', 'YES', NULL, NULL, NULL, '', 100715),
(130, 18, '2012-07-25', '9000000', 1, '2012-06-24 00:00:00', '9000000', NULL, '0', 'YES', NULL, NULL, NULL, '', 100734),
(131, 18, '2012-08-25', '9000000', 1, '2012-11-18 00:00:00', '9000000', NULL, '0', 'YES', NULL, NULL, NULL, '', 100735),
(132, 18, '2012-09-25', '9000000', 1, '2012-11-18 00:00:00', '9000000', NULL, '0', 'YES', NULL, NULL, NULL, '', 100736),
(133, 18, '2012-10-25', '18000000', 2, '2013-02-26 00:00:00', '18000000', NULL, '0', 'YES', NULL, NULL, NULL, '', 100737),
(134, 18, '2012-11-24', '18000000', 2, '2013-02-26 00:00:00', '18000000', NULL, '0', 'YES', NULL, NULL, NULL, '', 100764),
(135, 18, '2012-12-24', '18000000', 2, '2013-04-16 00:00:00', '18000000', NULL, '0', 'YES', NULL, NULL, NULL, 'چک شماره 295279 بانک ملی ', 100765),
(136, 18, '2013-01-23', '18000000', 2, '2013-05-25 00:00:00', '18000000', NULL, '0', 'YES', NULL, NULL, NULL, '', 100830),
(137, 18, '2013-02-22', '18000000', 2, '2013-08-17 00:00:00', '18000000', NULL, '0', 'YES', NULL, NULL, NULL, '', 101113),
(138, 18, '2013-03-24', '9000000', 2, '2013-09-04 00:00:00', '9000000', NULL, '0', 'YES', NULL, NULL, NULL, '', 101114),
(139, 18, '2013-04-24', '9000000', 2, '2013-10-01 00:00:00', '9000000', NULL, '0', 'YES', NULL, NULL, NULL, '', 101138),
(140, 18, '2013-05-25', '9000000', 2, '2013-11-09 00:00:00', '9000000', NULL, '0', 'YES', NULL, NULL, NULL, '', 101144),
(141, 18, '2013-06-25', '9000000', 2, '2014-01-07 00:00:00', '9000000', NULL, '0', 'YES', NULL, NULL, NULL, '', 101173),
(142, 18, '2013-07-26', '9000000', 2, '2014-01-07 00:00:00', '9000000', NULL, '0', 'YES', NULL, NULL, NULL, '', 101242),
(143, 18, '2013-08-26', '9000000', 2, '2014-02-22 00:00:00', '9000000', NULL, '0', 'YES', NULL, NULL, NULL, '', 101243),
(144, 18, '2013-09-26', '37708334', 2, '2014-10-12 00:00:00', '41885449', NULL, '0', 'YES', NULL, NULL, NULL, '', 101333),
(145, 18, '2013-10-26', '4177115', 0, NULL, '0', NULL, '0', 'NO', NULL, NULL, NULL, 'قسط اضافه شده بابت کارمزد', 101594),
(146, 19, '2012-12-11', '30000000', 2, '2013-06-15 00:00:00', '30000000', NULL, '0', 'YES', NULL, NULL, NULL, '', 100315),
(147, 20, '2012-09-11', '30000000', 2, '2013-05-08 00:00:00', '30000000', NULL, '0', 'YES', NULL, NULL, NULL, '', 100294),
(148, 21, '2012-09-11', '30000000', 2, '2013-05-08 00:00:00', '30000000', NULL, '0', 'YES', NULL, NULL, NULL, '', 100293),
(149, 22, '2012-05-21', '500000000', 0, NULL, '0', NULL, '', 'NO', NULL, NULL, NULL, '', 100012),
(150, 22, '2012-05-21', '500000000', 0, NULL, '0', NULL, '', 'NO', NULL, NULL, NULL, '', 100013),
(151, 22, '2012-05-21', '500000000', 0, NULL, '0', NULL, '', 'NO', NULL, NULL, NULL, '', 100014),
(152, 23, '2012-05-21', '383333333', 1, '2014-07-28 00:00:00', '383333333', NULL, '0', 'YES', NULL, NULL, NULL, '', 100015),
(153, 23, '2012-05-21', '383333333', 1, '2014-08-09 00:00:00', '383333333', NULL, '0', 'YES', NULL, NULL, NULL, '', 100016),
(154, 23, '2012-05-21', '383333333', 1, '2014-09-22 00:00:00', '383333333', NULL, '0', 'YES', NULL, NULL, NULL, '', 100017),
(155, 23, '2012-07-22', '1', 1, '2014-09-22 00:00:00', '1', NULL, '0', 'YES', NULL, NULL, NULL, '', 100018),
(156, 24, '2012-05-21', '133333334', 1, '2014-07-28 00:00:00', '133333333', NULL, '0', 'YES', NULL, NULL, NULL, '', 100019),
(157, 24, '2012-05-21', '133333333', 2, '2014-11-23 00:00:00', '133333333', NULL, '0', 'YES', NULL, NULL, NULL, '', 100020),
(158, 24, '2012-05-21', '133333333', 2, '2015-03-02 00:00:00', '133333334', NULL, '0', 'YES', NULL, NULL, NULL, '', 100021),
(159, 25, '2012-05-21', '416666667', 1, '2014-07-28 00:00:00', '416666667', NULL, '0', 'YES', NULL, NULL, NULL, '', 100022),
(160, 25, '2012-05-21', '416666667', 1, '2014-09-22 00:00:00', '416666667', NULL, '0', 'YES', NULL, NULL, NULL, '', 100023),
(161, 25, '2012-05-21', '416666667', 1, '2014-10-07 00:00:00', '416666667', NULL, '0', 'YES', NULL, NULL, NULL, '', 100024),
(162, 26, '2012-05-21', '483333334', 1, '2014-07-24 00:00:00', '483333333', NULL, '0', 'YES', NULL, NULL, NULL, '', 100026),
(163, 26, '2012-05-21', '483333333', 2, '2015-04-05 00:00:00', '966666667', NULL, '0', 'YES', NULL, NULL, NULL, '', 100027),
(164, 26, '2012-05-21', '483333333', 0, NULL, '0', NULL, '', 'NO', NULL, NULL, NULL, '', 100028),
(165, 27, '2012-05-21', '133333334', 0, NULL, '0', NULL, '', 'NO', NULL, NULL, NULL, '', 100029),
(166, 27, '2012-05-21', '133333333', 0, NULL, '0', NULL, '', 'NO', NULL, NULL, NULL, '', 100030),
(167, 27, '2012-05-21', '133333333', 0, NULL, '0', NULL, '', 'NO', NULL, NULL, NULL, '', 100031),
(168, 28, '2012-06-13', '500000000', 0, NULL, '0', NULL, '', 'NO', NULL, NULL, NULL, '', 100032),
(169, 28, '2012-06-13', '500000000', 0, NULL, '0', NULL, '', 'NO', NULL, NULL, NULL, '', 100033),
(170, 28, '2012-06-13', '500000000', 0, NULL, '0', NULL, '', 'NO', NULL, NULL, NULL, '', 100034),
(171, 29, '2012-07-01', '835000', 1, '2012-06-24 00:00:00', '835000', NULL, '0', 'YES', NULL, NULL, NULL, '', 100433),
(172, 29, '2012-08-01', '835000', 1, '2012-07-28 00:00:00', '835000', NULL, '0', 'YES', NULL, NULL, NULL, '', 100434),
(173, 29, '2012-09-01', '835000', 1, '2012-08-26 00:00:00', '835000', NULL, '0', 'YES', NULL, NULL, NULL, '', 100435),
(174, 29, '2012-10-02', '835000', 1, '2012-09-24 00:00:00', '835000', NULL, '0', 'YES', NULL, NULL, NULL, '', 100436),
(175, 29, '2012-11-01', '830000', 1, '2012-10-27 00:00:00', '835000', NULL, '0', 'YES', NULL, NULL, NULL, 'واریزی در بانک تجارت فیش 272337', 100437),
(176, 29, '2012-12-01', '830000', 1, '2012-11-26 00:00:00', '835000', NULL, '0', 'YES', NULL, NULL, NULL, '', 100438),
(177, 29, '2012-12-31', '830000', 1, '2012-12-22 00:00:00', '835000', NULL, '0', 'YES', NULL, NULL, NULL, 'واریز به بانک تجارت ', 100439),
(178, 29, '2013-01-30', '830000', 1, '2013-01-21 00:00:00', '835000', NULL, '0', 'YES', NULL, NULL, NULL, '', 100440),
(179, 29, '2013-03-01', '835000', 1, '2013-02-23 00:00:00', '835000', NULL, '0', 'YES', NULL, NULL, NULL, '', 100747),
(180, 29, '2013-03-31', '835000', 1, '2013-02-23 00:00:00', '835000', NULL, '0', 'YES', NULL, NULL, NULL, '', 100748),
(181, 29, '2013-05-01', '835000', 1, '2013-04-24 00:00:00', '835000', NULL, '0', 'YES', NULL, NULL, NULL, 'واریزی به بانک تجارت', 100749),
(182, 29, '2013-06-01', '835000', 2, '2013-05-28 00:00:00', '835000', NULL, '0', 'YES', NULL, NULL, NULL, '', 100750),
(183, 29, '2013-07-02', '835000', 2, '2013-06-17 00:00:00', '835000', NULL, '0', 'YES', NULL, NULL, NULL, '', 100751),
(184, 29, '2013-08-02', '835000', 2, '2013-07-24 00:00:00', '835000', NULL, '0', 'YES', NULL, NULL, NULL, '', 100752),
(185, 29, '2013-09-02', '835000', 2, '2013-08-25 00:00:00', '835000', NULL, '0', 'YES', NULL, NULL, NULL, '', 100753),
(186, 29, '2013-10-03', '835000', 2, '2013-09-29 00:00:00', '835000', NULL, '0', 'YES', NULL, NULL, NULL, '', 100754),
(187, 29, '2013-11-02', '835000', 2, '2013-10-27 00:00:00', '835000', NULL, '0', 'YES', NULL, NULL, NULL, '', 100755),
(188, 29, '2013-12-02', '835000', 2, '2013-11-30 00:00:00', '835000', NULL, '0', 'YES', NULL, NULL, NULL, '', 100756),
(189, 29, '2014-01-01', '835000', 2, '2013-12-26 00:00:00', '835000', NULL, '0', 'YES', NULL, NULL, NULL, '', 100757),
(190, 29, '2014-01-31', '835000', 2, '2014-01-23 00:00:00', '835000', NULL, '0', 'YES', NULL, NULL, NULL, '', 100758),
(191, 29, '2014-03-02', '835000', 2, '2014-01-23 00:00:00', '2800000', NULL, '0', 'YES', NULL, NULL, NULL, '', 100759),
(192, 29, '2014-03-31', '835000', 1, '2014-01-25 00:00:00', '500000', NULL, '0', 'YES', NULL, NULL, NULL, '', 100760),
(193, 29, '2014-05-01', '835000', 0, NULL, '0', NULL, '0', 'NO', NULL, NULL, NULL, '', 100761),
(194, 29, '2014-06-01', '815000', 0, NULL, '0', NULL, '0', 'NO', NULL, NULL, NULL, '', 100762),
(195, 30, '2012-12-08', '30000000', 1, '2013-06-22 00:00:00', '30000000', NULL, '0', 'YES', NULL, NULL, NULL, '', 100316),
(196, 31, '2012-09-23', '30000000', 1, '2013-04-10 00:00:00', '30000000', NULL, '0', 'YES', NULL, NULL, NULL, '', 100426),
(197, 32, '2012-09-25', '3000000', 2, '2013-11-21 00:00:00', '3000000', NULL, '0', 'YES', NULL, NULL, NULL, '', 100085),
(198, 32, '2012-10-25', '3000000', 2, '2013-12-02 00:00:00', '3000000', NULL, '0', 'YES', NULL, NULL, NULL, '', 101208),
(199, 32, '2012-11-24', '3000000', 2, '2013-12-24 00:00:00', '3000000', NULL, '0', 'YES', NULL, NULL, NULL, '', 101213),
(200, 32, '2012-12-24', '3000000', 2, '2014-01-26 00:00:00', '3000000', NULL, '0', 'YES', NULL, NULL, NULL, '', 101220),
(201, 32, '2013-01-23', '2000000', 2, '2014-02-22 00:00:00', '2000000', NULL, '0', 'YES', NULL, NULL, NULL, '', 101292),
(202, 32, '2013-02-22', '2000000', 2, '2014-04-09 00:00:00', '2000000', NULL, '0', 'YES', NULL, NULL, NULL, '', 101331),
(203, 32, '2013-03-24', '3000000', 2, '2014-04-26 00:00:00', '3000000', NULL, '0', 'YES', NULL, NULL, NULL, '', 101406),
(204, 32, '2013-04-24', '2000000', 2, '2014-05-29 00:00:00', '2000000', NULL, '0', 'YES', NULL, NULL, NULL, '', 101421),
(205, 32, '2013-05-25', '2000000', 2, '2014-06-26 00:00:00', '2000000', NULL, '0', 'YES', NULL, NULL, NULL, '', 101461),
(206, 32, '2013-06-25', '3000000', 2, '2014-07-24 00:00:00', '3000000', NULL, '0', 'YES', NULL, NULL, NULL, '', 101494),
(207, 32, '2013-07-26', '1300529', 1, '2014-07-28 00:00:00', '1300529', NULL, '0', 'YES', NULL, NULL, NULL, '', 101541),
(208, 32, '2013-08-26', '2000000', 2, '2014-09-23 00:00:00', '2000000', NULL, '0', 'YES', NULL, NULL, NULL, '', 101544),
(209, 32, '2013-09-26', '699471', 2, '2014-10-25 00:00:00', '2000000', NULL, '0', 'YES', NULL, NULL, NULL, '', 101586),
(210, 32, '2013-10-26', '2000000', 2, '2014-12-27 00:00:00', '2000000', NULL, '0', 'YES', NULL, NULL, NULL, '', 101638),
(211, 32, '2013-11-25', '2000000', 2, '2015-01-25 00:00:00', '2000000', NULL, '0', 'YES', NULL, NULL, NULL, '', 101639),
(212, 32, '2013-12-25', '1000000', 2, '2015-02-24 00:00:00', '1000000', NULL, '0', 'YES', NULL, NULL, NULL, '', 101919),
(213, 32, '2014-01-24', '2125480', 0, NULL, '0', NULL, '0', 'NO', NULL, NULL, NULL, '', 101920),
(214, 33, '2012-09-25', '1500000', 1, '2013-07-11 00:00:00', '1500000', NULL, '0', 'YES', NULL, NULL, NULL, '', 100086),
(215, 33, '2012-10-25', '1500000', 1, '2013-07-20 00:00:00', '1500000', NULL, '0', 'YES', NULL, NULL, NULL, 'واریزی در بانک تجارت مرکز', 100932),
(216, 33, '2012-11-24', '3000000', 1, '2013-09-14 00:00:00', '3000000', NULL, '0', 'YES', NULL, NULL, NULL, '', 100933),
(217, 33, '2012-12-24', '3000000', 1, '2013-10-13 00:00:00', '3000000', NULL, '0', 'YES', NULL, NULL, NULL, '', 101142),
(218, 33, '2013-01-23', '3000000', 1, '2013-10-23 00:00:00', '3000000', NULL, '0', 'YES', NULL, NULL, NULL, '', 101159),
(219, 33, '2013-02-22', '3000000', 1, '2013-11-07 00:00:00', '3000000', NULL, '0', 'YES', NULL, NULL, NULL, '', 101165),
(220, 33, '2013-03-24', '700000', 2, '2013-11-21 00:00:00', '700000', NULL, '0', 'YES', NULL, NULL, NULL, '', 101172),
(221, 33, '2013-04-24', '700000', 2, '2013-12-02 00:00:00', '700000', NULL, '0', 'YES', NULL, NULL, NULL, '', 101209),
(222, 33, '2013-05-25', '3000000', 3, '2013-12-10 00:00:00', '3000000', NULL, '0', 'YES', NULL, NULL, NULL, '', 101212),
(223, 33, '2013-06-25', '1000000', 2, '2013-12-24 00:00:00', '1000000', NULL, '0', 'YES', NULL, NULL, NULL, '', 101217),
(224, 33, '2013-07-26', '3000000', 3, '2014-01-11 00:00:00', '3000000', NULL, '0', 'YES', NULL, NULL, NULL, '', 101221),
(225, 33, '2013-08-26', '3300000', 3, '2014-02-17 00:00:00', '3000000', NULL, '0', 'YES', NULL, NULL, NULL, '', 101326),
(226, 33, '2013-09-26', '1000000', 2, '2014-02-22 00:00:00', '1000000', NULL, '0', 'YES', NULL, NULL, NULL, '', 101327),
(227, 33, '2013-10-26', '2700000', 1, '2014-03-17 00:00:00', '3000000', NULL, '0', 'YES', NULL, NULL, NULL, '', 101377),
(228, 33, '2013-11-25', '1000000', 2, '2014-04-09 00:00:00', '1000000', NULL, '0', 'YES', NULL, NULL, NULL, '', 101404),
(229, 33, '2013-12-25', '3000000', 3, '2014-04-13 00:00:00', '3000000', NULL, '0', 'YES', NULL, NULL, NULL, '', 101405),
(230, 33, '2014-01-24', '1000000', 2, '2014-04-26 00:00:00', '1000000', NULL, '0', 'YES', NULL, NULL, NULL, '', 101407),
(231, 33, '2014-02-23', '1000000', 2, '2014-05-29 00:00:00', '1000000', NULL, '0', 'YES', NULL, NULL, NULL, '', 101420),
(232, 33, '2014-03-24', '1000000', 2, '2014-06-26 00:00:00', '1000000', NULL, '0', 'YES', NULL, NULL, NULL, '', 101462),
(233, 33, '2014-04-24', '180167', 1, '2014-07-28 00:00:00', '180167', NULL, '0', 'YES', NULL, NULL, NULL, '', 101493),
(234, 34, '2012-08-16', '1500000', 2, '2013-11-07 00:00:00', '1500000', NULL, '0', 'YES', NULL, NULL, NULL, '', 100087),
(235, 34, '2012-09-16', '1500000', 2, '2013-12-04 00:00:00', '1500000', NULL, '0', 'YES', NULL, NULL, NULL, '', 101170),
(236, 34, '2012-10-17', '1500000', 2, '2013-12-26 00:00:00', '1500000', NULL, '0', 'YES', NULL, NULL, NULL, '', 101215),
(237, 34, '2012-11-16', '1500000', 2, '2014-02-05 00:00:00', '1500000', NULL, '0', 'YES', NULL, NULL, NULL, '', 101223),
(238, 34, '2012-12-16', '1500000', 2, '2014-03-09 00:00:00', '1500000', NULL, '0', 'YES', NULL, NULL, NULL, '', 101297),
(239, 34, '2013-01-15', '1500000', 2, '2014-03-26 00:00:00', '1500000', NULL, '0', 'YES', NULL, NULL, NULL, '', 101374),
(240, 34, '2013-02-14', '13000000', 2, '2014-04-30 00:00:00', '13000000', NULL, '0', 'YES', NULL, NULL, NULL, '', 101383),
(241, 34, '2013-03-16', '1500000', 2, '2014-05-05 00:00:00', '1500000', NULL, '0', 'YES', NULL, NULL, NULL, '', 101422),
(242, 34, '2013-04-15', '1500000', 2, '2014-06-02 00:00:00', '1500000', NULL, '0', 'YES', NULL, NULL, NULL, 'چک ش 819554', 101435),
(243, 34, '2013-05-16', '1500000', 2, '2014-07-01 00:00:00', '1500000', NULL, '0', 'YES', NULL, NULL, NULL, '', 101466),
(244, 34, '2013-06-16', '1500000', 2, '2014-08-12 00:00:00', '1500000', NULL, '0', 'YES', NULL, NULL, NULL, '', 101501),
(245, 34, '2013-07-17', '1500000', 2, '2014-09-04 00:00:00', '1500000', NULL, '0', 'YES', NULL, NULL, NULL, '', 101552),
(246, 34, '2013-08-17', '500000', 2, '2014-10-09 00:00:00', '1500000', NULL, '0', 'YES', NULL, NULL, NULL, '', 101572),
(247, 34, '2013-09-17', '10878082', 9, '2014-12-24 00:00:00', '3000000', NULL, '0', 'YES', '991157', NULL, NULL, 'وصول چک', 101593),
(248, 34, '2013-10-18', '19178', 9, '2015-01-27 00:00:00', '3000000', NULL, '0', 'YES', '991158', NULL, NULL, 'وصول چک', 101605),
(249, 34, '2015-02-21', '0', 9, '2015-02-21 00:00:00', '3000000', NULL, '0', 'YES', '991159', NULL, NULL, 'بابت تسویه وام', 10000),
(250, 34, '2015-03-22', '0', 1, '2015-02-28 00:00:00', '897260', NULL, '0', 'YES', NULL, NULL, NULL, '', 101923),
(251, 35, '2012-08-03', '1660000', 1, '2012-08-05 00:00:00', '1660000', NULL, '0', 'YES', NULL, NULL, NULL, '', 100297),
(252, 35, '2012-09-03', '1600000', 1, '2012-09-03 00:00:00', '1600000', NULL, '0', 'YES', NULL, NULL, NULL, '', 100298),
(253, 35, '2012-10-04', '1660000', 1, '2012-10-13 00:00:00', '1600000', NULL, '0', 'YES', NULL, NULL, NULL, '', 100299),
(254, 35, '2012-11-03', '1660000', 1, '2012-11-18 00:00:00', '1600000', NULL, '0', 'YES', NULL, NULL, NULL, '', 100300),
(255, 35, '2012-12-03', '1600000', 1, '2013-02-18 00:00:00', '1600000', NULL, '0', 'YES', NULL, NULL, NULL, '', 100301),
(256, 35, '2013-01-02', '1660000', 1, '2013-02-19 00:00:00', '1600000', NULL, '0', 'YES', NULL, NULL, NULL, 'بابت قسط شماره 5 از قلم افتاده ', 100302),
(257, 35, '2013-02-01', '1660000', 1, '2013-03-17 00:00:00', '1600000', NULL, '0', 'YES', NULL, NULL, NULL, '', 100303),
(258, 35, '2013-03-03', '1660000', 1, '2013-03-17 00:00:00', '1600000', NULL, '0', 'YES', NULL, NULL, NULL, '', 100304),
(259, 35, '2013-04-02', '1660000', 1, '2013-05-20 00:00:00', '1600000', NULL, '0', 'YES', NULL, NULL, NULL, '', 100305),
(260, 35, '2013-05-03', '1660000', 1, '2013-05-20 00:00:00', '1600000', NULL, '0', 'YES', NULL, NULL, NULL, '', 100306),
(261, 35, '2013-06-03', '1600000', 1, '2013-07-11 00:00:00', '1600000', NULL, '0', 'YES', NULL, NULL, NULL, '', 100922),
(262, 35, '2013-07-04', '1920000', 1, '2013-08-08 00:00:00', '2340000', NULL, '0', 'YES', NULL, NULL, NULL, '', 101081),
(263, 36, '2013-06-07', '11000000', 1, '2013-04-21 00:00:00', '11000000', NULL, '0', 'YES', NULL, NULL, NULL, '', 100826),
(264, 36, '2013-07-08', '8000000', 1, '2013-05-18 00:00:00', '8000000', NULL, '0', 'YES', NULL, NULL, NULL, '', 100827),
(265, 36, '2013-08-08', '14970000', 1, '2013-07-11 00:00:00', '14970000', NULL, '0', 'YES', NULL, NULL, NULL, '', 100931),
(266, 37, '2012-08-03', '2000000', 1, '2014-01-23 00:00:00', '2000000', NULL, '0', 'YES', NULL, NULL, NULL, '', 100733),
(267, 37, '2012-09-03', '2000000', 1, '2014-02-22 00:00:00', '2000000', NULL, '0', 'YES', NULL, NULL, NULL, '', 101274),
(268, 37, '2012-10-04', '2000000', 1, '2014-03-26 00:00:00', '2000000', NULL, '0', 'YES', NULL, NULL, NULL, '', 101275),
(269, 37, '2012-11-03', '2000000', 1, '2014-04-26 00:00:00', '2000000', NULL, '0', 'YES', NULL, NULL, NULL, '', 101276),
(270, 37, '2012-12-03', '2000000', 1, '2014-06-02 00:00:00', '2000000', NULL, '0', 'YES', NULL, NULL, NULL, '', 101277),
(271, 37, '2013-01-02', '2000000', 1, '2014-07-23 00:00:00', '2000000', NULL, '0', 'YES', NULL, NULL, NULL, '', 101278),
(272, 37, '2013-02-01', '2000000', 1, '2014-09-29 00:00:00', '2000000', NULL, '0', 'YES', NULL, NULL, NULL, '', 101279),
(273, 37, '2013-03-03', '2000000', 1, '2014-11-02 00:00:00', '2000000', NULL, '0', 'YES', NULL, NULL, NULL, '', 101280),
(274, 37, '2013-04-02', '2000000', 1, '2014-12-07 00:00:00', '2000000', NULL, '0', 'YES', NULL, NULL, NULL, '', 101281),
(275, 37, '2013-05-03', '2000000', 1, '2015-01-03 00:00:00', '2000000', NULL, '0', 'YES', NULL, NULL, NULL, '', 101282),
(276, 37, '2013-06-03', '2000000', 1, '2015-01-28 00:00:00', '2000000', NULL, '0', 'YES', NULL, NULL, NULL, '', 101283),
(277, 37, '2013-07-04', '2000000', 2, '2015-05-17 00:00:00', '2000000', NULL, '0', 'YES', NULL, NULL, NULL, '', 101284),
(278, 37, '2013-08-04', '2000000', 2, '2015-05-17 00:00:00', '2000000', NULL, '0', 'YES', NULL, NULL, NULL, '', 101285),
(279, 37, '2013-09-04', '2000000', 2, '2015-05-17 00:00:00', '2000000', NULL, '0', 'YES', NULL, NULL, NULL, '', 101286),
(280, 37, '2013-10-05', '2000000', 2, '2015-05-17 00:00:00', '2000000', NULL, '0', 'YES', NULL, NULL, NULL, '', 101287),
(281, 37, '2013-11-04', '2000000', 1, '2015-07-26 00:00:00', '2000000', NULL, '0', 'YES', NULL, NULL, NULL, '', 101288),
(282, 37, '2013-12-04', '2000000', 1, '2015-10-26 00:00:00', '2000000', NULL, '0', 'YES', NULL, NULL, NULL, 'حواله ازشعبه پارک ', 101289),
(283, 37, '2014-01-03', '2000000', 0, NULL, '0', NULL, '0', 'NO', NULL, NULL, NULL, '', 101290),
(284, 38, '2013-01-02', '30000000', 1, '2013-07-28 00:00:00', '30000000', NULL, '0', 'YES', NULL, NULL, NULL, '', 100427),
(285, 39, '2012-10-04', '20000000', 1, '2012-09-26 00:00:00', '20000000', NULL, '0', 'YES', NULL, NULL, NULL, '', 100208),
(286, 40, '2012-12-23', '103958333', 0, NULL, '0', NULL, '0', 'NO', NULL, NULL, NULL, '', 100717),
(287, 41, '2012-12-30', '30000000', 1, '2013-10-21 00:00:00', '30000000', NULL, '0', 'YES', NULL, NULL, NULL, '', 100428),
(288, 42, '2013-01-06', '30000000', 1, '2013-04-06 00:00:00', '30000000', NULL, '0', 'YES', NULL, NULL, NULL, 'تسویه وام', 100429),
(289, 43, '2013-01-01', '30000000', 1, '2013-06-02 00:00:00', '30000000', NULL, '0', 'YES', NULL, NULL, NULL, '', 100430),
(290, 44, '2012-10-09', '30000000', 1, '2013-04-20 00:00:00', '30000000', NULL, '0', 'YES', NULL, NULL, NULL, '', 100168),
(291, 45, '2012-10-09', '30000000', 1, '2013-04-25 00:00:00', '30000000', NULL, '0', 'YES', NULL, NULL, NULL, '', 100169),
(292, 46, '2012-10-09', '20000000', 1, '2013-01-10 00:00:00', '20000000', NULL, '0', 'YES', NULL, NULL, NULL, '', 100170),
(293, 47, '2012-10-10', '20000000', 1, '2012-09-18 00:00:00', '20000000', NULL, '0', 'YES', NULL, NULL, NULL, '', 100171),
(294, 47, '2012-11-09', '10000000', 1, '2013-10-14 00:00:00', '6800000', NULL, '0', 'YES', NULL, NULL, NULL, '', 101161),
(295, 47, '2012-12-09', '1730000', 2, '2014-03-04 00:00:00', '4430000', NULL, '0', 'YES', NULL, NULL, NULL, '', 101337),
(296, 47, '2013-01-08', '0', 8, '2014-03-04 00:00:00', '500000', NULL, '0', 'YES', NULL, NULL, NULL, '', 101338),
(297, 48, '2012-08-10', '1670000', 1, '2012-08-11 00:00:00', '1670000', NULL, '0', 'YES', NULL, NULL, NULL, '', 100335),
(298, 48, '2012-09-10', '1670000', 1, '2012-09-13 00:00:00', '1670000', NULL, '0', 'YES', NULL, NULL, NULL, '', 100336),
(299, 48, '2012-10-11', '1670000', 1, '2012-10-11 00:00:00', '1670000', NULL, '0', 'YES', NULL, NULL, NULL, '', 100337),
(300, 48, '2012-11-10', '1670000', 1, '2012-11-08 00:00:00', '1660000', NULL, '0', 'YES', NULL, NULL, NULL, '', 100338),
(301, 48, '2012-12-10', '1670000', 1, '2012-12-20 00:00:00', '1670000', NULL, '0', 'YES', NULL, NULL, NULL, '', 100339),
(302, 48, '2013-01-09', '1670000', 1, '2013-01-17 00:00:00', '1670000', NULL, '0', 'YES', NULL, NULL, NULL, '', 100340),
(303, 48, '2013-02-08', '1670000', 1, '2013-02-21 00:00:00', '1670000', NULL, '0', 'YES', NULL, NULL, NULL, '', 100341),
(304, 48, '2013-03-10', '1670000', 1, '2013-03-07 00:00:00', '1670000', NULL, '0', 'YES', NULL, NULL, NULL, '', 100342),
(305, 48, '2013-04-09', '1670000', 1, '2013-04-25 00:00:00', '1700000', NULL, '0', 'YES', NULL, NULL, NULL, '', 100343),
(306, 48, '2013-05-10', '1670000', 1, '2013-05-22 00:00:00', '1700000', NULL, '0', 'YES', NULL, NULL, NULL, '', 100344),
(307, 48, '2013-06-10', '1670000', 1, '2013-06-27 00:00:00', '1670000', NULL, '0', 'YES', NULL, NULL, NULL, '', 100345),
(308, 48, '2013-07-11', '1630000', 1, '2013-07-25 00:00:00', '1580000', NULL, '0', 'YES', NULL, NULL, NULL, '', 100346),
(309, 49, '2012-08-16', '1670000', 5, '2012-08-16 00:00:00', '1670000', NULL, '0', 'YES', NULL, NULL, NULL, '', 100243),
(310, 49, '2012-09-16', '1670000', 1, '2012-09-18 00:00:00', '1670000', NULL, '0', 'YES', NULL, NULL, NULL, '', 100244),
(311, 49, '2012-10-17', '1670000', 1, '2012-10-18 00:00:00', '1670000', NULL, '0', 'YES', NULL, NULL, NULL, '', 100245),
(312, 49, '2012-11-16', '1670000', 1, '2012-11-18 00:00:00', '1670000', NULL, '0', 'YES', NULL, NULL, NULL, '', 100246),
(313, 49, '2012-12-16', '1670000', 1, '2012-12-19 00:00:00', '1670000', NULL, '0', 'YES', NULL, NULL, NULL, '', 100247),
(314, 49, '2013-01-15', '1670000', 1, '2013-01-20 00:00:00', '1670000', NULL, '0', 'YES', NULL, NULL, NULL, '', 100248),
(315, 49, '2013-02-14', '1670000', 1, '2013-02-19 00:00:00', '1670000', NULL, '0', 'YES', NULL, NULL, NULL, '', 100249),
(316, 49, '2013-03-16', '1670000', 1, '2013-03-16 00:00:00', '1670000', NULL, '0', 'YES', NULL, NULL, NULL, '', 100250),
(317, 49, '2013-04-15', '1670000', 1, '2013-04-24 00:00:00', '1700000', NULL, '0', 'YES', NULL, NULL, NULL, '2303', 100251),
(318, 49, '2013-05-16', '1670000', 1, '2013-05-22 00:00:00', '1670000', NULL, '0', 'YES', NULL, NULL, NULL, '', 100252),
(319, 49, '2013-06-16', '1670000', 1, '2013-06-20 00:00:00', '1670000', NULL, '0', 'YES', NULL, NULL, NULL, '', 100253),
(320, 49, '2013-07-17', '1600000', 1, '2013-07-24 00:00:00', '1600000', NULL, '0', 'YES', NULL, NULL, NULL, '', 100254),
(321, 49, '2013-08-17', '30000', 0, NULL, '0', NULL, '0', 'NO', NULL, NULL, NULL, '', 100954),
(322, 50, '2012-10-13', '20100000', 1, '2013-10-14 00:00:00', '20100000', NULL, '0', 'YES', NULL, NULL, NULL, '', 100195),
(323, 50, '2012-11-12', '9900000', 1, '2013-11-11 00:00:00', '9900000', NULL, '0', 'YES', NULL, NULL, NULL, '', 101160),
(324, 51, '2012-10-13', '30000000', 1, '2013-09-09 00:00:00', '30000000', NULL, '0', 'YES', NULL, NULL, NULL, '', 100196),
(325, 52, '2012-08-15', '830000', 1, '2012-08-26 00:00:00', '830000', NULL, '0', 'YES', NULL, NULL, NULL, '', 100255),
(326, 52, '2012-09-15', '830000', 1, '2012-09-24 00:00:00', '830000', NULL, '0', 'YES', NULL, NULL, NULL, '', 100256),
(327, 52, '2012-10-16', '830000', 1, '2012-10-21 00:00:00', '830000', NULL, '0', 'YES', NULL, NULL, NULL, '', 100257),
(328, 52, '2012-11-15', '830000', 1, '2012-11-20 00:00:00', '830000', NULL, '0', 'YES', NULL, NULL, NULL, '', 100258),
(329, 52, '2012-12-15', '830000', 1, '2012-12-20 00:00:00', '830000', NULL, '0', 'YES', NULL, NULL, NULL, '', 100259),
(330, 52, '2013-01-14', '830000', 1, '2013-01-19 00:00:00', '830000', NULL, '0', 'YES', NULL, NULL, NULL, '', 100260),
(331, 52, '2013-02-13', '830000', 1, '2013-02-19 00:00:00', '830000', NULL, '0', 'YES', NULL, NULL, NULL, '', 100261),
(332, 52, '2013-03-15', '830000', 1, '2013-03-18 00:00:00', '830000', NULL, '0', 'YES', NULL, NULL, NULL, '', 100262),
(333, 52, '2013-04-14', '830000', 1, '2013-04-24 00:00:00', '830000', NULL, '0', 'YES', NULL, NULL, NULL, 'کسر از حقوق', 100263),
(334, 52, '2013-05-15', '830000', 1, '2013-05-23 00:00:00', '830000', NULL, '0', 'YES', NULL, NULL, NULL, '', 100264),
(335, 52, '2013-06-15', '830000', 1, '2013-06-23 00:00:00', '830000', NULL, '0', 'YES', NULL, NULL, NULL, '', 100265),
(336, 52, '2013-07-16', '830000', 1, '2013-07-25 00:00:00', '830000', NULL, '0', 'YES', NULL, NULL, NULL, '', 100266),
(337, 52, '2013-08-16', '830000', 1, '2013-08-24 00:00:00', '830000', NULL, '0', 'YES', NULL, NULL, NULL, '', 100267),
(338, 52, '2013-09-16', '830000', 1, '2013-09-23 00:00:00', '830000', NULL, '0', 'YES', NULL, NULL, NULL, '', 100268),
(339, 52, '2013-10-17', '830000', 1, '2013-10-23 00:00:00', '830000', NULL, '0', 'YES', NULL, NULL, NULL, '', 100269),
(340, 52, '2013-11-16', '830000', 1, '2013-11-18 00:00:00', '830000', NULL, '0', 'YES', NULL, NULL, NULL, '', 100270),
(341, 52, '2013-12-16', '830000', 1, '2013-11-18 00:00:00', '830000', NULL, '0', 'YES', NULL, NULL, NULL, '', 100271),
(342, 52, '2014-01-15', '830000', 1, '2013-11-18 00:00:00', '830000', NULL, '0', 'YES', NULL, NULL, NULL, '', 100272),
(343, 52, '2014-02-14', '830000', 1, '2013-11-18 00:00:00', '830000', NULL, '0', 'YES', NULL, NULL, NULL, '', 100273),
(344, 52, '2014-03-16', '830000', 1, '2013-11-18 00:00:00', '830000', NULL, '0', 'YES', NULL, NULL, NULL, '', 100274),
(345, 52, '2014-04-14', '830000', 1, '2013-11-18 00:00:00', '830000', NULL, '0', 'YES', NULL, NULL, NULL, '', 100275),
(346, 52, '2014-05-15', '830000', 1, '2013-11-18 00:00:00', '830000', NULL, '0', 'YES', NULL, NULL, NULL, '', 100276),
(347, 52, '2014-06-15', '830000', 1, '2013-11-18 00:00:00', '830000', NULL, '0', 'YES', NULL, NULL, NULL, '', 100277),
(348, 52, '2014-07-16', '910000', 1, '2013-11-18 00:00:00', '910000', NULL, '0', 'YES', NULL, NULL, NULL, '', 100278),
(349, 53, '2012-08-30', '1660000', 1, '2012-10-07 00:00:00', '1667000', NULL, '0', 'YES', NULL, NULL, NULL, 'واریز به شعبه مرکز', 100400),
(350, 53, '2012-09-30', '1660000', 1, '2012-10-21 00:00:00', '1667000', NULL, '0', 'YES', NULL, NULL, NULL, 'پرداخت در مرکز', 100401),
(351, 53, '2012-10-30', '1666600', 1, '2013-01-31 00:00:00', '1670000', NULL, '0', 'YES', NULL, NULL, NULL, '', 100719),
(352, 53, '2012-11-29', '1670000', 1, '2013-02-27 00:00:00', '1670000', NULL, '0', 'YES', NULL, NULL, NULL, '', 100720),
(353, 53, '2013-02-27', '1666600', 1, '2013-06-16 00:00:00', '1667000', NULL, '0', 'YES', NULL, NULL, NULL, '', 100723),
(354, 53, '2013-03-29', '1666600', 1, '2013-06-16 00:00:00', '1667000', NULL, '0', 'YES', NULL, NULL, NULL, '', 100724),
(355, 53, '2013-06-30', '1666600', 2, '2013-11-05 00:00:00', '9920000', NULL, '0', 'YES', NULL, NULL, NULL, '', 100727),
(356, 53, '2013-07-31', '1666600', 1, '2013-11-06 00:00:00', '72000', NULL, '0', 'YES', NULL, NULL, NULL, '', 100728),
(357, 53, '2013-08-31', '10600', 0, NULL, '0', NULL, '0', 'NO', NULL, NULL, NULL, '', 100789),
(358, 53, '2013-10-01', '1666600', 0, NULL, '0', NULL, '0', 'NO', NULL, NULL, NULL, '', 100790),
(359, 53, '2013-10-31', '1649200', 0, NULL, '0', NULL, '0', 'NO', NULL, NULL, NULL, '', 100791),
(360, 53, '2013-11-30', '17400', 0, NULL, '0', NULL, '0', 'NO', NULL, NULL, NULL, '', 100792),
(361, 53, '2013-12-30', '1673400', 0, NULL, '0', NULL, '0', 'NO', NULL, NULL, NULL, '', 100899),
(362, 53, '2014-01-29', '1659800', 0, NULL, '0', NULL, '0', 'NO', NULL, NULL, NULL, '', 100900),
(363, 55, '2014-09-17', '333333333', 1, '2014-11-18 00:00:00', '330000000', NULL, '0', 'YES', NULL, NULL, NULL, '', 100475),
(364, 55, '2014-10-18', '333333333', 2, '2015-03-14 00:00:00', '330000000', NULL, '0', 'YES', NULL, NULL, NULL, '', 100476),
(365, 55, '2014-11-17', '333333334', 0, NULL, '0', NULL, '0', 'NO', NULL, NULL, NULL, '', 100477),
(366, 56, '2012-06-15', '6180000', 1, '2013-04-24 00:00:00', '6180000', NULL, '0', 'YES', NULL, NULL, NULL, '', 100819),
(367, 56, '2012-07-16', '6180000', 1, '2013-04-25 00:00:00', '6180000', NULL, '0', 'YES', NULL, NULL, NULL, '', 100820),
(368, 56, '2012-06-15', '12360000', 1, '2013-06-17 00:00:00', '12360000', NULL, '0', 'YES', NULL, NULL, NULL, '', 100856),
(369, 56, '2012-06-18', '12360000', 1, '2013-07-11 00:00:00', '12360000', NULL, '0', 'YES', NULL, NULL, NULL, '', 100929),
(370, 56, '2012-07-19', '12360000', 1, '2013-09-04 00:00:00', '12360000', NULL, '0', 'YES', NULL, NULL, NULL, '', 100930),
(371, 56, '2012-08-19', '6180000', 2, '2014-04-05 00:00:00', '6180000', NULL, '0', 'YES', NULL, NULL, NULL, '', 101137),
(372, 56, '2012-09-19', '6180000', 2, '2014-05-03 00:00:00', '6180000', NULL, '0', 'YES', NULL, NULL, NULL, '', 101402),
(373, 56, '2012-10-20', '6180000', 2, '2014-05-03 00:00:00', '6180000', NULL, '0', 'YES', NULL, NULL, NULL, '', 101423),
(374, 56, '2012-11-19', '6180000', 2, '2014-06-09 00:00:00', '6180000', NULL, '0', 'YES', NULL, NULL, NULL, '', 101424),
(375, 56, '2012-12-19', '6180000', 2, '2014-07-06 00:00:00', '6180000', NULL, '0', 'YES', NULL, NULL, NULL, '', 101489),
(376, 56, '2013-01-18', '6180000', 2, '2014-07-06 00:00:00', '6180000', NULL, '0', 'YES', NULL, NULL, NULL, '', 101502),
(377, 56, '2013-02-17', '24563000', 2, '2014-08-19 00:00:00', '24563000', NULL, '0', 'YES', NULL, NULL, NULL, '', 101503),
(378, 57, '2012-11-06', '28500000', 1, '2013-10-08 00:00:00', '28500000', NULL, '0', 'YES', NULL, NULL, NULL, '', 100221),
(379, 57, '2012-12-06', '1500000', 2, '2013-12-04 00:00:00', '1500000', NULL, '0', 'YES', NULL, NULL, NULL, '', 101156),
(380, 57, '2013-01-05', '325000', 2, '2013-12-26 00:00:00', '325000', NULL, '0', 'YES', NULL, NULL, NULL, '', 101216),
(381, 58, '2012-11-06', '30000000', 1, '2012-11-06 00:00:00', '30000000', NULL, '0', 'YES', NULL, NULL, NULL, 'بابت تسویه وام', 100222),
(382, 59, '2012-11-07', '30000000', 1, '2013-01-01 00:00:00', '30000000', NULL, '0', 'YES', NULL, NULL, NULL, '', 100223),
(383, 60, '2012-11-07', '28000000', 1, '2013-10-26 00:00:00', '28000000', NULL, '0', 'YES', NULL, NULL, NULL, '', 100224),
(384, 60, '2012-12-07', '2000000', 1, '2014-08-27 00:00:00', '2000000', NULL, '0', 'YES', NULL, NULL, NULL, '', 101166),
(385, 61, '2012-11-07', '30000000', 1, '2012-12-19 00:00:00', '30000000', NULL, '0', 'YES', NULL, NULL, NULL, '', 100225),
(386, 62, '2012-11-07', '30000000', 1, '2013-06-18 00:00:00', '30000000', NULL, '0', 'YES', NULL, NULL, NULL, '', 100226),
(387, 63, '2012-11-07', '30000000', 1, '2013-05-07 00:00:00', '30000000', NULL, '0', 'YES', NULL, NULL, NULL, '', 100227),
(388, 64, '2012-11-07', '30000000', 1, '2013-05-15 00:00:00', '30000000', NULL, '0', 'YES', NULL, NULL, NULL, '', 100228),
(389, 65, '2012-11-07', '30000000', 2, '2013-10-02 00:00:00', '30000000', NULL, '0', 'YES', NULL, NULL, NULL, '', 100229),
(390, 66, '2012-11-06', '30000000', 1, '2014-05-12 00:00:00', '34500000', NULL, '0', 'YES', NULL, NULL, NULL, '', 100230),
(391, 66, '2012-12-06', '4500000', 0, NULL, '0', NULL, '0', 'NO', NULL, NULL, NULL, 'قسط اضافه شده بابت کارمزد', 101439),
(392, 67, '2014-11-06', '383333333', 1, '2014-10-15 00:00:00', '383333333', NULL, '0', 'YES', NULL, NULL, NULL, '', 100237),
(393, 67, '2014-12-06', '383333333', 2, '2014-11-23 00:00:00', '383333333', NULL, '0', 'YES', NULL, NULL, NULL, '', 100238),
(394, 67, '2015-01-05', '383333334', 2, '2014-12-10 00:00:00', '383333334', NULL, '0', 'YES', NULL, NULL, NULL, '', 100239),
(395, 68, '2014-11-06', '416666666', 2, '2015-02-21 00:00:00', '416666666', NULL, '0', 'YES', NULL, NULL, NULL, '', 100234),
(396, 68, '2014-12-06', '416666667', 2, '2015-05-05 00:00:00', '416666667', NULL, '0', 'YES', NULL, NULL, NULL, '', 100235),
(397, 68, '2015-01-05', '416666666', 9, '2015-07-07 00:00:00', '416666666', NULL, '0', 'YES', '378860', NULL, NULL, 'وصول چک', 100236),
(398, 68, '2015-02-04', '1', 1, '2015-08-24 00:00:00', '1', NULL, '0', 'YES', NULL, NULL, NULL, '', 102464),
(399, 69, '2012-10-04', '2500000', 1, '2013-04-13 00:00:00', '2500000', NULL, '0', 'YES', NULL, NULL, NULL, '', 100319),
(400, 69, '2012-11-03', '2500000', 1, '2013-04-13 00:00:00', '2500000', NULL, '0', 'YES', NULL, NULL, NULL, '', 100320),
(401, 69, '2012-12-03', '2500000', 1, '2013-04-13 00:00:00', '2500000', NULL, '0', 'YES', NULL, NULL, NULL, '', 100321),
(402, 69, '2013-01-02', '2500000', 1, '2013-04-13 00:00:00', '2500000', NULL, '0', 'YES', NULL, NULL, NULL, '', 100322),
(403, 69, '2013-02-01', '2500000', 1, '2013-04-13 00:00:00', '2500000', NULL, '0', 'YES', NULL, NULL, NULL, '', 100323),
(404, 69, '2013-03-03', '2500000', 1, '2013-04-13 00:00:00', '2500000', NULL, '0', 'YES', NULL, NULL, NULL, '', 100324),
(405, 69, '2013-04-02', '2500000', 1, '2013-04-13 00:00:00', '2500000', NULL, '0', 'YES', NULL, NULL, NULL, '', 100325),
(406, 69, '2013-05-03', '2500000', 1, '2013-07-31 00:00:00', '2500000', NULL, '0', 'YES', NULL, NULL, NULL, '', 100326),
(407, 69, '2013-06-03', '2500000', 1, '2013-07-31 00:00:00', '2500000', NULL, '0', 'YES', NULL, NULL, NULL, '', 100327),
(408, 69, '2013-07-04', '2500000', 1, '2013-10-12 00:00:00', '2500000', NULL, '0', 'YES', NULL, NULL, NULL, '', 100328),
(409, 69, '2013-08-04', '2500000', 1, '2013-10-12 00:00:00', '2500000', NULL, '0', 'YES', NULL, NULL, NULL, '', 100329),
(410, 69, '2013-09-04', '2500000', 1, '2013-10-12 00:00:00', '2500000', NULL, '0', 'YES', NULL, NULL, NULL, '', 100330),
(411, 70, '2012-11-08', '330000000', 0, NULL, '0', NULL, '0', 'NO', NULL, NULL, NULL, '', 100331),
(412, 70, '2013-01-07', '330000000', 0, NULL, '0', NULL, '0', 'NO', NULL, NULL, NULL, '', 100332),
(413, 70, '2013-03-08', '340000000', 0, NULL, '0', NULL, '0', 'NO', NULL, NULL, NULL, '', 100333),
(414, 71, '2014-11-09', '484000000', 2, '2015-01-29 00:00:00', '484000000', NULL, '0', 'YES', NULL, NULL, NULL, '', 100334),
(415, 71, '2014-12-09', '966000000', 2, '2015-04-05 00:00:00', '966000000', NULL, '0', 'YES', NULL, NULL, NULL, '', 101882),
(416, 72, '2012-12-15', '1400000', 2, '2014-06-02 00:00:00', '1400000', NULL, '0', 'YES', NULL, NULL, NULL, 'چک ش 819554', 100347);
INSERT INTO `LON_installments` (`InstallmentID`, `PartID`, `InstallmentDate`, `InstallmentAmount`, `PaidType`, `PaidDate`, `PaidAmount`, `PaidRefNo`, `PaidBillNo`, `IsPaid`, `ChequeNo`, `ChequeBank`, `ChequeBranch`, `details`, `imp_SerialNo`) VALUES
(417, 72, '2013-01-14', '600000', 2, '2014-06-02 00:00:00', '600000', NULL, '0', 'YES', NULL, NULL, NULL, '', 101464),
(418, 72, '2013-02-13', '600000', 2, '2014-07-01 00:00:00', '600000', NULL, '0', 'YES', NULL, NULL, NULL, '', 101468),
(419, 72, '2013-03-15', '1400000', 2, '2014-07-01 00:00:00', '1400000', NULL, '0', 'YES', NULL, NULL, NULL, '', 101497),
(420, 72, '2013-04-14', '1400000', 2, '2014-08-12 00:00:00', '1400000', NULL, '0', 'YES', NULL, NULL, NULL, '', 101499),
(421, 72, '2013-05-15', '1400000', 2, '2014-09-04 00:00:00', '1400000', NULL, '0', 'YES', NULL, NULL, NULL, '', 101550),
(422, 72, '2013-06-15', '1400000', 2, '2014-10-09 00:00:00', '1400000', NULL, '0', 'YES', NULL, NULL, NULL, '', 101571),
(423, 72, '2013-07-16', '1400000', 2, '2014-11-08 00:00:00', '1400000', NULL, '0', 'YES', NULL, NULL, NULL, '', 101592),
(424, 72, '2013-08-16', '1400000', 2, '2014-12-09 00:00:00', '1400000', NULL, '0', 'YES', NULL, NULL, NULL, '', 101657),
(425, 72, '2013-09-16', '1400000', 2, '2015-01-03 00:00:00', '1400000', NULL, '0', 'YES', NULL, NULL, NULL, '', 101689),
(426, 72, '2013-10-17', '1400000', 2, '2015-02-07 00:00:00', '1400000', NULL, '0', 'YES', NULL, NULL, NULL, '', 101792),
(427, 72, '2013-11-16', '1400000', 2, '2015-03-05 00:00:00', '1400000', NULL, '0', 'YES', NULL, NULL, NULL, '', 101886),
(428, 72, '2013-12-16', '1400000', 2, '2015-04-07 00:00:00', '1400000', NULL, '0', 'YES', NULL, NULL, NULL, '', 102013),
(429, 72, '2014-01-15', '1400000', 2, '2015-05-04 00:00:00', '1400000', NULL, '0', 'YES', NULL, NULL, NULL, '', 102209),
(430, 72, '2014-02-14', '1400000', 2, '2015-06-10 00:00:00', '1400000', NULL, '0', 'YES', NULL, NULL, NULL, '', 102237),
(431, 72, '2014-03-16', '1400000', 2, '2015-07-29 00:00:00', '1400000', NULL, '0', 'YES', NULL, NULL, NULL, '', 102359),
(432, 72, '2014-04-14', '1400000', 2, '2015-08-20 00:00:00', '1400000', NULL, '0', 'YES', NULL, NULL, NULL, '', 102461),
(433, 72, '2014-05-15', '1400000', 2, '2015-09-13 00:00:00', '1400000', NULL, '0', 'YES', NULL, NULL, NULL, '', 102462),
(434, 72, '2014-06-15', '1400000', 2, '2015-10-01 00:00:00', '1400000', NULL, '0', 'YES', NULL, NULL, NULL, '', 102490),
(435, 72, '2014-07-16', '5000000', 0, NULL, '0', NULL, '0', 'NO', NULL, NULL, NULL, '', 102541),
(436, 73, '2012-11-22', '133000000', 0, NULL, '0', NULL, '0', 'NO', NULL, NULL, NULL, '', 100348),
(437, 73, '2013-01-21', '133000000', 0, NULL, '0', NULL, '0', 'NO', NULL, NULL, NULL, '', 100349),
(438, 73, '2013-03-22', '134000000', 0, NULL, '0', NULL, '0', 'NO', NULL, NULL, NULL, '', 100350),
(439, 74, '2012-10-24', '1670000', 1, '2013-01-26 00:00:00', '1590000', NULL, '0', 'YES', NULL, NULL, NULL, '', 100710),
(440, 74, '2012-11-23', '1670000', 1, '2013-01-26 00:00:00', '1670000', NULL, '0', 'YES', NULL, NULL, NULL, '', 100711),
(441, 74, '2012-12-23', '1670000', 1, '2013-01-26 00:00:00', '1670000', NULL, '0', 'YES', NULL, NULL, NULL, '', 100712),
(442, 74, '2013-01-22', '1670000', 1, '2013-01-26 00:00:00', '1670000', NULL, '0', 'YES', NULL, NULL, NULL, '', 100713),
(443, 74, '2013-02-21', '1670000', 1, '2013-10-06 00:00:00', '1670000', NULL, '0', 'YES', NULL, NULL, NULL, '', 100714),
(444, 74, '2013-03-23', '1670000', 1, '2013-10-06 00:00:00', '1670000', NULL, '0', 'YES', NULL, NULL, NULL, '', 101150),
(445, 74, '2013-04-23', '1670000', 1, '2013-10-06 00:00:00', '1670000', NULL, '0', 'YES', NULL, NULL, NULL, '', 101151),
(446, 74, '2013-05-24', '1670000', 1, '2013-10-06 00:00:00', '1670000', NULL, '0', 'YES', NULL, NULL, NULL, '', 101152),
(447, 74, '2013-06-24', '1670000', 1, '2013-10-07 00:00:00', '1670000', NULL, '0', 'YES', NULL, NULL, NULL, '', 101153),
(448, 74, '2013-07-25', '1670000', 1, '2013-10-07 00:00:00', '1670000', NULL, '0', 'YES', NULL, NULL, NULL, '', 101154),
(449, 74, '2013-08-25', '1670000', 2, '2014-05-05 00:00:00', '1670000', NULL, '0', 'YES', NULL, NULL, NULL, '', 101155),
(450, 74, '2013-09-25', '1670000', 2, '2014-05-05 00:00:00', '1670000', NULL, '0', 'YES', NULL, NULL, NULL, '', 101426),
(451, 74, '2013-10-25', '1670000', 2, '2014-05-05 00:00:00', '1670000', NULL, '0', 'YES', NULL, NULL, NULL, '', 101427),
(452, 74, '2013-11-24', '1670000', 2, '2014-05-05 00:00:00', '1670000', NULL, '0', 'YES', NULL, NULL, NULL, '', 101428),
(453, 74, '2013-12-24', '1670000', 2, '2014-05-05 00:00:00', '1670000', NULL, '0', 'YES', NULL, NULL, NULL, '', 101429),
(454, 74, '2014-01-23', '1670000', 2, '2014-05-05 00:00:00', '1670000', NULL, '0', 'YES', NULL, NULL, NULL, '', 101430),
(455, 74, '2014-02-22', '1780000', 2, '2014-05-05 00:00:00', '1780000', NULL, '0', 'YES', NULL, NULL, NULL, '', 101431),
(456, 74, '2014-03-23', '1670000', 2, '2014-08-11 00:00:00', '1670000', NULL, '0', 'YES', NULL, NULL, NULL, '', 101432),
(457, 74, '2014-04-23', '1670000', 2, '2014-08-11 00:00:00', '1670000', NULL, '0', 'YES', NULL, NULL, NULL, '', 101545),
(458, 74, '2014-05-24', '1670000', 2, '2014-08-11 00:00:00', '1670000', NULL, '0', 'YES', NULL, NULL, NULL, '', 101546),
(459, 74, '2014-06-24', '1670000', 2, '2014-08-11 00:00:00', '1670000', NULL, '0', 'YES', NULL, NULL, NULL, '', 101547),
(460, 74, '2014-07-25', '1670000', 2, '2014-08-11 00:00:00', '1670000', NULL, '0', 'YES', NULL, NULL, NULL, '', 101548),
(461, 74, '2014-08-25', '3150000', 2, '2014-11-12 00:00:00', '3230000', NULL, '0', 'YES', NULL, NULL, NULL, '', 101549),
(462, 75, '2012-12-29', '30000000', 1, '2013-09-09 00:00:00', '30000000', NULL, '0', 'YES', NULL, NULL, NULL, '', 100399),
(463, 76, '2012-11-13', '2500000', 1, '2012-11-12 00:00:00', '2500000', NULL, '0', 'YES', NULL, NULL, NULL, '', 100412),
(464, 76, '2012-12-13', '2500000', 1, '2012-12-12 00:00:00', '2500000', NULL, '0', 'YES', NULL, NULL, NULL, '', 100413),
(465, 76, '2013-01-12', '2500000', 1, '2013-01-14 00:00:00', '2500000', NULL, '0', 'YES', NULL, NULL, NULL, '', 100414),
(466, 76, '2013-02-11', '2500000', 1, '2013-02-18 00:00:00', '2500000', NULL, '0', 'YES', NULL, NULL, NULL, '', 100415),
(467, 76, '2013-03-13', '2500000', 1, '2013-03-13 00:00:00', '2500000', NULL, '0', 'YES', NULL, NULL, NULL, '', 100416),
(468, 76, '2013-04-12', '2500000', 1, '2013-04-16 00:00:00', '2500000', NULL, '0', 'YES', NULL, NULL, NULL, '', 100417),
(469, 76, '2013-05-13', '2500000', 1, '2013-05-14 00:00:00', '2500000', NULL, '0', 'YES', NULL, NULL, NULL, '', 100418),
(470, 76, '2013-06-13', '2500000', 1, '2013-06-23 00:00:00', '2500000', NULL, '0', 'YES', NULL, NULL, NULL, '', 100419),
(471, 76, '2013-07-14', '2500000', 1, '2013-07-17 00:00:00', '2500000', NULL, '0', 'YES', NULL, NULL, NULL, '', 100420),
(472, 76, '2013-08-14', '2500000', 3, '2013-08-21 00:00:00', '2500000', NULL, '0', 'YES', NULL, NULL, NULL, '', 100421),
(473, 76, '2013-09-14', '2500000', 1, '2013-09-19 00:00:00', '2500000', NULL, '0', 'YES', NULL, NULL, NULL, '', 100422),
(474, 76, '2013-10-15', '2500000', 1, '2013-10-21 00:00:00', '2500000', NULL, '0', 'YES', NULL, NULL, NULL, '', 100423),
(475, 77, '2013-01-12', '30000000', 1, '2013-07-25 00:00:00', '30000000', NULL, '0', 'YES', NULL, NULL, NULL, '', 100424),
(476, 78, '2013-01-12', '30000000', 1, '2013-07-27 00:00:00', '30000000', NULL, '0', 'YES', NULL, NULL, NULL, '', 100459),
(477, 79, '2012-11-20', '850000', 1, '2012-12-18 00:00:00', '850000', NULL, '0', 'YES', NULL, NULL, NULL, '', 100667),
(478, 79, '2012-12-20', '850000', 1, '2012-12-23 00:00:00', '850000', NULL, '0', 'YES', NULL, NULL, NULL, '', 100668),
(479, 79, '2013-01-19', '850000', 1, '2013-02-18 00:00:00', '850000', NULL, '0', 'YES', NULL, NULL, NULL, '', 100669),
(480, 79, '2013-02-18', '850000', 1, '2013-04-15 00:00:00', '850000', NULL, '0', 'YES', NULL, NULL, NULL, '', 100670),
(481, 79, '2013-03-20', '850000', 1, '2013-04-15 00:00:00', '850000', NULL, '0', 'YES', NULL, NULL, NULL, '', 100671),
(482, 79, '2013-04-19', '850000', 1, '2013-06-13 00:00:00', '850000', NULL, '0', 'YES', NULL, NULL, NULL, '', 100672),
(483, 79, '2013-05-20', '850000', 1, '2013-06-13 00:00:00', '850000', NULL, '0', 'YES', NULL, NULL, NULL, '', 100673),
(484, 79, '2013-06-20', '850000', 1, '2013-08-27 00:00:00', '850000', NULL, '0', 'YES', NULL, NULL, NULL, '', 100674),
(485, 79, '2013-07-21', '850000', 1, '2013-10-23 00:00:00', '850000', NULL, '0', 'YES', NULL, NULL, NULL, '', 100675),
(486, 79, '2013-08-21', '850000', 1, '2013-10-23 00:00:00', '850000', NULL, '0', 'YES', NULL, NULL, NULL, '', 100676),
(487, 79, '2013-09-21', '850000', 1, '2013-12-01 00:00:00', '850000', NULL, '0', 'YES', NULL, NULL, NULL, '', 100677),
(488, 79, '2013-10-22', '850000', 1, '2014-01-25 00:00:00', '850000', NULL, '0', 'YES', NULL, NULL, NULL, '', 100678),
(489, 79, '2013-11-21', '850000', 1, '2014-01-25 00:00:00', '850000', NULL, '0', 'YES', NULL, NULL, NULL, '', 100679),
(490, 79, '2013-12-21', '850000', 1, '2014-04-07 00:00:00', '850000', NULL, '0', 'YES', NULL, NULL, NULL, '', 100680),
(491, 79, '2014-01-20', '850000', 1, '2014-04-07 00:00:00', '850000', NULL, '0', 'YES', NULL, NULL, NULL, '', 100681),
(492, 79, '2014-02-19', '850000', 1, '2014-05-25 00:00:00', '850000', NULL, '0', 'YES', NULL, NULL, NULL, '', 100682),
(493, 79, '2014-03-21', '850000', 1, '2014-05-25 00:00:00', '850000', NULL, '0', 'YES', NULL, NULL, NULL, '', 100683),
(494, 79, '2014-04-19', '850000', 1, '2014-06-25 00:00:00', '850000', NULL, '0', 'YES', NULL, NULL, NULL, '', 100684),
(495, 79, '2014-05-20', '850000', 1, '2014-08-07 00:00:00', '850000', NULL, '0', 'YES', NULL, NULL, NULL, '', 100685),
(496, 79, '2014-06-20', '850000', 1, '2014-09-07 00:00:00', '850000', NULL, '0', 'YES', NULL, NULL, NULL, '', 100686),
(497, 79, '2014-07-21', '850000', 1, '2014-10-11 00:00:00', '850000', NULL, '0', 'YES', NULL, NULL, NULL, '', 100687),
(498, 79, '2014-08-21', '850000', 1, '2014-11-22 00:00:00', '2150000', NULL, '0', 'YES', NULL, NULL, NULL, '', 100688),
(499, 79, '2014-09-21', '850000', 0, NULL, '0', NULL, '0', 'NO', NULL, NULL, NULL, '', 100689),
(500, 79, '2014-10-22', '450000', 0, NULL, '0', NULL, '0', 'NO', NULL, NULL, NULL, '', 100690),
(501, 80, '2012-12-21', '330000000', 1, '2014-11-18 00:00:00', '330000000', NULL, '0', 'YES', NULL, NULL, NULL, '', 100472),
(502, 80, '2013-02-19', '330000000', 0, NULL, '0', NULL, '0', 'NO', NULL, NULL, NULL, '', 100473),
(503, 80, '2013-04-21', '340000000', 0, NULL, '0', NULL, '0', 'NO', NULL, NULL, NULL, '', 100474),
(504, 81, '2012-12-07', '400000', 1, '2012-12-07 00:00:00', '400000', NULL, '0', 'YES', NULL, NULL, NULL, '', 100643),
(505, 81, '2013-01-06', '400000', 1, '2013-01-07 00:00:00', '400000', NULL, '0', 'YES', NULL, NULL, NULL, '', 100644),
(506, 81, '2013-02-05', '400000', 1, '2013-02-27 00:00:00', '400000', NULL, '0', 'YES', NULL, NULL, NULL, '', 100645),
(507, 81, '2013-03-07', '400000', 1, '2013-05-29 00:00:00', '400000', NULL, '0', 'YES', NULL, NULL, NULL, 'در تاریخ 91/12/17', 100646),
(508, 81, '2013-04-06', '400000', 1, '2013-05-29 00:00:00', '400000', NULL, '0', 'YES', NULL, NULL, NULL, '92/1/8', 100647),
(509, 81, '2013-05-07', '400000', 1, '2013-05-29 00:00:00', '400000', NULL, '0', 'YES', NULL, NULL, NULL, '92/2/8', 100648),
(510, 81, '2013-06-07', '400000', 1, '2013-05-30 00:00:00', '400000', NULL, '0', 'YES', NULL, NULL, NULL, '', 100649),
(511, 81, '2013-07-08', '400000', 1, '2013-06-29 00:00:00', '400000', NULL, '0', 'YES', NULL, NULL, NULL, '', 100650),
(512, 81, '2013-08-08', '400000', 1, '2013-07-31 00:00:00', '400000', NULL, '0', 'YES', NULL, NULL, NULL, 'واریزی به بانک تجارت ', 100651),
(513, 81, '2013-09-08', '400000', 1, '2013-08-28 00:00:00', '400000', NULL, '0', 'YES', NULL, NULL, NULL, '', 100652),
(514, 81, '2013-10-09', '400000', 1, '2013-09-22 00:00:00', '400000', NULL, '0', 'YES', NULL, NULL, NULL, '', 100653),
(515, 81, '2013-11-08', '400000', 1, '2013-11-04 00:00:00', '400000', NULL, '0', 'YES', NULL, NULL, NULL, '', 100654),
(516, 81, '2013-12-08', '400000', 1, '2013-12-01 00:00:00', '400000', NULL, '0', 'YES', NULL, NULL, NULL, '', 100655),
(517, 81, '2014-01-07', '400000', 1, '2014-01-09 00:00:00', '400000', NULL, '0', 'YES', NULL, NULL, NULL, '', 100656),
(518, 81, '2014-02-06', '400000', 1, '2014-01-25 00:00:00', '400000', NULL, '0', 'YES', NULL, NULL, NULL, '', 100657),
(519, 81, '2014-03-08', '400000', 1, '2014-02-27 00:00:00', '400000', NULL, '0', 'YES', NULL, NULL, NULL, '', 100658),
(520, 81, '2014-04-06', '400000', 1, '2014-03-26 00:00:00', '400000', NULL, '0', 'YES', NULL, NULL, NULL, '', 100659),
(521, 81, '2014-05-07', '400000', 1, '2014-05-21 00:00:00', '400000', NULL, '0', 'YES', NULL, NULL, NULL, '', 100660),
(522, 81, '2014-06-07', '400000', 1, '2014-05-21 00:00:00', '400000', NULL, '0', 'YES', NULL, NULL, NULL, '', 100661),
(523, 81, '2014-07-08', '400000', 1, '2014-06-03 00:00:00', '400000', NULL, '0', 'YES', NULL, NULL, NULL, '', 100662),
(524, 81, '2014-08-08', '400000', 1, '2014-06-22 00:00:00', '400000', NULL, '0', 'YES', NULL, NULL, NULL, '', 100663),
(525, 81, '2014-09-08', '400000', 1, '2014-07-23 00:00:00', '400000', NULL, '0', 'YES', NULL, NULL, NULL, '', 100664),
(526, 81, '2014-10-09', '400000', 1, '2014-08-25 00:00:00', '400000', NULL, '0', 'YES', NULL, NULL, NULL, '', 100665),
(527, 81, '2014-11-08', '800000', 1, '2014-09-29 00:00:00', '800000', NULL, '0', 'YES', NULL, NULL, NULL, '', 100666),
(528, 82, '2012-12-07', '800000', 0, NULL, '0', NULL, '0', 'NO', NULL, NULL, NULL, '', 100502),
(529, 82, '2013-01-06', '800000', 0, NULL, '0', NULL, '0', 'NO', NULL, NULL, NULL, '', 100503),
(530, 82, '2013-02-05', '800000', 0, NULL, '0', NULL, '0', 'NO', NULL, NULL, NULL, '', 100504),
(531, 82, '2013-03-07', '800000', 0, NULL, '0', NULL, '0', 'NO', NULL, NULL, NULL, '', 100505),
(532, 82, '2013-04-06', '800000', 0, NULL, '0', NULL, '0', 'NO', NULL, NULL, NULL, '', 100506),
(533, 82, '2013-05-07', '800000', 0, NULL, '0', NULL, '0', 'NO', NULL, NULL, NULL, '', 100507),
(534, 82, '2013-06-07', '800000', 0, NULL, '0', NULL, '0', 'NO', NULL, NULL, NULL, '', 100508),
(535, 82, '2013-07-08', '800000', 0, NULL, '0', NULL, '0', 'NO', NULL, NULL, NULL, '', 100509),
(536, 82, '2013-08-08', '800000', 0, NULL, '0', NULL, '0', 'NO', NULL, NULL, NULL, '', 100510),
(537, 82, '2013-09-08', '800000', 0, NULL, '0', NULL, '0', 'NO', NULL, NULL, NULL, '', 100511),
(538, 82, '2013-10-09', '800000', 0, NULL, '0', NULL, '0', 'NO', NULL, NULL, NULL, '', 100512),
(539, 82, '2013-11-08', '1200000', 0, NULL, '0', NULL, '0', 'NO', NULL, NULL, NULL, '', 100513),
(540, 83, '2012-12-17', '400000', 0, NULL, '0', NULL, '', 'NO', NULL, NULL, NULL, '', 100532),
(541, 83, '2013-01-16', '400000', 0, NULL, '0', NULL, '0', 'NO', NULL, NULL, NULL, '', 100533),
(542, 83, '2013-02-15', '400000', 0, NULL, '0', NULL, '0', 'NO', NULL, NULL, NULL, '', 100534),
(543, 83, '2013-03-17', '400000', 0, NULL, '0', NULL, '0', 'NO', NULL, NULL, NULL, '', 100535),
(544, 83, '2013-04-16', '400000', 0, NULL, '0', NULL, '0', 'NO', NULL, NULL, NULL, '', 100536),
(545, 83, '2013-05-17', '400000', 0, NULL, '0', NULL, '0', 'NO', NULL, NULL, NULL, '', 100537),
(546, 83, '2013-06-17', '400000', 0, NULL, '0', NULL, '0', 'NO', NULL, NULL, NULL, '', 100538),
(547, 83, '2013-07-18', '400000', 0, NULL, '0', NULL, '0', 'NO', NULL, NULL, NULL, '', 100539),
(548, 83, '2013-08-18', '400000', 0, NULL, '0', NULL, '0', 'NO', NULL, NULL, NULL, '', 100540),
(549, 83, '2013-09-18', '400000', 0, NULL, '0', NULL, '0', 'NO', NULL, NULL, NULL, '', 100541),
(550, 83, '2013-10-19', '400000', 0, NULL, '0', NULL, '0', 'NO', NULL, NULL, NULL, '', 100542),
(551, 83, '2013-11-18', '400000', 0, NULL, '0', NULL, '0', 'NO', NULL, NULL, NULL, '', 100543),
(552, 83, '2013-12-18', '400000', 0, NULL, '0', NULL, '0', 'NO', NULL, NULL, NULL, '', 100544),
(553, 83, '2014-01-17', '400000', 0, NULL, '0', NULL, '0', 'NO', NULL, NULL, NULL, '', 100545),
(554, 83, '2014-02-16', '400000', 0, NULL, '0', NULL, '0', 'NO', NULL, NULL, NULL, '', 100546),
(555, 83, '2014-03-18', '400000', 0, NULL, '0', NULL, '0', 'NO', NULL, NULL, NULL, '', 100547),
(556, 83, '2014-04-16', '400000', 0, NULL, '0', NULL, '0', 'NO', NULL, NULL, NULL, '', 100548),
(557, 83, '2014-05-17', '400000', 0, NULL, '0', NULL, '0', 'NO', NULL, NULL, NULL, '', 100549),
(558, 83, '2014-06-17', '400000', 0, NULL, '0', NULL, '0', 'NO', NULL, NULL, NULL, '', 100550),
(559, 83, '2014-07-18', '400000', 0, NULL, '0', NULL, '0', 'NO', NULL, NULL, NULL, '', 100551),
(560, 83, '2014-08-18', '400000', 0, NULL, '0', NULL, '0', 'NO', NULL, NULL, NULL, '', 100552),
(561, 83, '2014-09-18', '400000', 0, NULL, '0', NULL, '0', 'NO', NULL, NULL, NULL, '', 100553),
(562, 83, '2014-10-19', '400000', 0, NULL, '0', NULL, '0', 'NO', NULL, NULL, NULL, '', 100554),
(563, 83, '2014-11-18', '800000', 0, NULL, '0', NULL, '0', 'NO', NULL, NULL, NULL, '', 100555),
(564, 84, '2013-02-17', '30000000', 2, '2013-02-19 00:00:00', '30000000', NULL, '0', 'YES', NULL, NULL, NULL, '', 100556),
(565, 85, '2012-12-19', '840000', 2, '2013-05-12 00:00:00', '840000', NULL, '0', 'YES', NULL, NULL, NULL, '', 100557),
(566, 85, '2013-01-18', '840000', 2, '2013-06-03 00:00:00', '840000', NULL, '0', 'YES', NULL, NULL, NULL, '', 100558),
(567, 85, '2013-02-17', '840000', 2, '2013-07-11 00:00:00', '840000', NULL, '0', 'YES', NULL, NULL, NULL, '', 100559),
(568, 85, '2013-03-19', '840000', 2, '2013-08-12 00:00:00', '840000', NULL, '0', 'YES', NULL, NULL, NULL, '', 100560),
(569, 85, '2013-04-18', '840000', 2, '2013-09-15 00:00:00', '840000', NULL, '0', 'YES', NULL, NULL, NULL, '', 100561),
(570, 85, '2013-05-19', '840000', 2, '2013-10-10 00:00:00', '840000', NULL, '0', 'YES', NULL, NULL, NULL, '', 100562),
(571, 85, '2013-06-19', '840000', 2, '2013-11-17 00:00:00', '840000', NULL, '0', 'YES', NULL, NULL, NULL, '', 100563),
(572, 85, '2013-07-20', '840000', 2, '2013-12-16 00:00:00', '840000', NULL, '0', 'YES', NULL, NULL, NULL, '', 100564),
(573, 85, '2013-08-20', '840000', 2, '2014-02-09 00:00:00', '840000', NULL, '0', 'YES', NULL, NULL, NULL, '', 100565),
(574, 85, '2013-09-20', '840000', 2, '2014-02-09 00:00:00', '840000', NULL, '0', 'YES', NULL, NULL, NULL, '', 100566),
(575, 85, '2013-10-21', '840000', 2, '2014-03-11 00:00:00', '840000', NULL, '0', 'YES', NULL, NULL, NULL, '', 100567),
(576, 85, '2013-11-20', '840000', 2, '2014-04-10 00:00:00', '840000', NULL, '0', 'YES', NULL, NULL, NULL, '', 100568),
(577, 85, '2013-12-20', '840000', 2, '2014-04-10 00:00:00', '840000', NULL, '0', 'YES', NULL, NULL, NULL, '', 100569),
(578, 85, '2014-01-19', '840000', 2, '2014-05-01 00:00:00', '840000', NULL, '0', 'YES', NULL, NULL, NULL, '', 100570),
(579, 85, '2014-02-18', '840000', 2, '2014-05-01 00:00:00', '840000', NULL, '0', 'YES', NULL, NULL, NULL, '', 100571),
(580, 85, '2014-03-20', '840000', 2, '2014-06-12 00:00:00', '840000', NULL, '0', 'YES', NULL, NULL, NULL, '', 100572),
(581, 85, '2014-04-18', '840000', 2, '2014-06-12 00:00:00', '840000', NULL, '0', 'YES', NULL, NULL, NULL, '', 100573),
(582, 85, '2014-05-19', '840000', 2, '2014-07-12 00:00:00', '840000', NULL, '0', 'YES', NULL, NULL, NULL, '', 100574),
(583, 85, '2014-06-19', '840000', 2, '2014-07-12 00:00:00', '840000', NULL, '0', 'YES', NULL, NULL, NULL, '', 100575),
(584, 85, '2014-07-20', '840000', 2, '2014-08-10 00:00:00', '840000', NULL, '0', 'YES', NULL, NULL, NULL, '', 100576),
(585, 85, '2014-08-20', '840000', 2, '2014-08-10 00:00:00', '840000', NULL, '0', 'YES', NULL, NULL, NULL, '', 100577),
(586, 85, '2014-09-20', '840000', 2, '2014-09-02 00:00:00', '840000', NULL, '0', 'YES', NULL, NULL, NULL, '', 100578),
(587, 85, '2014-10-21', '840000', 2, '2014-09-02 00:00:00', '840000', NULL, '0', 'YES', NULL, NULL, NULL, '', 100579),
(588, 85, '2014-11-20', '680000', 2, '2014-10-21 00:00:00', '934038', NULL, '0', 'YES', NULL, NULL, NULL, '', 100580),
(589, 85, '2014-12-20', '254038', 0, NULL, '0', NULL, '0', 'NO', NULL, NULL, NULL, 'قسط اضافه شده بابت کارمزد', 101618),
(590, 86, '2013-02-17', '30000000', 1, '2013-07-27 00:00:00', '30000000', NULL, '0', 'YES', NULL, NULL, NULL, '', 100581),
(591, 87, '2014-10-29', '200000000', 2, '2015-04-27 00:00:00', '200000000', NULL, '0', 'YES', NULL, NULL, NULL, '', 100625),
(592, 87, '2014-11-28', '56000000', 0, NULL, '0', NULL, '0', 'NO', NULL, NULL, NULL, '', 102217),
(593, 88, '2012-12-29', '877000', 2, '2013-03-18 00:00:00', '877000', NULL, '0', 'YES', NULL, NULL, NULL, '', 100601),
(594, 88, '2013-01-28', '877000', 2, '2013-03-18 00:00:00', '877000', NULL, '0', 'YES', NULL, NULL, NULL, '', 100602),
(595, 88, '2013-02-27', '877000', 2, '2013-03-18 00:00:00', '877000', NULL, '0', 'YES', NULL, NULL, NULL, '', 100603),
(596, 88, '2013-03-29', '877000', 1, '2013-08-07 00:00:00', '410667', NULL, '0', 'YES', NULL, NULL, NULL, '', 100604),
(597, 88, '2013-04-29', '877000', 1, '2013-08-07 00:00:00', '15888889', NULL, '0', 'YES', NULL, NULL, NULL, '', 100605),
(598, 88, '2013-05-30', '877000', 2, '2013-08-21 00:00:00', '2110000', NULL, '0', 'YES', NULL, NULL, NULL, '', 100606),
(599, 88, '2013-06-30', '877000', 1, '2013-08-22 00:00:00', '1111', NULL, '0', 'YES', NULL, NULL, NULL, '', 100607),
(600, 88, '2013-07-31', '877000', 0, NULL, '0', NULL, '0', 'NO', NULL, NULL, NULL, '', 100608),
(601, 88, '2013-08-31', '877000', 0, NULL, '0', NULL, '0', 'NO', NULL, NULL, NULL, '', 100609),
(602, 88, '2013-10-01', '877000', 0, NULL, '0', NULL, '0', 'NO', NULL, NULL, NULL, '', 100610),
(603, 88, '2013-10-31', '877000', 0, NULL, '0', NULL, '0', 'NO', NULL, NULL, NULL, '', 100611),
(604, 88, '2013-11-30', '877000', 0, NULL, '0', NULL, '0', 'NO', NULL, NULL, NULL, '', 100612),
(605, 88, '2013-12-30', '877000', 0, NULL, '0', NULL, '0', 'NO', NULL, NULL, NULL, '', 100613),
(606, 88, '2014-01-29', '877000', 0, NULL, '0', NULL, '0', 'NO', NULL, NULL, NULL, '', 100614),
(607, 88, '2014-02-28', '877000', 0, NULL, '0', NULL, '0', 'NO', NULL, NULL, NULL, '', 100615),
(608, 88, '2014-03-29', '877000', 0, NULL, '0', NULL, '0', 'NO', NULL, NULL, NULL, '', 100616),
(609, 88, '2014-04-29', '877000', 0, NULL, '0', NULL, '0', 'NO', NULL, NULL, NULL, '', 100617),
(610, 88, '2014-05-30', '877000', 0, NULL, '0', NULL, '0', 'NO', NULL, NULL, NULL, '', 100618),
(611, 88, '2014-06-30', '877000', 0, NULL, '0', NULL, '0', 'NO', NULL, NULL, NULL, '', 100619),
(612, 88, '2014-07-31', '877000', 0, NULL, '0', NULL, '0', 'NO', NULL, NULL, NULL, '', 100620),
(613, 88, '2014-08-31', '877000', 0, NULL, '0', NULL, '0', 'NO', NULL, NULL, NULL, '', 100621),
(614, 88, '2014-10-01', '877000', 0, NULL, '0', NULL, '0', 'NO', NULL, NULL, NULL, '', 100622),
(615, 88, '2014-10-31', '877000', 0, NULL, '0', NULL, '0', 'NO', NULL, NULL, NULL, '', 100623),
(616, 88, '2014-11-30', '870667', 0, NULL, '0', NULL, '0', 'NO', NULL, NULL, NULL, '', 100624),
(617, 89, '2014-12-06', '10000000', 1, '2013-03-07 00:00:00', '10000000', NULL, '0', 'YES', NULL, NULL, NULL, '', 100626),
(618, 89, '2015-06-05', '28000000', 2, '2014-02-20 00:00:00', '28000000', NULL, '0', 'YES', NULL, NULL, NULL, '', 100771),
(619, 89, '2015-07-06', '18000000', 1, '2014-10-25 00:00:00', '18000000', NULL, '0', 'YES', NULL, NULL, NULL, '', 101329),
(620, 89, '2015-08-06', '200000000', 2, '2014-12-06 00:00:00', '200000000', NULL, '0', 'YES', NULL, NULL, NULL, '', 101637),
(621, 90, '2013-01-06', '19400000', 1, '2012-12-24 00:00:00', '19400000', NULL, '0', 'YES', NULL, NULL, NULL, '', 100691),
(622, 90, '2013-02-05', '19400000', 2, '2013-04-20 00:00:00', '19400000', NULL, '0', 'YES', NULL, NULL, NULL, '', 100692),
(623, 90, '2013-03-07', '19400000', 1, '2013-08-05 00:00:00', '19400000', NULL, '0', 'YES', NULL, NULL, NULL, '', 100693),
(624, 90, '2013-04-06', '19400000', 2, '2013-11-21 00:00:00', '19400000', NULL, '0', 'YES', NULL, NULL, NULL, '', 100694),
(625, 90, '2013-05-07', '19400000', 2, '2014-01-25 00:00:00', '19400000', NULL, '0', 'YES', NULL, NULL, NULL, '', 100695),
(626, 90, '2013-06-07', '19400000', 2, '2014-03-13 00:00:00', '19400000', NULL, '0', 'YES', NULL, NULL, NULL, '', 100696),
(627, 90, '2013-07-08', '19400000', 2, '2014-04-27 00:00:00', '19400000', NULL, '0', 'YES', NULL, NULL, NULL, '', 100697),
(628, 90, '2013-08-08', '19400000', 2, '2014-04-27 00:00:00', '19400000', NULL, '0', 'YES', NULL, NULL, NULL, '', 100698),
(629, 90, '2013-09-08', '19400000', 1, '2014-06-03 00:00:00', '58200000', NULL, '0', 'YES', NULL, NULL, NULL, '', 100699),
(630, 90, '2013-10-09', '19400000', 8, '2014-07-01 00:00:00', '96173973', NULL, '0', 'YES', NULL, NULL, NULL, '', 100700),
(631, 90, '2013-11-08', '19400000', 0, NULL, '0', NULL, '0', 'NO', NULL, NULL, NULL, '', 100701),
(632, 90, '2013-12-08', '19400000', 0, NULL, '0', NULL, '0', 'NO', NULL, NULL, NULL, '', 100702),
(633, 90, '2014-01-07', '19400000', 0, NULL, '0', NULL, '0', 'NO', NULL, NULL, NULL, '', 100703),
(634, 90, '2014-02-06', '19400000', 0, NULL, '0', NULL, '0', 'NO', NULL, NULL, NULL, '', 100704),
(635, 90, '2014-03-08', '19400000', 0, NULL, '0', NULL, '0', 'NO', NULL, NULL, NULL, '', 100705),
(636, 90, '2014-04-06', '13825000', 0, NULL, '0', NULL, '0', 'NO', NULL, NULL, NULL, '', 100706),
(637, 90, '2014-05-07', '4748973', 0, NULL, '0', NULL, '0', 'NO', NULL, NULL, NULL, 'قسط اضافه شده بابت کارمزد', 101496),
(638, 91, '2013-03-26', '30000000', 1, '2013-09-30 00:00:00', '30000000', NULL, '0', 'YES', NULL, NULL, NULL, '', 100707),
(639, 92, '2013-04-16', '30000000', 1, '2013-10-19 00:00:00', '30000000', NULL, '0', 'YES', NULL, NULL, NULL, '', 100708),
(640, 93, '2013-04-21', '2700000', 2, '2014-02-05 00:00:00', '2700000', NULL, '0', 'YES', NULL, NULL, NULL, '', 100709),
(641, 93, '2013-05-22', '2700000', 2, '2014-03-09 00:00:00', '2700000', NULL, '0', 'YES', NULL, NULL, NULL, '', 101295),
(642, 93, '2013-06-22', '2700000', 2, '2014-03-26 00:00:00', '2700000', NULL, '0', 'YES', NULL, NULL, NULL, '', 101375),
(643, 93, '2013-07-23', '2700000', 2, '2014-05-05 00:00:00', '2700000', NULL, '0', 'YES', NULL, NULL, NULL, '', 101381),
(644, 93, '2013-08-23', '2700000', 2, '2014-06-02 00:00:00', '2700000', NULL, '0', 'YES', NULL, NULL, NULL, '', 101433),
(645, 93, '2013-09-23', '2700000', 2, '2014-07-01 00:00:00', '2700000', NULL, '0', 'YES', NULL, NULL, NULL, '', 101467),
(646, 93, '2013-10-23', '2700000', 2, '2014-08-12 00:00:00', '2700000', NULL, '0', 'YES', NULL, NULL, NULL, '', 101498),
(647, 93, '2013-11-22', '2700000', 2, '2014-09-04 00:00:00', '2700000', NULL, '0', 'YES', NULL, NULL, NULL, '', 101553),
(648, 93, '2013-12-22', '2700000', 2, '2014-10-09 00:00:00', '2700000', NULL, '0', 'YES', NULL, NULL, NULL, '', 101570),
(649, 93, '2014-01-21', '2700000', 2, '2014-11-08 00:00:00', '2700000', NULL, '0', 'YES', NULL, NULL, NULL, '', 101591),
(650, 93, '2014-02-20', '1200000', 2, '2014-12-09 00:00:00', '1200000', NULL, '0', 'YES', NULL, NULL, NULL, '', 101656),
(651, 93, '2014-03-21', '1200000', 2, '2015-01-03 00:00:00', '1200000', NULL, '0', 'YES', NULL, NULL, NULL, '', 101688),
(652, 93, '2014-04-21', '2100000', 2, '2015-02-08 00:00:00', '2100000', NULL, '0', 'YES', NULL, NULL, NULL, '', 101791),
(653, 93, '2014-05-22', '1500000', 2, '2015-03-05 00:00:00', '1500000', NULL, '0', 'YES', NULL, NULL, NULL, '', 101888),
(654, 93, '2014-06-22', '1500000', 2, '2015-04-07 00:00:00', '1500000', NULL, '0', 'YES', NULL, NULL, NULL, '', 102212),
(655, 93, '2014-07-23', '1500000', 2, '2015-05-04 00:00:00', '1500000', NULL, '0', 'YES', NULL, NULL, NULL, '', 102213),
(656, 93, '2014-08-23', '1331507', 8, '2015-06-23 00:00:00', '1331507', NULL, '0', 'YES', NULL, NULL, NULL, '', 102236),
(657, 94, '2013-08-05', '200000000', 0, NULL, '0', NULL, '0', 'NO', NULL, NULL, NULL, '', 100738),
(658, 95, '2013-05-13', '3800000', 2, '2015-09-13 00:00:00', '3800000', NULL, '0', 'YES', NULL, NULL, NULL, '', 100739),
(659, 95, '2013-06-13', '3800000', 2, '2015-10-01 00:00:00', '3800000', NULL, '0', 'YES', NULL, NULL, NULL, '', 102491),
(660, 95, '2013-07-14', '22400000', 0, NULL, '0', NULL, '0', 'NO', NULL, NULL, NULL, '', 102542),
(661, 96, '2013-05-13', '30000000', 1, '2013-06-18 00:00:00', '30000000', NULL, '0', 'YES', NULL, NULL, NULL, '', 100740),
(662, 97, '2013-09-21', '60000000', 1, '2014-03-09 00:00:00', '60000000', NULL, '0', 'YES', NULL, NULL, NULL, '', 100743),
(663, 97, '2013-10-22', '20000000', 1, '2014-05-17 00:00:00', '20000000', NULL, '0', 'YES', NULL, NULL, NULL, '', 101372),
(664, 97, '2013-11-21', '30000000', 1, '2014-06-29 00:00:00', '30000000', NULL, '0', 'YES', NULL, NULL, NULL, '', 101440),
(665, 97, '2013-12-21', '40000000', 1, '2015-09-03 00:00:00', '8000000', NULL, '0', 'YES', NULL, NULL, NULL, '', 101495),
(666, 98, '2013-09-20', '185138886', 2, '2014-02-25 00:00:00', '185138886', NULL, '0', 'YES', NULL, NULL, NULL, '', 101128),
(667, 98, '2013-10-21', '150000000', 2, '2015-02-02 00:00:00', '150000000', NULL, '0', 'YES', NULL, NULL, NULL, '', 101334),
(668, 98, '2013-11-20', '100000000', 2, '2015-08-10 00:00:00', '100000000', NULL, '0', 'YES', NULL, NULL, NULL, '', 101883),
(669, 98, '2013-12-20', '70697226', 9, '2015-08-29 00:00:00', '70697226', NULL, '0', 'YES', '983249', NULL, NULL, 'وصول چک', 102428),
(670, 98, '2015-09-13', '65000000', 9, '2015-09-13 00:00:00', '65000000', NULL, '0', 'YES', '983250', NULL, NULL, 'بابت تسویه وام', 10000),
(671, 99, '2013-05-20', '20000000', 2, '2013-06-17 00:00:00', '20000000', NULL, '0', 'YES', NULL, NULL, NULL, '', 100745),
(672, 99, '2013-06-20', '200000', 1, '2013-08-22 00:00:00', '800000', NULL, '0', 'YES', NULL, NULL, NULL, '', 100874),
(673, 99, '2013-07-21', '800000', 1, '2013-08-24 00:00:00', '200000', NULL, '0', 'YES', NULL, NULL, NULL, '', 101131),
(674, 100, '2013-03-30', '2000000', 1, '2013-03-16 00:00:00', '2000000', NULL, '0', 'YES', NULL, NULL, NULL, '', 100746),
(675, 100, '2013-04-30', '2000000', 1, '2013-05-09 00:00:00', '2000000', NULL, '0', 'YES', NULL, NULL, NULL, '', 100784),
(676, 100, '2013-05-31', '2000000', 1, '2013-06-17 00:00:00', '2000000', NULL, '0', 'YES', NULL, NULL, NULL, '', 100828),
(677, 100, '2013-07-01', '2000000', 1, '2013-07-11 00:00:00', '2000000', NULL, '0', 'YES', NULL, NULL, NULL, '', 100925),
(678, 100, '2013-08-01', '2000000', 1, '2013-08-11 00:00:00', '2000000', NULL, '0', 'YES', NULL, NULL, NULL, '', 100926),
(679, 100, '2013-09-01', '2000000', 2, '2013-09-10 00:00:00', '2000000', NULL, '0', 'YES', NULL, NULL, NULL, '', 101082),
(680, 100, '2013-10-02', '2000000', 2, '2013-10-12 00:00:00', '2000000', NULL, '0', 'YES', NULL, NULL, NULL, '', 101140),
(681, 100, '2013-11-01', '2000000', 2, '2013-11-11 00:00:00', '2000000', NULL, '0', 'YES', NULL, NULL, NULL, '', 101158),
(682, 100, '2013-12-01', '2000000', 2, '2013-12-10 00:00:00', '2000000', NULL, '0', 'YES', NULL, NULL, NULL, '', 101174),
(683, 100, '2013-12-02', '2000000', 2, '2014-01-11 00:00:00', '2000000', NULL, '0', 'YES', NULL, NULL, NULL, '', 101218),
(684, 100, '2014-01-01', '2000000', 2, '2014-02-10 00:00:00', '2000000', NULL, '0', 'YES', NULL, NULL, NULL, '', 101244),
(685, 100, '2014-01-31', '2000000', 2, '2014-03-11 00:00:00', '2000000', NULL, '0', 'YES', NULL, NULL, NULL, '', 101324),
(686, 100, '2014-03-02', '2000000', 2, '2014-04-09 00:00:00', '2000000', NULL, '0', 'YES', NULL, NULL, NULL, '', 101376),
(687, 100, '2014-03-31', '2000000', 2, '2014-05-11 00:00:00', '2000000', NULL, '0', 'YES', NULL, NULL, NULL, '', 101403),
(688, 100, '2014-05-01', '2000000', 2, '2014-06-09 00:00:00', '2000000', NULL, '0', 'YES', NULL, NULL, NULL, '', 101438),
(689, 100, '2014-06-01', '2000000', 2, '2014-07-13 00:00:00', '2000000', NULL, '0', 'YES', NULL, NULL, NULL, '', 101490),
(690, 100, '2014-07-02', '2000000', 2, '2014-08-14 00:00:00', '2000000', NULL, '0', 'YES', NULL, NULL, NULL, '', 101537),
(691, 100, '2014-08-02', '2000000', 2, '2014-09-15 00:00:00', '2000000', NULL, '0', 'YES', NULL, NULL, NULL, '', 101575),
(692, 100, '2014-09-02', '2000000', 2, '2014-10-15 00:00:00', '2000000', NULL, '0', 'YES', NULL, NULL, NULL, '', 101576),
(693, 100, '2014-10-03', '2000000', 2, '2014-11-15 00:00:00', '2000000', NULL, '0', 'YES', NULL, NULL, NULL, '', 101604),
(694, 100, '2014-11-02', '2000000', 2, '2014-12-15 00:00:00', '2000000', NULL, '0', 'YES', NULL, NULL, NULL, '', 101661),
(695, 100, '2014-12-02', '2000000', 2, '2015-01-13 00:00:00', '2000000', NULL, '0', 'YES', NULL, NULL, NULL, '', 101708),
(696, 100, '2015-01-01', '2000000', 2, '2015-02-12 00:00:00', '2000000', NULL, '0', 'YES', NULL, NULL, NULL, '', 101814),
(697, 100, '2015-01-31', '2000000', 2, '2015-03-14 00:00:00', '2000000', NULL, '0', 'YES', NULL, NULL, NULL, '', 101889),
(698, 100, '2015-03-02', '2000000', 1, '2015-04-14 00:00:00', '2000000', NULL, '0', 'YES', NULL, NULL, NULL, '', 102177),
(699, 101, '2013-05-31', '30000000', 2, '2013-12-25 00:00:00', '30000000', NULL, '0', 'YES', NULL, NULL, NULL, '', 100769),
(700, 102, '2013-05-31', '30000000', 2, '2013-12-25 00:00:00', '30000000', NULL, '0', 'YES', NULL, NULL, NULL, '', 100770),
(701, 103, '2013-04-13', '1667000', 1, '2013-04-11 00:00:00', '1667000', NULL, '0', 'YES', NULL, NULL, NULL, '', 100772),
(702, 103, '2013-05-14', '1667000', 1, '2013-05-14 00:00:00', '1667000', NULL, '0', 'YES', NULL, NULL, NULL, '', 100773),
(703, 103, '2013-06-14', '1667000', 1, '2013-06-12 00:00:00', '1667000', NULL, '0', 'YES', NULL, NULL, NULL, '', 100774),
(704, 103, '2013-07-15', '1667000', 1, '2013-07-15 00:00:00', '1667000', NULL, '0', 'YES', NULL, NULL, NULL, '', 100775),
(705, 103, '2013-08-15', '1667000', 1, '2013-08-14 00:00:00', '1667000', NULL, '0', 'YES', NULL, NULL, NULL, '', 100776),
(706, 103, '2013-09-15', '1667000', 1, '2013-09-16 00:00:00', '1700000', NULL, '0', 'YES', NULL, NULL, NULL, '', 100777),
(707, 103, '2013-10-16', '1667000', 1, '2013-10-23 00:00:00', '1700000', NULL, '0', 'YES', NULL, NULL, NULL, '', 100778),
(708, 103, '2013-11-15', '1667000', 1, '2013-11-21 00:00:00', '1700000', NULL, '0', 'YES', NULL, NULL, NULL, '', 100779),
(709, 103, '2013-12-15', '1667000', 1, '2013-12-12 00:00:00', '1700000', NULL, '0', 'YES', NULL, NULL, NULL, '', 100780),
(710, 103, '2014-01-14', '1667000', 1, '2014-01-23 00:00:00', '1700000', NULL, '0', 'YES', NULL, NULL, NULL, '', 100781),
(711, 103, '2014-02-13', '1667000', 1, '2014-02-22 00:00:00', '1700000', NULL, '0', 'YES', NULL, NULL, NULL, '', 100782),
(712, 103, '2014-03-15', '1663000', 1, '2014-03-18 00:00:00', '1465000', NULL, '0', 'YES', NULL, NULL, NULL, '', 100783),
(713, 104, '2013-04-15', '2500000', 1, '2013-04-20 00:00:00', '2500000', NULL, '0', 'YES', NULL, NULL, NULL, '', 100859),
(714, 104, '2013-05-16', '2500000', 1, '2013-05-18 00:00:00', '2500000', NULL, '0', 'YES', NULL, NULL, NULL, '', 100860),
(715, 104, '2013-06-16', '2500000', 1, '2013-06-17 00:00:00', '2500000', NULL, '0', 'YES', NULL, NULL, NULL, '', 100861),
(716, 104, '2013-07-17', '2500000', 1, '2013-07-17 00:00:00', '2500000', NULL, '0', 'YES', NULL, NULL, NULL, '', 100862),
(717, 104, '2013-08-17', '2500000', 1, '2013-08-19 00:00:00', '2500000', NULL, '0', 'YES', NULL, NULL, NULL, '', 100863),
(718, 104, '2013-09-17', '2500000', 1, '2013-09-18 00:00:00', '2500000', NULL, '0', 'YES', NULL, NULL, NULL, '', 100864),
(719, 104, '2013-10-18', '2500000', 1, '2013-10-27 00:00:00', '2500000', NULL, '0', 'YES', NULL, NULL, NULL, '', 100865),
(720, 104, '2013-11-17', '2500000', 1, '2013-11-19 00:00:00', '2500000', NULL, '0', 'YES', NULL, NULL, NULL, '', 100866),
(721, 104, '2013-12-17', '2500000', 2, '2013-12-24 00:00:00', '2500000', NULL, '0', 'YES', NULL, NULL, NULL, '', 100867),
(722, 104, '2014-01-16', '2500000', 2, '2014-01-21 00:00:00', '2500000', NULL, '0', 'YES', NULL, NULL, NULL, '', 100868),
(723, 104, '2014-02-15', '2500000', 2, '2014-02-25 00:00:00', '2500000', NULL, '0', 'YES', NULL, NULL, NULL, '', 100869),
(724, 104, '2014-03-17', '2500000', 2, '2014-02-25 00:00:00', '2500000', NULL, '0', 'YES', NULL, NULL, NULL, '', 100870),
(725, 105, '2013-06-18', '30000000', 1, '2013-12-22 00:00:00', '30000000', NULL, '0', 'YES', NULL, NULL, NULL, '', 100787),
(726, 106, '2013-05-07', '850000', 2, '2013-04-30 00:00:00', '850000', NULL, '0', 'YES', NULL, NULL, NULL, '', 100794),
(727, 106, '2013-06-07', '850000', 2, '2013-05-21 00:00:00', '850000', NULL, '0', 'YES', NULL, NULL, NULL, '', 100795),
(728, 106, '2013-07-08', '850000', 0, NULL, '0', NULL, '0', 'NO', NULL, NULL, NULL, '', 100796),
(729, 106, '2013-08-08', '850000', 0, NULL, '0', NULL, '0', 'NO', NULL, NULL, NULL, '', 100797),
(730, 106, '2013-09-08', '850000', 0, NULL, '0', NULL, '0', 'NO', NULL, NULL, NULL, '', 100798),
(731, 106, '2013-10-09', '850000', 0, NULL, '0', NULL, '0', 'NO', NULL, NULL, NULL, '', 100799),
(732, 106, '2013-11-08', '850000', 0, NULL, '0', NULL, '0', 'NO', NULL, NULL, NULL, '', 100800),
(733, 106, '2013-12-08', '850000', 0, NULL, '0', NULL, '0', 'NO', NULL, NULL, NULL, '', 100801),
(734, 106, '2014-01-07', '850000', 0, NULL, '0', NULL, '0', 'NO', NULL, NULL, NULL, '', 100802),
(735, 106, '2014-02-06', '850000', 0, NULL, '0', NULL, '0', 'NO', NULL, NULL, NULL, '', 100803),
(736, 106, '2014-03-08', '850000', 0, NULL, '0', NULL, '0', 'NO', NULL, NULL, NULL, '', 100804),
(737, 106, '2014-04-06', '850000', 0, NULL, '0', NULL, '0', 'NO', NULL, NULL, NULL, '', 100805),
(738, 106, '2014-05-07', '850000', 0, NULL, '0', NULL, '0', 'NO', NULL, NULL, NULL, '', 100806),
(739, 106, '2014-06-07', '850000', 0, NULL, '0', NULL, '0', 'NO', NULL, NULL, NULL, '', 100807),
(740, 106, '2014-07-08', '850000', 0, NULL, '0', NULL, '0', 'NO', NULL, NULL, NULL, '', 100808),
(741, 106, '2014-08-08', '850000', 0, NULL, '0', NULL, '0', 'NO', NULL, NULL, NULL, '', 100809),
(742, 106, '2014-09-08', '850000', 0, NULL, '0', NULL, '0', 'NO', NULL, NULL, NULL, '', 100810),
(743, 106, '2014-10-09', '850000', 0, NULL, '0', NULL, '0', 'NO', NULL, NULL, NULL, '', 100811),
(744, 106, '2014-11-08', '850000', 0, NULL, '0', NULL, '0', 'NO', NULL, NULL, NULL, '', 100812),
(745, 106, '2014-12-08', '850000', 0, NULL, '0', NULL, '0', 'NO', NULL, NULL, NULL, '', 100813),
(746, 106, '2015-01-07', '850000', 0, NULL, '0', NULL, '0', 'NO', NULL, NULL, NULL, '', 100814),
(747, 106, '2015-02-06', '850000', 0, NULL, '0', NULL, '0', 'NO', NULL, NULL, NULL, '', 100815),
(748, 106, '2015-03-08', '850000', 0, NULL, '0', NULL, '0', 'NO', NULL, NULL, NULL, '', 100816),
(749, 106, '2015-04-06', '450000', 0, NULL, '0', NULL, '0', 'NO', NULL, NULL, NULL, '', 100817),
(750, 107, '2013-07-24', '30000000', 1, '2014-01-16 00:00:00', '30000000', NULL, '0', 'YES', NULL, NULL, NULL, 'چک167892توسط صندوق نقدا"دریافت شد ', 100818),
(751, 107, '2013-09-24', '300000000', 1, '2014-01-16 00:00:00', '300000000', NULL, '0', 'YES', NULL, NULL, NULL, '', 101260),
(752, 107, '2013-10-24', '200000000', 2, '2014-02-09 00:00:00', '200000000', NULL, '0', 'YES', NULL, NULL, NULL, '', 101322),
(753, 107, '2013-11-23', '61766000', 1, '2015-01-13 00:00:00', '61766000', NULL, '848153', 'YES', NULL, NULL, NULL, 'وصول چک 848153', 101660),
(754, 107, '2013-12-23', '474345111', 9, '2015-02-19 00:00:00', '17500000', NULL, '0', 'YES', '34686470', NULL, NULL, 'وصول چک', 101890),
(755, 108, '2013-12-01', '700000000', 2, '2014-02-19 00:00:00', '202938192', NULL, '0', 'YES', NULL, NULL, NULL, '', 100823),
(756, 108, '2013-12-31', '0', 1, '2014-02-19 00:00:00', '497061808', NULL, '0', 'YES', NULL, NULL, NULL, '', 101328),
(757, 109, '2013-07-03', '1170000', 1, '2013-06-22 00:00:00', '1170000', NULL, '0', 'YES', NULL, NULL, NULL, '', 100832),
(758, 109, '2013-08-03', '1170000', 1, '2013-07-24 00:00:00', '1170000', NULL, '0', 'YES', NULL, NULL, NULL, '', 100833),
(759, 109, '2013-09-03', '1170000', 1, '2013-08-26 00:00:00', '1170000', NULL, '0', 'YES', NULL, NULL, NULL, '', 100834),
(760, 109, '2013-10-04', '1170000', 1, '2013-10-14 00:00:00', '1170000', NULL, '0', 'YES', NULL, NULL, NULL, '', 100835),
(761, 109, '2013-11-03', '1170000', 1, '2013-10-23 00:00:00', '1170000', NULL, '0', 'YES', NULL, NULL, NULL, '', 100836),
(762, 109, '2013-12-03', '1170000', 1, '2013-11-24 00:00:00', '1170000', NULL, '0', 'YES', NULL, NULL, NULL, '', 100837),
(763, 109, '2014-01-02', '1000000', 2, '2013-12-29 00:00:00', '1000000', NULL, '0', 'YES', NULL, NULL, NULL, '', 100838),
(764, 109, '2014-02-01', '1170000', 1, '2013-12-29 00:00:00', '170000', NULL, '0', 'YES', NULL, NULL, NULL, '', 100839),
(765, 109, '2014-03-03', '1170000', 1, '2014-01-30 00:00:00', '1170000', NULL, '0', 'YES', NULL, NULL, NULL, '', 100840),
(766, 109, '2014-04-01', '1170000', 2, '2014-03-01 00:00:00', '1170000', NULL, '0', 'YES', NULL, NULL, NULL, '', 100841),
(767, 109, '2014-05-02', '1170000', 1, '2014-04-05 00:00:00', '670000', NULL, '0', 'YES', NULL, NULL, NULL, '', 100842),
(768, 109, '2014-06-02', '1170000', 2, '2014-04-05 00:00:00', '500000', NULL, '0', 'YES', NULL, NULL, NULL, '', 100843),
(769, 109, '2014-07-03', '1170000', 2, '2014-05-07 00:00:00', '1170000', NULL, '0', 'YES', NULL, NULL, NULL, '', 100844),
(770, 109, '2014-08-03', '1170000', 2, '2014-06-12 00:00:00', '1170000', NULL, '0', 'YES', NULL, NULL, NULL, '', 100845),
(771, 109, '2014-09-03', '1170000', 1, '2014-07-12 00:00:00', '1170000', NULL, '0', 'YES', NULL, NULL, NULL, '', 100846),
(772, 109, '2014-10-04', '1170000', 1, '2014-07-12 00:00:00', '1170000', NULL, '0', 'YES', NULL, NULL, NULL, '', 100847),
(773, 109, '2014-11-03', '1170000', 2, '2014-08-23 00:00:00', '1170000', NULL, '0', 'YES', NULL, NULL, NULL, '', 100848),
(774, 109, '2014-12-03', '1170000', 2, '2014-10-22 00:00:00', '2340000', NULL, '0', 'YES', NULL, NULL, NULL, '', 100849),
(775, 109, '2015-01-02', '1170000', 2, '2014-12-15 00:00:00', '2340000', NULL, '0', 'YES', NULL, NULL, NULL, '', 100850),
(776, 109, '2015-02-01', '1170000', 2, '2015-01-20 00:00:00', '2340000', NULL, '0', 'YES', NULL, NULL, NULL, '', 100851),
(777, 109, '2015-03-03', '1170000', 2, '2015-03-17 00:00:00', '1170000', NULL, '0', 'YES', NULL, NULL, NULL, '', 100852),
(778, 109, '2015-04-01', '1170000', 2, '2015-04-21 00:00:00', '2260000', NULL, '0', 'YES', NULL, NULL, NULL, '', 100853),
(779, 109, '2015-05-02', '1170000', 0, NULL, '0', NULL, '0', 'NO', NULL, NULL, NULL, '', 100854),
(780, 109, '2015-06-02', '1090000', 0, NULL, '0', NULL, '0', 'NO', NULL, NULL, NULL, '', 100855),
(781, 109, '2015-07-03', '170000', 0, NULL, '0', NULL, '0', 'NO', NULL, NULL, NULL, '', 101659),
(782, 110, '2013-09-11', '30000000', 0, NULL, '0', NULL, '0', 'NO', NULL, NULL, NULL, '', 100858),
(783, 111, '2013-06-27', '1000000', 1, '2013-07-11 00:00:00', '1000000', NULL, '0', 'YES', NULL, NULL, NULL, '', 100871),
(784, 111, '2013-07-28', '1000000', 1, '2013-08-07 00:00:00', '1000000', NULL, '0', 'YES', NULL, NULL, NULL, '', 100923),
(785, 111, '2013-08-28', '1000000', 1, '2013-09-10 00:00:00', '1000000', NULL, '0', 'YES', NULL, NULL, NULL, '', 101080),
(786, 111, '2013-09-28', '1000000', 1, '2013-10-01 00:00:00', '1000000', NULL, '0', 'YES', NULL, NULL, NULL, '', 101141),
(787, 111, '2013-10-28', '1000000', 1, '2013-10-30 00:00:00', '1000000', NULL, '0', 'YES', NULL, NULL, NULL, '', 101145),
(788, 111, '2013-11-27', '1000000', 1, '2013-12-01 00:00:00', '1000000', NULL, '0', 'YES', NULL, NULL, NULL, '', 101167),
(789, 111, '2013-12-27', '1000000', 1, '2013-12-28 00:00:00', '1000000', NULL, '0', 'YES', NULL, NULL, NULL, '', 101211),
(790, 111, '2014-01-26', '1000000', 1, '2014-02-20 00:00:00', '1000000', NULL, '0', 'YES', NULL, NULL, NULL, '', 101224),
(791, 111, '2014-02-25', '1000000', 1, '2014-03-19 00:00:00', '1000000', NULL, '0', 'YES', NULL, NULL, NULL, '', 101330),
(792, 111, '2014-03-26', '1000000', 1, '2014-05-29 00:00:00', '1000000', NULL, '0', 'YES', NULL, NULL, NULL, '', 101380),
(793, 111, '2014-04-26', '1000000', 1, '2014-05-29 00:00:00', '1000000', NULL, '0', 'YES', NULL, NULL, NULL, '', 101459),
(794, 111, '2014-05-27', '9000000', 1, '2014-06-08 00:00:00', '9000000', NULL, '0', 'YES', NULL, NULL, NULL, '', 101460),
(795, 112, '2013-07-19', '1250000', 1, '2013-07-25 00:00:00', '1250000', NULL, '0', 'YES', NULL, NULL, NULL, '', 100875),
(796, 112, '2013-08-19', '1250000', 1, '2013-08-24 00:00:00', '1250000', NULL, '0', 'YES', NULL, NULL, NULL, '', 100876),
(797, 112, '2013-09-19', '1250000', 1, '2013-09-23 00:00:00', '1250000', NULL, '0', 'YES', NULL, NULL, NULL, '', 100877),
(798, 112, '2013-10-20', '1250000', 1, '2013-10-23 00:00:00', '1250000', NULL, '0', 'YES', NULL, NULL, NULL, '', 100878),
(799, 112, '2013-11-19', '1250000', 1, '2013-11-18 00:00:00', '1250000', NULL, '0', 'YES', NULL, NULL, NULL, '', 101175),
(800, 112, '2013-12-19', '1250000', 1, '2013-11-18 00:00:00', '1250000', NULL, '0', 'YES', NULL, NULL, NULL, '', 101176),
(801, 112, '2014-01-18', '1250000', 1, '2013-11-18 00:00:00', '1250000', NULL, '0', 'YES', NULL, NULL, NULL, '', 101177),
(802, 112, '2014-02-17', '1250000', 1, '2013-11-18 00:00:00', '1250000', NULL, '0', 'YES', NULL, NULL, NULL, '', 101178),
(803, 112, '2014-03-19', '1250000', 1, '2013-11-21 00:00:00', '1250000', NULL, '0', 'YES', NULL, NULL, NULL, '', 101179),
(804, 112, '2014-04-17', '1250000', 1, '2013-12-21 00:00:00', '1250000', NULL, '0', 'YES', NULL, NULL, NULL, '', 101180),
(805, 112, '2014-05-18', '1250000', 1, '2014-01-20 00:00:00', '1250000', NULL, '0', 'YES', NULL, NULL, NULL, '', 101181),
(806, 112, '2014-06-18', '1250000', 1, '2014-02-20 00:00:00', '1250000', NULL, '0', 'YES', NULL, NULL, NULL, '', 101182),
(807, 112, '2014-07-19', '1250000', 1, '2014-03-15 00:00:00', '1250000', NULL, '0', 'YES', NULL, NULL, NULL, '', 101183),
(808, 112, '2014-08-19', '1250000', 1, '2014-04-20 00:00:00', '1250000', NULL, '0', 'YES', NULL, NULL, NULL, '', 101184),
(809, 112, '2014-09-19', '1250000', 1, '2014-05-21 00:00:00', '1250000', NULL, '0', 'YES', NULL, NULL, NULL, '', 101185),
(810, 112, '2014-10-20', '1250000', 1, '2014-06-21 00:00:00', '1250000', NULL, '0', 'YES', NULL, NULL, NULL, '', 101186),
(811, 112, '2014-11-19', '1250000', 1, '2014-07-22 00:00:00', '1250000', NULL, '0', 'YES', NULL, NULL, NULL, '', 101187),
(812, 112, '2014-12-19', '1250000', 1, '2014-08-21 00:00:00', '1250000', NULL, '0', 'YES', NULL, NULL, NULL, '', 101188),
(813, 112, '2015-01-18', '1250000', 1, '2014-09-22 00:00:00', '1250000', NULL, '0', 'YES', NULL, NULL, NULL, '', 101189),
(814, 112, '2015-02-17', '1250000', 1, '2014-10-22 00:00:00', '1250000', NULL, '0', 'YES', NULL, NULL, NULL, '', 101190),
(815, 112, '2015-03-19', '1250000', 1, '2014-11-20 00:00:00', '1250000', NULL, '0', 'YES', NULL, NULL, NULL, '', 101191),
(816, 112, '2015-04-17', '1250000', 1, '2014-12-20 00:00:00', '1250000', NULL, '0', 'YES', NULL, NULL, NULL, '', 101192),
(817, 112, '2015-05-18', '1250000', 1, '2015-01-20 00:00:00', '1250000', NULL, '0', 'YES', NULL, NULL, NULL, '', 101193),
(818, 112, '2015-06-18', '1250000', 1, '2015-02-19 00:00:00', '1250000', NULL, '0', 'YES', NULL, NULL, NULL, '', 101194),
(819, 113, '2013-09-23', '30000000', 1, '2014-08-06 00:00:00', '30000000', NULL, '0', 'YES', NULL, NULL, NULL, '', 100901),
(820, 114, '2013-08-21', '1000000', 1, '2013-08-24 00:00:00', '1000000', NULL, '0', 'YES', NULL, NULL, NULL, '', 100934),
(821, 114, '2013-09-21', '1000000', 1, '2013-09-21 00:00:00', '1000000', NULL, '0', 'YES', NULL, NULL, NULL, '', 100935),
(822, 114, '2013-10-22', '1000000', 1, '2013-10-26 00:00:00', '1000000', NULL, '0', 'YES', NULL, NULL, NULL, '', 100936),
(823, 114, '2013-11-21', '1000000', 1, '2013-11-25 00:00:00', '1000000', NULL, '0', 'YES', NULL, NULL, NULL, '', 100937),
(824, 114, '2013-12-21', '1000000', 1, '2013-12-22 00:00:00', '1000000', NULL, '0', 'YES', NULL, NULL, NULL, '', 100938),
(825, 114, '2014-01-20', '1000000', 1, '2014-01-23 00:00:00', '1000000', NULL, '0', 'YES', NULL, NULL, NULL, '', 100939),
(826, 114, '2014-02-19', '1000000', 1, '2014-02-22 00:00:00', '1000000', NULL, '0', 'YES', NULL, NULL, NULL, '', 100940),
(827, 114, '2014-03-21', '1000000', 1, '2014-03-16 00:00:00', '1000000', NULL, '0', 'YES', NULL, NULL, NULL, '', 100941),
(828, 114, '2014-04-19', '1000000', 1, '2014-04-23 00:00:00', '1000000', NULL, '0', 'YES', NULL, NULL, NULL, '', 100942),
(829, 114, '2014-05-20', '1000000', 1, '2014-05-21 00:00:00', '1000000', NULL, '0', 'YES', NULL, NULL, NULL, '', 100943),
(830, 114, '2014-06-20', '1000000', 1, '2014-06-18 00:00:00', '1000000', NULL, '0', 'YES', NULL, NULL, NULL, '', 100944),
(831, 114, '2014-07-21', '1000000', 1, '2014-07-23 00:00:00', '1000000', NULL, '0', 'YES', NULL, NULL, NULL, '', 100945),
(832, 114, '2014-08-21', '1000000', 1, '2014-09-21 00:00:00', '1000000', NULL, '0', 'YES', NULL, NULL, NULL, '', 100946),
(833, 114, '2014-09-21', '1000000', 0, NULL, '0', NULL, '0', 'NO', NULL, NULL, NULL, '', 100947),
(834, 114, '2014-10-22', '1000000', 0, NULL, '0', NULL, '0', 'NO', NULL, NULL, NULL, '', 100948),
(835, 114, '2014-11-21', '1000000', 0, NULL, '0', NULL, '0', 'NO', NULL, NULL, NULL, '', 100949),
(836, 114, '2014-12-21', '1000000', 0, NULL, '0', NULL, '0', 'NO', NULL, NULL, NULL, '', 100950),
(837, 114, '2015-01-20', '1000000', 0, NULL, '0', NULL, '0', 'NO', NULL, NULL, NULL, '', 100951),
(838, 114, '2015-02-19', '1000000', 0, NULL, '0', NULL, '0', 'NO', NULL, NULL, NULL, '', 100952),
(839, 114, '2015-03-21', '1000000', 0, NULL, '0', NULL, '0', 'NO', NULL, NULL, NULL, '', 100953),
(840, 115, '2013-08-25', '5800000', 2, '2014-02-23 00:00:00', '5800000', NULL, '0', 'YES', NULL, NULL, NULL, '', 101034),
(841, 115, '2013-09-25', '5800000', 2, '2014-11-26 00:00:00', '58000000', NULL, '0', 'YES', NULL, NULL, NULL, '', 101035),
(842, 115, '2013-10-25', '5800000', 2, '2015-07-04 00:00:00', '34800000', NULL, '0', 'YES', NULL, NULL, NULL, '', 101036),
(843, 115, '2013-11-24', '5800000', 0, NULL, '0', NULL, '0', 'NO', NULL, NULL, NULL, '', 101037),
(844, 115, '2013-12-24', '5800000', 0, NULL, '0', NULL, '0', 'NO', NULL, NULL, NULL, '', 101038),
(845, 115, '2014-01-23', '5800000', 0, NULL, '0', NULL, '0', 'NO', NULL, NULL, NULL, '', 101039),
(846, 115, '2014-02-22', '5800000', 0, NULL, '0', NULL, '0', 'NO', NULL, NULL, NULL, '', 101040),
(847, 115, '2014-03-23', '5800000', 0, NULL, '0', NULL, '0', 'NO', NULL, NULL, NULL, '', 101041),
(848, 115, '2014-04-23', '5800000', 0, NULL, '0', NULL, '0', 'NO', NULL, NULL, NULL, '', 101042),
(849, 115, '2014-05-24', '5800000', 0, NULL, '0', NULL, '0', 'NO', NULL, NULL, NULL, '', 101043),
(850, 115, '2014-06-24', '5800000', 0, NULL, '0', NULL, '0', 'NO', NULL, NULL, NULL, '', 101044),
(851, 115, '2014-07-25', '5800000', 0, NULL, '0', NULL, '0', 'NO', NULL, NULL, NULL, '', 101045),
(852, 115, '2014-08-25', '5800000', 0, NULL, '0', NULL, '0', 'NO', NULL, NULL, NULL, '', 101046),
(853, 115, '2014-09-25', '5800000', 0, NULL, '0', NULL, '0', 'NO', NULL, NULL, NULL, '', 101047),
(854, 115, '2014-10-25', '5800000', 0, NULL, '0', NULL, '0', 'NO', NULL, NULL, NULL, '', 101048);
INSERT INTO `LON_installments` (`InstallmentID`, `PartID`, `InstallmentDate`, `InstallmentAmount`, `PaidType`, `PaidDate`, `PaidAmount`, `PaidRefNo`, `PaidBillNo`, `IsPaid`, `ChequeNo`, `ChequeBank`, `ChequeBranch`, `details`, `imp_SerialNo`) VALUES
(855, 115, '2014-11-24', '5800000', 0, NULL, '0', NULL, '0', 'NO', NULL, NULL, NULL, '', 101049),
(856, 115, '2014-12-24', '5800000', 0, NULL, '0', NULL, '0', 'NO', NULL, NULL, NULL, '', 101050),
(857, 115, '2015-01-23', '5358333', 0, NULL, '0', NULL, '0', 'NO', NULL, NULL, NULL, '', 101051),
(858, 116, '2013-08-25', '11551000', 2, '2014-03-05 00:00:00', '11551000', NULL, '0', 'YES', NULL, NULL, NULL, '', 101341),
(859, 116, '2013-09-25', '11551000', 2, '2014-05-03 00:00:00', '11551000', NULL, '0', 'YES', NULL, NULL, NULL, '', 101342),
(860, 116, '2013-10-25', '11551000', 2, '2014-07-17 00:00:00', '11551000', NULL, '0', 'YES', NULL, NULL, NULL, '', 101343),
(861, 116, '2013-11-24', '11551000', 2, '2014-08-19 00:00:00', '11551000', NULL, '0', 'YES', NULL, NULL, NULL, '', 101344),
(862, 116, '2013-12-24', '11551000', 2, '2014-09-25 00:00:00', '11551000', NULL, '0', 'YES', NULL, NULL, NULL, '', 101345),
(863, 116, '2014-01-23', '11551000', 2, '2014-11-18 00:00:00', '11551000', NULL, '0', 'YES', NULL, NULL, NULL, '', 101346),
(864, 116, '2014-02-22', '11551000', 2, '2014-12-22 00:00:00', '11551000', NULL, '0', 'YES', NULL, NULL, NULL, '', 101347),
(865, 116, '2014-03-23', '11551000', 2, '2015-02-24 00:00:00', '11551000', NULL, '0', 'YES', NULL, NULL, NULL, '', 101348),
(866, 116, '2014-04-23', '11551000', 2, '2015-04-22 00:00:00', '11551000', NULL, '0', 'YES', NULL, NULL, NULL, '', 101349),
(867, 116, '2014-05-24', '11551000', 2, '2015-06-01 00:00:00', '11550000', NULL, '0', 'YES', NULL, NULL, NULL, '', 101350),
(868, 116, '2014-06-24', '11551000', 2, '2015-08-23 00:00:00', '11551000', NULL, '0', 'YES', NULL, NULL, NULL, '', 101351),
(869, 116, '2014-07-25', '11551000', 1, '2015-10-15 00:00:00', '81544977', NULL, '0', 'YES', NULL, NULL, NULL, '', 101352),
(870, 116, '2014-08-25', '11551000', 0, NULL, '0', NULL, '0', 'NO', NULL, NULL, NULL, '', 101353),
(871, 116, '2014-09-25', '11551000', 0, NULL, '0', NULL, '0', 'NO', NULL, NULL, NULL, '', 101354),
(872, 116, '2014-10-25', '11551000', 0, NULL, '0', NULL, '0', 'NO', NULL, NULL, NULL, '', 101355),
(873, 116, '2014-11-24', '11551000', 0, NULL, '0', NULL, '0', 'NO', NULL, NULL, NULL, '', 101356),
(874, 116, '2014-12-24', '11551000', 0, NULL, '0', NULL, '0', 'NO', NULL, NULL, NULL, '', 101357),
(875, 116, '2015-01-23', '11549667', 0, NULL, '0', NULL, '0', 'NO', NULL, NULL, NULL, '', 101358),
(876, 116, '2015-02-22', '688310', 0, NULL, '0', NULL, '0', 'NO', NULL, NULL, NULL, 'قسط اضافه شده بابت کارمزد', 102566),
(877, 117, '2013-08-25', '420000', 0, NULL, '0', NULL, '0', 'NO', NULL, NULL, NULL, '', 101052),
(878, 117, '2013-09-25', '420000', 0, NULL, '0', NULL, '0', 'NO', NULL, NULL, NULL, '', 101053),
(879, 117, '2013-10-25', '420000', 0, NULL, '0', NULL, '0', 'NO', NULL, NULL, NULL, '', 101054),
(880, 117, '2013-11-24', '420000', 0, NULL, '0', NULL, '0', 'NO', NULL, NULL, NULL, '', 101055),
(881, 117, '2013-12-24', '420000', 0, NULL, '0', NULL, '0', 'NO', NULL, NULL, NULL, '', 101056),
(882, 117, '2014-01-23', '420000', 0, NULL, '0', NULL, '0', 'NO', NULL, NULL, NULL, '', 101057),
(883, 117, '2014-02-22', '420000', 0, NULL, '0', NULL, '0', 'NO', NULL, NULL, NULL, '', 101058),
(884, 117, '2014-03-23', '420000', 0, NULL, '0', NULL, '0', 'NO', NULL, NULL, NULL, '', 101059),
(885, 117, '2014-04-23', '420000', 0, NULL, '0', NULL, '0', 'NO', NULL, NULL, NULL, '', 101060),
(886, 117, '2014-05-24', '420000', 0, NULL, '0', NULL, '0', 'NO', NULL, NULL, NULL, '', 101061),
(887, 117, '2014-06-24', '420000', 0, NULL, '0', NULL, '0', 'NO', NULL, NULL, NULL, '', 101062),
(888, 117, '2014-07-25', '420000', 0, NULL, '0', NULL, '0', 'NO', NULL, NULL, NULL, '', 101063),
(889, 117, '2014-08-25', '420000', 0, NULL, '0', NULL, '0', 'NO', NULL, NULL, NULL, '', 101064),
(890, 117, '2014-09-25', '420000', 0, NULL, '0', NULL, '0', 'NO', NULL, NULL, NULL, '', 101065),
(891, 117, '2014-10-25', '420000', 0, NULL, '0', NULL, '0', 'NO', NULL, NULL, NULL, '', 101066),
(892, 117, '2014-11-24', '420000', 0, NULL, '0', NULL, '0', 'NO', NULL, NULL, NULL, '', 101067),
(893, 117, '2014-12-24', '420000', 0, NULL, '0', NULL, '0', 'NO', NULL, NULL, NULL, '', 101068),
(894, 117, '2015-01-23', '420000', 0, NULL, '0', NULL, '0', 'NO', NULL, NULL, NULL, '', 101069),
(895, 117, '2015-02-22', '420000', 0, NULL, '0', NULL, '0', 'NO', NULL, NULL, NULL, '', 101070),
(896, 117, '2015-03-23', '420000', 0, NULL, '0', NULL, '0', 'NO', NULL, NULL, NULL, '', 101071),
(897, 117, '2015-04-23', '420000', 0, NULL, '0', NULL, '0', 'NO', NULL, NULL, NULL, '', 101072),
(898, 117, '2015-05-24', '420000', 0, NULL, '0', NULL, '0', 'NO', NULL, NULL, NULL, '', 101073),
(899, 117, '2015-06-24', '420000', 0, NULL, '0', NULL, '0', 'NO', NULL, NULL, NULL, '', 101074),
(900, 117, '2015-07-25', '340000', 0, NULL, '0', NULL, '0', 'NO', NULL, NULL, NULL, '', 101075),
(901, 118, '2013-09-12', '2500000', 2, '2013-09-01 00:00:00', '2500000', NULL, '0', 'YES', NULL, NULL, NULL, '', 101083),
(902, 118, '2013-10-13', '2500000', 2, '2013-10-05 00:00:00', '2500000', NULL, '0', 'YES', NULL, NULL, NULL, '', 101084),
(903, 118, '2013-11-12', '2500000', 2, '2013-10-28 00:00:00', '2500000', NULL, '0', 'YES', NULL, NULL, NULL, '', 101085),
(904, 118, '2013-12-12', '2500000', 2, '2013-12-10 00:00:00', '2500000', NULL, '0', 'YES', NULL, NULL, NULL, '', 101086),
(905, 118, '2014-01-11', '2500000', 2, '2014-01-29 00:00:00', '2500000', NULL, '0', 'YES', NULL, NULL, NULL, '', 101087),
(906, 118, '2014-02-10', '2500000', 2, '2014-01-29 00:00:00', '2500000', NULL, '0', 'YES', NULL, NULL, NULL, '', 101088),
(907, 118, '2014-03-12', '2500000', 2, '2014-04-19 00:00:00', '2500000', NULL, '0', 'YES', NULL, NULL, NULL, '', 101089),
(908, 118, '2014-04-10', '2500000', 2, '2014-05-29 00:00:00', '2500000', NULL, '0', 'YES', NULL, NULL, NULL, '', 101090),
(909, 118, '2014-05-11', '2500000', 2, '2014-09-30 00:00:00', '2500000', NULL, '0', 'YES', NULL, NULL, NULL, '', 101091),
(910, 118, '2014-06-11', '2500000', 2, '2014-09-30 00:00:00', '2500000', NULL, '0', 'YES', NULL, NULL, NULL, '', 101092),
(911, 118, '2014-07-12', '2500000', 1, '2015-08-02 00:00:00', '5000000', NULL, '0', 'YES', NULL, NULL, NULL, '', 101093),
(912, 118, '2014-08-12', '2500000', 0, NULL, '0', NULL, '0', 'NO', NULL, NULL, NULL, '', 101094),
(913, 119, '2013-09-12', '6170000', 1, '2014-05-22 00:00:00', '20000000', NULL, '0', 'YES', NULL, NULL, NULL, '', 101095),
(914, 119, '2013-10-13', '6170000', 2, '2014-09-25 00:00:00', '12000000', NULL, '0', 'YES', NULL, NULL, NULL, '', 101096),
(915, 119, '2013-11-12', '6170000', 0, NULL, '0', NULL, '0', 'NO', NULL, NULL, NULL, '', 101097),
(916, 119, '2013-12-12', '6170000', 0, NULL, '0', NULL, '0', 'NO', NULL, NULL, NULL, '', 101098),
(917, 119, '2014-01-11', '6170000', 0, NULL, '0', NULL, '0', 'NO', NULL, NULL, NULL, '', 101099),
(918, 119, '2014-02-10', '6170000', 0, NULL, '0', NULL, '0', 'NO', NULL, NULL, NULL, '', 101100),
(919, 119, '2014-03-12', '6170000', 0, NULL, '0', NULL, '0', 'NO', NULL, NULL, NULL, '', 101101),
(920, 119, '2014-04-10', '6170000', 0, NULL, '0', NULL, '0', 'NO', NULL, NULL, NULL, '', 101102),
(921, 119, '2014-05-11', '6170000', 0, NULL, '0', NULL, '0', 'NO', NULL, NULL, NULL, '', 101103),
(922, 119, '2014-06-11', '6170000', 0, NULL, '0', NULL, '0', 'NO', NULL, NULL, NULL, '', 101104),
(923, 119, '2014-07-12', '6170000', 0, NULL, '0', NULL, '0', 'NO', NULL, NULL, NULL, '', 101105),
(924, 119, '2014-08-12', '6170000', 0, NULL, '0', NULL, '0', 'NO', NULL, NULL, NULL, '', 101106),
(925, 119, '2014-09-12', '6170000', 0, NULL, '0', NULL, '0', 'NO', NULL, NULL, NULL, '', 101107),
(926, 119, '2014-10-13', '6170000', 0, NULL, '0', NULL, '0', 'NO', NULL, NULL, NULL, '', 101108),
(927, 119, '2014-11-12', '6170000', 0, NULL, '0', NULL, '0', 'NO', NULL, NULL, NULL, '', 101109),
(928, 119, '2014-12-12', '6170000', 0, NULL, '0', NULL, '0', 'NO', NULL, NULL, NULL, '', 101110),
(929, 119, '2015-01-11', '6170000', 0, NULL, '0', NULL, '0', 'NO', NULL, NULL, NULL, '', 101111),
(930, 119, '2015-02-10', '6193334', 0, NULL, '0', NULL, '0', 'NO', NULL, NULL, NULL, '', 101112),
(931, 120, '2013-11-18', '15000000', 1, '2013-11-04 00:00:00', '15000000', NULL, '0', 'YES', NULL, NULL, NULL, '', 101115),
(932, 120, '2013-12-18', '15000000', 1, '2013-11-11 00:00:00', '15000000', NULL, '0', 'YES', NULL, NULL, NULL, '', 101169),
(933, 121, '2013-09-19', '2500000', 1, '2013-09-21 00:00:00', '2500000', NULL, '0', 'YES', NULL, NULL, NULL, '', 101116),
(934, 121, '2013-10-20', '2500000', 1, '2013-10-22 00:00:00', '2500000', NULL, '0', 'YES', NULL, NULL, NULL, '', 101117),
(935, 121, '2013-11-19', '2500000', 2, '2013-11-23 00:00:00', '2500000', NULL, '0', 'YES', NULL, NULL, NULL, '', 101118),
(936, 121, '2013-12-19', '2500000', 2, '2013-12-17 00:00:00', '2500000', NULL, '0', 'YES', NULL, NULL, NULL, '', 101119),
(937, 121, '2014-01-18', '2500000', 2, '2014-01-20 00:00:00', '2500000', NULL, '0', 'YES', NULL, NULL, NULL, '', 101120),
(938, 121, '2014-02-17', '2500000', 2, '2014-02-19 00:00:00', '2500000', NULL, '0', 'YES', NULL, NULL, NULL, '', 101121),
(939, 121, '2014-03-19', '2500000', 1, '2014-04-06 00:00:00', '2500000', NULL, '0', 'YES', NULL, NULL, NULL, '', 101122),
(940, 121, '2014-04-17', '2500000', 2, '2014-04-23 00:00:00', '2500000', NULL, '0', 'YES', NULL, NULL, NULL, '', 101123),
(941, 121, '2014-05-18', '2500000', 2, '2014-05-29 00:00:00', '2500000', NULL, '0', 'YES', NULL, NULL, NULL, '', 101124),
(942, 121, '2014-06-18', '2500000', 2, '2014-06-22 00:00:00', '2500000', NULL, '0', 'YES', NULL, NULL, NULL, '', 101125),
(943, 121, '2014-07-19', '2500000', 2, '2014-07-26 00:00:00', '2500000', NULL, '0', 'YES', NULL, NULL, NULL, '', 101126),
(944, 121, '2014-08-19', '2500000', 2, '2014-08-23 00:00:00', '2500000', NULL, '0', 'YES', NULL, NULL, NULL, '', 101127),
(945, 122, '2013-11-25', '10000000', 1, '2014-06-18 00:00:00', '10000000', NULL, '0', 'YES', NULL, NULL, NULL, '', 101491),
(946, 122, '2013-12-25', '11700000', 1, '2014-07-20 00:00:00', '11700000', NULL, '0', 'YES', NULL, NULL, NULL, '', 101492),
(947, 122, '2014-01-24', '1200000', 1, '2014-09-03 00:00:00', '1200000', NULL, '0', 'YES', NULL, NULL, NULL, '', 101538),
(948, 122, '2014-02-23', '5000000', 1, '2014-09-27 00:00:00', '5000000', NULL, '0', 'YES', NULL, NULL, NULL, '', 101569),
(949, 122, '2014-03-24', '2100000', 1, '2014-09-28 00:00:00', '2100000', NULL, '0', 'YES', NULL, NULL, NULL, '', 101588),
(950, 122, '2014-04-24', '432055', 1, '2015-06-11 00:00:00', '1000000', NULL, '0', 'YES', NULL, NULL, NULL, '', 101589),
(951, 122, '2014-05-25', '567945', 0, NULL, '0', NULL, '0', 'NO', NULL, NULL, NULL, 'قسط اضافه شده بابت کارمزد', 102362),
(952, 123, '2013-12-29', '5000000', 2, '2015-09-14 00:00:00', '5000000', NULL, '0', 'YES', NULL, NULL, NULL, '', 101143),
(953, 123, '2014-01-28', '5000000', 2, '2015-10-01 00:00:00', '5000000', NULL, '0', 'YES', NULL, NULL, NULL, '', 102494),
(954, 123, '2014-02-27', '20000000', 0, NULL, '0', NULL, '0', 'NO', NULL, NULL, NULL, '', 102545),
(955, 124, '2013-12-21', '1660000', 9, '2014-12-24 00:00:00', '1660000', NULL, '0', 'YES', '201584', NULL, NULL, 'وصول چک', 101196),
(956, 124, '2014-01-20', '1660000', 9, '2014-12-24 00:00:00', '1660000', NULL, '0', 'YES', '201584', NULL, NULL, 'وصول چک', 101197),
(957, 124, '2014-02-19', '1660000', 9, '2014-12-24 00:00:00', '1660000', NULL, '0', 'YES', '201584', NULL, NULL, 'وصول چک', 101198),
(958, 124, '2014-03-21', '1660000', 9, '2014-12-24 00:00:00', '1660000', NULL, '0', 'YES', '201584', NULL, NULL, 'وصول چک', 101199),
(959, 124, '2014-04-19', '1660000', 9, '2014-12-24 00:00:00', '1660000', NULL, '0', 'YES', '201584', NULL, NULL, 'وصول چک', 101200),
(960, 124, '2014-05-20', '1660000', 9, '2014-12-24 00:00:00', '1660000', NULL, '0', 'YES', '201584', NULL, NULL, 'وصول چک', 101201),
(961, 124, '2014-06-20', '1660000', 9, '2014-12-24 00:00:00', '40000', NULL, '0', 'YES', '201584', NULL, NULL, 'وصول چک', 101202),
(962, 124, '2014-07-21', '1660000', 9, '2015-01-22 00:00:00', '1660000', NULL, '0', 'YES', '201585', NULL, NULL, 'وصول چک', 101203),
(963, 124, '2014-08-21', '1660000', 9, '2015-01-22 00:00:00', '1660000', NULL, '0', 'YES', '201585', NULL, NULL, 'وصول چک', 101204),
(964, 124, '2014-09-21', '1660000', 9, '2015-01-22 00:00:00', '1660000', NULL, '0', 'YES', '201585', NULL, NULL, 'وصول چک', 101205),
(965, 124, '2014-10-22', '1660000', 9, '2015-01-22 00:00:00', '1660000', NULL, '0', 'YES', '201585', NULL, NULL, 'وصول چک', 101206),
(966, 124, '2014-11-21', '1740000', 9, '2015-01-22 00:00:00', '3360000', NULL, '0', 'YES', '201585', NULL, NULL, 'وصول چک', 101207),
(967, 125, '2014-03-28', '30000000', 2, '2014-10-20 00:00:00', '30000000', NULL, '0', 'YES', NULL, NULL, NULL, '', 101225),
(968, 126, '2014-01-06', '6476667', 2, '2014-10-01 00:00:00', '6491667', NULL, '0', 'YES', NULL, NULL, NULL, '', 101226),
(969, 126, '2014-01-06', '6471000', 2, '2014-11-12 00:00:00', '6470000', NULL, '0', 'YES', NULL, NULL, NULL, '', 101227),
(970, 126, '2014-01-06', '6470000', 2, '2015-01-04 00:00:00', '6471000', NULL, '0', 'YES', NULL, NULL, NULL, '', 101228),
(971, 126, '2014-01-06', '6470000', 2, '2015-01-04 00:00:00', '6471000', NULL, '0', 'YES', NULL, NULL, NULL, '', 101229),
(972, 126, '2014-01-06', '6471000', 2, '2015-03-09 00:00:00', '6470000', NULL, '0', 'YES', NULL, NULL, NULL, '', 101230),
(973, 126, '2014-01-06', '6471000', 2, '2015-03-09 00:00:00', '6470000', NULL, '0', 'YES', NULL, NULL, NULL, '', 101231),
(974, 126, '2014-01-06', '6471000', 0, NULL, '0', NULL, '', 'NO', NULL, NULL, NULL, '', 101232),
(975, 126, '2014-01-06', '6471000', 0, NULL, '0', NULL, '', 'NO', NULL, NULL, NULL, '', 101233),
(976, 126, '2014-01-06', '6471000', 0, NULL, '0', NULL, '', 'NO', NULL, NULL, NULL, '', 101234),
(977, 126, '2014-01-06', '6471000', 0, NULL, '0', NULL, '', 'NO', NULL, NULL, NULL, '', 101235),
(978, 126, '2014-01-06', '6471000', 0, NULL, '0', NULL, '', 'NO', NULL, NULL, NULL, '', 101236),
(979, 126, '2014-01-06', '6471000', 0, NULL, '0', NULL, '', 'NO', NULL, NULL, NULL, '', 101237),
(980, 126, '2014-01-06', '6471000', 0, NULL, '0', NULL, '', 'NO', NULL, NULL, NULL, '', 101238),
(981, 126, '2014-01-06', '6471000', 0, NULL, '0', NULL, '', 'NO', NULL, NULL, NULL, '', 101239),
(982, 126, '2014-01-06', '6471000', 0, NULL, '0', NULL, '', 'NO', NULL, NULL, NULL, '', 101240),
(983, 126, '2014-01-06', '6471000', 0, NULL, '0', NULL, '', 'NO', NULL, NULL, NULL, '', 101241),
(984, 127, '2014-02-11', '2500000', 1, '2014-02-12 00:00:00', '2500000', NULL, '0', 'YES', NULL, NULL, NULL, '', 101246),
(985, 127, '2014-03-13', '2500000', 1, '2014-03-18 00:00:00', '2500000', NULL, '0', 'YES', NULL, NULL, NULL, '', 101247),
(986, 127, '2014-04-11', '2500000', 1, '2014-04-13 00:00:00', '2500000', NULL, '0', 'YES', NULL, NULL, NULL, '', 101248),
(987, 127, '2014-05-12', '2500000', 2, '2014-05-12 00:00:00', '2500000', NULL, '0', 'YES', NULL, NULL, NULL, '', 101249),
(988, 127, '2014-06-12', '2500000', 2, '2014-06-16 00:00:00', '2500000', NULL, '0', 'YES', NULL, NULL, NULL, '', 101250),
(989, 127, '2014-07-13', '2500000', 2, '2014-07-14 00:00:00', '2500000', NULL, '0', 'YES', NULL, NULL, NULL, '', 101251),
(990, 127, '2014-08-13', '2500000', 1, '2014-08-18 00:00:00', '2500000', NULL, '0', 'YES', NULL, NULL, NULL, '', 101252),
(991, 127, '2014-09-13', '2500000', 2, '2014-10-15 00:00:00', '2500000', NULL, '0', 'YES', NULL, NULL, NULL, '', 101253),
(992, 127, '2014-10-14', '2500000', 2, '2014-12-24 00:00:00', '2500000', NULL, '0', 'YES', NULL, NULL, NULL, '', 101254),
(993, 127, '2014-11-13', '2500000', 1, '2015-01-21 00:00:00', '2500000', NULL, '0', 'YES', NULL, NULL, NULL, '', 101255),
(994, 127, '2014-12-13', '2500000', 1, '2015-02-15 00:00:00', '2500000', NULL, '0', 'YES', NULL, NULL, NULL, '', 101256),
(995, 127, '2015-01-12', '2500000', 1, '2015-07-29 00:00:00', '2500000', NULL, '0', 'YES', NULL, NULL, NULL, '', 101257),
(996, 128, '2014-02-19', '2500000', 2, '2014-03-04 00:00:00', '2500000', NULL, '0', 'YES', NULL, NULL, NULL, '', 101262),
(997, 128, '2014-03-21', '2500000', 2, '2014-05-03 00:00:00', '2500000', NULL, '0', 'YES', NULL, NULL, NULL, '', 101263),
(998, 128, '2014-04-19', '2500000', 2, '2014-07-05 00:00:00', '2500000', NULL, '0', 'YES', NULL, NULL, NULL, '', 101264),
(999, 128, '2014-05-20', '2500000', 2, '2014-07-05 00:00:00', '2500000', NULL, '0', 'YES', NULL, NULL, NULL, '', 101265),
(1000, 128, '2014-06-20', '2500000', 1, '2015-03-08 00:00:00', '20000000', NULL, '0', 'YES', NULL, NULL, NULL, '', 101266),
(1001, 128, '2014-07-21', '2500000', 0, NULL, '0', NULL, '0', 'NO', NULL, NULL, NULL, '', 101267),
(1002, 128, '2014-08-21', '2500000', 0, NULL, '0', NULL, '0', 'NO', NULL, NULL, NULL, '', 101268),
(1003, 128, '2014-09-21', '2500000', 0, NULL, '0', NULL, '0', 'NO', NULL, NULL, NULL, '', 101269),
(1004, 128, '2014-10-22', '2500000', 0, NULL, '0', NULL, '0', 'NO', NULL, NULL, NULL, '', 101270),
(1005, 128, '2014-11-21', '2500000', 0, NULL, '0', NULL, '0', 'NO', NULL, NULL, NULL, '', 101271),
(1006, 128, '2014-12-21', '2500000', 0, NULL, '0', NULL, '0', 'NO', NULL, NULL, NULL, '', 101272),
(1007, 128, '2015-01-20', '2500000', 0, NULL, '0', NULL, '0', 'NO', NULL, NULL, NULL, '', 101273),
(1008, 129, '2014-03-10', '830000', 1, '2014-02-20 00:00:00', '830000', NULL, '0', 'YES', NULL, NULL, NULL, '', 101298),
(1009, 129, '2014-04-08', '830000', 1, '2014-03-15 00:00:00', '830000', NULL, '0', 'YES', NULL, NULL, NULL, '', 101299),
(1010, 129, '2014-05-09', '830000', 1, '2014-04-20 00:00:00', '830000', NULL, '0', 'YES', NULL, NULL, NULL, '', 101300),
(1011, 129, '2014-06-09', '830000', 1, '2014-05-21 00:00:00', '830000', NULL, '0', 'YES', NULL, NULL, NULL, '', 101301),
(1012, 129, '2014-07-10', '830000', 1, '2014-06-21 00:00:00', '830000', NULL, '0', 'YES', NULL, NULL, NULL, '', 101302),
(1013, 129, '2014-08-10', '830000', 1, '2014-07-22 00:00:00', '830000', NULL, '0', 'YES', NULL, NULL, NULL, '', 101303),
(1014, 129, '2014-09-10', '830000', 1, '2014-08-21 00:00:00', '830000', NULL, '0', 'YES', NULL, NULL, NULL, '', 101304),
(1015, 129, '2014-10-11', '830000', 1, '2014-09-22 00:00:00', '830000', NULL, '0', 'YES', NULL, NULL, NULL, '', 101305),
(1016, 129, '2014-11-10', '830000', 1, '2014-10-22 00:00:00', '830000', NULL, '0', 'YES', NULL, NULL, NULL, '', 101306),
(1017, 129, '2014-12-10', '830000', 1, '2014-11-20 00:00:00', '830000', NULL, '0', 'YES', NULL, NULL, NULL, '', 101307),
(1018, 129, '2015-01-09', '830000', 1, '2014-12-20 00:00:00', '830000', NULL, '0', 'YES', NULL, NULL, NULL, '', 101308),
(1019, 129, '2015-02-08', '830000', 1, '2015-01-20 00:00:00', '830000', NULL, '0', 'YES', NULL, NULL, NULL, '', 101309),
(1020, 129, '2015-03-10', '830000', 1, '2015-02-19 00:00:00', '830000', NULL, '0', 'YES', NULL, NULL, NULL, '', 101310),
(1021, 129, '2015-04-08', '830000', 1, '2015-03-14 00:00:00', '830000', NULL, '0', 'YES', NULL, NULL, NULL, '', 101311),
(1022, 129, '2015-05-09', '830000', 1, '2015-04-20 00:00:00', '830000', NULL, '0', 'YES', NULL, NULL, NULL, '', 101312),
(1023, 129, '2015-06-09', '830000', 1, '2015-05-21 00:00:00', '830000', NULL, '0', 'YES', NULL, NULL, NULL, '', 101313),
(1024, 129, '2015-07-10', '830000', 8, '2015-06-21 00:00:00', '830000', NULL, '0', 'YES', NULL, NULL, NULL, '', 101314),
(1025, 129, '2015-08-10', '830000', 1, '2015-07-22 00:00:00', '830000', NULL, '0', 'YES', NULL, NULL, NULL, '', 101315),
(1026, 129, '2015-09-10', '830000', 1, '2015-08-22 00:00:00', '830000', NULL, '0', 'YES', NULL, NULL, NULL, '', 101316),
(1027, 129, '2015-10-11', '830000', 1, '2015-09-22 00:00:00', '830000', NULL, '0', 'YES', NULL, NULL, NULL, '', 101317),
(1028, 129, '2015-11-10', '830000', 1, '2015-10-28 00:00:00', '830000', NULL, '0', 'YES', NULL, NULL, NULL, '', 101318),
(1029, 129, '2015-12-10', '830000', 0, NULL, '0', NULL, '0', 'NO', NULL, NULL, NULL, '', 101319),
(1030, 129, '2016-01-09', '830000', 0, NULL, '0', NULL, '0', 'NO', NULL, NULL, NULL, '', 101320),
(1031, 129, '2016-02-08', '910000', 0, NULL, '0', NULL, '0', 'NO', NULL, NULL, NULL, '', 101321),
(1032, 130, '2014-04-03', '1660000', 1, '2014-04-07 00:00:00', '1740000', NULL, '0', 'YES', NULL, NULL, NULL, '', 101360),
(1033, 130, '2014-05-04', '1660000', 1, '2014-05-18 00:00:00', '1660000', NULL, '0', 'YES', NULL, NULL, NULL, '', 101361),
(1034, 130, '2014-06-04', '1660000', 1, '2014-08-24 00:00:00', '1660000', NULL, '0', 'YES', NULL, NULL, NULL, '', 101362),
(1035, 130, '2014-07-05', '1660000', 1, '2014-11-24 00:00:00', '5000000', NULL, '0', 'YES', NULL, NULL, NULL, '', 101363),
(1036, 130, '2014-08-05', '1660000', 0, NULL, '0', NULL, '0', 'NO', NULL, NULL, NULL, '', 101364),
(1037, 130, '2014-09-05', '1660000', 0, NULL, '0', NULL, '0', 'NO', NULL, NULL, NULL, '', 101365),
(1038, 130, '2014-10-06', '1660000', 0, NULL, '0', NULL, '0', 'NO', NULL, NULL, NULL, '', 101366),
(1039, 130, '2014-11-05', '1660000', 0, NULL, '0', NULL, '0', 'NO', NULL, NULL, NULL, '', 101367),
(1040, 130, '2014-12-05', '1660000', 0, NULL, '0', NULL, '0', 'NO', NULL, NULL, NULL, '', 101368),
(1041, 130, '2015-01-04', '1660000', 0, NULL, '0', NULL, '0', 'NO', NULL, NULL, NULL, '', 101369),
(1042, 130, '2015-02-03', '1660000', 0, NULL, '0', NULL, '0', 'NO', NULL, NULL, NULL, '', 101370),
(1043, 130, '2015-03-05', '1740000', 0, NULL, '0', NULL, '0', 'NO', NULL, NULL, NULL, '', 101371),
(1044, 131, '2014-06-14', '5000000', 2, '2015-09-14 00:00:00', '5000000', NULL, '0', 'YES', NULL, NULL, NULL, '', 101378),
(1045, 131, '2014-07-15', '5000000', 2, '2015-10-01 00:00:00', '5000000', NULL, '0', 'YES', NULL, NULL, NULL, '', 102493),
(1046, 131, '2014-08-15', '20000000', 0, NULL, '0', NULL, '0', 'NO', NULL, NULL, NULL, '', 102544),
(1047, 132, '2014-05-01', '61715000', 1, '2014-11-08 00:00:00', '61715000', NULL, '0', 'YES', NULL, NULL, NULL, '', 101384),
(1048, 132, '2014-06-01', '61715000', 1, '2014-12-03 00:00:00', '61715000', NULL, '0', 'YES', NULL, NULL, NULL, '', 101385),
(1049, 132, '2014-07-02', '61715000', 1, '2015-01-08 00:00:00', '61715000', NULL, '0', 'YES', NULL, NULL, NULL, '', 101386),
(1050, 132, '2014-08-02', '61715000', 1, '2015-01-26 00:00:00', '61750000', NULL, '0', 'YES', NULL, NULL, NULL, '', 101387),
(1051, 132, '2014-09-02', '61715000', 1, '2015-03-19 00:00:00', '61750000', NULL, '0', 'YES', NULL, NULL, NULL, '', 101388),
(1052, 132, '2014-10-03', '61715000', 1, '2015-04-14 00:00:00', '61715000', NULL, '0', 'YES', NULL, NULL, NULL, '', 101389),
(1053, 132, '2014-11-02', '61715000', 1, '2015-05-24 00:00:00', '61715000', NULL, '0', 'YES', NULL, NULL, NULL, '', 101390),
(1054, 132, '2014-12-02', '61715000', 1, '2015-06-02 00:00:00', '61715000', NULL, '0', 'YES', NULL, NULL, NULL, '', 101391),
(1055, 132, '2015-01-01', '61715000', 1, '2015-08-15 00:00:00', '61715000', NULL, '0', 'YES', NULL, NULL, NULL, '', 101392),
(1056, 132, '2015-01-31', '61715000', 1, '2015-09-20 00:00:00', '61715000', NULL, '0', 'YES', NULL, NULL, NULL, '', 101393),
(1057, 132, '2015-03-02', '61715000', 0, NULL, '0', NULL, '0', 'NO', NULL, NULL, NULL, '', 101394),
(1058, 132, '2015-03-31', '61715000', 0, NULL, '0', NULL, '0', 'NO', NULL, NULL, NULL, '', 101395),
(1059, 132, '2015-05-01', '61715000', 0, NULL, '0', NULL, '0', 'NO', NULL, NULL, NULL, '', 101396),
(1060, 132, '2015-06-01', '61715000', 0, NULL, '0', NULL, '0', 'NO', NULL, NULL, NULL, '', 101397),
(1061, 132, '2015-07-02', '61715000', 0, NULL, '0', NULL, '0', 'NO', NULL, NULL, NULL, '', 101398),
(1062, 132, '2015-08-02', '61715000', 0, NULL, '0', NULL, '0', 'NO', NULL, NULL, NULL, '', 101399),
(1063, 132, '2015-09-02', '61715000', 0, NULL, '0', NULL, '0', 'NO', NULL, NULL, NULL, '', 101400),
(1064, 132, '2015-10-03', '61678334', 0, NULL, '0', NULL, '0', 'NO', NULL, NULL, NULL, '', 101401),
(1065, 133, '2014-05-17', '2000000', 1, '2014-05-17 00:00:00', '2000000', NULL, '0', 'YES', NULL, NULL, NULL, '', 101408),
(1066, 133, '2014-06-17', '500000', 2, '2014-05-17 00:00:00', '500000', NULL, '0', 'YES', NULL, NULL, NULL, '', 101409),
(1067, 133, '2014-07-18', '2500000', 2, '2014-06-18 00:00:00', '2500000', NULL, '0', 'YES', NULL, NULL, NULL, '', 101410),
(1068, 133, '2014-08-18', '2500000', 2, '2014-07-20 00:00:00', '2500000', NULL, '0', 'YES', NULL, NULL, NULL, '', 101411),
(1069, 133, '2014-09-18', '2500000', 2, '2014-08-19 00:00:00', '2500000', NULL, '0', 'YES', NULL, NULL, NULL, '', 101412),
(1070, 133, '2014-10-19', '2500000', 2, '2014-09-23 00:00:00', '2500000', NULL, '0', 'YES', NULL, NULL, NULL, '', 101413),
(1071, 133, '2014-11-18', '2500000', 2, '2014-10-18 00:00:00', '2500000', NULL, '0', 'YES', NULL, NULL, NULL, '', 101414),
(1072, 133, '2014-12-18', '2500000', 2, '2014-11-10 00:00:00', '2500000', NULL, '0', 'YES', NULL, NULL, NULL, '', 101415),
(1073, 133, '2015-01-17', '2500000', 2, '2014-12-20 00:00:00', '2500000', NULL, '0', 'YES', NULL, NULL, NULL, '', 101416),
(1074, 133, '2015-02-16', '2500000', 2, '2015-01-20 00:00:00', '2500000', NULL, '0', 'YES', NULL, NULL, NULL, '', 101417),
(1075, 133, '2015-03-18', '2500000', 2, '2015-02-02 00:00:00', '2500000', NULL, '0', 'YES', NULL, NULL, NULL, '', 101418),
(1076, 133, '2015-04-16', '2500000', 2, '2015-02-28 00:00:00', '2500000', NULL, '0', 'YES', NULL, NULL, NULL, '', 101419),
(1077, 133, '2015-05-17', '2500000', 2, '2015-04-06 00:00:00', '2500000', NULL, '0', 'YES', NULL, NULL, NULL, '', 101922),
(1078, 134, '2014-06-28', '5780000', 1, '2014-12-06 00:00:00', '5780000', NULL, '0', 'YES', NULL, NULL, NULL, '', 101441),
(1079, 134, '2014-07-29', '5780000', 1, '2015-01-26 00:00:00', '5780000', NULL, '0', 'YES', NULL, NULL, NULL, '', 101442),
(1080, 134, '2014-08-29', '5780000', 1, '2015-02-24 00:00:00', '5780000', NULL, '0', 'YES', NULL, NULL, NULL, '', 101443),
(1081, 134, '2014-09-29', '5780000', 1, '2015-04-04 00:00:00', '5780000', NULL, '0', 'YES', NULL, NULL, NULL, '', 101444),
(1082, 134, '2014-10-29', '5780000', 1, '2015-04-26 00:00:00', '5780000', NULL, '0', 'YES', NULL, NULL, NULL, '', 101445),
(1083, 134, '2014-11-28', '5780000', 2, '2015-05-24 00:00:00', '5780000', NULL, '0', 'YES', NULL, NULL, NULL, '', 101446),
(1084, 134, '2014-12-28', '5780000', 2, '2015-06-24 00:00:00', '5780000', NULL, '0', 'YES', NULL, NULL, NULL, '', 101447),
(1085, 134, '2015-01-27', '5780000', 1, '2015-07-28 00:00:00', '5780000', NULL, '0', 'YES', NULL, NULL, NULL, '', 101448),
(1086, 134, '2015-02-26', '5780000', 1, '2015-08-29 00:00:00', '5780000', NULL, '0', 'YES', NULL, NULL, NULL, '', 101449),
(1087, 134, '2015-03-27', '5780000', 1, '2015-09-30 00:00:00', '5780000', NULL, '0', 'YES', NULL, NULL, NULL, 'واریز نقدی', 101450),
(1088, 134, '2015-04-27', '5780000', 1, '2015-10-28 00:00:00', '5780000', NULL, '0', 'YES', NULL, NULL, NULL, '', 101451),
(1089, 134, '2015-05-28', '5780000', 0, NULL, '0', NULL, '0', 'NO', NULL, NULL, NULL, '', 101452),
(1090, 134, '2015-06-28', '5780000', 0, NULL, '0', NULL, '0', 'NO', NULL, NULL, NULL, '', 101453),
(1091, 134, '2015-07-29', '5780000', 0, NULL, '0', NULL, '0', 'NO', NULL, NULL, NULL, '', 101454),
(1092, 134, '2015-08-29', '5780000', 0, NULL, '0', NULL, '0', 'NO', NULL, NULL, NULL, '', 101455),
(1093, 134, '2015-09-29', '5780000', 0, NULL, '0', NULL, '0', 'NO', NULL, NULL, NULL, '', 101456),
(1094, 134, '2015-10-29', '5780000', 0, NULL, '0', NULL, '0', 'NO', NULL, NULL, NULL, '', 101457),
(1095, 134, '2015-11-28', '5744962', 0, NULL, '0', NULL, '0', 'NO', NULL, NULL, NULL, '', 101458),
(1096, 135, '2014-06-08', '1500000', 1, '2014-07-14 00:00:00', '1500000', NULL, '0', 'YES', NULL, NULL, NULL, '', 101469),
(1097, 135, '2014-06-08', '1500000', 1, '2014-08-11 00:00:00', '1500000', NULL, '0', 'YES', NULL, NULL, NULL, '', 101470),
(1098, 135, '2014-06-08', '1500000', 1, '2014-09-08 00:00:00', '1500000', NULL, '0', 'YES', NULL, NULL, NULL, '', 101471),
(1099, 135, '2014-06-08', '1500000', 1, '2014-11-02 00:00:00', '1500000', NULL, '0', 'YES', NULL, NULL, NULL, '', 101472),
(1100, 135, '2014-06-08', '1500000', 1, '2014-11-29 00:00:00', '1500000', NULL, '0', 'YES', NULL, NULL, NULL, '', 101473),
(1101, 135, '2014-06-08', '1500000', 1, '2015-01-12 00:00:00', '1500000', NULL, '0', 'YES', NULL, NULL, NULL, '', 101474),
(1102, 135, '2014-06-08', '1500000', 1, '2015-02-15 00:00:00', '1500000', NULL, '0', 'YES', NULL, NULL, NULL, '', 101475),
(1103, 135, '2014-06-08', '1500000', 1, '2015-02-28 00:00:00', '1500000', NULL, '0', 'YES', NULL, NULL, NULL, '', 101476),
(1104, 135, '2014-06-08', '1500000', 1, '2015-08-16 00:00:00', '18000000', NULL, '0', 'YES', NULL, NULL, NULL, '', 101477),
(1105, 135, '2014-06-08', '1500000', 0, NULL, '0', NULL, '', 'NO', NULL, NULL, NULL, '', 101478),
(1106, 135, '2014-06-08', '1500000', 0, NULL, '0', NULL, '', 'NO', NULL, NULL, NULL, '', 101479),
(1107, 135, '2014-06-08', '1500000', 0, NULL, '0', NULL, '', 'NO', NULL, NULL, NULL, '', 101480),
(1108, 135, '2014-06-08', '1500000', 0, NULL, '0', NULL, '', 'NO', NULL, NULL, NULL, '', 101481),
(1109, 135, '2014-06-08', '1500000', 0, NULL, '0', NULL, '', 'NO', NULL, NULL, NULL, '', 101482),
(1110, 135, '2014-06-08', '1500000', 0, NULL, '0', NULL, '', 'NO', NULL, NULL, NULL, '', 101483),
(1111, 135, '2014-06-08', '1500000', 0, NULL, '0', NULL, '', 'NO', NULL, NULL, NULL, '', 101484),
(1112, 135, '2014-06-08', '1500000', 0, NULL, '0', NULL, '', 'NO', NULL, NULL, NULL, '', 101485),
(1113, 135, '2014-06-08', '1500000', 0, NULL, '0', NULL, '', 'NO', NULL, NULL, NULL, '', 101486),
(1114, 135, '2014-06-08', '1500000', 0, NULL, '0', NULL, '', 'NO', NULL, NULL, NULL, '', 101487),
(1115, 135, '2014-06-08', '1500000', 0, NULL, '0', NULL, '', 'NO', NULL, NULL, NULL, '', 101488),
(1116, 136, '2014-08-06', '1670000', 2, '2014-09-27 00:00:00', '1650000', NULL, '0', 'YES', NULL, NULL, NULL, '', 101504),
(1117, 136, '2014-09-06', '1670000', 2, '2014-09-27 00:00:00', '1650000', NULL, '0', 'YES', NULL, NULL, NULL, '', 101505),
(1118, 136, '2014-10-07', '1670000', 2, '2015-01-31 00:00:00', '1670000', NULL, '0', 'YES', NULL, NULL, NULL, '', 101506),
(1119, 136, '2014-11-06', '1670000', 2, '2015-01-31 00:00:00', '1670000', NULL, '0', 'YES', NULL, NULL, NULL, '', 101507),
(1120, 136, '2014-12-06', '1670000', 2, '2015-01-31 00:00:00', '1670000', NULL, '0', 'YES', NULL, NULL, NULL, '', 101508),
(1121, 136, '2015-01-05', '1670000', 0, NULL, '0', NULL, '0', 'NO', NULL, NULL, NULL, '', 101509),
(1122, 136, '2015-02-04', '1670000', 0, NULL, '0', NULL, '0', 'NO', NULL, NULL, NULL, '', 101510),
(1123, 136, '2015-03-06', '1670000', 0, NULL, '0', NULL, '0', 'NO', NULL, NULL, NULL, '', 101511),
(1124, 136, '2015-04-04', '1670000', 0, NULL, '0', NULL, '0', 'NO', NULL, NULL, NULL, '', 101512),
(1125, 136, '2015-05-05', '1670000', 0, NULL, '0', NULL, '0', 'NO', NULL, NULL, NULL, '', 101513),
(1126, 136, '2015-06-05', '1670000', 0, NULL, '0', NULL, '0', 'NO', NULL, NULL, NULL, '', 101514),
(1127, 136, '2015-07-06', '1630000', 0, NULL, '0', NULL, '0', 'NO', NULL, NULL, NULL, '', 101515),
(1128, 137, '2014-08-06', '1500000', 1, '2014-08-06 00:00:00', '1500000', NULL, '0', 'YES', NULL, NULL, NULL, '', 101516),
(1129, 137, '2014-09-06', '1500000', 1, '2014-09-11 00:00:00', '1500000', NULL, '0', 'YES', NULL, NULL, NULL, '', 101517),
(1130, 137, '2014-10-07', '1500000', 1, '2014-10-18 00:00:00', '1500000', NULL, '0', 'YES', NULL, NULL, NULL, '', 101518),
(1131, 137, '2014-11-06', '1500000', 1, '2014-12-03 00:00:00', '1500000', NULL, '0', 'YES', NULL, NULL, NULL, '', 101519),
(1132, 137, '2014-12-06', '1500000', 1, '2015-01-11 00:00:00', '1500000', NULL, '0', 'YES', NULL, NULL, NULL, '', 101520),
(1133, 137, '2015-01-05', '1500000', 1, '2015-04-20 00:00:00', '1500000', NULL, '0', 'YES', NULL, NULL, NULL, '', 101521),
(1134, 137, '2015-02-04', '1500000', 2, '2015-06-15 00:00:00', '1500000', NULL, '0', 'YES', NULL, NULL, NULL, 'واریز به شعبه پارک ', 101522),
(1135, 137, '2015-03-06', '1500000', 0, NULL, '0', NULL, '0', 'NO', NULL, NULL, NULL, '', 101523),
(1136, 137, '2015-04-04', '1500000', 0, NULL, '0', NULL, '0', 'NO', NULL, NULL, NULL, '', 101524),
(1137, 137, '2015-05-05', '1500000', 0, NULL, '0', NULL, '0', 'NO', NULL, NULL, NULL, '', 101525),
(1138, 137, '2015-06-05', '1500000', 0, NULL, '0', NULL, '0', 'NO', NULL, NULL, NULL, '', 101526),
(1139, 137, '2015-07-06', '1500000', 0, NULL, '0', NULL, '0', 'NO', NULL, NULL, NULL, '', 101527),
(1140, 137, '2015-08-06', '1500000', 0, NULL, '0', NULL, '0', 'NO', NULL, NULL, NULL, '', 101528),
(1141, 137, '2015-09-06', '1500000', 0, NULL, '0', NULL, '0', 'NO', NULL, NULL, NULL, '', 101529),
(1142, 137, '2015-10-07', '1500000', 0, NULL, '0', NULL, '0', 'NO', NULL, NULL, NULL, '', 101530),
(1143, 137, '2015-11-06', '1500000', 0, NULL, '0', NULL, '0', 'NO', NULL, NULL, NULL, '', 101531),
(1144, 137, '2015-12-06', '1500000', 0, NULL, '0', NULL, '0', 'NO', NULL, NULL, NULL, '', 101532),
(1145, 137, '2016-01-05', '1500000', 0, NULL, '0', NULL, '0', 'NO', NULL, NULL, NULL, '', 101533),
(1146, 137, '2016-02-04', '1500000', 0, NULL, '0', NULL, '0', 'NO', NULL, NULL, NULL, '', 101534),
(1147, 137, '2016-03-05', '1500000', 0, NULL, '0', NULL, '0', 'NO', NULL, NULL, NULL, '', 101535),
(1148, 138, '2014-08-29', '30000000', 0, NULL, '0', NULL, '0', 'NO', NULL, NULL, NULL, '', 101539),
(1149, 139, '2015-07-24', '2000000000', 9, '2015-10-15 00:00:00', '340000000', NULL, '0', 'YES', '407153', NULL, NULL, 'وصول چک', 101540),
(1150, 140, '2015-07-31', '1000000000', 0, NULL, '0', NULL, '0', 'NO', NULL, NULL, NULL, '', 101542),
(1151, 141, '2014-09-26', '2500000', 2, '2014-09-20 00:00:00', '2500000', NULL, '0', 'YES', NULL, NULL, NULL, '', 101555),
(1152, 141, '2014-10-26', '2500000', 2, '2014-10-12 00:00:00', '2500000', NULL, '0', 'YES', NULL, NULL, NULL, '', 101556),
(1153, 141, '2014-11-25', '2500000', 2, '2014-11-29 00:00:00', '2500000', NULL, '0', 'YES', NULL, NULL, NULL, '', 101557),
(1154, 141, '2014-12-25', '2500000', 1, '2015-03-02 00:00:00', '2500000', NULL, '0', 'YES', NULL, NULL, NULL, '', 101558),
(1155, 141, '2015-01-24', '2500000', 1, '2015-03-02 00:00:00', '2500000', NULL, '0', 'YES', NULL, NULL, NULL, '', 101559),
(1156, 141, '2015-02-23', '2500000', 0, NULL, '0', NULL, '0', 'NO', NULL, NULL, NULL, '', 101560),
(1157, 141, '2015-03-24', '2500000', 0, NULL, '0', NULL, '0', 'NO', NULL, NULL, NULL, '', 101561),
(1158, 141, '2015-04-24', '2500000', 0, NULL, '0', NULL, '0', 'NO', NULL, NULL, NULL, '', 101562),
(1159, 141, '2015-05-25', '2500000', 0, NULL, '0', NULL, '0', 'NO', NULL, NULL, NULL, '', 101563),
(1160, 141, '2015-06-25', '2500000', 0, NULL, '0', NULL, '0', 'NO', NULL, NULL, NULL, '', 101564),
(1161, 141, '2015-07-26', '2500000', 0, NULL, '0', NULL, '0', 'NO', NULL, NULL, NULL, '', 101565),
(1162, 141, '2015-08-26', '2500000', 0, NULL, '0', NULL, '0', 'NO', NULL, NULL, NULL, '', 101566),
(1163, 142, '2016-09-01', '1000000000', 9, '2015-10-10 00:00:00', '170000000', NULL, '0', 'YES', '398287', NULL, NULL, 'وصول چک', 101568),
(1164, 143, '2014-12-14', '40000000', 2, '2015-01-20 00:00:00', '40000000', NULL, '0', 'YES', NULL, NULL, NULL, '', 101573),
(1165, 143, '2015-01-13', '10000000', 2, '2015-05-28 00:00:00', '11002740', NULL, '0', 'YES', NULL, NULL, NULL, '', 101815),
(1166, 143, '2015-02-12', '1002740', 0, NULL, '0', NULL, '0', 'NO', NULL, NULL, NULL, 'قسط اضافه شده بابت کارمزد', 102357),
(1167, 144, '2014-10-17', '3410000', 1, '2015-01-17 00:00:00', '3410000', NULL, '0', 'YES', NULL, NULL, NULL, '', 101577),
(1168, 144, '2014-11-16', '3410000', 1, '2015-02-26 00:00:00', '3410000', NULL, '0', 'YES', NULL, NULL, NULL, '', 101578),
(1169, 144, '2014-12-16', '3410000', 2, '2015-04-12 00:00:00', '3410000', NULL, '0', 'YES', NULL, NULL, NULL, '', 101579),
(1170, 144, '2015-01-15', '3410000', 2, '2015-04-12 00:00:00', '3410000', NULL, '0', 'YES', NULL, NULL, NULL, '', 101580),
(1171, 144, '2015-02-14', '3410000', 2, '2015-06-02 00:00:00', '3410000', NULL, '0', 'YES', NULL, NULL, NULL, '', 101581),
(1172, 144, '2015-03-16', '3410000', 2, '2015-07-13 00:00:00', '3410000', NULL, '0', 'YES', NULL, NULL, NULL, '', 101582),
(1173, 144, '2015-04-14', '3410000', 2, '2015-07-13 00:00:00', '3410000', NULL, '0', 'YES', NULL, NULL, NULL, '', 101583),
(1174, 144, '2015-05-15', '3410000', 1, '2015-09-19 00:00:00', '3410000', NULL, '0', 'YES', NULL, NULL, NULL, '', 101584),
(1175, 144, '2015-06-15', '3410000', 1, '2015-09-19 00:00:00', '3410000', NULL, '0', 'YES', NULL, NULL, NULL, '', 102506),
(1176, 145, '2014-10-25', '3348465', 2, '2015-01-25 00:00:00', '3348465', NULL, '0', 'YES', NULL, NULL, NULL, '', 101836),
(1177, 145, '2014-11-24', '3410000', 2, '2015-02-23 00:00:00', '3410000', NULL, '0', 'YES', NULL, NULL, NULL, '', 101837),
(1178, 145, '2014-12-24', '3410000', 2, '2015-04-04 00:00:00', '3410000', NULL, '0', 'YES', NULL, NULL, NULL, '', 101838),
(1179, 145, '2015-01-23', '3410000', 2, '2015-05-24 00:00:00', '3410000', NULL, '0', 'YES', NULL, NULL, NULL, '', 101839),
(1180, 145, '2015-02-22', '3410000', 2, '2015-05-24 00:00:00', '3410000', NULL, '0', 'YES', NULL, NULL, NULL, '', 101840),
(1181, 145, '2015-03-23', '3410000', 2, '2015-07-25 00:00:00', '3410000', NULL, '0', 'YES', NULL, NULL, NULL, '', 101841),
(1182, 145, '2015-04-23', '3410000', 2, '2015-07-25 00:00:00', '3410000', NULL, '0', 'YES', NULL, NULL, NULL, '', 101842),
(1183, 145, '2015-05-24', '3410000', 2, '2015-10-01 00:00:00', '6820000', NULL, '0', 'YES', NULL, NULL, NULL, 'پرداخت 2 قسط همزمان', 101843),
(1184, 145, '2015-06-24', '3410000', 0, NULL, '0', NULL, '0', 'NO', NULL, NULL, NULL, '', 101844),
(1185, 146, '2014-11-14', '3410000', 1, '2015-02-28 00:00:00', '3410000', NULL, '0', 'YES', NULL, NULL, NULL, '', 101595),
(1186, 146, '2014-12-14', '3410000', 1, '2015-02-28 00:00:00', '3410000', NULL, '0', 'YES', NULL, NULL, NULL, '', 101596),
(1187, 146, '2015-01-13', '3410000', 1, '2015-05-05 00:00:00', '3410000', NULL, '0', 'YES', NULL, NULL, NULL, '', 101597),
(1188, 146, '2015-02-12', '3410000', 1, '2015-05-23 00:00:00', '3410000', NULL, '0', 'YES', NULL, NULL, NULL, '', 101598),
(1189, 146, '2015-03-14', '3410000', 2, '2015-07-07 00:00:00', '3410000', NULL, '0', 'YES', NULL, NULL, NULL, '', 101599),
(1190, 146, '2015-04-12', '3410000', 2, '2015-08-12 00:00:00', '3410000', NULL, '0', 'YES', NULL, NULL, NULL, '', 101600),
(1191, 146, '2015-05-13', '3410000', 2, '2015-08-12 00:00:00', '3410000', NULL, '0', 'YES', NULL, NULL, NULL, '', 101601),
(1192, 146, '2015-06-13', '3410000', 2, '2015-09-20 00:00:00', '3410000', NULL, '0', 'YES', NULL, NULL, NULL, '', 101602),
(1193, 146, '2015-07-14', '3348465', 2, '2015-10-20 00:00:00', '3348465', NULL, '0', 'YES', NULL, NULL, NULL, '', 101603),
(1194, 147, '2014-11-18', '1670000', 1, '2014-11-26 00:00:00', '1500000', NULL, '0', 'YES', NULL, NULL, NULL, '', 101606),
(1195, 147, '2014-12-18', '1670000', 2, '2014-11-26 00:00:00', '170000', NULL, '0', 'YES', NULL, NULL, NULL, '', 101607),
(1196, 147, '2015-01-17', '1670000', 2, '2015-01-06 00:00:00', '1600000', NULL, '0', 'YES', NULL, NULL, NULL, '', 101608),
(1197, 147, '2015-02-16', '1670000', 1, '2015-01-06 00:00:00', '70000', NULL, '0', 'YES', NULL, NULL, NULL, '', 101609),
(1198, 147, '2015-03-18', '1670000', 2, '2015-02-08 00:00:00', '1670000', NULL, '0', 'YES', NULL, NULL, NULL, '', 101610),
(1199, 147, '2015-04-16', '1670000', 0, NULL, '0', NULL, '0', 'NO', NULL, NULL, NULL, '', 101611),
(1200, 147, '2015-05-17', '1670000', 0, NULL, '0', NULL, '0', 'NO', NULL, NULL, NULL, '', 101612),
(1201, 147, '2015-06-17', '1670000', 0, NULL, '0', NULL, '0', 'NO', NULL, NULL, NULL, '', 101613),
(1202, 147, '2015-07-18', '1670000', 0, NULL, '0', NULL, '0', 'NO', NULL, NULL, NULL, '', 101614),
(1203, 147, '2015-08-18', '1670000', 0, NULL, '0', NULL, '0', 'NO', NULL, NULL, NULL, '', 101615),
(1204, 147, '2015-09-18', '1670000', 0, NULL, '0', NULL, '0', 'NO', NULL, NULL, NULL, '', 101616),
(1205, 147, '2015-10-19', '1630000', 0, NULL, '0', NULL, '0', 'NO', NULL, NULL, NULL, '', 101617),
(1206, 148, '2014-10-22', '17272477', 2, '2015-08-09 00:00:00', '17340000', NULL, '0', 'YES', NULL, NULL, NULL, '', 101619),
(1207, 148, '2014-10-22', '17340000', 2, '2015-08-09 00:00:00', '17340000', NULL, '0', 'YES', NULL, NULL, NULL, '', 101620),
(1208, 148, '2014-10-22', '17340000', 2, '2015-08-09 00:00:00', '17340000', NULL, '0', 'YES', NULL, NULL, NULL, '', 101621),
(1209, 148, '2014-10-22', '17340000', 0, NULL, '0', NULL, '', 'NO', NULL, NULL, NULL, '', 101622),
(1210, 148, '2014-10-22', '17340000', 0, NULL, '0', NULL, '', 'NO', NULL, NULL, NULL, '', 101623),
(1211, 148, '2014-10-22', '17340000', 0, NULL, '0', NULL, '', 'NO', NULL, NULL, NULL, '', 101624),
(1212, 148, '2014-10-22', '17340000', 0, NULL, '0', NULL, '', 'NO', NULL, NULL, NULL, '', 101625),
(1213, 148, '2014-10-22', '17340000', 0, NULL, '0', NULL, '', 'NO', NULL, NULL, NULL, '', 101626),
(1214, 148, '2014-10-22', '17340000', 0, NULL, '0', NULL, '', 'NO', NULL, NULL, NULL, '', 101627),
(1215, 148, '2014-10-22', '17340000', 0, NULL, '0', NULL, '', 'NO', NULL, NULL, NULL, '', 101628),
(1216, 148, '2014-10-22', '17340000', 0, NULL, '0', NULL, '', 'NO', NULL, NULL, NULL, '', 101629),
(1217, 148, '2014-10-22', '17340000', 0, NULL, '0', NULL, '', 'NO', NULL, NULL, NULL, '', 101630),
(1218, 148, '2014-10-22', '17340000', 0, NULL, '0', NULL, '', 'NO', NULL, NULL, NULL, '', 101631),
(1219, 148, '2014-10-22', '17340000', 0, NULL, '0', NULL, '', 'NO', NULL, NULL, NULL, '', 101632),
(1220, 148, '2014-10-22', '17340000', 0, NULL, '0', NULL, '', 'NO', NULL, NULL, NULL, '', 101633),
(1221, 148, '2014-10-22', '17340000', 0, NULL, '0', NULL, '', 'NO', NULL, NULL, NULL, '', 101634),
(1222, 148, '2014-10-22', '17340000', 0, NULL, '0', NULL, '', 'NO', NULL, NULL, NULL, '', 101635),
(1223, 148, '2014-10-22', '17340000', 0, NULL, '0', NULL, '', 'NO', NULL, NULL, NULL, '', 101636),
(1224, 149, '2014-11-02', '2000000', 1, '2014-12-24 00:00:00', '2000000', NULL, '0', 'YES', NULL, NULL, NULL, '', 101640),
(1225, 149, '2014-11-02', '2000000', 1, '2015-01-01 00:00:00', '2000000', NULL, '0', 'YES', NULL, NULL, NULL, '', 101641),
(1226, 149, '2014-11-02', '2000000', 1, '2015-02-07 00:00:00', '2000000', NULL, '0', 'YES', NULL, NULL, NULL, '', 101642),
(1227, 149, '2014-11-02', '2000000', 1, '2015-03-11 00:00:00', '2000000', NULL, '0', 'YES', NULL, NULL, NULL, '', 101643),
(1228, 149, '2014-11-02', '2000000', 2, '2015-04-07 00:00:00', '2000000', NULL, '0', 'YES', NULL, NULL, NULL, '', 101644),
(1229, 149, '2014-11-02', '2000000', 1, '2015-05-05 00:00:00', '2000000', NULL, '0', 'YES', NULL, NULL, NULL, '', 101645),
(1230, 149, '2014-11-02', '2000000', 0, NULL, '0', NULL, '', 'NO', NULL, NULL, NULL, '', 101646),
(1231, 149, '2014-11-02', '2000000', 0, NULL, '0', NULL, '', 'NO', NULL, NULL, NULL, '', 101647),
(1232, 149, '2014-11-02', '2000000', 0, NULL, '0', NULL, '', 'NO', NULL, NULL, NULL, '', 101648),
(1233, 149, '2014-11-02', '2000000', 0, NULL, '0', NULL, '', 'NO', NULL, NULL, NULL, '', 101649),
(1234, 149, '2014-11-02', '2000000', 0, NULL, '0', NULL, '', 'NO', NULL, NULL, NULL, '', 101650),
(1235, 149, '2014-11-02', '2000000', 0, NULL, '0', NULL, '', 'NO', NULL, NULL, NULL, '', 101651),
(1236, 149, '2014-11-02', '2000000', 0, NULL, '0', NULL, '', 'NO', NULL, NULL, NULL, '', 101652),
(1237, 149, '2014-11-02', '2000000', 0, NULL, '0', NULL, '', 'NO', NULL, NULL, NULL, '', 101653),
(1238, 149, '2014-11-02', '2000000', 0, NULL, '0', NULL, '', 'NO', NULL, NULL, NULL, '', 101654),
(1239, 150, '2014-11-10', '200000000', 0, NULL, '0', NULL, '', 'NO', NULL, NULL, NULL, '', 101658),
(1240, 151, '2014-12-16', '1630000', 1, '2015-01-01 00:00:00', '1670000', NULL, '0', 'YES', NULL, NULL, NULL, '', 101662),
(1241, 151, '2014-12-16', '1670000', 2, '2015-01-24 00:00:00', '1670000', NULL, '0', 'YES', NULL, NULL, NULL, '', 101663),
(1242, 151, '2014-12-16', '1670000', 2, '2015-03-18 00:00:00', '1670000', NULL, '0', 'YES', NULL, NULL, NULL, '', 101664),
(1243, 151, '2014-12-16', '1670000', 2, '2015-04-25 00:00:00', '1670000', NULL, '0', 'YES', NULL, NULL, NULL, '', 101665),
(1244, 151, '2014-12-16', '1670000', 2, '2015-05-23 00:00:00', '1670000', NULL, '0', 'YES', NULL, NULL, NULL, '', 101666),
(1245, 151, '2014-12-16', '1670000', 1, '2015-06-28 00:00:00', '1670000', NULL, '0', 'YES', NULL, NULL, NULL, '', 101667),
(1246, 151, '2014-12-16', '1670000', 2, '2015-08-01 00:00:00', '1670000', NULL, '0', 'YES', NULL, NULL, NULL, '', 101668),
(1247, 151, '2014-12-16', '1670000', 2, '2015-08-30 00:00:00', '1670000', NULL, '0', 'YES', NULL, NULL, NULL, 'توسط دستگاه پاز', 101669),
(1248, 151, '2014-12-16', '1670000', 2, '2015-09-27 00:00:00', '1670000', NULL, '0', 'YES', NULL, NULL, NULL, '', 101670),
(1249, 151, '2014-12-16', '1670000', 2, '2015-11-02 00:00:00', '1670000', NULL, '0', 'YES', NULL, NULL, NULL, '', 101671),
(1250, 151, '2014-12-16', '1670000', 0, NULL, '0', NULL, '', 'NO', NULL, NULL, NULL, '', 101672),
(1251, 151, '2014-12-16', '1670000', 0, NULL, '0', NULL, '', 'NO', NULL, NULL, NULL, '', 101673),
(1252, 152, '2014-12-16', '1630000', 2, '2015-01-01 00:00:00', '1670000', NULL, '0', 'YES', NULL, NULL, NULL, '', 101674),
(1253, 152, '2014-12-16', '1670000', 2, '2015-01-24 00:00:00', '1670000', NULL, '0', 'YES', NULL, NULL, NULL, '', 101675),
(1254, 152, '2014-12-16', '1670000', 2, '2015-03-18 00:00:00', '1670000', NULL, '0', 'YES', NULL, NULL, NULL, '', 101676),
(1255, 152, '2014-12-16', '1670000', 2, '2015-04-25 00:00:00', '1670000', NULL, '0', 'YES', NULL, NULL, NULL, '', 101677),
(1256, 152, '2014-12-16', '1670000', 2, '2015-05-23 00:00:00', '1670000', NULL, '0', 'YES', NULL, NULL, NULL, '', 101678),
(1257, 152, '2014-12-16', '1670000', 1, '2015-06-28 00:00:00', '1670000', NULL, '0', 'YES', NULL, NULL, NULL, '', 101679),
(1258, 152, '2014-12-16', '1670000', 2, '2015-08-01 00:00:00', '1670000', NULL, '0', 'YES', NULL, NULL, NULL, '', 101680),
(1259, 152, '2014-12-16', '1670000', 2, '2015-08-30 00:00:00', '1670000', NULL, '0', 'YES', NULL, NULL, NULL, 'توسط دستگاه پاز', 101681),
(1260, 152, '2014-12-16', '1670000', 2, '2015-09-27 00:00:00', '1670000', NULL, '0', 'YES', NULL, NULL, NULL, '', 101682),
(1261, 152, '2014-12-16', '1670000', 2, '2015-11-02 00:00:00', '1670000', NULL, '0', 'YES', NULL, NULL, NULL, '', 101683),
(1262, 152, '2014-12-16', '1670000', 0, NULL, '0', NULL, '', 'NO', NULL, NULL, NULL, '', 101684),
(1263, 152, '2014-12-16', '1670000', 0, NULL, '0', NULL, '', 'NO', NULL, NULL, NULL, '', 101685),
(1264, 153, '2015-12-08', '2000000000', 0, NULL, '0', NULL, '0', 'NO', NULL, NULL, NULL, '', 101687),
(1265, 154, '2014-12-09', '6023334', 1, '2015-09-01 00:00:00', '6180000', NULL, '0', 'YES', NULL, NULL, NULL, '', 101690),
(1266, 154, '2014-12-09', '6180000', 1, '2015-09-01 00:00:00', '6180000', NULL, '0', 'YES', NULL, NULL, NULL, '', 101691),
(1267, 154, '2014-12-09', '6180000', 2, '2015-09-22 00:00:00', '6180000', NULL, '0', 'YES', NULL, NULL, NULL, '', 101692),
(1268, 154, '2014-12-09', '6180000', 1, '2015-10-26 00:00:00', '6180000', NULL, '0', 'YES', NULL, NULL, NULL, '', 101693),
(1269, 154, '2014-12-09', '6180000', 0, NULL, '0', NULL, '', 'NO', NULL, NULL, NULL, '', 101694),
(1270, 154, '2014-12-09', '6180000', 0, NULL, '0', NULL, '', 'NO', NULL, NULL, NULL, '', 101695),
(1271, 154, '2014-12-09', '6180000', 0, NULL, '0', NULL, '', 'NO', NULL, NULL, NULL, '', 101696),
(1272, 154, '2014-12-09', '6180000', 0, NULL, '0', NULL, '', 'NO', NULL, NULL, NULL, '', 101697),
(1273, 154, '2014-12-09', '6180000', 0, NULL, '0', NULL, '', 'NO', NULL, NULL, NULL, '', 101698),
(1274, 154, '2014-12-09', '6180000', 0, NULL, '0', NULL, '', 'NO', NULL, NULL, NULL, '', 101699),
(1275, 154, '2014-12-09', '6180000', 0, NULL, '0', NULL, '', 'NO', NULL, NULL, NULL, '', 101700),
(1276, 154, '2014-12-09', '6180000', 0, NULL, '0', NULL, '', 'NO', NULL, NULL, NULL, '', 101701),
(1277, 154, '2014-12-09', '6180000', 0, NULL, '0', NULL, '', 'NO', NULL, NULL, NULL, '', 101702),
(1278, 154, '2014-12-09', '6180000', 0, NULL, '0', NULL, '', 'NO', NULL, NULL, NULL, '', 101703),
(1279, 154, '2014-12-09', '6180000', 0, NULL, '0', NULL, '', 'NO', NULL, NULL, NULL, '', 101704),
(1280, 154, '2014-12-09', '6180000', 0, NULL, '0', NULL, '', 'NO', NULL, NULL, NULL, '', 101705),
(1281, 154, '2014-12-09', '6180000', 0, NULL, '0', NULL, '', 'NO', NULL, NULL, NULL, '', 101706),
(1282, 154, '2014-12-09', '6180000', 0, NULL, '0', NULL, '', 'NO', NULL, NULL, NULL, '', 101707),
(1283, 155, '2014-12-15', '12584816', 2, '2015-01-31 00:00:00', '12584816', NULL, '0', 'YES', NULL, NULL, NULL, '', 101709),
(1284, 155, '2014-12-15', '12730000', 2, '2015-03-08 00:00:00', '12730000', NULL, '0', 'YES', NULL, NULL, NULL, '', 101709),
(1285, 155, '2014-12-15', '12730000', 2, '2015-03-08 00:00:00', '12730000', NULL, '0', 'YES', NULL, NULL, NULL, '', 101710),
(1286, 155, '2014-12-15', '12730000', 2, '2015-04-14 00:00:00', '12730000', NULL, '0', 'YES', NULL, NULL, NULL, '', 101711),
(1287, 155, '2014-12-15', '12730000', 2, '2015-05-14 00:00:00', '12730000', NULL, '0', 'YES', NULL, NULL, NULL, '', 101712),
(1288, 155, '2014-12-15', '12730000', 2, '2015-06-16 00:00:00', '12730000', NULL, '0', 'YES', NULL, NULL, NULL, '', 101713),
(1289, 155, '2014-12-15', '12730000', 2, '2015-07-16 00:00:00', '12730000', NULL, '0', 'YES', NULL, NULL, NULL, '', 101714),
(1290, 155, '2014-12-15', '12730000', 2, '2015-08-29 00:00:00', '12730000', NULL, '0', 'YES', NULL, NULL, NULL, '', 101715),
(1291, 155, '2014-12-15', '12730000', 2, '2015-09-21 00:00:00', '12730000', NULL, '0', 'YES', NULL, NULL, NULL, '', 101716),
(1292, 155, '2014-12-15', '12730000', 2, '2015-10-20 00:00:00', '12730000', NULL, '0', 'YES', NULL, NULL, NULL, '', 101717),
(1293, 155, '2014-12-15', '12730000', 0, NULL, '0', NULL, '', 'NO', NULL, NULL, NULL, '', 101718),
(1294, 155, '2014-12-15', '12730000', 0, NULL, '0', NULL, '', 'NO', NULL, NULL, NULL, '', 101719),
(1295, 155, '2014-12-15', '12730000', 0, NULL, '0', NULL, '', 'NO', NULL, NULL, NULL, '', 101720),
(1296, 155, '2014-12-15', '12730000', 0, NULL, '0', NULL, '', 'NO', NULL, NULL, NULL, '', 101721),
(1297, 155, '2014-12-15', '12730000', 0, NULL, '0', NULL, '', 'NO', NULL, NULL, NULL, '', 101722),
(1298, 155, '2014-12-15', '12730000', 0, NULL, '0', NULL, '', 'NO', NULL, NULL, NULL, '', 101723),
(1299, 155, '2014-12-15', '12730000', 0, NULL, '0', NULL, '', 'NO', NULL, NULL, NULL, '', 101724),
(1300, 155, '2014-12-15', '12730000', 0, NULL, '0', NULL, '', 'NO', NULL, NULL, NULL, '', 101725),
(1301, 155, '2014-12-15', '12730000', 0, NULL, '0', NULL, '', 'NO', NULL, NULL, NULL, '', 101726);
INSERT INTO `LON_installments` (`InstallmentID`, `PartID`, `InstallmentDate`, `InstallmentAmount`, `PaidType`, `PaidDate`, `PaidAmount`, `PaidRefNo`, `PaidBillNo`, `IsPaid`, `ChequeNo`, `ChequeBank`, `ChequeBranch`, `details`, `imp_SerialNo`) VALUES
(1302, 155, '2014-12-15', '12730000', 0, NULL, '0', NULL, '', 'NO', NULL, NULL, NULL, '', 101727),
(1303, 155, '2014-12-15', '12730000', 0, NULL, '0', NULL, '', 'NO', NULL, NULL, NULL, '', 101728),
(1304, 155, '2014-12-15', '12730000', 0, NULL, '0', NULL, '', 'NO', NULL, NULL, NULL, '', 101729),
(1305, 155, '2014-12-15', '12730000', 0, NULL, '0', NULL, '', 'NO', NULL, NULL, NULL, '', 101730),
(1306, 155, '2014-12-15', '12730000', 0, NULL, '0', NULL, '', 'NO', NULL, NULL, NULL, '', 101731),
(1307, 156, '2014-12-24', '695615', 0, NULL, '0', NULL, '', 'NO', NULL, NULL, NULL, '', 101732),
(1308, 156, '2014-12-24', '700000', 0, NULL, '0', NULL, '', 'NO', NULL, NULL, NULL, '', 101733),
(1309, 156, '2014-12-24', '700000', 0, NULL, '0', NULL, '', 'NO', NULL, NULL, NULL, '', 101734),
(1310, 156, '2014-12-24', '700000', 0, NULL, '0', NULL, '', 'NO', NULL, NULL, NULL, '', 101735),
(1311, 156, '2014-12-24', '700000', 0, NULL, '0', NULL, '', 'NO', NULL, NULL, NULL, '', 101736),
(1312, 156, '2014-12-24', '700000', 0, NULL, '0', NULL, '', 'NO', NULL, NULL, NULL, '', 101737),
(1313, 156, '2014-12-24', '700000', 0, NULL, '0', NULL, '', 'NO', NULL, NULL, NULL, '', 101738),
(1314, 156, '2014-12-24', '700000', 0, NULL, '0', NULL, '', 'NO', NULL, NULL, NULL, '', 101739),
(1315, 156, '2014-12-24', '700000', 0, NULL, '0', NULL, '', 'NO', NULL, NULL, NULL, '', 101740),
(1316, 156, '2014-12-24', '700000', 0, NULL, '0', NULL, '', 'NO', NULL, NULL, NULL, '', 101741),
(1317, 156, '2014-12-24', '700000', 0, NULL, '0', NULL, '', 'NO', NULL, NULL, NULL, '', 101742),
(1318, 156, '2014-12-24', '700000', 0, NULL, '0', NULL, '', 'NO', NULL, NULL, NULL, '', 101743),
(1319, 156, '2014-12-24', '700000', 0, NULL, '0', NULL, '', 'NO', NULL, NULL, NULL, '', 101744),
(1320, 156, '2014-12-24', '700000', 0, NULL, '0', NULL, '', 'NO', NULL, NULL, NULL, '', 101745),
(1321, 156, '2014-12-24', '700000', 0, NULL, '0', NULL, '', 'NO', NULL, NULL, NULL, '', 101746),
(1322, 156, '2014-12-24', '700000', 0, NULL, '0', NULL, '', 'NO', NULL, NULL, NULL, '', 101747),
(1323, 156, '2014-12-24', '700000', 0, NULL, '0', NULL, '', 'NO', NULL, NULL, NULL, '', 101748),
(1324, 156, '2014-12-24', '700000', 0, NULL, '0', NULL, '', 'NO', NULL, NULL, NULL, '', 101749),
(1325, 156, '2014-12-24', '700000', 0, NULL, '0', NULL, '', 'NO', NULL, NULL, NULL, '', 101750),
(1326, 156, '2014-12-24', '700000', 0, NULL, '0', NULL, '', 'NO', NULL, NULL, NULL, '', 101751),
(1327, 156, '2014-12-24', '700000', 0, NULL, '0', NULL, '', 'NO', NULL, NULL, NULL, '', 101752),
(1328, 156, '2014-12-24', '700000', 0, NULL, '0', NULL, '', 'NO', NULL, NULL, NULL, '', 101753),
(1329, 156, '2014-12-24', '700000', 0, NULL, '0', NULL, '', 'NO', NULL, NULL, NULL, '', 101754),
(1330, 156, '2014-12-24', '700000', 0, NULL, '0', NULL, '', 'NO', NULL, NULL, NULL, '', 101755),
(1331, 157, '2014-12-24', '434251', 1, '2015-06-07 00:00:00', '3305000', NULL, '0', 'YES', NULL, NULL, NULL, '', 101756),
(1332, 157, '2014-12-24', '670000', 1, '2015-06-21 00:00:00', '661000', NULL, '0', 'YES', NULL, NULL, NULL, '', 101757),
(1333, 157, '2014-12-24', '670000', 0, NULL, '0', NULL, '', 'NO', NULL, NULL, NULL, '', 101758),
(1334, 157, '2014-12-24', '670000', 0, NULL, '0', NULL, '', 'NO', NULL, NULL, NULL, '', 101759),
(1335, 157, '2014-12-24', '670000', 0, NULL, '0', NULL, '', 'NO', NULL, NULL, NULL, '', 101760),
(1336, 157, '2014-12-24', '670000', 0, NULL, '0', NULL, '', 'NO', NULL, NULL, NULL, '', 101761),
(1337, 157, '2014-12-24', '670000', 0, NULL, '0', NULL, '', 'NO', NULL, NULL, NULL, '', 101762),
(1338, 157, '2014-12-24', '670000', 0, NULL, '0', NULL, '', 'NO', NULL, NULL, NULL, '', 101763),
(1339, 157, '2014-12-24', '670000', 0, NULL, '0', NULL, '', 'NO', NULL, NULL, NULL, '', 101764),
(1340, 157, '2014-12-24', '670000', 0, NULL, '0', NULL, '', 'NO', NULL, NULL, NULL, '', 101765),
(1341, 157, '2014-12-24', '670000', 0, NULL, '0', NULL, '', 'NO', NULL, NULL, NULL, '', 101766),
(1342, 157, '2014-12-24', '670000', 0, NULL, '0', NULL, '', 'NO', NULL, NULL, NULL, '', 101767),
(1343, 157, '2014-12-24', '670000', 0, NULL, '0', NULL, '', 'NO', NULL, NULL, NULL, '', 101768),
(1344, 157, '2014-12-24', '670000', 0, NULL, '0', NULL, '', 'NO', NULL, NULL, NULL, '', 101769),
(1345, 157, '2014-12-24', '670000', 0, NULL, '0', NULL, '', 'NO', NULL, NULL, NULL, '', 101770),
(1346, 157, '2014-12-24', '670000', 0, NULL, '0', NULL, '', 'NO', NULL, NULL, NULL, '', 101771),
(1347, 157, '2014-12-24', '670000', 0, NULL, '0', NULL, '', 'NO', NULL, NULL, NULL, '', 101772),
(1348, 157, '2014-12-24', '670000', 0, NULL, '0', NULL, '', 'NO', NULL, NULL, NULL, '', 101773),
(1349, 157, '2014-12-24', '670000', 0, NULL, '0', NULL, '', 'NO', NULL, NULL, NULL, '', 101774),
(1350, 157, '2014-12-24', '670000', 0, NULL, '0', NULL, '', 'NO', NULL, NULL, NULL, '', 101775),
(1351, 157, '2014-12-24', '670000', 0, NULL, '0', NULL, '', 'NO', NULL, NULL, NULL, '', 101776),
(1352, 157, '2014-12-24', '670000', 0, NULL, '0', NULL, '', 'NO', NULL, NULL, NULL, '', 101777),
(1353, 157, '2014-12-24', '670000', 0, NULL, '0', NULL, '', 'NO', NULL, NULL, NULL, '', 101778),
(1354, 157, '2014-12-24', '670000', 0, NULL, '0', NULL, '', 'NO', NULL, NULL, NULL, '', 101779),
(1355, 158, '2015-01-01', '3348465', 2, '2015-04-29 00:00:00', '3348465', NULL, '0', 'YES', NULL, NULL, NULL, '', 101782),
(1356, 158, '2015-01-01', '3410000', 2, '2015-05-27 00:00:00', '3410000', NULL, '0', 'YES', NULL, NULL, NULL, '', 101783),
(1357, 158, '2015-01-01', '3410000', 2, '2015-06-30 00:00:00', '3410000', NULL, '0', 'YES', NULL, NULL, NULL, '', 101784),
(1358, 158, '2015-01-01', '3410000', 2, '2015-08-01 00:00:00', '3410000', NULL, '0', 'YES', NULL, NULL, NULL, '', 101785),
(1359, 158, '2015-01-01', '3410000', 2, '2015-09-01 00:00:00', '3410000', NULL, '0', 'YES', NULL, NULL, NULL, '', 101786),
(1360, 158, '2015-01-01', '3410000', 1, '2015-10-01 00:00:00', '3400000', NULL, '0', 'YES', NULL, NULL, NULL, '', 101787),
(1361, 158, '2015-01-01', '3410000', 1, '2015-11-01 00:00:00', '3410000', NULL, '0', 'YES', NULL, NULL, NULL, '', 101788),
(1362, 158, '2015-01-01', '3410000', 0, NULL, '0', NULL, '', 'NO', NULL, NULL, NULL, '', 101789),
(1363, 158, '2015-01-01', '3410000', 0, NULL, '0', NULL, '', 'NO', NULL, NULL, NULL, '', 101790),
(1364, 159, '2015-03-04', '1000000000', 0, NULL, '0', NULL, '0', 'NO', NULL, NULL, NULL, '', 101793),
(1365, 160, '2015-03-05', '250000000', 1, '2015-10-21 00:00:00', '250000000', NULL, '0', 'YES', NULL, NULL, NULL, '', 101794),
(1366, 160, '2015-06-04', '750000000', 0, NULL, '0', NULL, '0', 'NO', NULL, NULL, NULL, '', 102567),
(1367, 161, '2015-04-05', '1000000000', 0, NULL, '0', NULL, '0', 'NO', NULL, NULL, NULL, '', 101795),
(1368, 162, '2015-01-07', '30916566', 2, '2015-08-08 00:00:00', '30916566', NULL, '0', 'YES', NULL, NULL, NULL, '', 101796),
(1369, 162, '2015-01-07', '30960000', 2, '2015-09-08 00:00:00', '30960000', NULL, '0', 'YES', NULL, NULL, NULL, '', 101797),
(1370, 162, '2015-01-07', '30960000', 0, NULL, '0', NULL, '', 'NO', NULL, NULL, NULL, '', 101798),
(1371, 162, '2015-01-07', '30960000', 0, NULL, '0', NULL, '', 'NO', NULL, NULL, NULL, '', 101799),
(1372, 162, '2015-01-07', '30960000', 0, NULL, '0', NULL, '', 'NO', NULL, NULL, NULL, '', 101800),
(1373, 162, '2015-01-07', '30960000', 0, NULL, '0', NULL, '', 'NO', NULL, NULL, NULL, '', 101801),
(1374, 162, '2015-01-07', '30960000', 0, NULL, '0', NULL, '', 'NO', NULL, NULL, NULL, '', 101802),
(1375, 162, '2015-01-07', '30960000', 0, NULL, '0', NULL, '', 'NO', NULL, NULL, NULL, '', 101803),
(1376, 162, '2015-01-07', '30960000', 0, NULL, '0', NULL, '', 'NO', NULL, NULL, NULL, '', 101804),
(1377, 162, '2015-01-07', '30960000', 0, NULL, '0', NULL, '', 'NO', NULL, NULL, NULL, '', 101805),
(1378, 162, '2015-01-07', '30960000', 0, NULL, '0', NULL, '', 'NO', NULL, NULL, NULL, '', 101806),
(1379, 162, '2015-01-07', '30960000', 0, NULL, '0', NULL, '', 'NO', NULL, NULL, NULL, '', 101807),
(1380, 162, '2015-01-07', '30960000', 0, NULL, '0', NULL, '', 'NO', NULL, NULL, NULL, '', 101808),
(1381, 162, '2015-01-07', '30960000', 0, NULL, '0', NULL, '', 'NO', NULL, NULL, NULL, '', 101809),
(1382, 162, '2015-01-07', '30960000', 0, NULL, '0', NULL, '', 'NO', NULL, NULL, NULL, '', 101810),
(1383, 162, '2015-01-07', '30960000', 0, NULL, '0', NULL, '', 'NO', NULL, NULL, NULL, '', 101811),
(1384, 162, '2015-01-07', '30960000', 0, NULL, '0', NULL, '', 'NO', NULL, NULL, NULL, '', 101812),
(1385, 162, '2015-01-07', '30960000', 0, NULL, '0', NULL, '', 'NO', NULL, NULL, NULL, '', 101813),
(1386, 163, '2015-01-21', '1500000', 1, '2015-02-25 00:00:00', '1500000', NULL, '0', 'YES', NULL, NULL, NULL, '', 101816),
(1387, 163, '2015-01-21', '1500000', 0, NULL, '0', NULL, '', 'NO', NULL, NULL, NULL, '', 101817),
(1388, 163, '2015-01-21', '1500000', 0, NULL, '0', NULL, '', 'NO', NULL, NULL, NULL, '', 101818),
(1389, 163, '2015-01-21', '1500000', 0, NULL, '0', NULL, '', 'NO', NULL, NULL, NULL, '', 101819),
(1390, 163, '2015-01-21', '1500000', 0, NULL, '0', NULL, '', 'NO', NULL, NULL, NULL, '', 101820),
(1391, 163, '2015-01-21', '1500000', 0, NULL, '0', NULL, '', 'NO', NULL, NULL, NULL, '', 101821),
(1392, 163, '2015-01-21', '1500000', 0, NULL, '0', NULL, '', 'NO', NULL, NULL, NULL, '', 101822),
(1393, 163, '2015-01-21', '1500000', 0, NULL, '0', NULL, '', 'NO', NULL, NULL, NULL, '', 101823),
(1394, 163, '2015-01-21', '1500000', 0, NULL, '0', NULL, '', 'NO', NULL, NULL, NULL, '', 101824),
(1395, 163, '2015-01-21', '1500000', 0, NULL, '0', NULL, '', 'NO', NULL, NULL, NULL, '', 101825),
(1396, 163, '2015-01-21', '1500000', 0, NULL, '0', NULL, '', 'NO', NULL, NULL, NULL, '', 101826),
(1397, 163, '2015-01-21', '1500000', 0, NULL, '0', NULL, '', 'NO', NULL, NULL, NULL, '', 101827),
(1398, 163, '2015-01-21', '1500000', 0, NULL, '0', NULL, '', 'NO', NULL, NULL, NULL, '', 101828),
(1399, 163, '2015-01-21', '1500000', 0, NULL, '0', NULL, '', 'NO', NULL, NULL, NULL, '', 101829),
(1400, 163, '2015-01-21', '1500000', 0, NULL, '0', NULL, '', 'NO', NULL, NULL, NULL, '', 101830),
(1401, 163, '2015-01-21', '1500000', 0, NULL, '0', NULL, '', 'NO', NULL, NULL, NULL, '', 101831),
(1402, 163, '2015-01-21', '1500000', 0, NULL, '0', NULL, '', 'NO', NULL, NULL, NULL, '', 101832),
(1403, 163, '2015-01-21', '1500000', 0, NULL, '0', NULL, '', 'NO', NULL, NULL, NULL, '', 101833),
(1404, 163, '2015-01-21', '1500000', 0, NULL, '0', NULL, '', 'NO', NULL, NULL, NULL, '', 101834),
(1405, 163, '2015-01-21', '1500000', 0, NULL, '0', NULL, '', 'NO', NULL, NULL, NULL, '', 101835),
(1406, 164, '2015-01-27', '3100000', 1, '2015-09-01 00:00:00', '3100000', NULL, '0', 'YES', NULL, NULL, NULL, '', 101846),
(1407, 164, '2015-01-27', '6680000', 1, '2015-10-26 00:00:00', '6680000', NULL, '0', 'YES', NULL, NULL, NULL, '', 101847),
(1408, 164, '2015-01-27', '3100000', 0, NULL, '0', NULL, '', 'NO', NULL, NULL, NULL, '', 101848),
(1409, 164, '2015-01-27', '3100000', 0, NULL, '0', NULL, '', 'NO', NULL, NULL, NULL, '', 101849),
(1410, 164, '2015-01-27', '3100000', 0, NULL, '0', NULL, '', 'NO', NULL, NULL, NULL, '', 101850),
(1411, 164, '2015-01-27', '3100000', 0, NULL, '0', NULL, '', 'NO', NULL, NULL, NULL, '', 101851),
(1412, 164, '2015-01-27', '3100000', 0, NULL, '0', NULL, '', 'NO', NULL, NULL, NULL, '', 101852),
(1413, 164, '2015-01-27', '3100000', 0, NULL, '0', NULL, '', 'NO', NULL, NULL, NULL, '', 101853),
(1414, 164, '2015-01-27', '3100000', 0, NULL, '0', NULL, '', 'NO', NULL, NULL, NULL, '', 101854),
(1415, 164, '2015-01-27', '3100000', 0, NULL, '0', NULL, '', 'NO', NULL, NULL, NULL, '', 101855),
(1416, 164, '2015-01-27', '3100000', 0, NULL, '0', NULL, '', 'NO', NULL, NULL, NULL, '', 101856),
(1417, 164, '2015-01-27', '3100000', 0, NULL, '0', NULL, '', 'NO', NULL, NULL, NULL, '', 101857),
(1418, 164, '2015-01-27', '3100000', 0, NULL, '0', NULL, '', 'NO', NULL, NULL, NULL, '', 101858),
(1419, 164, '2015-01-27', '3100000', 0, NULL, '0', NULL, '', 'NO', NULL, NULL, NULL, '', 101859),
(1420, 164, '2015-01-27', '3100000', 0, NULL, '0', NULL, '', 'NO', NULL, NULL, NULL, '', 101860),
(1421, 164, '2015-01-27', '3100000', 0, NULL, '0', NULL, '', 'NO', NULL, NULL, NULL, '', 101861),
(1422, 164, '2015-02-26', '2543657', 0, NULL, '0', NULL, '0', 'NO', NULL, NULL, NULL, '', 102568),
(1423, 165, '2015-01-27', '46374849', 0, NULL, '0', NULL, '', 'NO', NULL, NULL, NULL, '', 101864),
(1424, 165, '2015-01-27', '46440000', 0, NULL, '0', NULL, '', 'NO', NULL, NULL, NULL, '', 101865),
(1425, 165, '2015-01-27', '46440000', 0, NULL, '0', NULL, '', 'NO', NULL, NULL, NULL, '', 101866),
(1426, 165, '2015-01-27', '46440000', 0, NULL, '0', NULL, '', 'NO', NULL, NULL, NULL, '', 101867),
(1427, 165, '2015-01-27', '46440000', 0, NULL, '0', NULL, '', 'NO', NULL, NULL, NULL, '', 101868),
(1428, 165, '2015-01-27', '46440000', 0, NULL, '0', NULL, '', 'NO', NULL, NULL, NULL, '', 101869),
(1429, 165, '2015-01-27', '46440000', 0, NULL, '0', NULL, '', 'NO', NULL, NULL, NULL, '', 101870),
(1430, 165, '2015-01-27', '46440000', 0, NULL, '0', NULL, '', 'NO', NULL, NULL, NULL, '', 101871),
(1431, 165, '2015-01-27', '46440000', 0, NULL, '0', NULL, '', 'NO', NULL, NULL, NULL, '', 101872),
(1432, 165, '2015-01-27', '46440000', 0, NULL, '0', NULL, '', 'NO', NULL, NULL, NULL, '', 101873),
(1433, 165, '2015-01-27', '46440000', 0, NULL, '0', NULL, '', 'NO', NULL, NULL, NULL, '', 101874),
(1434, 165, '2015-01-27', '46440000', 0, NULL, '0', NULL, '', 'NO', NULL, NULL, NULL, '', 101875),
(1435, 165, '2015-01-27', '46440000', 0, NULL, '0', NULL, '', 'NO', NULL, NULL, NULL, '', 101876),
(1436, 165, '2015-01-27', '46440000', 0, NULL, '0', NULL, '', 'NO', NULL, NULL, NULL, '', 101877),
(1437, 165, '2015-01-27', '46440000', 0, NULL, '0', NULL, '', 'NO', NULL, NULL, NULL, '', 101878),
(1438, 165, '2015-01-27', '46440000', 0, NULL, '0', NULL, '', 'NO', NULL, NULL, NULL, '', 101879),
(1439, 165, '2015-01-27', '46440000', 0, NULL, '0', NULL, '', 'NO', NULL, NULL, NULL, '', 101880),
(1440, 165, '2015-01-27', '46440000', 0, NULL, '0', NULL, '', 'NO', NULL, NULL, NULL, '', 101881),
(1441, 166, '2015-03-06', '1000000000', 0, NULL, '0', NULL, '0', 'NO', NULL, NULL, NULL, '', 101884),
(1442, 167, '2015-03-07', '1000000000', 0, NULL, '0', NULL, '0', 'NO', NULL, NULL, NULL, '', 101885),
(1443, 168, '2015-03-21', '5000000000', 0, NULL, '0', NULL, '', 'NO', NULL, NULL, NULL, '', 101891),
(1444, 169, '2015-06-25', '3404000', 1, '2015-06-20 00:00:00', '3400000', NULL, '0', 'YES', NULL, NULL, NULL, '', 101892),
(1445, 169, '2015-06-25', '3404000', 1, '2015-07-20 00:00:00', '3400000', NULL, '0', 'YES', NULL, NULL, NULL, '', 101893),
(1446, 169, '2015-06-25', '3404000', 1, '2015-08-20 00:00:00', '3400000', NULL, '0', 'YES', NULL, NULL, NULL, '', 101894),
(1447, 169, '2015-06-25', '3404000', 2, '2015-09-20 00:00:00', '3400000', NULL, '0', 'YES', NULL, NULL, NULL, '', 101895),
(1448, 169, '2015-06-25', '3404000', 1, '2015-10-21 00:00:00', '3400000', NULL, '0', 'YES', NULL, NULL, NULL, '', 101896),
(1449, 169, '2015-06-25', '3404000', 0, NULL, '0', NULL, '', 'NO', NULL, NULL, NULL, '', 101897),
(1450, 169, '2015-06-25', '3404000', 0, NULL, '0', NULL, '', 'NO', NULL, NULL, NULL, '', 101898),
(1451, 169, '2015-06-25', '3404000', 0, NULL, '0', NULL, '', 'NO', NULL, NULL, NULL, '', 101899),
(1452, 169, '2015-06-25', '3396465', 0, NULL, '0', NULL, '', 'NO', NULL, NULL, NULL, '', 101900),
(1453, 170, '2015-09-26', '70000000', 1, '2015-05-05 00:00:00', '70000000', NULL, '0', 'YES', NULL, NULL, NULL, '', 101901),
(1454, 170, '2015-09-26', '35000000', 1, '2015-05-14 00:00:00', '35000000', NULL, '0', 'YES', NULL, NULL, NULL, '', 101902),
(1455, 170, '2015-10-26', '50000000', 2, '2015-10-10 00:00:00', '50000000', NULL, '0', 'YES', NULL, NULL, NULL, '', 102548),
(1456, 170, '2015-11-25', '50000000', 2, '2015-10-10 00:00:00', '50000000', NULL, '0', 'YES', NULL, NULL, NULL, '', 102549),
(1457, 170, '2015-12-25', '1640592007', 0, NULL, '0', NULL, '0', 'NO', NULL, NULL, NULL, '', 102550),
(1458, 171, '2016-03-30', '400000000', 0, NULL, '0', NULL, '', 'NO', NULL, NULL, NULL, '', 101924),
(1459, 172, '2015-10-03', '46437000', 0, NULL, '0', NULL, '', 'NO', NULL, NULL, NULL, '', 101925),
(1460, 172, '2015-10-03', '46437000', 0, NULL, '0', NULL, '', 'NO', NULL, NULL, NULL, '', 101926),
(1461, 172, '2015-10-03', '46437000', 0, NULL, '0', NULL, '', 'NO', NULL, NULL, NULL, '', 101927),
(1462, 172, '2015-10-03', '46437000', 0, NULL, '0', NULL, '', 'NO', NULL, NULL, NULL, '', 101928),
(1463, 172, '2015-10-03', '46437000', 0, NULL, '0', NULL, '', 'NO', NULL, NULL, NULL, '', 101929),
(1464, 172, '2015-10-03', '46437000', 0, NULL, '0', NULL, '', 'NO', NULL, NULL, NULL, '', 101930),
(1465, 172, '2015-10-03', '46437000', 0, NULL, '0', NULL, '', 'NO', NULL, NULL, NULL, '', 101931),
(1466, 172, '2015-10-03', '46437000', 0, NULL, '0', NULL, '', 'NO', NULL, NULL, NULL, '', 101932),
(1467, 172, '2015-10-03', '46437000', 0, NULL, '0', NULL, '', 'NO', NULL, NULL, NULL, '', 101933),
(1468, 172, '2015-10-03', '46437000', 0, NULL, '0', NULL, '', 'NO', NULL, NULL, NULL, '', 101934),
(1469, 172, '2015-10-03', '46437000', 0, NULL, '0', NULL, '', 'NO', NULL, NULL, NULL, '', 101935),
(1470, 172, '2015-10-03', '46437000', 0, NULL, '0', NULL, '', 'NO', NULL, NULL, NULL, '', 101936),
(1471, 172, '2015-10-03', '46437000', 0, NULL, '0', NULL, '', 'NO', NULL, NULL, NULL, '', 101937),
(1472, 172, '2015-10-03', '46437000', 0, NULL, '0', NULL, '', 'NO', NULL, NULL, NULL, '', 101938),
(1473, 172, '2015-10-03', '46437000', 0, NULL, '0', NULL, '', 'NO', NULL, NULL, NULL, '', 101939),
(1474, 172, '2015-10-03', '46437000', 0, NULL, '0', NULL, '', 'NO', NULL, NULL, NULL, '', 101940),
(1475, 172, '2015-10-03', '46437000', 0, NULL, '0', NULL, '', 'NO', NULL, NULL, NULL, '', 101941),
(1476, 172, '2015-10-03', '46425849', 0, NULL, '0', NULL, '', 'NO', NULL, NULL, NULL, '', 101942),
(1477, 173, '2015-03-31', '1000000000', 0, NULL, '0', NULL, '', 'NO', NULL, NULL, NULL, '', 101943),
(1478, 174, '2015-03-31', '10570000', 1, '2015-04-05 00:00:00', '10570000', NULL, '0', 'YES', NULL, NULL, NULL, '', 101944),
(1479, 174, '2015-03-31', '10570000', 1, '2015-05-09 00:00:00', '10570000', NULL, '0', 'YES', NULL, NULL, NULL, '', 101945),
(1480, 174, '2015-03-31', '10570000', 1, '2015-06-01 00:00:00', '10570000', NULL, '0', 'YES', NULL, NULL, NULL, '', 101946),
(1481, 174, '2015-03-31', '10570000', 1, '2015-07-14 00:00:00', '10570000', NULL, '0', 'YES', NULL, NULL, NULL, '', 101947),
(1482, 174, '2015-03-31', '10570000', 1, '2015-08-19 00:00:00', '10570000', NULL, '0', 'YES', NULL, NULL, NULL, '', 101948),
(1483, 174, '2015-03-31', '10570000', 1, '2015-08-19 00:00:00', '10570000', NULL, '0', 'YES', NULL, NULL, NULL, '', 101949),
(1484, 174, '2015-03-31', '21140000', 2, '2015-11-02 00:00:00', '21140000', NULL, '0', 'YES', NULL, NULL, NULL, '', 101950),
(1485, 174, '2015-03-31', '10563000', 0, NULL, '0', NULL, '', 'NO', NULL, NULL, NULL, '', 101951),
(1486, 174, '2015-03-31', '10563000', 0, NULL, '0', NULL, '', 'NO', NULL, NULL, NULL, '', 101952),
(1487, 174, '2015-03-31', '10563000', 0, NULL, '0', NULL, '', 'NO', NULL, NULL, NULL, '', 101953),
(1488, 174, '2015-03-31', '10563000', 0, NULL, '0', NULL, '', 'NO', NULL, NULL, NULL, '', 101954),
(1489, 174, '2015-03-31', '10563000', 0, NULL, '0', NULL, '', 'NO', NULL, NULL, NULL, '', 101955),
(1490, 174, '2015-03-31', '10563000', 0, NULL, '0', NULL, '', 'NO', NULL, NULL, NULL, '', 101956),
(1491, 174, '2015-03-31', '10563000', 0, NULL, '0', NULL, '', 'NO', NULL, NULL, NULL, '', 101957),
(1492, 174, '2015-03-31', '10563000', 0, NULL, '0', NULL, '', 'NO', NULL, NULL, NULL, '', 101958),
(1493, 174, '2015-03-31', '10563000', 0, NULL, '0', NULL, '', 'NO', NULL, NULL, NULL, '', 101959),
(1494, 174, '2015-03-31', '10563000', 0, NULL, '0', NULL, '', 'NO', NULL, NULL, NULL, '', 101960),
(1495, 174, '2015-03-31', '10563000', 0, NULL, '0', NULL, '', 'NO', NULL, NULL, NULL, '', 101961),
(1496, 174, '2015-03-31', '10563000', 0, NULL, '0', NULL, '', 'NO', NULL, NULL, NULL, '', 101962),
(1497, 174, '2015-03-31', '10563000', 0, NULL, '0', NULL, '', 'NO', NULL, NULL, NULL, '', 101963),
(1498, 174, '2015-03-31', '10563000', 0, NULL, '0', NULL, '', 'NO', NULL, NULL, NULL, '', 101964),
(1499, 174, '2015-03-31', '10563000', 0, NULL, '0', NULL, '', 'NO', NULL, NULL, NULL, '', 101965),
(1500, 174, '2015-03-31', '59976', 0, NULL, '0', NULL, '', 'NO', NULL, NULL, NULL, '', 101966),
(1501, 174, '2015-05-01', '10443048', 0, NULL, '0', NULL, '0', 'NO', NULL, NULL, NULL, '', 102578),
(1502, 175, '2015-03-31', '5599000', 1, '2015-04-05 00:00:00', '5600000', NULL, '0', 'YES', NULL, NULL, NULL, '', 101968),
(1503, 175, '2015-03-31', '5599000', 1, '2015-05-09 00:00:00', '5600000', NULL, '0', 'YES', NULL, NULL, NULL, '', 101969),
(1504, 175, '2015-03-31', '5599000', 1, '2015-06-01 00:00:00', '5600000', NULL, '0', 'YES', NULL, NULL, NULL, '', 101970),
(1505, 175, '2015-03-31', '5600000', 1, '2015-06-28 00:00:00', '5600000', NULL, '0', 'YES', NULL, NULL, NULL, '', 101971),
(1506, 175, '2015-03-31', '5599000', 1, '2015-08-05 00:00:00', '5600000', NULL, '0', 'YES', NULL, NULL, NULL, '', 101972),
(1507, 175, '2015-03-31', '5599000', 1, '2015-09-20 00:00:00', '5600000', NULL, '0', 'YES', NULL, NULL, NULL, '', 101973),
(1508, 175, '2015-03-31', '5599000', 1, '2015-10-10 00:00:00', '5600000', NULL, '0', 'YES', NULL, NULL, NULL, '', 101974),
(1509, 175, '2015-03-31', '5599000', 1, '2015-11-02 00:00:00', '5600000', NULL, '0', 'YES', NULL, NULL, NULL, '', 101975),
(1510, 175, '2015-03-31', '5599000', 0, NULL, '0', NULL, '', 'NO', NULL, NULL, NULL, '', 101976),
(1511, 175, '2015-03-31', '5599000', 0, NULL, '0', NULL, '', 'NO', NULL, NULL, NULL, '', 101977),
(1512, 175, '2015-03-31', '5599000', 0, NULL, '0', NULL, '', 'NO', NULL, NULL, NULL, '', 101978),
(1513, 175, '2015-03-31', '5599000', 0, NULL, '0', NULL, '', 'NO', NULL, NULL, NULL, '', 101979),
(1514, 175, '2015-03-31', '5599000', 0, NULL, '0', NULL, '', 'NO', NULL, NULL, NULL, '', 101980),
(1515, 175, '2015-03-31', '5599000', 0, NULL, '0', NULL, '', 'NO', NULL, NULL, NULL, '', 101981),
(1516, 175, '2015-03-31', '5599000', 0, NULL, '0', NULL, '', 'NO', NULL, NULL, NULL, '', 101982),
(1517, 175, '2015-03-31', '5599000', 0, NULL, '0', NULL, '', 'NO', NULL, NULL, NULL, '', 101983),
(1518, 175, '2015-03-31', '5599000', 0, NULL, '0', NULL, '', 'NO', NULL, NULL, NULL, '', 101984),
(1519, 175, '2015-03-31', '5599000', 0, NULL, '0', NULL, '', 'NO', NULL, NULL, NULL, '', 101985),
(1520, 175, '2015-03-31', '5599000', 0, NULL, '0', NULL, '', 'NO', NULL, NULL, NULL, '', 101986),
(1521, 175, '2015-03-31', '5599000', 0, NULL, '0', NULL, '', 'NO', NULL, NULL, NULL, '', 101987),
(1522, 175, '2015-03-31', '5599000', 0, NULL, '0', NULL, '', 'NO', NULL, NULL, NULL, '', 101988),
(1523, 175, '2015-03-31', '5599000', 0, NULL, '0', NULL, '', 'NO', NULL, NULL, NULL, '', 101989),
(1524, 175, '2015-03-31', '5599000', 0, NULL, '0', NULL, '', 'NO', NULL, NULL, NULL, '', 101990),
(1525, 175, '2015-03-31', '5587919', 0, NULL, '0', NULL, '', 'NO', NULL, NULL, NULL, '', 101991),
(1526, 176, '2015-03-31', '1000000000', 0, NULL, '0', NULL, '', 'NO', NULL, NULL, NULL, '', 101992),
(1527, 177, '2015-10-05', '15479000', 0, NULL, '0', NULL, '', 'NO', NULL, NULL, NULL, '', 101993),
(1528, 177, '2015-10-05', '15479000', 0, NULL, '0', NULL, '', 'NO', NULL, NULL, NULL, '', 101994),
(1529, 177, '2015-10-05', '15479000', 0, NULL, '0', NULL, '', 'NO', NULL, NULL, NULL, '', 101995),
(1530, 177, '2015-10-05', '15479000', 0, NULL, '0', NULL, '', 'NO', NULL, NULL, NULL, '', 101996),
(1531, 177, '2015-10-05', '15479000', 0, NULL, '0', NULL, '', 'NO', NULL, NULL, NULL, '', 101997),
(1532, 177, '2015-10-05', '15479000', 0, NULL, '0', NULL, '', 'NO', NULL, NULL, NULL, '', 101998),
(1533, 177, '2015-10-05', '15479000', 0, NULL, '0', NULL, '', 'NO', NULL, NULL, NULL, '', 101999),
(1534, 177, '2015-10-05', '15479000', 0, NULL, '0', NULL, '', 'NO', NULL, NULL, NULL, '', 102000),
(1535, 177, '2015-10-05', '15479000', 0, NULL, '0', NULL, '', 'NO', NULL, NULL, NULL, '', 102001),
(1536, 177, '2015-10-05', '15479000', 0, NULL, '0', NULL, '', 'NO', NULL, NULL, NULL, '', 102002),
(1537, 177, '2015-10-05', '15479000', 0, NULL, '0', NULL, '', 'NO', NULL, NULL, NULL, '', 102003),
(1538, 177, '2015-10-05', '15479000', 0, NULL, '0', NULL, '', 'NO', NULL, NULL, NULL, '', 102004),
(1539, 177, '2015-10-05', '15479000', 0, NULL, '0', NULL, '', 'NO', NULL, NULL, NULL, '', 102005),
(1540, 177, '2015-10-05', '15479000', 0, NULL, '0', NULL, '', 'NO', NULL, NULL, NULL, '', 102006),
(1541, 177, '2015-10-05', '15479000', 0, NULL, '0', NULL, '', 'NO', NULL, NULL, NULL, '', 102007),
(1542, 177, '2015-10-05', '15479000', 0, NULL, '0', NULL, '', 'NO', NULL, NULL, NULL, '', 102008),
(1543, 177, '2015-10-05', '15479000', 0, NULL, '0', NULL, '', 'NO', NULL, NULL, NULL, '', 102009),
(1544, 177, '2015-10-05', '15475283', 0, NULL, '0', NULL, '', 'NO', NULL, NULL, NULL, '', 102010),
(1545, 178, '2015-04-03', '1000000000', 0, NULL, '0', NULL, '', 'NO', NULL, NULL, NULL, '', 102011),
(1546, 179, '2015-10-10', '53873000', 0, NULL, '0', NULL, '', 'NO', NULL, NULL, NULL, '', 102016),
(1547, 179, '2015-10-10', '53873000', 0, NULL, '0', NULL, '', 'NO', NULL, NULL, NULL, '', 102017),
(1548, 179, '2015-10-10', '53873000', 0, NULL, '0', NULL, '', 'NO', NULL, NULL, NULL, '', 102018),
(1549, 179, '2015-10-10', '53873000', 0, NULL, '0', NULL, '', 'NO', NULL, NULL, NULL, '', 102019),
(1550, 179, '2015-10-10', '53873000', 0, NULL, '0', NULL, '', 'NO', NULL, NULL, NULL, '', 102020),
(1551, 179, '2015-10-10', '53873000', 0, NULL, '0', NULL, '', 'NO', NULL, NULL, NULL, '', 102021),
(1552, 179, '2015-10-10', '53873000', 0, NULL, '0', NULL, '', 'NO', NULL, NULL, NULL, '', 102022),
(1553, 179, '2015-10-10', '53873000', 0, NULL, '0', NULL, '', 'NO', NULL, NULL, NULL, '', 102023),
(1554, 179, '2015-10-10', '53873000', 0, NULL, '0', NULL, '', 'NO', NULL, NULL, NULL, '', 102024),
(1555, 179, '2015-10-10', '53873000', 0, NULL, '0', NULL, '', 'NO', NULL, NULL, NULL, '', 102025),
(1556, 179, '2015-10-10', '53873000', 0, NULL, '0', NULL, '', 'NO', NULL, NULL, NULL, '', 102026),
(1557, 179, '2015-10-10', '53864247', 0, NULL, '0', NULL, '', 'NO', NULL, NULL, NULL, '', 102027),
(1558, 180, '2016-04-07', '79167000', 0, NULL, '0', NULL, '', 'NO', NULL, NULL, NULL, '', 102028),
(1559, 180, '2016-04-07', '79167000', 0, NULL, '0', NULL, '', 'NO', NULL, NULL, NULL, '', 102029),
(1560, 180, '2016-04-07', '79167000', 0, NULL, '0', NULL, '', 'NO', NULL, NULL, NULL, '', 102030),
(1561, 180, '2016-04-07', '79167000', 0, NULL, '0', NULL, '', 'NO', NULL, NULL, NULL, '', 102031),
(1562, 180, '2016-04-07', '79167000', 0, NULL, '0', NULL, '', 'NO', NULL, NULL, NULL, '', 102032),
(1563, 180, '2016-04-07', '79165000', 0, NULL, '0', NULL, '', 'NO', NULL, NULL, NULL, '', 102033),
(1564, 181, '2015-04-09', '1853000', 2, '2015-09-07 00:00:00', '3000000', NULL, '0', 'YES', NULL, NULL, NULL, '', 102034),
(1565, 181, '2015-04-09', '1853000', 0, NULL, '0', NULL, '', 'NO', NULL, NULL, NULL, '', 102035),
(1566, 181, '2015-04-09', '1853000', 0, NULL, '0', NULL, '', 'NO', NULL, NULL, NULL, '', 102036),
(1567, 181, '2015-04-09', '1853000', 0, NULL, '0', NULL, '', 'NO', NULL, NULL, NULL, '', 102037),
(1568, 181, '2015-04-09', '1853000', 0, NULL, '0', NULL, '', 'NO', NULL, NULL, NULL, '', 102038),
(1569, 181, '2015-04-09', '1853000', 0, NULL, '0', NULL, '', 'NO', NULL, NULL, NULL, '', 102039),
(1570, 181, '2015-04-09', '1853000', 0, NULL, '0', NULL, '', 'NO', NULL, NULL, NULL, '', 102040),
(1571, 181, '2015-04-09', '1853000', 0, NULL, '0', NULL, '', 'NO', NULL, NULL, NULL, '', 102041),
(1572, 181, '2015-04-09', '1853000', 0, NULL, '0', NULL, '', 'NO', NULL, NULL, NULL, '', 102042),
(1573, 181, '2015-04-09', '1853000', 0, NULL, '0', NULL, '', 'NO', NULL, NULL, NULL, '', 102043),
(1574, 181, '2015-04-09', '1853000', 0, NULL, '0', NULL, '', 'NO', NULL, NULL, NULL, '', 102044),
(1575, 181, '2015-04-09', '1849281', 0, NULL, '0', NULL, '', 'NO', NULL, NULL, NULL, '', 102045),
(1576, 182, '2015-04-09', '1853000', 0, NULL, '0', NULL, '', 'NO', NULL, NULL, NULL, '', 102046),
(1577, 182, '2015-04-09', '1853000', 0, NULL, '0', NULL, '', 'NO', NULL, NULL, NULL, '', 102047),
(1578, 182, '2015-04-09', '1853000', 0, NULL, '0', NULL, '', 'NO', NULL, NULL, NULL, '', 102048),
(1579, 182, '2015-04-09', '1853000', 0, NULL, '0', NULL, '', 'NO', NULL, NULL, NULL, '', 102049),
(1580, 182, '2015-04-09', '1853000', 0, NULL, '0', NULL, '', 'NO', NULL, NULL, NULL, '', 102050),
(1581, 182, '2015-04-09', '1853000', 0, NULL, '0', NULL, '', 'NO', NULL, NULL, NULL, '', 102051),
(1582, 182, '2015-04-09', '1853000', 0, NULL, '0', NULL, '', 'NO', NULL, NULL, NULL, '', 102052),
(1583, 182, '2015-04-09', '1853000', 0, NULL, '0', NULL, '', 'NO', NULL, NULL, NULL, '', 102053),
(1584, 182, '2015-04-09', '1853000', 0, NULL, '0', NULL, '', 'NO', NULL, NULL, NULL, '', 102054),
(1585, 182, '2015-04-09', '1853000', 0, NULL, '0', NULL, '', 'NO', NULL, NULL, NULL, '', 102055),
(1586, 182, '2015-04-09', '1853000', 0, NULL, '0', NULL, '', 'NO', NULL, NULL, NULL, '', 102056),
(1587, 182, '2015-04-09', '1849281', 0, NULL, '0', NULL, '', 'NO', NULL, NULL, NULL, '', 102057),
(1588, 183, '2015-07-11', '4538000', 1, '2015-06-28 00:00:00', '4538000', NULL, '0', 'YES', NULL, NULL, NULL, '', 102058),
(1589, 183, '2015-07-11', '4538000', 1, '2015-07-28 00:00:00', '4538000', NULL, '0', 'YES', NULL, NULL, NULL, '', 102059),
(1590, 183, '2015-07-11', '4538000', 1, '2015-09-01 00:00:00', '4538000', NULL, '0', 'YES', NULL, NULL, NULL, '', 102060),
(1591, 183, '2015-07-11', '4538000', 1, '2015-10-10 00:00:00', '4538000', NULL, '0', 'YES', NULL, NULL, NULL, '', 102061),
(1592, 183, '2015-07-11', '4538000', 1, '2015-11-02 00:00:00', '4538000', NULL, '0', 'YES', NULL, NULL, NULL, '', 102062),
(1593, 183, '2015-07-11', '4538000', 0, NULL, '0', NULL, '', 'NO', NULL, NULL, NULL, '', 102063),
(1594, 183, '2015-07-11', '4538000', 0, NULL, '0', NULL, '', 'NO', NULL, NULL, NULL, '', 102064),
(1595, 183, '2015-07-11', '4538000', 0, NULL, '0', NULL, '', 'NO', NULL, NULL, NULL, '', 102065),
(1596, 183, '2015-07-11', '4533953', 0, NULL, '0', NULL, '', 'NO', NULL, NULL, NULL, '', 102066),
(1597, 184, '2015-04-09', '1425000000', 0, NULL, '0', NULL, '', 'NO', NULL, NULL, NULL, '', 102067),
(1598, 185, '2015-04-10', '1900000000', 0, NULL, '0', NULL, '', 'NO', NULL, NULL, NULL, '', 102068),
(1599, 186, '2015-04-10', '1755000', 1, '2015-04-20 00:00:00', '1755000', NULL, '0', 'YES', NULL, NULL, NULL, '', 102069),
(1600, 186, '2015-04-10', '1755000', 8, '2015-05-24 00:00:00', '1755000', NULL, '0', 'YES', NULL, NULL, NULL, '', 102070),
(1601, 186, '2015-04-10', '1755000', 1, '2015-06-23 00:00:00', '1755000', NULL, '0', 'YES', NULL, NULL, NULL, '', 102071),
(1602, 186, '2015-04-10', '1755000', 1, '2015-07-25 00:00:00', '1755000', NULL, '0', 'YES', NULL, NULL, NULL, '', 102072),
(1603, 186, '2015-04-10', '1755000', 1, '2015-08-26 00:00:00', '1755000', NULL, '0', 'YES', NULL, NULL, NULL, '', 102073),
(1604, 186, '2015-04-10', '1755000', 0, NULL, '0', NULL, '', 'NO', NULL, NULL, NULL, '', 102074),
(1605, 186, '2015-04-10', '1755000', 0, NULL, '0', NULL, '', 'NO', NULL, NULL, NULL, '', 102075),
(1606, 186, '2015-04-10', '1755000', 0, NULL, '0', NULL, '', 'NO', NULL, NULL, NULL, '', 102076),
(1607, 186, '2015-04-10', '1755000', 0, NULL, '0', NULL, '', 'NO', NULL, NULL, NULL, '', 102077),
(1608, 186, '2015-04-10', '1755000', 0, NULL, '0', NULL, '', 'NO', NULL, NULL, NULL, '', 102078),
(1609, 186, '2015-04-10', '1755000', 0, NULL, '0', NULL, '', 'NO', NULL, NULL, NULL, '', 102079),
(1610, 186, '2015-04-10', '1755000', 0, NULL, '0', NULL, '', 'NO', NULL, NULL, NULL, '', 102080),
(1611, 186, '2015-04-10', '1755000', 0, NULL, '0', NULL, '', 'NO', NULL, NULL, NULL, '', 102081),
(1612, 186, '2015-04-10', '1755000', 0, NULL, '0', NULL, '', 'NO', NULL, NULL, NULL, '', 102082),
(1613, 186, '2015-04-10', '1755000', 0, NULL, '0', NULL, '', 'NO', NULL, NULL, NULL, '', 102083),
(1614, 186, '2015-04-10', '1755000', 0, NULL, '0', NULL, '', 'NO', NULL, NULL, NULL, '', 102084),
(1615, 186, '2015-04-10', '1755000', 0, NULL, '0', NULL, '', 'NO', NULL, NULL, NULL, '', 102085),
(1616, 186, '2015-04-10', '1755000', 0, NULL, '0', NULL, '', 'NO', NULL, NULL, NULL, '', 102086),
(1617, 186, '2015-04-10', '1755000', 0, NULL, '0', NULL, '', 'NO', NULL, NULL, NULL, '', 102087),
(1618, 186, '2015-04-10', '1755000', 0, NULL, '0', NULL, '', 'NO', NULL, NULL, NULL, '', 102088),
(1619, 186, '2015-04-10', '1755000', 0, NULL, '0', NULL, '', 'NO', NULL, NULL, NULL, '', 102089),
(1620, 186, '2015-04-10', '1755000', 0, NULL, '0', NULL, '', 'NO', NULL, NULL, NULL, '', 102090),
(1621, 186, '2015-04-10', '1755000', 0, NULL, '0', NULL, '', 'NO', NULL, NULL, NULL, '', 102091),
(1622, 186, '2015-04-10', '1755000', 0, NULL, '0', NULL, '', 'NO', NULL, NULL, NULL, '', 102092),
(1623, 186, '2015-04-10', '1755000', 0, NULL, '0', NULL, '', 'NO', NULL, NULL, NULL, '', 102093),
(1624, 186, '2015-04-10', '1755000', 0, NULL, '0', NULL, '', 'NO', NULL, NULL, NULL, '', 102094),
(1625, 186, '2015-04-10', '1755000', 0, NULL, '0', NULL, '', 'NO', NULL, NULL, NULL, '', 102095),
(1626, 186, '2015-04-10', '1755000', 0, NULL, '0', NULL, '', 'NO', NULL, NULL, NULL, '', 102096),
(1627, 186, '2015-04-10', '1755000', 0, NULL, '0', NULL, '', 'NO', NULL, NULL, NULL, '', 102097),
(1628, 186, '2015-04-10', '1729878', 0, NULL, '0', NULL, '', 'NO', NULL, NULL, NULL, '', 102098),
(1629, 187, '2015-04-10', '1755000', 1, '2015-04-20 00:00:00', '1755000', NULL, '0', 'YES', NULL, NULL, NULL, '', 102099),
(1630, 187, '2015-04-10', '1755000', 1, '2015-05-21 00:00:00', '1755000', NULL, '0', 'YES', NULL, NULL, NULL, '', 102100),
(1631, 187, '2015-04-10', '1755000', 8, '2015-06-21 00:00:00', '1755000', NULL, '0', 'YES', NULL, NULL, NULL, '', 102101),
(1632, 187, '2015-04-10', '1755000', 1, '2015-07-22 00:00:00', '1755000', NULL, '0', 'YES', NULL, NULL, NULL, '', 102102),
(1633, 187, '2015-04-10', '1755000', 1, '2015-08-22 00:00:00', '1755000', NULL, '0', 'YES', NULL, NULL, NULL, '', 102103),
(1634, 187, '2015-04-10', '1755000', 1, '2015-09-22 00:00:00', '1755000', NULL, '0', 'YES', NULL, NULL, NULL, '', 102104),
(1635, 187, '2015-04-10', '1755000', 1, '2015-10-28 00:00:00', '1755000', NULL, '0', 'YES', NULL, NULL, NULL, '', 102105),
(1636, 187, '2015-04-10', '1755000', 0, NULL, '0', NULL, '', 'NO', NULL, NULL, NULL, '', 102106),
(1637, 187, '2015-04-10', '1755000', 0, NULL, '0', NULL, '', 'NO', NULL, NULL, NULL, '', 102107),
(1638, 187, '2015-04-10', '1755000', 0, NULL, '0', NULL, '', 'NO', NULL, NULL, NULL, '', 102108),
(1639, 187, '2015-04-10', '1755000', 0, NULL, '0', NULL, '', 'NO', NULL, NULL, NULL, '', 102109),
(1640, 187, '2015-04-10', '1755000', 0, NULL, '0', NULL, '', 'NO', NULL, NULL, NULL, '', 102110),
(1641, 187, '2015-04-10', '1755000', 0, NULL, '0', NULL, '', 'NO', NULL, NULL, NULL, '', 102111),
(1642, 187, '2015-04-10', '1755000', 0, NULL, '0', NULL, '', 'NO', NULL, NULL, NULL, '', 102112),
(1643, 187, '2015-04-10', '1755000', 0, NULL, '0', NULL, '', 'NO', NULL, NULL, NULL, '', 102113),
(1644, 187, '2015-04-10', '1755000', 0, NULL, '0', NULL, '', 'NO', NULL, NULL, NULL, '', 102114),
(1645, 187, '2015-04-10', '1755000', 0, NULL, '0', NULL, '', 'NO', NULL, NULL, NULL, '', 102115),
(1646, 187, '2015-04-10', '1755000', 0, NULL, '0', NULL, '', 'NO', NULL, NULL, NULL, '', 102116),
(1647, 187, '2015-04-10', '1755000', 0, NULL, '0', NULL, '', 'NO', NULL, NULL, NULL, '', 102117),
(1648, 187, '2015-04-10', '1755000', 0, NULL, '0', NULL, '', 'NO', NULL, NULL, NULL, '', 102118),
(1649, 187, '2015-04-10', '1755000', 0, NULL, '0', NULL, '', 'NO', NULL, NULL, NULL, '', 102119),
(1650, 187, '2015-04-10', '1755000', 0, NULL, '0', NULL, '', 'NO', NULL, NULL, NULL, '', 102120),
(1651, 187, '2015-04-10', '1755000', 0, NULL, '0', NULL, '', 'NO', NULL, NULL, NULL, '', 102121),
(1652, 187, '2015-04-10', '1755000', 0, NULL, '0', NULL, '', 'NO', NULL, NULL, NULL, '', 102122),
(1653, 187, '2015-04-10', '1755000', 0, NULL, '0', NULL, '', 'NO', NULL, NULL, NULL, '', 102123),
(1654, 187, '2015-04-10', '1755000', 0, NULL, '0', NULL, '', 'NO', NULL, NULL, NULL, '', 102124),
(1655, 187, '2015-04-10', '1755000', 0, NULL, '0', NULL, '', 'NO', NULL, NULL, NULL, '', 102125),
(1656, 187, '2015-04-10', '1755000', 0, NULL, '0', NULL, '', 'NO', NULL, NULL, NULL, '', 102126),
(1657, 187, '2015-04-10', '1755000', 0, NULL, '0', NULL, '', 'NO', NULL, NULL, NULL, '', 102127),
(1658, 187, '2015-04-10', '1729878', 0, NULL, '0', NULL, '', 'NO', NULL, NULL, NULL, '', 102128),
(1659, 188, '2015-04-10', '1703000', 1, '2015-04-20 00:00:00', '1703000', NULL, '0', 'YES', NULL, NULL, NULL, '', 102129),
(1660, 188, '2015-04-10', '1703000', 1, '2015-05-21 00:00:00', '1703000', NULL, '0', 'YES', NULL, NULL, NULL, '', 102130),
(1661, 188, '2015-04-10', '1703000', 8, '2015-06-21 00:00:00', '1703000', NULL, '0', 'YES', NULL, NULL, NULL, '', 102131),
(1662, 188, '2015-04-10', '1703000', 1, '2015-07-22 00:00:00', '1703000', NULL, '0', 'YES', NULL, NULL, NULL, '', 102132),
(1663, 188, '2015-04-10', '1703000', 1, '2015-08-22 00:00:00', '1703000', NULL, '0', 'YES', NULL, NULL, NULL, '', 102133),
(1664, 188, '2015-04-10', '1703000', 0, NULL, '0', NULL, '', 'NO', NULL, NULL, NULL, '', 102134),
(1665, 188, '2015-04-10', '1703000', 0, NULL, '0', NULL, '', 'NO', NULL, NULL, NULL, '', 102135),
(1666, 188, '2015-04-10', '1703000', 0, NULL, '0', NULL, '', 'NO', NULL, NULL, NULL, '', 102136),
(1667, 188, '2015-04-10', '1703000', 0, NULL, '0', NULL, '', 'NO', NULL, NULL, NULL, '', 102137),
(1668, 188, '2015-04-10', '1703000', 0, NULL, '0', NULL, '', 'NO', NULL, NULL, NULL, '', 102138),
(1669, 188, '2015-04-10', '1703000', 0, NULL, '0', NULL, '', 'NO', NULL, NULL, NULL, '', 102139),
(1670, 188, '2015-04-10', '1702977', 0, NULL, '0', NULL, '', 'NO', NULL, NULL, NULL, '', 102140),
(1671, 189, '2015-10-13', '15479000', 1, '2015-10-10 00:00:00', '15479000', NULL, '0', 'YES', NULL, NULL, NULL, '', 102141),
(1672, 189, '2015-10-13', '15479000', 0, NULL, '0', NULL, '', 'NO', NULL, NULL, NULL, '', 102142),
(1673, 189, '2015-10-13', '15479000', 0, NULL, '0', NULL, '', 'NO', NULL, NULL, NULL, '', 102143),
(1674, 189, '2015-10-13', '15479000', 0, NULL, '0', NULL, '', 'NO', NULL, NULL, NULL, '', 102144),
(1675, 189, '2015-10-13', '15479000', 0, NULL, '0', NULL, '', 'NO', NULL, NULL, NULL, '', 102145),
(1676, 189, '2015-10-13', '15479000', 0, NULL, '0', NULL, '', 'NO', NULL, NULL, NULL, '', 102146),
(1677, 189, '2015-10-13', '15479000', 0, NULL, '0', NULL, '', 'NO', NULL, NULL, NULL, '', 102147),
(1678, 189, '2015-10-13', '15479000', 0, NULL, '0', NULL, '', 'NO', NULL, NULL, NULL, '', 102148),
(1679, 189, '2015-10-13', '15479000', 0, NULL, '0', NULL, '', 'NO', NULL, NULL, NULL, '', 102149),
(1680, 189, '2015-10-13', '15479000', 0, NULL, '0', NULL, '', 'NO', NULL, NULL, NULL, '', 102150),
(1681, 189, '2015-10-13', '15479000', 0, NULL, '0', NULL, '', 'NO', NULL, NULL, NULL, '', 102151),
(1682, 189, '2015-10-13', '15479000', 0, NULL, '0', NULL, '', 'NO', NULL, NULL, NULL, '', 102152),
(1683, 189, '2015-10-13', '15479000', 0, NULL, '0', NULL, '', 'NO', NULL, NULL, NULL, '', 102153),
(1684, 189, '2015-10-13', '15479000', 0, NULL, '0', NULL, '', 'NO', NULL, NULL, NULL, '', 102154),
(1685, 189, '2015-10-13', '15479000', 0, NULL, '0', NULL, '', 'NO', NULL, NULL, NULL, '', 102155),
(1686, 189, '2015-10-13', '15479000', 0, NULL, '0', NULL, '', 'NO', NULL, NULL, NULL, '', 102156),
(1687, 189, '2015-10-13', '15479000', 0, NULL, '0', NULL, '', 'NO', NULL, NULL, NULL, '', 102157),
(1688, 189, '2015-10-13', '15475283', 0, NULL, '0', NULL, '', 'NO', NULL, NULL, NULL, '', 102158),
(1689, 190, '2015-10-13', '15479000', 1, '2015-10-10 00:00:00', '15479000', NULL, '0', 'YES', NULL, NULL, NULL, '', 102159),
(1690, 190, '2015-10-13', '15479000', 0, NULL, '0', NULL, '', 'NO', NULL, NULL, NULL, '', 102160),
(1691, 190, '2015-10-13', '15479000', 0, NULL, '0', NULL, '', 'NO', NULL, NULL, NULL, '', 102161),
(1692, 190, '2015-10-13', '15479000', 0, NULL, '0', NULL, '', 'NO', NULL, NULL, NULL, '', 102162),
(1693, 190, '2015-10-13', '15479000', 0, NULL, '0', NULL, '', 'NO', NULL, NULL, NULL, '', 102163),
(1694, 190, '2015-10-13', '15479000', 0, NULL, '0', NULL, '', 'NO', NULL, NULL, NULL, '', 102164),
(1695, 190, '2015-10-13', '15479000', 0, NULL, '0', NULL, '', 'NO', NULL, NULL, NULL, '', 102165),
(1696, 190, '2015-10-13', '15479000', 0, NULL, '0', NULL, '', 'NO', NULL, NULL, NULL, '', 102166),
(1697, 190, '2015-10-13', '15479000', 0, NULL, '0', NULL, '', 'NO', NULL, NULL, NULL, '', 102167),
(1698, 190, '2015-10-13', '15479000', 0, NULL, '0', NULL, '', 'NO', NULL, NULL, NULL, '', 102168),
(1699, 190, '2015-10-13', '15479000', 0, NULL, '0', NULL, '', 'NO', NULL, NULL, NULL, '', 102169),
(1700, 190, '2015-10-13', '15479000', 0, NULL, '0', NULL, '', 'NO', NULL, NULL, NULL, '', 102170),
(1701, 190, '2015-10-13', '15479000', 0, NULL, '0', NULL, '', 'NO', NULL, NULL, NULL, '', 102171),
(1702, 190, '2015-10-13', '15479000', 0, NULL, '0', NULL, '', 'NO', NULL, NULL, NULL, '', 102172),
(1703, 190, '2015-10-13', '15479000', 0, NULL, '0', NULL, '', 'NO', NULL, NULL, NULL, '', 102173),
(1704, 190, '2015-10-13', '15479000', 0, NULL, '0', NULL, '', 'NO', NULL, NULL, NULL, '', 102174),
(1705, 190, '2015-10-13', '15479000', 0, NULL, '0', NULL, '', 'NO', NULL, NULL, NULL, '', 102175),
(1706, 190, '2015-10-13', '15475283', 0, NULL, '0', NULL, '', 'NO', NULL, NULL, NULL, '', 102176),
(1707, 191, '2015-04-13', '1853000', 2, '2015-06-17 00:00:00', '1853000', NULL, '0', 'YES', NULL, NULL, NULL, '', 102178),
(1708, 191, '2015-04-13', '1853000', 2, '2015-06-17 00:00:00', '1853000', NULL, '0', 'YES', NULL, NULL, NULL, '', 102179),
(1709, 191, '2015-04-13', '1853000', 2, '2015-06-17 00:00:00', '1853000', NULL, '0', 'YES', NULL, NULL, NULL, '', 102180),
(1710, 191, '2015-04-13', '1853000', 0, NULL, '0', NULL, '', 'NO', NULL, NULL, NULL, '', 102181),
(1711, 191, '2015-04-13', '1853000', 0, NULL, '0', NULL, '', 'NO', NULL, NULL, NULL, '', 102182),
(1712, 191, '2015-04-13', '1853000', 0, NULL, '0', NULL, '', 'NO', NULL, NULL, NULL, '', 102183),
(1713, 191, '2015-04-13', '1853000', 0, NULL, '0', NULL, '', 'NO', NULL, NULL, NULL, '', 102184),
(1714, 191, '2015-04-13', '1853000', 0, NULL, '0', NULL, '', 'NO', NULL, NULL, NULL, '', 102185),
(1715, 191, '2015-04-13', '1853000', 0, NULL, '0', NULL, '', 'NO', NULL, NULL, NULL, '', 102186),
(1716, 191, '2015-04-13', '1853000', 0, NULL, '0', NULL, '', 'NO', NULL, NULL, NULL, '', 102187),
(1717, 191, '2015-04-13', '1853000', 0, NULL, '0', NULL, '', 'NO', NULL, NULL, NULL, '', 102188),
(1718, 191, '2015-04-13', '1849281', 0, NULL, '0', NULL, '', 'NO', NULL, NULL, NULL, '', 102189),
(1719, 192, '2015-10-16', '12384000', 2, '2015-10-10 00:00:00', '12384000', NULL, '0', 'YES', NULL, NULL, NULL, '', 102190),
(1720, 192, '2015-11-15', '210510626', 0, NULL, '0', NULL, '0', 'NO', NULL, NULL, NULL, '', 102547),
(1721, 193, '2015-05-09', '1900000000', 0, NULL, '0', NULL, '', 'NO', NULL, NULL, NULL, '', 102214),
(1722, 194, '2015-05-15', '950000000', 0, NULL, '0', NULL, '', 'NO', NULL, NULL, NULL, '', 102215),
(1723, 195, '2015-12-01', '12384000', 0, NULL, '0', NULL, '', 'NO', NULL, NULL, NULL, '', 102218),
(1724, 195, '2015-12-01', '12384000', 0, NULL, '0', NULL, '', 'NO', NULL, NULL, NULL, '', 102219),
(1725, 195, '2015-12-01', '12384000', 0, NULL, '0', NULL, '', 'NO', NULL, NULL, NULL, '', 102220),
(1726, 195, '2015-12-01', '12384000', 0, NULL, '0', NULL, '', 'NO', NULL, NULL, NULL, '', 102221),
(1727, 195, '2015-12-01', '12384000', 0, NULL, '0', NULL, '', 'NO', NULL, NULL, NULL, '', 102222),
(1728, 195, '2015-12-01', '12384000', 0, NULL, '0', NULL, '', 'NO', NULL, NULL, NULL, '', 102223),
(1729, 195, '2015-12-01', '12384000', 0, NULL, '0', NULL, '', 'NO', NULL, NULL, NULL, '', 102224),
(1730, 195, '2015-12-01', '12384000', 0, NULL, '0', NULL, '', 'NO', NULL, NULL, NULL, '', 102225),
(1731, 195, '2015-12-01', '12384000', 0, NULL, '0', NULL, '', 'NO', NULL, NULL, NULL, '', 102226),
(1732, 195, '2015-12-01', '12384000', 0, NULL, '0', NULL, '', 'NO', NULL, NULL, NULL, '', 102227),
(1733, 195, '2015-12-01', '12384000', 0, NULL, '0', NULL, '', 'NO', NULL, NULL, NULL, '', 102228),
(1734, 195, '2015-12-01', '12384000', 0, NULL, '0', NULL, '', 'NO', NULL, NULL, NULL, '', 102229),
(1735, 195, '2015-12-01', '12384000', 0, NULL, '0', NULL, '', 'NO', NULL, NULL, NULL, '', 102230),
(1736, 195, '2015-12-01', '12384000', 0, NULL, '0', NULL, '', 'NO', NULL, NULL, NULL, '', 102231),
(1737, 195, '2015-12-01', '12384000', 0, NULL, '0', NULL, '', 'NO', NULL, NULL, NULL, '', 102232),
(1738, 195, '2015-12-01', '12384000', 0, NULL, '0', NULL, '', 'NO', NULL, NULL, NULL, '', 102233),
(1739, 195, '2015-12-01', '12384000', 0, NULL, '0', NULL, '', 'NO', NULL, NULL, NULL, '', 102234),
(1740, 195, '2015-12-01', '12366626', 0, NULL, '0', NULL, '', 'NO', NULL, NULL, NULL, '', 102235),
(1741, 196, '2015-12-06', '6192000', 0, NULL, '0', NULL, '', 'NO', NULL, NULL, NULL, '', 102240),
(1742, 196, '2015-12-06', '6192000', 0, NULL, '0', NULL, '', 'NO', NULL, NULL, NULL, '', 102241),
(1743, 196, '2015-12-06', '6192000', 0, NULL, '0', NULL, '', 'NO', NULL, NULL, NULL, '', 102242),
(1744, 196, '2015-12-06', '6192000', 0, NULL, '0', NULL, '', 'NO', NULL, NULL, NULL, '', 102243),
(1745, 196, '2015-12-06', '6192000', 0, NULL, '0', NULL, '', 'NO', NULL, NULL, NULL, '', 102244),
(1746, 196, '2015-12-06', '6192000', 0, NULL, '0', NULL, '', 'NO', NULL, NULL, NULL, '', 102245),
(1747, 196, '2015-12-06', '6192000', 0, NULL, '0', NULL, '', 'NO', NULL, NULL, NULL, '', 102246),
(1748, 196, '2015-12-06', '6192000', 0, NULL, '0', NULL, '', 'NO', NULL, NULL, NULL, '', 102247),
(1749, 196, '2015-12-06', '6192000', 0, NULL, '0', NULL, '', 'NO', NULL, NULL, NULL, '', 102248),
(1750, 196, '2015-12-06', '6192000', 0, NULL, '0', NULL, '', 'NO', NULL, NULL, NULL, '', 102249),
(1751, 196, '2015-12-06', '6192000', 0, NULL, '0', NULL, '', 'NO', NULL, NULL, NULL, '', 102250),
(1752, 196, '2015-12-06', '6192000', 0, NULL, '0', NULL, '', 'NO', NULL, NULL, NULL, '', 102251),
(1753, 196, '2015-12-06', '6192000', 0, NULL, '0', NULL, '', 'NO', NULL, NULL, NULL, '', 102252),
(1754, 196, '2015-12-06', '6192000', 0, NULL, '0', NULL, '', 'NO', NULL, NULL, NULL, '', 102253),
(1755, 196, '2015-12-06', '6192000', 0, NULL, '0', NULL, '', 'NO', NULL, NULL, NULL, '', 102254),
(1756, 196, '2015-12-06', '6192000', 0, NULL, '0', NULL, '', 'NO', NULL, NULL, NULL, '', 102255),
(1757, 196, '2015-12-06', '6192000', 0, NULL, '0', NULL, '', 'NO', NULL, NULL, NULL, '', 102256),
(1758, 196, '2015-12-06', '6183313', 0, NULL, '0', NULL, '', 'NO', NULL, NULL, NULL, '', 102257),
(1759, 197, '2015-06-18', '950000000', 0, NULL, '0', NULL, '', 'NO', NULL, NULL, NULL, '', 102292),
(1760, 198, '2015-06-19', '900000000', 1, '2015-07-26 00:00:00', '21000000', NULL, '0', 'YES', NULL, NULL, NULL, 'برگشت کارمزد اضافه شده ', 102293),
(1761, 198, '2015-07-20', '21000000', 0, NULL, '0', NULL, '0', 'NO', NULL, NULL, NULL, 'قسط اضافه شده بابت کارمزد', 102394),
(1762, 199, '2015-09-28', '3404000', 2, '2015-10-26 00:00:00', '3404000', NULL, '0', 'YES', NULL, NULL, NULL, '', 102294),
(1763, 199, '2015-09-28', '3404000', 0, NULL, '0', NULL, '', 'NO', NULL, NULL, NULL, '', 102295),
(1764, 199, '2015-09-28', '3404000', 0, NULL, '0', NULL, '', 'NO', NULL, NULL, NULL, '', 102296),
(1765, 199, '2015-09-28', '3404000', 0, NULL, '0', NULL, '', 'NO', NULL, NULL, NULL, '', 102297),
(1766, 199, '2015-09-28', '3404000', 0, NULL, '0', NULL, '', 'NO', NULL, NULL, NULL, '', 102298),
(1767, 199, '2015-09-28', '3404000', 0, NULL, '0', NULL, '', 'NO', NULL, NULL, NULL, '', 102299),
(1768, 199, '2015-09-28', '3404000', 0, NULL, '0', NULL, '', 'NO', NULL, NULL, NULL, '', 102300),
(1769, 199, '2015-09-28', '3404000', 0, NULL, '0', NULL, '', 'NO', NULL, NULL, NULL, '', 102301),
(1770, 199, '2015-09-28', '3396465', 0, NULL, '0', NULL, '', 'NO', NULL, NULL, NULL, '', 102302),
(1771, 200, '2015-12-27', '12384000', 0, NULL, '0', NULL, '', 'NO', NULL, NULL, NULL, '', 102303),
(1772, 200, '2015-12-27', '12384000', 0, NULL, '0', NULL, '', 'NO', NULL, NULL, NULL, '', 102304),
(1773, 200, '2015-12-27', '12384000', 0, NULL, '0', NULL, '', 'NO', NULL, NULL, NULL, '', 102305),
(1774, 200, '2015-12-27', '12384000', 0, NULL, '0', NULL, '', 'NO', NULL, NULL, NULL, '', 102306),
(1775, 200, '2015-12-27', '12384000', 0, NULL, '0', NULL, '', 'NO', NULL, NULL, NULL, '', 102307),
(1776, 200, '2015-12-27', '12384000', 0, NULL, '0', NULL, '', 'NO', NULL, NULL, NULL, '', 102308),
(1777, 200, '2015-12-27', '12384000', 0, NULL, '0', NULL, '', 'NO', NULL, NULL, NULL, '', 102309),
(1778, 200, '2015-12-27', '12384000', 0, NULL, '0', NULL, '', 'NO', NULL, NULL, NULL, '', 102310),
(1779, 200, '2015-12-27', '12384000', 0, NULL, '0', NULL, '', 'NO', NULL, NULL, NULL, '', 102311),
(1780, 200, '2015-12-27', '12384000', 0, NULL, '0', NULL, '', 'NO', NULL, NULL, NULL, '', 102312),
(1781, 200, '2015-12-27', '12384000', 0, NULL, '0', NULL, '', 'NO', NULL, NULL, NULL, '', 102313),
(1782, 200, '2015-12-27', '12384000', 0, NULL, '0', NULL, '', 'NO', NULL, NULL, NULL, '', 102314),
(1783, 200, '2015-12-27', '12384000', 0, NULL, '0', NULL, '', 'NO', NULL, NULL, NULL, '', 102315),
(1784, 200, '2015-12-27', '12384000', 0, NULL, '0', NULL, '', 'NO', NULL, NULL, NULL, '', 102316),
(1785, 200, '2015-12-27', '12384000', 0, NULL, '0', NULL, '', 'NO', NULL, NULL, NULL, '', 102317),
(1786, 200, '2015-12-27', '12384000', 0, NULL, '0', NULL, '', 'NO', NULL, NULL, NULL, '', 102318),
(1787, 200, '2015-12-27', '12384000', 0, NULL, '0', NULL, '', 'NO', NULL, NULL, NULL, '', 102319),
(1788, 200, '2015-12-27', '12366626', 0, NULL, '0', NULL, '', 'NO', NULL, NULL, NULL, '', 102320),
(1789, 201, '2015-12-27', '4335000', 0, NULL, '0', NULL, '', 'NO', NULL, NULL, NULL, '', 102321),
(1790, 201, '2015-12-27', '4335000', 0, NULL, '0', NULL, '', 'NO', NULL, NULL, NULL, '', 102322),
(1791, 201, '2015-12-27', '4335000', 0, NULL, '0', NULL, '', 'NO', NULL, NULL, NULL, '', 102323),
(1792, 201, '2015-12-27', '4335000', 0, NULL, '0', NULL, '', 'NO', NULL, NULL, NULL, '', 102324),
(1793, 201, '2015-12-27', '4335000', 0, NULL, '0', NULL, '', 'NO', NULL, NULL, NULL, '', 102325),
(1794, 201, '2015-12-27', '4335000', 0, NULL, '0', NULL, '', 'NO', NULL, NULL, NULL, '', 102326),
(1795, 201, '2015-12-27', '4335000', 0, NULL, '0', NULL, '', 'NO', NULL, NULL, NULL, '', 102327),
(1796, 201, '2015-12-27', '4335000', 0, NULL, '0', NULL, '', 'NO', NULL, NULL, NULL, '', 102328),
(1797, 201, '2015-12-27', '4335000', 0, NULL, '0', NULL, '', 'NO', NULL, NULL, NULL, '', 102329);
INSERT INTO `LON_installments` (`InstallmentID`, `PartID`, `InstallmentDate`, `InstallmentAmount`, `PaidType`, `PaidDate`, `PaidAmount`, `PaidRefNo`, `PaidBillNo`, `IsPaid`, `ChequeNo`, `ChequeBank`, `ChequeBranch`, `details`, `imp_SerialNo`) VALUES
(1798, 201, '2015-12-27', '4335000', 0, NULL, '0', NULL, '', 'NO', NULL, NULL, NULL, '', 102330),
(1799, 201, '2015-12-27', '4335000', 0, NULL, '0', NULL, '', 'NO', NULL, NULL, NULL, '', 102331),
(1800, 201, '2015-12-27', '4335000', 0, NULL, '0', NULL, '', 'NO', NULL, NULL, NULL, '', 102332),
(1801, 201, '2015-12-27', '4335000', 0, NULL, '0', NULL, '', 'NO', NULL, NULL, NULL, '', 102333),
(1802, 201, '2015-12-27', '4335000', 0, NULL, '0', NULL, '', 'NO', NULL, NULL, NULL, '', 102334),
(1803, 201, '2015-12-27', '4335000', 0, NULL, '0', NULL, '', 'NO', NULL, NULL, NULL, '', 102335),
(1804, 201, '2015-12-27', '4335000', 0, NULL, '0', NULL, '', 'NO', NULL, NULL, NULL, '', 102336),
(1805, 201, '2015-12-27', '4335000', 0, NULL, '0', NULL, '', 'NO', NULL, NULL, NULL, '', 102337),
(1806, 201, '2015-12-27', '4318119', 0, NULL, '0', NULL, '', 'NO', NULL, NULL, NULL, '', 102338),
(1807, 202, '2015-12-28', '6934000', 0, NULL, '0', NULL, '', 'NO', NULL, NULL, NULL, '', 102339),
(1808, 202, '2015-12-28', '6934000', 0, NULL, '0', NULL, '', 'NO', NULL, NULL, NULL, '', 102340),
(1809, 202, '2015-12-28', '6934000', 0, NULL, '0', NULL, '', 'NO', NULL, NULL, NULL, '', 102341),
(1810, 202, '2015-12-28', '6934000', 0, NULL, '0', NULL, '', 'NO', NULL, NULL, NULL, '', 102342),
(1811, 202, '2015-12-28', '6934000', 0, NULL, '0', NULL, '', 'NO', NULL, NULL, NULL, '', 102343),
(1812, 202, '2015-12-28', '6934000', 0, NULL, '0', NULL, '', 'NO', NULL, NULL, NULL, '', 102344),
(1813, 202, '2015-12-28', '6934000', 0, NULL, '0', NULL, '', 'NO', NULL, NULL, NULL, '', 102345),
(1814, 202, '2015-12-28', '6934000', 0, NULL, '0', NULL, '', 'NO', NULL, NULL, NULL, '', 102346),
(1815, 202, '2015-12-28', '6934000', 0, NULL, '0', NULL, '', 'NO', NULL, NULL, NULL, '', 102347),
(1816, 202, '2015-12-28', '6934000', 0, NULL, '0', NULL, '', 'NO', NULL, NULL, NULL, '', 102348),
(1817, 202, '2015-12-28', '6934000', 0, NULL, '0', NULL, '', 'NO', NULL, NULL, NULL, '', 102349),
(1818, 202, '2015-12-28', '6934000', 0, NULL, '0', NULL, '', 'NO', NULL, NULL, NULL, '', 102350),
(1819, 202, '2015-12-28', '6934000', 0, NULL, '0', NULL, '', 'NO', NULL, NULL, NULL, '', 102351),
(1820, 202, '2015-12-28', '6934000', 0, NULL, '0', NULL, '', 'NO', NULL, NULL, NULL, '', 102352),
(1821, 202, '2015-12-28', '6934000', 0, NULL, '0', NULL, '', 'NO', NULL, NULL, NULL, '', 102353),
(1822, 202, '2015-12-28', '6934000', 0, NULL, '0', NULL, '', 'NO', NULL, NULL, NULL, '', 102354),
(1823, 202, '2015-12-28', '6934000', 0, NULL, '0', NULL, '', 'NO', NULL, NULL, NULL, '', 102355),
(1824, 202, '2015-12-28', '6927955', 0, NULL, '0', NULL, '', 'NO', NULL, NULL, NULL, '', 102356),
(1825, 203, '2016-01-11', '500000000', 0, NULL, '0', NULL, '', 'NO', NULL, NULL, NULL, '', 102361),
(1826, 204, '2016-01-11', '15479000', 0, NULL, '0', NULL, '', 'NO', NULL, NULL, NULL, '', 102363),
(1827, 204, '2016-01-11', '15479000', 0, NULL, '0', NULL, '', 'NO', NULL, NULL, NULL, '', 102364),
(1828, 204, '2016-01-11', '15479000', 0, NULL, '0', NULL, '', 'NO', NULL, NULL, NULL, '', 102365),
(1829, 204, '2016-01-11', '15479000', 0, NULL, '0', NULL, '', 'NO', NULL, NULL, NULL, '', 102366),
(1830, 204, '2016-01-11', '15479000', 0, NULL, '0', NULL, '', 'NO', NULL, NULL, NULL, '', 102367),
(1831, 204, '2016-01-11', '15479000', 0, NULL, '0', NULL, '', 'NO', NULL, NULL, NULL, '', 102368),
(1832, 204, '2016-01-11', '15479000', 0, NULL, '0', NULL, '', 'NO', NULL, NULL, NULL, '', 102369),
(1833, 204, '2016-01-11', '15479000', 0, NULL, '0', NULL, '', 'NO', NULL, NULL, NULL, '', 102370),
(1834, 204, '2016-01-11', '15479000', 0, NULL, '0', NULL, '', 'NO', NULL, NULL, NULL, '', 102371),
(1835, 204, '2016-01-11', '15479000', 0, NULL, '0', NULL, '', 'NO', NULL, NULL, NULL, '', 102372),
(1836, 204, '2016-01-11', '15479000', 0, NULL, '0', NULL, '', 'NO', NULL, NULL, NULL, '', 102373),
(1837, 204, '2016-01-11', '15479000', 0, NULL, '0', NULL, '', 'NO', NULL, NULL, NULL, '', 102374),
(1838, 204, '2016-01-11', '15479000', 0, NULL, '0', NULL, '', 'NO', NULL, NULL, NULL, '', 102375),
(1839, 204, '2016-01-11', '15479000', 0, NULL, '0', NULL, '', 'NO', NULL, NULL, NULL, '', 102376),
(1840, 204, '2016-01-11', '15479000', 0, NULL, '0', NULL, '', 'NO', NULL, NULL, NULL, '', 102377),
(1841, 204, '2016-01-11', '15479000', 0, NULL, '0', NULL, '', 'NO', NULL, NULL, NULL, '', 102378),
(1842, 204, '2016-01-11', '15479000', 0, NULL, '0', NULL, '', 'NO', NULL, NULL, NULL, '', 102379),
(1843, 204, '2016-01-11', '15475283', 0, NULL, '0', NULL, '', 'NO', NULL, NULL, NULL, '', 102380),
(1844, 205, '2015-07-14', '1298000000', 0, NULL, '0', NULL, '', 'NO', NULL, NULL, NULL, '', 102381),
(1845, 206, '2015-07-15', '3280000000', 0, NULL, '0', NULL, '', 'NO', NULL, NULL, NULL, '', 102382),
(1846, 207, '2015-07-15', '8000000000', 0, NULL, '0', NULL, '', 'NO', NULL, NULL, NULL, '', 102383),
(1847, 208, '2015-07-15', '1100000000', 0, NULL, '0', NULL, '', 'NO', NULL, NULL, NULL, '', 102384),
(1848, 209, '2015-10-19', '3404000', 0, NULL, '0', NULL, '', 'NO', NULL, NULL, NULL, '', 102385),
(1849, 209, '2015-10-19', '3404000', 0, NULL, '0', NULL, '', 'NO', NULL, NULL, NULL, '', 102386),
(1850, 209, '2015-10-19', '3404000', 0, NULL, '0', NULL, '', 'NO', NULL, NULL, NULL, '', 102387),
(1851, 209, '2015-10-19', '3404000', 0, NULL, '0', NULL, '', 'NO', NULL, NULL, NULL, '', 102388),
(1852, 209, '2015-10-19', '3404000', 0, NULL, '0', NULL, '', 'NO', NULL, NULL, NULL, '', 102389),
(1853, 209, '2015-10-19', '3404000', 0, NULL, '0', NULL, '', 'NO', NULL, NULL, NULL, '', 102390),
(1854, 209, '2015-10-19', '3404000', 0, NULL, '0', NULL, '', 'NO', NULL, NULL, NULL, '', 102391),
(1855, 209, '2015-10-19', '3404000', 0, NULL, '0', NULL, '', 'NO', NULL, NULL, NULL, '', 102392),
(1856, 209, '2015-10-19', '3396465', 0, NULL, '0', NULL, '', 'NO', NULL, NULL, NULL, '', 102393),
(1857, 210, '2015-08-30', '10000000000', 0, NULL, '0', NULL, '', 'NO', NULL, NULL, NULL, '', 102400),
(1858, 211, '2015-09-08', '1282000', 0, NULL, '0', NULL, '', 'NO', NULL, NULL, NULL, '', 102404),
(1859, 211, '2015-09-08', '1282000', 0, NULL, '0', NULL, '', 'NO', NULL, NULL, NULL, '', 102405),
(1860, 211, '2015-09-08', '1282000', 0, NULL, '0', NULL, '', 'NO', NULL, NULL, NULL, '', 102406),
(1861, 211, '2015-09-08', '1282000', 0, NULL, '0', NULL, '', 'NO', NULL, NULL, NULL, '', 102407),
(1862, 211, '2015-09-08', '1282000', 0, NULL, '0', NULL, '', 'NO', NULL, NULL, NULL, '', 102408),
(1863, 211, '2015-09-08', '1282000', 0, NULL, '0', NULL, '', 'NO', NULL, NULL, NULL, '', 102409),
(1864, 211, '2015-09-08', '1282000', 0, NULL, '0', NULL, '', 'NO', NULL, NULL, NULL, '', 102410),
(1865, 211, '2015-09-08', '1282000', 0, NULL, '0', NULL, '', 'NO', NULL, NULL, NULL, '', 102411),
(1866, 211, '2015-09-08', '1282000', 0, NULL, '0', NULL, '', 'NO', NULL, NULL, NULL, '', 102412),
(1867, 211, '2015-09-08', '1282000', 0, NULL, '0', NULL, '', 'NO', NULL, NULL, NULL, '', 102413),
(1868, 211, '2015-09-08', '1282000', 0, NULL, '0', NULL, '', 'NO', NULL, NULL, NULL, '', 102414),
(1869, 211, '2015-09-08', '1282000', 0, NULL, '0', NULL, '', 'NO', NULL, NULL, NULL, '', 102415),
(1870, 211, '2015-09-08', '1282000', 0, NULL, '0', NULL, '', 'NO', NULL, NULL, NULL, '', 102416),
(1871, 211, '2015-09-08', '1282000', 0, NULL, '0', NULL, '', 'NO', NULL, NULL, NULL, '', 102417),
(1872, 211, '2015-09-08', '1282000', 0, NULL, '0', NULL, '', 'NO', NULL, NULL, NULL, '', 102418),
(1873, 211, '2015-09-08', '1282000', 0, NULL, '0', NULL, '', 'NO', NULL, NULL, NULL, '', 102419),
(1874, 211, '2015-09-08', '1282000', 0, NULL, '0', NULL, '', 'NO', NULL, NULL, NULL, '', 102420),
(1875, 211, '2015-09-08', '1282000', 0, NULL, '0', NULL, '', 'NO', NULL, NULL, NULL, '', 102421),
(1876, 211, '2015-09-08', '1282000', 0, NULL, '0', NULL, '', 'NO', NULL, NULL, NULL, '', 102422),
(1877, 211, '2015-09-08', '1282000', 0, NULL, '0', NULL, '', 'NO', NULL, NULL, NULL, '', 102423),
(1878, 211, '2015-09-08', '1282000', 0, NULL, '0', NULL, '', 'NO', NULL, NULL, NULL, '', 102424),
(1879, 211, '2015-09-08', '1282000', 0, NULL, '0', NULL, '', 'NO', NULL, NULL, NULL, '', 102425),
(1880, 211, '2015-09-08', '1282000', 0, NULL, '0', NULL, '', 'NO', NULL, NULL, NULL, '', 102426),
(1881, 211, '2015-09-08', '1258845', 0, NULL, '0', NULL, '', 'NO', NULL, NULL, NULL, '', 102427),
(1882, 212, '2015-09-16', '1501000', 0, NULL, '0', NULL, '', 'NO', NULL, NULL, NULL, '', 102429),
(1883, 212, '2015-09-16', '1501000', 0, NULL, '0', NULL, '', 'NO', NULL, NULL, NULL, '', 102430),
(1884, 212, '2015-09-16', '1501000', 0, NULL, '0', NULL, '', 'NO', NULL, NULL, NULL, '', 102431),
(1885, 212, '2015-09-16', '1501000', 0, NULL, '0', NULL, '', 'NO', NULL, NULL, NULL, '', 102432),
(1886, 212, '2015-09-16', '1501000', 0, NULL, '0', NULL, '', 'NO', NULL, NULL, NULL, '', 102433),
(1887, 212, '2015-09-16', '1501000', 0, NULL, '0', NULL, '', 'NO', NULL, NULL, NULL, '', 102434),
(1888, 212, '2015-09-16', '1501000', 0, NULL, '0', NULL, '', 'NO', NULL, NULL, NULL, '', 102435),
(1889, 212, '2015-09-16', '1501000', 0, NULL, '0', NULL, '', 'NO', NULL, NULL, NULL, '', 102436),
(1890, 212, '2015-09-16', '1501000', 0, NULL, '0', NULL, '', 'NO', NULL, NULL, NULL, '', 102437),
(1891, 212, '2015-09-16', '1501000', 0, NULL, '0', NULL, '', 'NO', NULL, NULL, NULL, '', 102438),
(1892, 212, '2015-09-16', '1501000', 0, NULL, '0', NULL, '', 'NO', NULL, NULL, NULL, '', 102439),
(1893, 212, '2015-09-16', '1501000', 0, NULL, '0', NULL, '', 'NO', NULL, NULL, NULL, '', 102440),
(1894, 212, '2015-09-16', '1501000', 0, NULL, '0', NULL, '', 'NO', NULL, NULL, NULL, '', 102441),
(1895, 212, '2015-09-16', '1501000', 0, NULL, '0', NULL, '', 'NO', NULL, NULL, NULL, '', 102442),
(1896, 212, '2015-09-16', '1501000', 0, NULL, '0', NULL, '', 'NO', NULL, NULL, NULL, '', 102443),
(1897, 212, '2015-09-16', '1501000', 0, NULL, '0', NULL, '', 'NO', NULL, NULL, NULL, '', 102444),
(1898, 212, '2015-09-16', '1501000', 0, NULL, '0', NULL, '', 'NO', NULL, NULL, NULL, '', 102445),
(1899, 212, '2015-09-16', '1501000', 0, NULL, '0', NULL, '', 'NO', NULL, NULL, NULL, '', 102446),
(1900, 212, '2015-09-16', '1501000', 0, NULL, '0', NULL, '', 'NO', NULL, NULL, NULL, '', 102447),
(1901, 212, '2015-09-16', '1481000', 0, NULL, '0', NULL, '', 'NO', NULL, NULL, NULL, '', 102448),
(1902, 213, '2015-09-19', '1713000', 2, '2015-10-26 00:00:00', '1713000', NULL, '0', 'YES', NULL, NULL, NULL, '', 102449),
(1903, 213, '2015-09-19', '1713000', 0, NULL, '0', NULL, '', 'NO', NULL, NULL, NULL, '', 102450),
(1904, 213, '2015-09-19', '1713000', 0, NULL, '0', NULL, '', 'NO', NULL, NULL, NULL, '', 102451),
(1905, 213, '2015-09-19', '1713000', 0, NULL, '0', NULL, '', 'NO', NULL, NULL, NULL, '', 102452),
(1906, 213, '2015-09-19', '1713000', 0, NULL, '0', NULL, '', 'NO', NULL, NULL, NULL, '', 102453),
(1907, 213, '2015-09-19', '1713000', 0, NULL, '0', NULL, '', 'NO', NULL, NULL, NULL, '', 102454),
(1908, 213, '2015-09-19', '1713000', 0, NULL, '0', NULL, '', 'NO', NULL, NULL, NULL, '', 102455),
(1909, 213, '2015-09-19', '1713000', 0, NULL, '0', NULL, '', 'NO', NULL, NULL, NULL, '', 102456),
(1910, 213, '2015-09-19', '1713000', 0, NULL, '0', NULL, '', 'NO', NULL, NULL, NULL, '', 102457),
(1911, 213, '2015-09-19', '1713000', 0, NULL, '0', NULL, '', 'NO', NULL, NULL, NULL, '', 102458),
(1912, 213, '2015-09-19', '1713000', 0, NULL, '0', NULL, '', 'NO', NULL, NULL, NULL, '', 102459),
(1913, 213, '2015-09-19', '1702796', 0, NULL, '0', NULL, '', 'NO', NULL, NULL, NULL, '', 102460),
(1914, 214, '2017-10-02', '31922700', 1, '2015-09-08 00:00:00', '31922700', NULL, '0', 'YES', NULL, NULL, NULL, 'برگشت سود وتغییرقرارداد', 102465),
(1915, 214, '2017-11-01', '70000000', 0, NULL, '0', NULL, '0', 'NO', NULL, NULL, NULL, 'قسط اضافه شده بابت کارمزد', 102466),
(1916, 214, '2017-12-01', '218077300', 0, NULL, '0', NULL, '0', 'NO', NULL, NULL, NULL, '', 102487),
(1917, 215, '2016-03-29', '150000000', 0, NULL, '0', NULL, '', 'NO', NULL, NULL, NULL, '', 102467),
(1918, 215, '2016-04-29', '6125000', 0, NULL, '0', NULL, '0', 'NO', NULL, NULL, NULL, 'قسط اضافه شده بابت کارمزد', 102468),
(1919, 216, '2016-04-05', '15479000', 0, NULL, '0', NULL, '', 'NO', NULL, NULL, NULL, '', 102469),
(1920, 216, '2016-04-05', '15479000', 0, NULL, '0', NULL, '', 'NO', NULL, NULL, NULL, '', 102470),
(1921, 216, '2016-04-05', '15479000', 0, NULL, '0', NULL, '', 'NO', NULL, NULL, NULL, '', 102471),
(1922, 216, '2016-04-05', '15479000', 0, NULL, '0', NULL, '', 'NO', NULL, NULL, NULL, '', 102472),
(1923, 216, '2016-04-05', '15479000', 0, NULL, '0', NULL, '', 'NO', NULL, NULL, NULL, '', 102473),
(1924, 216, '2016-04-05', '15479000', 0, NULL, '0', NULL, '', 'NO', NULL, NULL, NULL, '', 102474),
(1925, 216, '2016-04-05', '15479000', 0, NULL, '0', NULL, '', 'NO', NULL, NULL, NULL, '', 102475),
(1926, 216, '2016-04-05', '15479000', 0, NULL, '0', NULL, '', 'NO', NULL, NULL, NULL, '', 102476),
(1927, 216, '2016-04-05', '15479000', 0, NULL, '0', NULL, '', 'NO', NULL, NULL, NULL, '', 102477),
(1928, 216, '2016-04-05', '15479000', 0, NULL, '0', NULL, '', 'NO', NULL, NULL, NULL, '', 102478),
(1929, 216, '2016-04-05', '15479000', 0, NULL, '0', NULL, '', 'NO', NULL, NULL, NULL, '', 102479),
(1930, 216, '2016-04-05', '15479000', 0, NULL, '0', NULL, '', 'NO', NULL, NULL, NULL, '', 102480),
(1931, 216, '2016-04-05', '15479000', 0, NULL, '0', NULL, '', 'NO', NULL, NULL, NULL, '', 102481),
(1932, 216, '2016-04-05', '15479000', 0, NULL, '0', NULL, '', 'NO', NULL, NULL, NULL, '', 102482),
(1933, 216, '2016-04-05', '15479000', 0, NULL, '0', NULL, '', 'NO', NULL, NULL, NULL, '', 102483),
(1934, 216, '2016-04-05', '15479000', 0, NULL, '0', NULL, '', 'NO', NULL, NULL, NULL, '', 102484),
(1935, 216, '2016-04-05', '15479000', 0, NULL, '0', NULL, '', 'NO', NULL, NULL, NULL, '', 102485),
(1936, 216, '2016-04-05', '15475283', 0, NULL, '0', NULL, '', 'NO', NULL, NULL, NULL, '', 102486),
(1937, 217, '2016-01-16', '3404000', 0, NULL, '0', NULL, '', 'NO', NULL, NULL, NULL, '', 102496),
(1938, 217, '2016-01-16', '3404000', 0, NULL, '0', NULL, '', 'NO', NULL, NULL, NULL, '', 102497),
(1939, 217, '2016-01-16', '3404000', 0, NULL, '0', NULL, '', 'NO', NULL, NULL, NULL, '', 102498),
(1940, 217, '2016-01-16', '3404000', 0, NULL, '0', NULL, '', 'NO', NULL, NULL, NULL, '', 102499),
(1941, 217, '2016-01-16', '3404000', 0, NULL, '0', NULL, '', 'NO', NULL, NULL, NULL, '', 102500),
(1942, 217, '2016-01-16', '3404000', 0, NULL, '0', NULL, '', 'NO', NULL, NULL, NULL, '', 102501),
(1943, 217, '2016-01-16', '3404000', 0, NULL, '0', NULL, '', 'NO', NULL, NULL, NULL, '', 102502),
(1944, 217, '2016-01-16', '3404000', 0, NULL, '0', NULL, '', 'NO', NULL, NULL, NULL, '', 102503),
(1945, 217, '2016-01-16', '3396465', 0, NULL, '0', NULL, '', 'NO', NULL, NULL, NULL, '', 102504),
(1946, 218, '2015-10-18', '1000000000', 0, NULL, '0', NULL, '', 'NO', NULL, NULL, NULL, '', 102505),
(1947, 219, '2015-10-21', '1000000000', 0, NULL, '0', NULL, '', 'NO', NULL, NULL, NULL, '', 102507),
(1948, 220, '2015-10-21', '1404000', 1, '2015-10-28 00:00:00', '1400000', NULL, '0', 'YES', NULL, NULL, NULL, '', 102508),
(1949, 220, '2015-10-21', '1404000', 0, NULL, '0', NULL, '', 'NO', NULL, NULL, NULL, '', 102509),
(1950, 220, '2015-10-21', '1404000', 0, NULL, '0', NULL, '', 'NO', NULL, NULL, NULL, '', 102510),
(1951, 220, '2015-10-21', '1404000', 0, NULL, '0', NULL, '', 'NO', NULL, NULL, NULL, '', 102511),
(1952, 220, '2015-10-21', '1404000', 0, NULL, '0', NULL, '', 'NO', NULL, NULL, NULL, '', 102512),
(1953, 220, '2015-10-21', '1404000', 0, NULL, '0', NULL, '', 'NO', NULL, NULL, NULL, '', 102513),
(1954, 220, '2015-10-21', '1404000', 0, NULL, '0', NULL, '', 'NO', NULL, NULL, NULL, '', 102514),
(1955, 220, '2015-10-21', '1404000', 0, NULL, '0', NULL, '', 'NO', NULL, NULL, NULL, '', 102515),
(1956, 220, '2015-10-21', '1404000', 0, NULL, '0', NULL, '', 'NO', NULL, NULL, NULL, '', 102516),
(1957, 220, '2015-10-21', '1404000', 0, NULL, '0', NULL, '', 'NO', NULL, NULL, NULL, '', 102517),
(1958, 220, '2015-10-21', '1404000', 0, NULL, '0', NULL, '', 'NO', NULL, NULL, NULL, '', 102518),
(1959, 220, '2015-10-21', '1404000', 0, NULL, '0', NULL, '', 'NO', NULL, NULL, NULL, '', 102519),
(1960, 220, '2015-10-21', '1404000', 0, NULL, '0', NULL, '', 'NO', NULL, NULL, NULL, '', 102520),
(1961, 220, '2015-10-21', '1404000', 0, NULL, '0', NULL, '', 'NO', NULL, NULL, NULL, '', 102521),
(1962, 220, '2015-10-21', '1404000', 0, NULL, '0', NULL, '', 'NO', NULL, NULL, NULL, '', 102522),
(1963, 220, '2015-10-21', '1404000', 0, NULL, '0', NULL, '', 'NO', NULL, NULL, NULL, '', 102523),
(1964, 220, '2015-10-21', '1404000', 0, NULL, '0', NULL, '', 'NO', NULL, NULL, NULL, '', 102524),
(1965, 220, '2015-10-21', '1404000', 0, NULL, '0', NULL, '', 'NO', NULL, NULL, NULL, '', 102525),
(1966, 220, '2015-10-21', '1404000', 0, NULL, '0', NULL, '', 'NO', NULL, NULL, NULL, '', 102526),
(1967, 220, '2015-10-21', '1404000', 0, NULL, '0', NULL, '', 'NO', NULL, NULL, NULL, '', 102527),
(1968, 220, '2015-10-21', '1404000', 0, NULL, '0', NULL, '', 'NO', NULL, NULL, NULL, '', 102528),
(1969, 220, '2015-10-21', '1404000', 0, NULL, '0', NULL, '', 'NO', NULL, NULL, NULL, '', 102529),
(1970, 220, '2015-10-21', '1404000', 0, NULL, '0', NULL, '', 'NO', NULL, NULL, NULL, '', 102530),
(1971, 220, '2015-10-21', '1404000', 0, NULL, '0', NULL, '', 'NO', NULL, NULL, NULL, '', 102531),
(1972, 220, '2015-10-21', '1404000', 0, NULL, '0', NULL, '', 'NO', NULL, NULL, NULL, '', 102532),
(1973, 220, '2015-10-21', '1404000', 0, NULL, '0', NULL, '', 'NO', NULL, NULL, NULL, '', 102533),
(1974, 220, '2015-10-21', '1404000', 0, NULL, '0', NULL, '', 'NO', NULL, NULL, NULL, '', 102534),
(1975, 220, '2015-10-21', '1404000', 0, NULL, '0', NULL, '', 'NO', NULL, NULL, NULL, '', 102535),
(1976, 220, '2015-10-21', '1404000', 0, NULL, '0', NULL, '', 'NO', NULL, NULL, NULL, '', 102536),
(1977, 220, '2015-10-21', '1383902', 0, NULL, '0', NULL, '', 'NO', NULL, NULL, NULL, '', 102537),
(1978, 221, '2015-10-22', '250000000', 0, NULL, '0', NULL, '', 'NO', NULL, NULL, NULL, '', 102538),
(1979, 222, '2015-10-23', '475000000', 0, NULL, '0', NULL, '', 'NO', NULL, NULL, NULL, '', 102539),
(1980, 223, '2016-11-09', '39584000', 0, NULL, '0', NULL, '', 'NO', NULL, NULL, NULL, '', 102552),
(1981, 223, '2016-11-09', '39584000', 0, NULL, '0', NULL, '', 'NO', NULL, NULL, NULL, '', 102553),
(1982, 223, '2016-11-09', '39584000', 0, NULL, '0', NULL, '', 'NO', NULL, NULL, NULL, '', 102554),
(1983, 223, '2016-11-09', '39584000', 0, NULL, '0', NULL, '', 'NO', NULL, NULL, NULL, '', 102555),
(1984, 223, '2016-11-09', '39584000', 0, NULL, '0', NULL, '', 'NO', NULL, NULL, NULL, '', 102556),
(1985, 223, '2016-11-09', '39584000', 0, NULL, '0', NULL, '', 'NO', NULL, NULL, NULL, '', 102557),
(1986, 223, '2016-11-09', '39584000', 0, NULL, '0', NULL, '', 'NO', NULL, NULL, NULL, '', 102558),
(1987, 223, '2016-11-09', '39584000', 0, NULL, '0', NULL, '', 'NO', NULL, NULL, NULL, '', 102559),
(1988, 223, '2016-11-09', '39584000', 0, NULL, '0', NULL, '', 'NO', NULL, NULL, NULL, '', 102560),
(1989, 223, '2016-11-09', '39584000', 0, NULL, '0', NULL, '', 'NO', NULL, NULL, NULL, '', 102561),
(1990, 223, '2016-11-09', '39584000', 0, NULL, '0', NULL, '', 'NO', NULL, NULL, NULL, '', 102562),
(1991, 223, '2016-11-09', '39576000', 0, NULL, '0', NULL, '', 'NO', NULL, NULL, NULL, '', 102563),
(1992, 224, '2015-11-12', '2300000000', 0, NULL, '0', NULL, '', 'NO', NULL, NULL, NULL, '', 102564),
(1993, 225, '2015-11-12', '7500000000', 0, NULL, '0', NULL, '', 'NO', NULL, NULL, NULL, '', 102565),
(1994, 226, '2016-02-26', '3404000', 0, NULL, '0', NULL, '', 'NO', NULL, NULL, NULL, '', 102569),
(1995, 226, '2016-02-26', '3404000', 0, NULL, '0', NULL, '', 'NO', NULL, NULL, NULL, '', 102570),
(1996, 226, '2016-02-26', '3404000', 0, NULL, '0', NULL, '', 'NO', NULL, NULL, NULL, '', 102571),
(1997, 226, '2016-02-26', '3404000', 0, NULL, '0', NULL, '', 'NO', NULL, NULL, NULL, '', 102572),
(1998, 226, '2016-02-26', '3404000', 0, NULL, '0', NULL, '', 'NO', NULL, NULL, NULL, '', 102573),
(1999, 226, '2016-02-26', '3404000', 0, NULL, '0', NULL, '', 'NO', NULL, NULL, NULL, '', 102574),
(2000, 226, '2016-02-26', '3404000', 0, NULL, '0', NULL, '', 'NO', NULL, NULL, NULL, '', 102575),
(2001, 226, '2016-02-26', '3404000', 0, NULL, '0', NULL, '', 'NO', NULL, NULL, NULL, '', 102576),
(2002, 226, '2016-02-26', '3396465', 0, NULL, '0', NULL, '', 'NO', NULL, NULL, NULL, '', 102577);

-- --------------------------------------------------------

--
-- Table structure for table `LON_loans`
--

CREATE TABLE IF NOT EXISTS `LON_loans` (
  `LoanID` int(10) unsigned NOT NULL AUTO_INCREMENT COMMENT 'کد وام',
  `GroupID` int(10) unsigned NOT NULL COMMENT 'کد گروه وام',
  `LoanDesc` varchar(500) NOT NULL COMMENT 'عنوان وام',
  `MaxAmount` decimal(15,0) NOT NULL DEFAULT '0' COMMENT 'سقف مبلغ',
  `InstallmentCount` smallint(5) unsigned NOT NULL DEFAULT '0' COMMENT 'تعداد اقساط',
  `IntervalType` enum('MONTH','DAY') NOT NULL,
  `PayInterval` smallint(5) unsigned NOT NULL DEFAULT '0' COMMENT 'فاصله اقساط',
  `DelayMonths` smallint(5) unsigned NOT NULL DEFAULT '0' COMMENT 'زمان تنفس به ماه',
  `ForfeitPercent` decimal(15,0) NOT NULL DEFAULT '0' COMMENT 'مبلغ قسط اول',
  `CustomerWage` smallint(5) unsigned NOT NULL DEFAULT '0' COMMENT 'درصد جریمه',
  `BlockID` int(10) unsigned DEFAULT NULL,
  PRIMARY KEY (`LoanID`)
) ENGINE=InnoDB  DEFAULT CHARSET=utf8 AUTO_INCREMENT=10 ;

--
-- Dumping data for table `LON_loans`
--

INSERT INTO `LON_loans` (`LoanID`, `GroupID`, `LoanDesc`, `MaxAmount`, `InstallmentCount`, `IntervalType`, `PayInterval`, `DelayMonths`, `ForfeitPercent`, `CustomerWage`, `BlockID`) VALUES
(1, 1, 'وام قرض الحسنه', '10000000', 0, 'MONTH', 0, 0, '0', 0, 45),
(2, 1, 'وام کارگشائی', '10000000', 0, 'MONTH', 1, 0, '0', 0, 46),
(3, 1, 'وام ضروری', '10000000', 0, 'MONTH', 0, 0, '0', 0, 47),
(4, 1, 'وام پژوهشی', '10000000', 0, 'MONTH', 0, 0, '0', 0, 48),
(5, 1, 'وام علم تا عمل', '10000000', 0, 'MONTH', 0, 0, '0', 0, 50),
(6, 1, 'وام قرض الحسنه خیرین', '10000000', 0, 'MONTH', 0, 0, '0', 0, 52),
(7, 1, 'وام فناوریهای نوین', '10000000', 0, 'MONTH', 0, 0, '0', 0, 54),
(8, 1, 'وام تجاری سازی', '10000000', 0, 'MONTH', 0, 0, '0', 0, 55),
(9, 1, 'وام عاملیت', '10000000', 0, 'MONTH', 0, 0, '0', 0, 119);

-- --------------------------------------------------------

--
-- Table structure for table `LON_ReqFlow`
--

CREATE TABLE IF NOT EXISTS `LON_ReqFlow` (
  `FlowID` int(10) unsigned NOT NULL AUTO_INCREMENT,
  `RequestID` int(10) unsigned NOT NULL,
  `PersonID` int(10) unsigned NOT NULL,
  `StatusID` smallint(5) unsigned NOT NULL,
  `ActDate` datetime NOT NULL,
  `StepComment` varchar(500) CHARACTER SET utf8 DEFAULT NULL,
  PRIMARY KEY (`FlowID`)
) ENGINE=InnoDB  DEFAULT CHARSET=latin1 AUTO_INCREMENT=5 ;

--
-- Dumping data for table `LON_ReqFlow`
--

INSERT INTO `LON_ReqFlow` (`FlowID`, `RequestID`, `PersonID`, `StatusID`, `ActDate`, `StepComment`) VALUES
(1, 229, 1000, 0, '2015-12-13 05:57:33', ''),
(2, 230, 1120, 10, '2015-12-13 06:00:33', ''),
(3, 230, 1000, 30, '2015-12-13 06:01:14', ''),
(4, 230, 1000, 40, '2015-12-13 06:01:18', '');

-- --------------------------------------------------------

--
-- Table structure for table `LON_ReqParts`
--

CREATE TABLE IF NOT EXISTS `LON_ReqParts` (
  `PartID` int(10) unsigned NOT NULL AUTO_INCREMENT,
  `RequestID` int(10) unsigned NOT NULL,
  `PartDesc` varchar(200) NOT NULL,
  `PartDate` date NOT NULL,
  `PartAmount` decimal(15,0) NOT NULL,
  `InstallmentCount` smallint(5) unsigned NOT NULL DEFAULT '1',
  `IntervalType` enum('MONTH','DAY') NOT NULL DEFAULT 'MONTH',
  `PayInterval` smallint(5) unsigned NOT NULL DEFAULT '1',
  `DelayMonths` smallint(5) unsigned NOT NULL DEFAULT '0',
  `ForfeitPercent` smallint(5) unsigned NOT NULL DEFAULT '0',
  `CustomerWage` float NOT NULL DEFAULT '0',
  `FundWage` float NOT NULL DEFAULT '0',
  `IsPayed` enum('YES','NO') NOT NULL DEFAULT 'NO',
  PRIMARY KEY (`PartID`),
  KEY `FK_LON_ReqParts_1` (`RequestID`)
) ENGINE=InnoDB  DEFAULT CHARSET=utf8 AUTO_INCREMENT=230 ;

--
-- Dumping data for table `LON_ReqParts`
--

INSERT INTO `LON_ReqParts` (`PartID`, `RequestID`, `PartDesc`, `PartDate`, `PartAmount`, `InstallmentCount`, `IntervalType`, `PayInterval`, `DelayMonths`, `ForfeitPercent`, `CustomerWage`, `FundWage`, `IsPayed`) VALUES
(1, 1, 'مرحله اول', '2012-04-07', '30000000', 2, 'MONTH', 1, 0, 0, 0, 0, 'YES'),
(2, 2, 'مرحله اول', '2012-04-04', '30000000', 1, 'MONTH', 1, 0, 0, 0, 0, 'YES'),
(3, 3, 'مرحله اول', '2012-04-15', '222166667', 18, 'MONTH', 1, 0, 0, 0, 0, 'YES'),
(4, 4, 'مرحله اول', '2012-04-28', '31000000', 2, 'MONTH', 1, 0, 0, 3.22581, 3.22581, 'YES'),
(5, 5, 'مرحله اول', '2012-04-28', '31000000', 2, 'MONTH', 1, 0, 0, 3.22581, 3.22581, 'YES'),
(6, 6, 'مرحله اول', '2012-04-28', '103958333', 1, 'MONTH', 1, 0, 0, 0, 0, 'YES'),
(7, 7, 'مرحله اول', '2012-04-28', '103958333', 12, 'MONTH', 1, 0, 0, 0, 0, 'YES'),
(8, 8, 'مرحله اول', '2012-05-05', '118541296', 8, 'MONTH', 1, 0, 0, 6.29145, 6.29145, 'YES'),
(9, 9, 'مرحله اول', '2012-05-12', '30000000', 18, 'MONTH', 1, 0, 0, 0, 0, 'YES'),
(10, 10, 'مرحله اول', '2012-05-12', '30000000', 1, 'MONTH', 1, 0, 0, 0, 0, 'YES'),
(11, 11, 'مرحله اول', '2012-05-16', '30000000', 1, 'MONTH', 1, 0, 0, 0, 0, 'YES'),
(12, 12, 'مرحله اول', '2012-05-16', '36918082', 22, 'MONTH', 1, 0, 0, 18.739, 18.739, 'YES'),
(13, 13, 'مرحله اول', '2012-05-16', '30000000', 1, 'MONTH', 1, 0, 0, 0, 0, 'YES'),
(14, 14, 'مرحله اول', '2012-05-16', '30000000', 1, 'MONTH', 1, 0, 0, 0, 0, 'YES'),
(15, 15, 'مرحله اول', '2012-05-16', '222166667', 9, 'MONTH', 1, 0, 0, 0, 0, 'YES'),
(16, 16, 'مرحله اول', '2012-05-27', '30000000', 1, 'MONTH', 1, 0, 0, 0, 0, 'YES'),
(17, 17, 'مرحله اول', '2012-05-27', '40500000', 23, 'MONTH', 1, 0, 0, 25.9259, 25.9259, 'YES'),
(18, 18, 'مرحله اول', '2012-05-24', '221885449', 18, 'MONTH', 1, 0, 0, 1.88255, 1.88255, 'YES'),
(19, 19, 'مرحله اول', '2012-06-10', '30000000', 1, 'MONTH', 1, 0, 0, 0, 0, 'YES'),
(20, 20, 'مرحله اول', '2012-06-10', '30000000', 1, 'MONTH', 1, 0, 0, 0, 0, 'YES'),
(21, 21, 'مرحله اول', '2012-06-10', '30000000', 1, 'MONTH', 1, 0, 0, 0, 0, 'YES'),
(22, 22, 'مرحله اول', '2012-05-21', '1500000000', 3, 'MONTH', 1, 0, 0, 0, 0, 'YES'),
(23, 23, 'مرحله اول', '2012-05-21', '1150000000', 4, 'MONTH', 1, 0, 0, 0, 0, 'YES'),
(24, 24, 'مرحله اول', '2012-05-21', '400000000', 3, 'MONTH', 1, 0, 0, 0, 0, 'YES'),
(25, 25, 'مرحله اول', '2012-05-21', '1250000000', 3, 'MONTH', 1, 0, 0, 0, 0, 'YES'),
(26, 26, 'مرحله اول', '2012-05-21', '1450000000', 3, 'MONTH', 1, 0, 0, 0, 0, 'YES'),
(27, 27, 'مرحله اول', '2012-05-21', '400000000', 3, 'MONTH', 1, 0, 0, 0, 0, 'YES'),
(28, 28, 'مرحله اول', '2012-06-13', '1500000000', 3, 'MONTH', 1, 0, 0, 0, 0, 'YES'),
(29, 29, 'مرحله اول', '2012-05-31', '20000000', 28, 'MONTH', 1, 0, 0, 0, 0, 'YES'),
(30, 30, 'مرحله اول', '2012-06-07', '30000000', 1, 'MONTH', 1, 0, 0, 0, 0, 'YES'),
(31, 31, 'مرحله اول', '2012-06-22', '30000000', 1, 'MONTH', 1, 0, 0, 0, 0, 'YES'),
(32, 32, 'مرحله اول', '2012-06-24', '37125480', 17, 'MONTH', 1, 0, 0, 19.193, 19.193, 'YES'),
(33, 33, 'مرحله اول', '2012-06-24', '37580167', 17, 'MONTH', 1, 0, 0, 20.1707, 20.1707, 'YES'),
(34, 34, 'مرحله اول', '2012-05-15', '40897260', 16, 'MONTH', 1, 0, 0, 26.6455, 26.6455, 'YES'),
(35, 35, 'مرحله اول', '2012-07-03', '20000000', 12, 'MONTH', 1, 0, 0, 0, 0, 'YES'),
(36, 36, 'مرحله اول', '2012-07-03', '33970000', 2, 'MONTH', 1, 0, 0, 11.6868, 11.6868, 'YES'),
(37, 37, 'مرحله اول', '2012-07-03', '22000000', 13, 'MONTH', 1, 0, 0, 181.818, 181.818, 'YES'),
(38, 38, 'مرحله اول', '2012-07-03', '30000000', 1, 'MONTH', 1, 0, 0, 0, 0, 'YES'),
(39, 39, 'مرحله اول', '2012-07-03', '20000000', 1, 'MONTH', 1, 0, 0, 0, 0, 'YES'),
(40, 40, 'مرحله اول', '2012-06-23', '103958333', 1, 'MONTH', 1, 0, 0, 0, 0, 'YES'),
(41, 41, 'مرحله اول', '2012-06-30', '30000000', 1, 'MONTH', 1, 0, 0, 0, 0, 'YES'),
(42, 42, 'مرحله اول', '2012-07-07', '30000000', 1, 'MONTH', 1, 0, 0, 0, 0, 'YES'),
(43, 43, 'مرحله اول', '2012-07-02', '30000000', 1, 'MONTH', 1, 0, 0, 0, 0, 'YES'),
(44, 44, 'مرحله اول', '2012-07-08', '30000000', 1, 'MONTH', 1, 0, 0, 0, 0, 'YES'),
(45, 45, 'مرحله اول', '2012-07-08', '30000000', 1, 'MONTH', 1, 0, 0, 0, 0, 'YES'),
(46, 46, 'مرحله اول', '2012-07-08', '20000000', 1, 'MONTH', 1, 0, 0, 0, 0, 'YES'),
(47, 47, 'مرحله اول', '2012-07-09', '31730000', 2, 'MONTH', 1, 0, 0, 5.45225, 5.45225, 'YES'),
(48, 48, 'مرحله اول', '2012-07-10', '20000000', 12, 'MONTH', 1, 0, 0, 0, 0, 'YES'),
(49, 49, 'مرحله اول', '2012-07-16', '20000000', 13, 'MONTH', 1, 0, 0, 0, 0, 'YES'),
(50, 50, 'مرحله اول', '2012-07-12', '30000000', 2, 'MONTH', 1, 0, 0, 0, 0, 'YES'),
(51, 51, 'مرحله اول', '2012-07-12', '30000000', 1, 'MONTH', 1, 0, 0, 0, 0, 'YES'),
(52, 52, 'مرحله اول', '2012-07-15', '20000000', 24, 'MONTH', 1, 0, 0, 0, 0, 'YES'),
(53, 53, 'مرحله اول', '2012-07-30', '20000000', 15, 'MONTH', 1, 0, 0, 0, 0, 'YES'),
(54, 54, 'مرحله اول', '2012-07-16', '1000000000', 0, 'MONTH', 1, 0, 0, 0, 0, 'YES'),
(55, 55, 'مرحله اول', '2012-07-16', '1000000000', 3, 'MONTH', 1, 0, 0, 0, 0, 'YES'),
(56, 56, 'مرحله اول', '2012-05-15', '111083000', 12, 'MONTH', 1, 0, 0, 0, 0, 'YES'),
(57, 57, 'مرحله اول', '2012-08-06', '30325000', 3, 'MONTH', 1, 0, 0, 1.07172, 1.07172, 'YES'),
(58, 58, 'مرحله اول', '2012-08-06', '30000000', 1, 'MONTH', 1, 0, 0, 0, 0, 'YES'),
(59, 59, 'مرحله اول', '2012-08-07', '30000000', 1, 'MONTH', 1, 0, 0, 0, 0, 'YES'),
(60, 60, 'مرحله اول', '2012-08-07', '30000000', 2, 'MONTH', 1, 0, 0, 0, 0, 'YES'),
(61, 61, 'مرحله اول', '2012-08-07', '30000000', 1, 'MONTH', 1, 0, 0, 0, 0, 'YES'),
(62, 62, 'مرحله اول', '2012-08-07', '30000000', 1, 'MONTH', 1, 0, 0, 0, 0, 'YES'),
(63, 63, 'مرحله اول', '2012-08-07', '30000000', 1, 'MONTH', 1, 0, 0, 0, 0, 'YES'),
(64, 64, 'مرحله اول', '2012-08-07', '30000000', 1, 'MONTH', 1, 0, 0, 0, 0, 'YES'),
(65, 65, 'مرحله اول', '2012-08-07', '30000000', 1, 'MONTH', 1, 0, 0, 0, 0, 'YES'),
(66, 66, 'مرحله اول', '2012-08-06', '34500000', 2, 'MONTH', 1, 0, 0, 13.0435, 13.0435, 'YES'),
(67, 67, 'مرحله اول', '2012-08-07', '1150000000', 3, 'MONTH', 1, 0, 0, 0, 0, 'YES'),
(68, 68, 'مرحله اول', '2012-08-11', '1250000000', 3, 'MONTH', 1, 0, 0, 0, 0, 'YES'),
(69, 69, 'مرحله اول', '2012-09-03', '30000000', 12, 'MONTH', 1, 0, 0, 0, 0, 'YES'),
(70, 70, 'مرحله اول', '2012-09-08', '1000000000', 3, 'MONTH', 1, 0, 0, 0, 0, 'YES'),
(71, 71, 'مرحله اول', '2012-09-08', '1450000000', 2, 'MONTH', 1, 0, 0, 0, 0, 'YES'),
(72, 72, 'مرحله اول', '2012-09-15', '30000000', 20, 'MONTH', 1, 0, 0, 0, 0, 'YES'),
(73, 73, 'مرحله اول', '2012-09-23', '400000000', 3, 'MONTH', 1, 0, 0, 0, 0, 'YES'),
(74, 74, 'مرحله اول', '2012-09-24', '40000000', 23, 'MONTH', 1, 0, 0, 0, 0, 'YES'),
(75, 75, 'مرحله اول', '2012-09-30', '30000000', 1, 'MONTH', 1, 0, 0, 0, 0, 'YES'),
(76, 76, 'مرحله اول', '2012-10-14', '30000000', 12, 'MONTH', 1, 0, 0, 0, 0, 'YES'),
(77, 77, 'مرحله اول', '2012-10-14', '30000000', 1, 'MONTH', 1, 0, 0, 0, 0, 'YES'),
(78, 78, 'مرحله اول', '2012-10-14', '30000000', 1, 'MONTH', 1, 0, 0, 0, 0, 'YES'),
(79, 79, 'مرحله اول', '2012-10-21', '20000000', 24, 'MONTH', 1, 0, 0, 0, 0, 'YES'),
(80, 80, 'مرحله اول', '2012-10-22', '1000000000', 3, 'MONTH', 1, 0, 0, 0, 0, 'YES'),
(81, 81, 'مرحله اول', '2012-11-07', '10000000', 24, 'MONTH', 1, 0, 0, 0, 0, 'YES'),
(82, 82, 'مرحله اول', '2012-11-07', '10000000', 12, 'MONTH', 1, 0, 0, 0, 0, 'YES'),
(83, 83, 'مرحله اول', '2012-11-17', '10000000', 24, 'MONTH', 1, 0, 0, 0, 0, 'YES'),
(84, 84, 'مرحله اول', '2012-11-19', '30000000', 1, 'MONTH', 1, 0, 0, 0, 0, 'YES'),
(85, 85, 'مرحله اول', '2012-11-19', '20254038', 25, 'MONTH', 1, 0, 0, 1.25426, 1.25426, 'YES'),
(86, 86, 'مرحله اول', '2012-11-19', '30000000', 1, 'MONTH', 1, 0, 0, 0, 0, 'YES'),
(87, 87, 'مرحله اول', '2012-10-18', '256000000', 2, 'MONTH', 1, 0, 0, 0, 0, 'YES'),
(88, 88, 'مرحله اول', '2012-11-29', '21041667', 24, 'MONTH', 1, 0, 0, 0, 0, 'YES'),
(89, 89, 'مرحله اول', '2012-12-05', '256000000', 4, 'MONTH', 1, 0, 0, 0, 0, 'YES'),
(90, 90, 'مرحله اول', '2012-12-07', '309573973', 17, 'MONTH', 1, 0, 0, 1.53403, 1.53403, 'YES'),
(91, 91, 'مرحله اول', '2012-12-26', '30000000', 1, 'MONTH', 1, 0, 0, 0, 0, 'YES'),
(92, 92, 'مرحله اول', '2013-01-16', '30000000', 1, 'MONTH', 1, 0, 0, 0, 0, 'YES'),
(93, 93, 'مرحله اول', '2013-01-20', '37331507', 17, 'MONTH', 1, 0, 0, 19.6389, 19.6389, 'YES'),
(94, 94, 'مرحله اول', '2013-02-02', '200000000', 1, 'MONTH', 1, 0, 0, 0, 0, 'YES'),
(95, 95, 'مرحله اول', '2013-02-11', '30000000', 3, 'MONTH', 1, 0, 0, 0, 0, 'YES'),
(96, 96, 'مرحله اول', '2013-02-11', '30000000', 1, 'MONTH', 1, 0, 0, 0, 0, 'YES'),
(97, 97, 'مرحله اول', '2013-02-18', '150000000', 4, 'MONTH', 1, 0, 0, 0, 0, 'YES'),
(98, 98, 'مرحله اول', '2013-02-18', '570836112', 10, 'MONTH', 1, 0, 0, 51.3863, 51.3863, 'YES'),
(99, 99, 'مرحله اول', '2013-02-18', '21000000', 3, 'MONTH', 1, 0, 0, 19.0476, 19.0476, 'YES'),
(100, 100, 'مرحله اول', '2013-02-18', '50000000', 25, 'MONTH', 1, 0, 0, 0, 0, 'YES'),
(101, 101, 'مرحله اول', '2013-02-28', '30000000', 1, 'MONTH', 1, 0, 0, 0, 0, 'YES'),
(102, 102, 'مرحله اول', '2013-02-28', '30000000', 1, 'MONTH', 1, 0, 0, 0, 0, 'YES'),
(103, 103, 'مرحله اول', '2013-03-14', '20000000', 12, 'MONTH', 1, 0, 0, 0, 0, 'YES'),
(104, 104, 'مرحله اول', '2013-03-16', '30000000', 12, 'MONTH', 1, 0, 0, 0, 0, 'YES'),
(105, 105, 'مرحله اول', '2013-03-18', '30000000', 1, 'MONTH', 1, 0, 0, 0, 0, 'YES'),
(106, 106, 'مرحله اول', '2013-04-06', '20000000', 24, 'MONTH', 1, 0, 0, 0, 0, 'YES'),
(107, 107, 'مرحله اول', '2013-04-22', '1066111111', 5, 'MONTH', 1, 0, 0, 6.20115, 6.20115, 'YES'),
(108, 108, 'مرحله اول', '2013-04-30', '700000000', 1, 'MONTH', 1, 0, 0, 0, 0, 'YES'),
(109, 109, 'مرحله اول', '2013-06-02', '28000000', 25, 'MONTH', 1, 0, 0, 0, 0, 'YES'),
(110, 110, 'مرحله اول', '2013-06-10', '30000000', 1, 'MONTH', 1, 0, 0, 0, 0, 'YES'),
(111, 111, 'مرحله اول', '2013-05-27', '20000000', 12, 'MONTH', 1, 0, 0, 0, 0, 'YES'),
(112, 112, 'مرحله اول', '2013-06-18', '30000000', 21, 'MONTH', 1, 0, 0, 0, 0, 'YES'),
(113, 113, 'مرحله اول', '2013-06-22', '30000000', 1, 'MONTH', 1, 0, 0, 0, 0, 'YES'),
(114, 114, 'مرحله اول', '2013-07-21', '20000000', 20, 'MONTH', 1, 0, 0, 0, 0, 'YES'),
(115, 115, 'مرحله اول', '2013-07-25', '103958333', 18, 'MONTH', 1, 0, 0, 3.80761, 3.80761, 'YES'),
(116, 116, 'مرحله اول', '2013-07-25', '208604977', 19, 'MONTH', 1, 0, 0, 0.329959, 0.329959, 'YES'),
(117, 117, 'مرحله اول', '2013-07-25', '10000000', 24, 'MONTH', 1, 0, 0, 0, 0, 'YES'),
(118, 118, 'مرحله اول', '2013-08-12', '30000000', 12, 'MONTH', 1, 0, 0, 0, 0, 'YES'),
(119, 119, 'مرحله اول', '2013-08-12', '111083334', 18, 'MONTH', 1, 0, 0, 0, 0, 'YES'),
(120, 120, 'مرحله اول', '2013-08-18', '30000000', 2, 'MONTH', 1, 0, 0, 0, 0, 'YES'),
(121, 121, 'مرحله اول', '2013-08-19', '30000000', 12, 'MONTH', 1, 0, 0, 0, 0, 'YES'),
(122, 122, 'مرحله اول', '2013-08-26', '31000000', 7, 'MONTH', 1, 0, 0, 3.22581, 3.22581, 'YES'),
(123, 123, 'مرحله اول', '2013-09-30', '30000000', 3, 'MONTH', 1, 0, 0, 0, 0, 'YES'),
(124, 124, 'مرحله اول', '2013-11-21', '20000000', 12, 'MONTH', 1, 0, 0, 0, 0, 'YES'),
(125, 125, 'مرحله اول', '2013-12-29', '30000000', 1, 'MONTH', 1, 0, 0, 0, 0, 'YES'),
(126, 126, 'مرحله اول', '2014-01-06', '103541667', 16, 'MONTH', 1, 0, 0, 0, 0, 'YES'),
(127, 127, 'مرحله اول', '2014-01-12', '30000000', 12, 'MONTH', 1, 0, 0, 0, 0, 'YES'),
(128, 128, 'مرحله اول', '2014-01-20', '30000000', 12, 'MONTH', 1, 0, 0, 0, 0, 'YES'),
(129, 129, 'مرحله اول', '2014-02-08', '20000000', 24, 'MONTH', 1, 0, 0, 0, 0, 'YES'),
(130, 130, 'مرحله اول', '2014-03-05', '20000000', 12, 'MONTH', 1, 0, 0, 0, 0, 'YES'),
(131, 131, 'مرحله اول', '2014-03-15', '30000000', 3, 'MONTH', 1, 0, 0, 0, 0, 'YES'),
(132, 132, 'مرحله اول', '2014-03-31', '1110833334', 18, 'MONTH', 1, 0, 0, 0, 0, 'YES'),
(133, 133, 'مرحله اول', '2014-04-16', '30000000', 13, 'MONTH', 1, 0, 0, 0, 0, 'YES'),
(134, 134, 'مرحله اول', '2014-05-28', '104004962', 18, 'MONTH', 1, 0, 0, 0, 0, 'YES'),
(135, 135, 'مرحله اول', '2014-06-08', '30000000', 20, 'MONTH', 1, 0, 0, 0, 0, 'YES'),
(136, 136, 'مرحله اول', '2014-07-06', '20000000', 12, 'MONTH', 1, 0, 0, 0, 0, 'YES'),
(137, 137, 'مرحله اول', '2014-07-06', '30000000', 20, 'MONTH', 1, 0, 0, 0, 0, 'YES'),
(138, 138, 'مرحله اول', '2014-07-24', '30000000', 1, 'MONTH', 1, 0, 0, 0, 0, 'YES'),
(139, 139, 'مرحله اول', '2014-07-24', '2000000000', 1, 'MONTH', 1, 0, 0, 0, 0, 'YES'),
(140, 140, 'مرحله اول', '2014-07-26', '1000000000', 1, 'MONTH', 1, 0, 0, 0, 0, 'YES'),
(141, 141, 'مرحله اول', '2014-08-26', '30000000', 12, 'MONTH', 1, 0, 0, 0, 0, 'YES'),
(142, 142, 'مرحله اول', '2014-09-02', '1000000000', 1, 'MONTH', 1, 0, 0, 0, 0, 'YES'),
(143, 143, 'مرحله اول', '2014-09-14', '51002740', 3, 'MONTH', 1, 0, 0, 1.96605, 1.96605, 'YES'),
(144, 144, 'مرحله اول', '2014-09-16', '30690000', 9, 'MONTH', 1, 0, 0, 0.200505, 0.200505, 'YES'),
(145, 145, 'مرحله اول', '2014-09-25', '30628465', 10, 'MONTH', 1, 0, 0, 0, 0, 'YES'),
(146, 146, 'مرحله اول', '2014-10-15', '30628465', 9, 'MONTH', 1, 0, 0, 0, 0, 'YES'),
(147, 147, 'مرحله اول', '2014-10-19', '20000000', 12, 'MONTH', 1, 0, 0, 0, 0, 'YES'),
(148, 148, 'مرحله اول', '2014-10-22', '312052477', 18, 'MONTH', 1, 0, 0, 0, 0, 'YES'),
(149, 149, 'مرحله اول', '2014-11-02', '30000000', 15, 'MONTH', 1, 0, 0, 0, 0, 'YES'),
(150, 150, 'مرحله اول', '2014-11-10', '200000000', 1, 'MONTH', 1, 0, 0, 0, 0, 'YES'),
(151, 151, 'مرحله اول', '2014-11-16', '20000000', 12, 'MONTH', 1, 0, 0, 0, 0, 'YES'),
(152, 152, 'مرحله اول', '2014-11-16', '20000000', 12, 'MONTH', 1, 0, 0, 0, 0, 'YES'),
(153, 153, 'مرحله اول', '2014-12-03', '2000000000', 1, 'MONTH', 1, 0, 0, 0, 0, 'YES'),
(154, 154, 'مرحله اول', '2014-12-09', '111083334', 18, 'MONTH', 1, 0, 0, 0, 0, 'YES'),
(155, 155, 'مرحله اول', '2014-12-15', '305374816', 24, 'MONTH', 1, 0, 0, 0, 0, 'YES'),
(156, 156, 'مرحله اول', '2014-12-24', '16795615', 24, 'MONTH', 1, 0, 0, 0, 0, 'YES'),
(157, 157, 'مرحله اول', '2014-12-24', '15844251', 24, 'MONTH', 1, 0, 0, 0, 0, 'YES'),
(158, 158, 'مرحله اول', '2015-01-01', '30628465', 9, 'MONTH', 1, 0, 0, 0, 0, 'YES'),
(159, 159, 'مرحله اول', '2015-01-03', '1000000000', 1, 'MONTH', 1, 0, 0, 0, 0, 'YES'),
(160, 160, 'مرحله اول', '2015-01-04', '1000000000', 2, 'MONTH', 1, 0, 0, 0, 0, 'YES'),
(161, 161, 'مرحله اول', '2015-01-06', '1000000000', 1, 'MONTH', 1, 0, 0, 0, 0, 'YES'),
(162, 162, 'مرحله اول', '2015-01-07', '557236566', 18, 'MONTH', 1, 0, 0, 0, 0, 'YES'),
(163, 163, 'مرحله اول', '2015-01-21', '30000000', 20, 'MONTH', 1, 0, 0, 0, 0, 'YES'),
(164, 164, 'مرحله اول', '2015-01-27', '55723657', 17, 'MONTH', 1, 0, 0, 0, 0, 'YES'),
(165, 165, 'مرحله اول', '2015-01-27', '835854849', 18, 'MONTH', 1, 0, 0, 0, 0, 'YES'),
(166, 166, 'مرحله اول', '2015-02-04', '1000000000', 2, 'MONTH', 1, 0, 0, 0, 0, 'YES'),
(167, 167, 'مرحله اول', '2015-02-05', '1000000000', 1, 'MONTH', 1, 0, 0, 0, 0, 'YES'),
(168, 168, 'مرحله اول', '2015-02-19', '5000000000', 1, 'MONTH', 1, 0, 0, 0, 0, 'YES'),
(169, 169, 'مرحله اول', '2015-02-23', '30628465', 9, 'MONTH', 1, 3, 0, 5, 5, 'YES'),
(170, 170, 'مرحله اول', '2015-02-23', '1845592007', 23, 'MONTH', 1, 6, 0, 18.7253, 18.7253, 'YES'),
(171, 171, 'مرحله اول', '2015-03-02', '400000000', 1, 'MONTH', 1, 12, 0, 0.5, 0.5, 'YES'),
(172, 172, 'مرحله اول', '2015-03-02', '835854849', 18, 'MONTH', 1, 6, 0, 14, 14, 'YES'),
(173, 173, 'مرحله اول', '2015-03-02', '1000000000', 1, 'MONTH', 1, 0, 0, 0, 0, 'YES'),
(174, 174, 'مرحله اول', '2015-03-02', '253508024', 24, 'MONTH', 1, 0, 0, 14, 14, 'YES'),
(175, 175, 'مرحله اول', '2015-03-02', '134364919', 24, 'MONTH', 1, 0, 0, 20, 20, 'YES'),
(176, 176, 'مرحله اول', '2015-03-02', '1000000000', 1, 'MONTH', 1, 0, 0, 0, 0, 'YES'),
(177, 177, 'مرحله اول', '2015-03-04', '278618283', 18, 'MONTH', 1, 6, 0, 14, 14, 'YES'),
(178, 178, 'مرحله اول', '2015-03-05', '1000000000', 1, 'MONTH', 1, 0, 0, 0, 0, 'YES'),
(179, 179, 'مرحله اول', '2015-03-09', '646467247', 12, 'MONTH', 1, 6, 0, 14, 14, 'YES'),
(180, 180, 'مرحله اول', '2015-03-10', '475000000', 6, 'MONTH', 1, 12, 0, 0, 0, 'YES'),
(181, 181, 'مرحله اول', '2015-03-11', '22232281', 12, 'MONTH', 1, 0, 0, 20, 20, 'YES'),
(182, 182, 'مرحله اول', '2015-03-11', '22232281', 12, 'MONTH', 1, 0, 0, 20, 20, 'YES'),
(183, 183, 'مرحله اول', '2015-03-11', '40837953', 9, 'MONTH', 1, 3, 0, 5, 5, 'YES'),
(184, 184, 'مرحله اول', '2015-03-11', '1425000000', 1, 'MONTH', 1, 0, 0, 0, 0, 'YES'),
(185, 185, 'مرحله اول', '2015-03-12', '1900000000', 1, 'MONTH', 1, 0, 0, 0, 0, 'YES'),
(186, 186, 'مرحله اول', '2015-03-12', '52624878', 30, 'MONTH', 1, 0, 0, 4, 4, 'YES'),
(187, 187, 'مرحله اول', '2015-03-12', '52624878', 30, 'MONTH', 1, 0, 0, 4, 4, 'YES'),
(188, 188, 'مرحله اول', '2015-03-12', '20435977', 12, 'MONTH', 1, 0, 0, 4, 4, 'YES'),
(189, 189, 'مرحله اول', '2015-03-12', '278618283', 18, 'MONTH', 1, 6, 0, 14, 14, 'YES'),
(190, 190, 'مرحله اول', '2015-03-12', '278618283', 18, 'MONTH', 1, 6, 0, 14, 14, 'YES'),
(191, 191, 'مرحله اول', '2015-03-15', '22232281', 12, 'MONTH', 1, 0, 0, 20, 20, 'YES'),
(192, 192, 'مرحله اول', '2015-03-15', '222894626', 2, 'MONTH', 1, 6, 0, 14, 14, 'YES'),
(193, 193, 'مرحله اول', '2015-04-08', '1900000000', 1, 'MONTH', 1, 0, 0, 0, 0, 'YES'),
(194, 194, 'مرحله اول', '2015-04-14', '950000000', 1, 'MONTH', 1, 0, 0, 0, 0, 'YES'),
(195, 195, 'مرحله اول', '2015-04-30', '222894626', 18, 'MONTH', 1, 6, 0, 14, 14, 'YES'),
(196, 196, 'مرحله اول', '2015-05-05', '111447313', 18, 'MONTH', 1, 6, 0, 14, 14, 'YES'),
(197, 197, 'مرحله اول', '2015-05-18', '950000000', 1, 'MONTH', 1, 0, 0, 0, 0, 'YES'),
(198, 198, 'مرحله اول', '2015-05-19', '921000000', 1, 'MONTH', 1, 0, 0, 2.28013, 2.28013, 'YES'),
(199, 199, 'مرحله اول', '2015-05-27', '30628465', 9, 'MONTH', 1, 3, 0, 5, 5, 'YES'),
(200, 200, 'مرحله اول', '2015-05-27', '222894626', 18, 'MONTH', 1, 6, 0, 14, 14, 'YES'),
(201, 201, 'مرحله اول', '2015-05-27', '78013119', 18, 'MONTH', 1, 6, 0, 14, 14, 'YES'),
(202, 202, 'مرحله اول', '2015-05-28', '124805955', 18, 'MONTH', 1, 6, 0, 5, 5, 'YES'),
(203, 203, 'مرحله اول', '2015-06-11', '500000000', 1, 'MONTH', 1, 6, 0, 14, 14, 'YES'),
(204, 204, 'مرحله اول', '2015-06-11', '278618283', 18, 'MONTH', 1, 6, 0, 14, 14, 'YES'),
(205, 205, 'مرحله اول', '2015-06-13', '1298000000', 1, 'MONTH', 1, 0, 0, 0, 0, 'YES'),
(206, 206, 'مرحله اول', '2015-06-14', '3280000000', 1, 'MONTH', 1, 0, 0, 0, 0, 'YES'),
(207, 207, 'مرحله اول', '2015-06-14', '8000000000', 1, 'MONTH', 1, 0, 0, 0, 0, 'YES'),
(208, 208, 'مرحله اول', '2015-06-14', '1100000000', 1, 'MONTH', 1, 0, 0, 0, 0, 'YES'),
(209, 209, 'مرحله اول', '2015-06-17', '30628465', 9, 'MONTH', 1, 3, 0, 5, 5, 'YES'),
(210, 210, 'مرحله اول', '2015-07-30', '10000000000', 1, 'MONTH', 1, 0, 0, 0, 0, 'YES'),
(211, 211, 'مرحله اول', '2015-08-08', '30744845', 24, 'MONTH', 1, 0, 0, 4, 4, 'YES'),
(212, 212, 'مرحله اول', '2015-08-16', '30000000', 20, 'MONTH', 1, 0, 0, 0, 0, 'YES'),
(213, 213, 'مرحله اول', '2015-08-19', '20545796', 12, 'MONTH', 1, 0, 0, 5, 5, 'YES'),
(214, 214, 'مرحله اول', '2015-09-01', '320000000', 2, 'MONTH', 1, 24, 0, 21.875, 21.875, 'YES'),
(215, 215, 'مرحله اول', '2015-09-01', '156125000', 1, 'MONTH', 1, 6, 0, 3.92314, 3.92314, 'YES'),
(216, 216, 'مرحله اول', '2015-09-08', '278618283', 18, 'MONTH', 1, 6, 0, 14, 14, 'YES'),
(217, 217, 'مرحله اول', '2015-09-17', '30628465', 9, 'MONTH', 1, 3, 0, 5, 5, 'YES'),
(218, 218, 'مرحله اول', '2015-09-17', '1000000000', 1, 'MONTH', 1, 0, 0, 0, 0, 'YES'),
(219, 219, 'مرحله اول', '2015-09-20', '1000000000', 1, 'MONTH', 1, 0, 0, 0, 0, 'YES'),
(220, 220, 'مرحله اول', '2015-09-20', '42099902', 30, 'MONTH', 1, 0, 0, 4, 4, 'YES'),
(221, 221, 'مرحله اول', '2015-09-21', '250000000', 1, 'MONTH', 1, 0, 0, 20, 20, 'YES'),
(222, 222, 'مرحله اول', '2015-09-22', '475000000', 1, 'MONTH', 1, 0, 0, 0, 0, 'YES'),
(223, 223, 'مرحله اول', '2015-10-11', '475000000', 12, 'MONTH', 1, 12, 0, 0, 0, 'YES'),
(224, 224, 'مرحله اول', '2015-10-13', '2300000000', 1, 'MONTH', 1, 0, 0, 0, 0, 'YES'),
(225, 225, 'مرحله اول', '2015-10-13', '7500000000', 1, 'MONTH', 1, 0, 0, 0, 0, 'YES'),
(226, 226, 'مرحله اول', '2015-10-29', '30628465', 9, 'MONTH', 1, 3, 0, 5, 5, 'YES');

-- --------------------------------------------------------

--
-- Table structure for table `LON_requests`
--

CREATE TABLE IF NOT EXISTS `LON_requests` (
  `RequestID` int(10) unsigned NOT NULL AUTO_INCREMENT COMMENT 'کد درخواست',
  `BranchID` int(10) unsigned DEFAULT NULL,
  `LoanID` int(10) unsigned DEFAULT NULL COMMENT 'کد وام',
  `ReqPersonID` int(10) unsigned NOT NULL COMMENT 'ثبت کننده درخواست',
  `ReqDate` datetime NOT NULL COMMENT 'تاریخ درخواست',
  `ReqAmount` decimal(15,0) NOT NULL DEFAULT '0' COMMENT 'مبلغ درخواست',
  `StatusID` int(10) unsigned NOT NULL DEFAULT '1' COMMENT 'وضعیت',
  `ReqDetails` varchar(4000) DEFAULT NULL,
  `BorrowerDesc` varchar(5000) DEFAULT NULL COMMENT 'شرکت معرفی شده',
  `BorrowerID` varchar(20) DEFAULT NULL COMMENT 'کد اقتصادی',
  `LoanPersonID` int(10) unsigned DEFAULT NULL COMMENT 'وام گیرنده',
  `guarantees` varchar(20) DEFAULT NULL COMMENT 'تضمین وام',
  `AgentGuarantee` enum('YES','NO') NOT NULL DEFAULT 'NO' COMMENT 'با ضمانت عامل',
  `DocumentDesc` varchar(2000) DEFAULT NULL COMMENT 'توضیحات مدارک',
  `SupportPersonID` int(10) unsigned DEFAULT NULL COMMENT 'حامی',
  `imp_VamCode` int(10) unsigned DEFAULT NULL,
  PRIMARY KEY (`RequestID`)
) ENGINE=InnoDB  DEFAULT CHARSET=utf8 AUTO_INCREMENT=231 ;

--
-- Dumping data for table `LON_requests`
--

INSERT INTO `LON_requests` (`RequestID`, `BranchID`, `LoanID`, `ReqPersonID`, `ReqDate`, `ReqAmount`, `StatusID`, `ReqDetails`, `BorrowerDesc`, `BorrowerID`, `LoanPersonID`, `guarantees`, `AgentGuarantee`, `DocumentDesc`, `SupportPersonID`, `imp_VamCode`) VALUES
(1, 1, 2, 1111, '2012-04-07 00:00:00', '30000000', 70, '1363/557798/49و806069', NULL, NULL, 1111, '5', 'NO', NULL, NULL, 1),
(2, 1, 2, 1122, '2012-04-04 00:00:00', '30000000', 70, '1363/557799/35و', NULL, NULL, 1122, '5', 'NO', NULL, NULL, 2),
(3, 1, 4, 1125, '2012-04-15 00:00:00', '222166667', 70, 'سفته های 750040-750041-410064-5و410091-2مصطفیمظاهر', NULL, NULL, 1125, '4', 'NO', NULL, NULL, 3),
(4, 1, 2, 1126, '2012-04-28 00:00:00', '31000000', 70, '', NULL, NULL, 1126, '3', 'NO', NULL, NULL, 4),
(5, 1, 2, 1127, '2012-04-28 00:00:00', '31000000', 70, '', NULL, NULL, 1127, '3', 'NO', NULL, NULL, 5),
(6, 1, 9, 1002, '2012-04-28 00:00:00', '103958333', 70, '', NULL, NULL, 1026, '5', 'NO', NULL, NULL, 6),
(7, 1, 9, 1002, '2012-04-28 00:00:00', '103958333', 70, '', NULL, NULL, 1124, '3', 'NO', NULL, NULL, 7),
(8, 1, 4, 1128, '2012-05-05 00:00:00', '118541296', 70, 'دو فقره چک بانک ملی شعبه پردیس ', NULL, NULL, 1128, '3', 'NO', NULL, NULL, 8),
(9, 1, 2, 1135, '2012-05-12 00:00:00', '30000000', 70, 'چک 593232 بانک انصار و سفته 277105', NULL, NULL, 1135, NULL, 'NO', NULL, NULL, 9),
(10, 1, 2, 1134, '2012-05-12 00:00:00', '30000000', 70, '', NULL, NULL, 1134, NULL, 'NO', NULL, NULL, 10),
(11, 1, 2, 1133, '2012-05-16 00:00:00', '30000000', 70, '', NULL, NULL, 1133, NULL, 'NO', NULL, NULL, 11),
(12, 1, 2, 1132, '2012-05-16 00:00:00', '36918082', 70, 'چک ضامن 1', NULL, NULL, 1132, NULL, 'NO', NULL, NULL, 12),
(13, 1, 2, 1129, '2012-05-16 00:00:00', '30000000', 70, '', NULL, NULL, 1129, NULL, 'NO', NULL, NULL, 13),
(14, 1, 2, 1136, '2012-05-16 00:00:00', '30000000', 70, '', NULL, NULL, 1136, NULL, 'NO', NULL, NULL, 14),
(15, 1, 4, 1137, '2012-05-16 00:00:00', '222166667', 70, '', NULL, NULL, 1137, NULL, 'NO', NULL, NULL, 15),
(16, 1, 2, 1130, '2012-05-27 00:00:00', '30000000', 70, '', NULL, NULL, 1130, NULL, 'NO', NULL, NULL, 16),
(17, 1, 2, 1138, '2012-05-27 00:00:00', '40500000', 70, '', NULL, NULL, 1138, NULL, 'NO', NULL, NULL, 17),
(18, 1, 4, 1139, '2012-05-24 00:00:00', '221885449', 70, '', NULL, NULL, 1139, NULL, 'NO', NULL, NULL, 18),
(19, 1, 2, 1142, '2012-06-10 00:00:00', '30000000', 70, '', NULL, NULL, 1142, NULL, 'NO', NULL, NULL, 19),
(20, 1, 2, 1145, '2012-06-10 00:00:00', '30000000', 70, '', NULL, NULL, 1145, NULL, 'NO', NULL, NULL, 20),
(21, 1, 2, 1146, '2012-06-10 00:00:00', '30000000', 70, '', NULL, NULL, 1146, NULL, 'NO', NULL, NULL, 21),
(22, 1, 5, 1157, '2012-05-21 00:00:00', '1500000000', 70, 'چک وسفته های تضمینی نزد صندوق حمایت از پژوهشگران ک', NULL, NULL, 1157, '3', 'NO', NULL, NULL, 22),
(23, 1, 5, 1156, '2012-05-21 00:00:00', '1150000000', 70, 'جک وسفته هانزد صندوق حمایت از پژوهشگران تودیع است ', NULL, NULL, 1156, '3', 'NO', NULL, NULL, 23),
(24, 1, 5, 1155, '2012-05-21 00:00:00', '400000000', 70, 'چک وسفته ها نزد صندوق حمایت ازپژوهشگران تودیع است ', NULL, NULL, 1155, '3', 'NO', NULL, NULL, 24),
(25, 1, 5, 1154, '2012-05-21 00:00:00', '1250000000', 70, 'چک وسفته هانزد صندوق حمایت ازپژوهشگران کشور تودیع ', NULL, NULL, 1154, '3', 'NO', NULL, NULL, 25),
(26, 1, 5, 1153, '2012-05-21 00:00:00', '1450000000', 70, 'چک وسفته های تضمینی نزد صندوق حمایت ازپژوهشگران تو', NULL, NULL, 1153, '3', 'NO', NULL, NULL, 26),
(27, 1, 5, 1152, '2012-05-21 00:00:00', '400000000', 70, 'چک وسفته های تضمینی نزد صندوق حمایت از پژوهشگران ت', NULL, NULL, 1152, '3', 'NO', NULL, NULL, 27),
(28, 1, 5, 1157, '2012-06-13 00:00:00', '1500000000', 70, '', NULL, NULL, 1157, '3', 'NO', NULL, NULL, 28),
(29, 1, 3, 1160, '2012-05-31 00:00:00', '20000000', 70, '', NULL, NULL, 1160, NULL, 'NO', NULL, NULL, 29),
(30, 1, 2, 1141, '2012-06-07 00:00:00', '30000000', 70, '', NULL, NULL, 1141, NULL, 'NO', NULL, NULL, 30),
(31, 1, 2, 1148, '2012-06-22 00:00:00', '30000000', 70, '', NULL, NULL, 1148, NULL, 'NO', NULL, NULL, 31),
(32, 1, 2, 1144, '2012-06-24 00:00:00', '37125480', 70, '', NULL, NULL, 1144, NULL, 'NO', NULL, NULL, 32),
(33, 1, 2, 1143, '2012-06-24 00:00:00', '37580167', 70, '', NULL, NULL, 1143, NULL, 'NO', NULL, NULL, 33),
(34, 1, 2, 1149, '2012-05-15 00:00:00', '40897260', 70, '', NULL, NULL, 1149, NULL, 'NO', NULL, NULL, 34),
(35, 1, 3, 1140, '2012-07-03 00:00:00', '20000000', 70, '', NULL, NULL, 1140, NULL, 'NO', NULL, NULL, 36),
(36, 1, 2, 1084, '2012-07-03 00:00:00', '33970000', 70, '', NULL, NULL, 1084, NULL, 'NO', NULL, NULL, 37),
(37, 1, 6, 1164, '2012-07-03 00:00:00', '22000000', 70, '', NULL, NULL, 1164, NULL, 'NO', NULL, NULL, 38),
(38, 1, 2, 1150, '2012-07-03 00:00:00', '30000000', 70, '', NULL, NULL, 1150, NULL, 'NO', NULL, NULL, 39),
(39, 1, 2, 1159, '2012-07-03 00:00:00', '20000000', 70, '', NULL, NULL, 1159, NULL, 'NO', NULL, NULL, 40),
(40, 1, 9, 1002, '2012-06-23 00:00:00', '103958333', 70, '', NULL, NULL, 1151, NULL, 'NO', NULL, NULL, 41),
(41, 1, 2, 1147, '2012-06-30 00:00:00', '30000000', 70, '', NULL, NULL, 1147, NULL, 'NO', NULL, NULL, 42),
(42, 1, 2, 1163, '2012-07-07 00:00:00', '30000000', 70, '', NULL, NULL, 1163, NULL, 'NO', NULL, NULL, 43),
(43, 1, 2, 1158, '2012-07-02 00:00:00', '30000000', 70, '', NULL, NULL, 1158, NULL, 'NO', NULL, NULL, 44),
(44, 1, 2, 1166, '2012-07-08 00:00:00', '30000000', 70, '', NULL, NULL, 1166, NULL, 'NO', NULL, NULL, 45),
(45, 1, 2, 1165, '2012-07-08 00:00:00', '30000000', 70, '', NULL, NULL, 1165, NULL, 'NO', NULL, NULL, 46),
(46, 1, 2, 1167, '2012-07-08 00:00:00', '20000000', 70, '', NULL, NULL, 1167, NULL, 'NO', NULL, NULL, 47),
(47, 1, 2, 1161, '2012-07-09 00:00:00', '31730000', 70, '', NULL, NULL, 1161, NULL, 'NO', NULL, NULL, 48),
(48, 1, 3, 1168, '2012-07-10 00:00:00', '20000000', 70, '', NULL, NULL, 1168, NULL, 'NO', NULL, NULL, 49),
(49, 1, 3, 1172, '2012-07-16 00:00:00', '20000000', 70, '', NULL, NULL, 1172, '3', 'NO', NULL, NULL, 50),
(50, 1, 2, 1170, '2012-07-12 00:00:00', '30000000', 70, '', NULL, NULL, 1170, NULL, 'NO', NULL, NULL, 51),
(51, 1, 2, 1171, '2012-07-12 00:00:00', '30000000', 70, '', NULL, NULL, 1171, NULL, 'NO', NULL, NULL, 52),
(52, 1, 1, 1181, '2012-07-15 00:00:00', '20000000', 70, '', NULL, NULL, 1181, NULL, 'NO', NULL, NULL, 53),
(53, 1, 1, 1177, '2012-07-30 00:00:00', '20000000', 70, '', NULL, NULL, 1177, NULL, 'NO', NULL, NULL, 54),
(54, 1, 5, 1183, '2012-07-16 00:00:00', '1000000000', 70, 'نزد صندوق حمایت از پژوهشگران تودیع شده است', NULL, NULL, 1183, '3', 'NO', NULL, NULL, 55),
(55, 1, 5, 1184, '2012-07-16 00:00:00', '1000000000', 70, 'نزد صندوق حمایت از پژوهشگران تودیع شده است', NULL, NULL, 1184, '3', 'NO', NULL, NULL, 56),
(56, 1, 4, 1185, '2012-05-15 00:00:00', '111083000', 70, 'نامه کسر از حقوق دکتر باسامی', NULL, NULL, 1185, '3', 'NO', NULL, NULL, 57),
(57, 1, 2, 1174, '2012-08-06 00:00:00', '30325000', 70, 'رضا مهدیزاده کارمند دانشگاه', NULL, NULL, 1174, '3', 'NO', NULL, NULL, 58),
(58, 1, 2, 1175, '2012-08-06 00:00:00', '30000000', 70, 'چک و نامه کسر از حقوق ', NULL, NULL, 1175, '3', 'NO', NULL, NULL, 59),
(59, 1, 2, 1176, '2012-08-07 00:00:00', '30000000', 70, 'چک و نامه کسر از حقوق', NULL, NULL, 1176, '3', 'NO', NULL, NULL, 60),
(60, 1, 2, 1178, '2012-08-07 00:00:00', '30000000', 70, 'چک و نامه کسر از حقوق', NULL, NULL, 1178, '3', 'NO', NULL, NULL, 61),
(61, 1, 2, 1179, '2012-08-07 00:00:00', '30000000', 70, 'چک و نامه کسر از حقوق', NULL, NULL, 1179, '3', 'NO', NULL, NULL, 62),
(62, 1, 2, 1180, '2012-08-07 00:00:00', '30000000', 70, 'چک و نامه کسر از حقوق ', NULL, NULL, 1180, '3', 'NO', NULL, NULL, 63),
(63, 1, 2, 1169, '2012-08-07 00:00:00', '30000000', 70, 'چک و نامه کسر از حقوق', NULL, NULL, 1169, '3', 'NO', NULL, NULL, 64),
(64, 1, 2, 1173, '2012-08-07 00:00:00', '30000000', 70, 'چک و نامه کسر از حقوق', NULL, NULL, 1173, '3', 'NO', NULL, NULL, 65),
(65, 1, 2, 1182, '2012-08-07 00:00:00', '30000000', 70, 'چک و نامه کسر از حقوق', NULL, NULL, 1182, '3', 'NO', NULL, NULL, 66),
(66, 1, 2, 1186, '2012-08-06 00:00:00', '34500000', 70, 'چک و نامه کسر از حقوق', NULL, NULL, 1186, '3', 'NO', NULL, NULL, 67),
(67, 1, 5, 1156, '2012-08-07 00:00:00', '1150000000', 70, '', NULL, NULL, 1156, NULL, 'NO', NULL, NULL, 68),
(68, 1, 5, 1154, '2012-08-11 00:00:00', '1250000000', 70, '', NULL, NULL, 1154, NULL, 'NO', NULL, NULL, 69),
(69, 1, 9, 1002, '2012-09-03 00:00:00', '30000000', 70, '', NULL, NULL, 1162, NULL, 'NO', NULL, NULL, 70),
(70, 1, 5, 1183, '2012-09-08 00:00:00', '1000000000', 70, '', NULL, NULL, 1183, NULL, 'NO', NULL, NULL, 71),
(71, 1, 5, 1153, '2012-09-08 00:00:00', '1450000000', 70, '', NULL, NULL, 1153, '4', 'NO', NULL, NULL, 72),
(72, 1, 2, 1005, '2012-09-15 00:00:00', '30000000', 70, '', NULL, NULL, 1005, NULL, 'NO', NULL, NULL, 73),
(73, 1, 5, 1152, '2012-09-23 00:00:00', '400000000', 70, '', NULL, NULL, 1152, NULL, 'NO', NULL, NULL, 74),
(74, 1, 3, 1006, '2012-09-24 00:00:00', '40000000', 70, '', NULL, NULL, 1006, NULL, 'NO', NULL, NULL, 75),
(75, 1, 2, 1043, '2012-09-30 00:00:00', '30000000', 70, '', NULL, NULL, 1043, NULL, 'NO', NULL, NULL, 76),
(76, 1, 9, 1002, '2012-10-14 00:00:00', '30000000', 70, '', NULL, NULL, 1008, NULL, 'NO', NULL, NULL, 77),
(77, 1, 2, 1007, '2012-10-14 00:00:00', '30000000', 70, '', NULL, NULL, 1007, NULL, 'NO', NULL, NULL, 78),
(78, 1, 2, 1009, '2012-10-14 00:00:00', '30000000', 70, '', NULL, NULL, 1009, NULL, 'NO', NULL, NULL, 79),
(79, 1, 1, 1131, '2012-10-21 00:00:00', '20000000', 70, '', NULL, NULL, 1131, NULL, 'NO', NULL, NULL, 80),
(80, 1, 5, 1184, '2012-10-22 00:00:00', '1000000000', 70, '', NULL, NULL, 1184, NULL, 'NO', NULL, NULL, 81),
(81, 1, 9, 1004, '2012-11-07 00:00:00', '10000000', 70, '', NULL, NULL, 1012, NULL, 'NO', NULL, NULL, 82),
(82, 1, 9, 1004, '2012-11-07 00:00:00', '10000000', 70, '', NULL, NULL, 1011, NULL, 'NO', NULL, NULL, 83),
(83, 1, 9, 1004, '2012-11-17 00:00:00', '10000000', 70, '', NULL, NULL, 1013, NULL, 'NO', NULL, NULL, 84),
(84, 1, 2, 1014, '2012-11-19 00:00:00', '30000000', 70, '', NULL, NULL, 1014, NULL, 'NO', NULL, NULL, 85),
(85, 1, 3, 1015, '2012-11-19 00:00:00', '20254038', 70, '', NULL, NULL, 1015, NULL, 'NO', NULL, NULL, 86),
(86, 1, 2, 1010, '2012-11-19 00:00:00', '30000000', 70, '', NULL, NULL, 1010, NULL, 'NO', NULL, NULL, 87),
(87, 1, 4, 1018, '2012-10-18 00:00:00', '256000000', 70, '', NULL, NULL, 1018, NULL, 'NO', NULL, NULL, 88),
(88, 1, 3, 1017, '2012-11-29 00:00:00', '21041667', 70, '', NULL, NULL, 1017, NULL, 'NO', NULL, NULL, 90),
(89, 1, 4, 1019, '2012-12-05 00:00:00', '256000000', 70, '', NULL, NULL, 1019, NULL, 'NO', NULL, NULL, 91),
(90, 1, 9, 1002, '2012-12-07 00:00:00', '309573973', 70, '', NULL, NULL, 1026, NULL, 'NO', NULL, NULL, 92),
(91, 1, 2, 1020, '2012-12-26 00:00:00', '30000000', 70, '', NULL, NULL, 1020, NULL, 'NO', NULL, NULL, 93),
(92, 1, 2, 1021, '2013-01-16 00:00:00', '30000000', 70, '', NULL, NULL, 1021, NULL, 'NO', NULL, NULL, 94),
(93, 1, 2, 1023, '2013-01-20 00:00:00', '37331507', 70, '', NULL, NULL, 1023, NULL, 'NO', NULL, NULL, 95),
(94, 1, 9, 1002, '2013-02-02 00:00:00', '200000000', 70, '', NULL, NULL, 1151, '3', 'NO', NULL, NULL, 96),
(95, 1, 2, 1024, '2013-02-11 00:00:00', '30000000', 70, '', NULL, NULL, 1024, NULL, 'NO', NULL, NULL, 97),
(96, 1, 2, 1025, '2013-02-11 00:00:00', '30000000', 70, '', NULL, NULL, 1025, NULL, 'NO', NULL, NULL, 98),
(97, 1, 4, 1008, '2013-02-18 00:00:00', '150000000', 70, '', NULL, NULL, 1008, '3', 'NO', NULL, NULL, 99),
(98, 1, 4, 1188, '2013-02-18 00:00:00', '570836112', 70, '', NULL, NULL, 1188, '3', 'NO', NULL, NULL, 100),
(99, 1, 2, 1027, '2013-02-18 00:00:00', '21000000', 70, '', NULL, NULL, 1027, '3', 'NO', NULL, NULL, 101),
(100, 1, 6, 1022, '2013-02-18 00:00:00', '50000000', 70, '', NULL, NULL, 1022, NULL, 'NO', NULL, NULL, 102),
(101, 1, 2, 1028, '2013-02-28 00:00:00', '30000000', 70, '', NULL, NULL, 1028, NULL, 'NO', NULL, NULL, 103),
(102, 1, 2, 1029, '2013-02-28 00:00:00', '30000000', 70, '', NULL, NULL, 1029, NULL, 'NO', NULL, NULL, 104),
(103, 1, 1, 1031, '2013-03-14 00:00:00', '20000000', 70, '', NULL, NULL, 1031, NULL, 'NO', NULL, NULL, 105),
(104, 1, 9, 1002, '2013-03-16 00:00:00', '30000000', 70, '', NULL, NULL, 1030, NULL, 'NO', NULL, NULL, 106),
(105, 1, 2, 1032, '2013-03-18 00:00:00', '30000000', 70, '', NULL, NULL, 1032, '3', 'NO', NULL, NULL, 107),
(106, 1, 9, 1004, '2013-04-06 00:00:00', '20000000', 70, '', NULL, NULL, 1033, NULL, 'NO', NULL, NULL, 109),
(107, 1, 4, 1151, '2013-04-22 00:00:00', '1066111111', 70, '', NULL, NULL, 1151, NULL, 'NO', NULL, NULL, 110),
(108, 1, 4, 1034, '2013-04-30 00:00:00', '700000000', 70, '', NULL, NULL, 1034, '1', 'NO', NULL, NULL, 111),
(109, 1, 1, 1035, '2013-06-02 00:00:00', '28000000', 70, '', NULL, NULL, 1035, NULL, 'NO', NULL, NULL, 112),
(110, 1, 2, 1036, '2013-06-10 00:00:00', '30000000', 70, '', NULL, NULL, 1036, NULL, 'NO', NULL, NULL, 113),
(111, 1, 6, 1038, '2013-05-27 00:00:00', '20000000', 70, '', NULL, NULL, 1038, '3', 'NO', NULL, NULL, 114),
(112, 1, 3, 1025, '2013-06-18 00:00:00', '30000000', 70, '', NULL, NULL, 1025, NULL, 'NO', NULL, NULL, 115),
(113, 1, 2, 1180, '2013-06-22 00:00:00', '30000000', 70, '', NULL, NULL, 1180, NULL, 'NO', NULL, NULL, 116),
(114, 1, 6, 1040, '2013-07-21 00:00:00', '20000000', 70, '', NULL, NULL, 1040, NULL, 'NO', NULL, NULL, 117),
(115, 1, 9, 1002, '2013-07-25 00:00:00', '103958333', 70, '', NULL, NULL, 1037, NULL, 'NO', NULL, NULL, 118),
(116, 1, 9, 1002, '2013-07-25 00:00:00', '208604977', 70, '', NULL, NULL, 1124, NULL, 'NO', NULL, NULL, 119),
(117, 1, 9, 1004, '2013-07-25 00:00:00', '10000000', 70, '', NULL, NULL, 1041, NULL, 'NO', NULL, NULL, 120),
(118, 1, 9, 1002, '2013-08-12 00:00:00', '30000000', 70, '', NULL, NULL, 1042, NULL, 'NO', NULL, NULL, 121),
(119, 1, 4, 1044, '2013-08-12 00:00:00', '111083334', 70, '', NULL, NULL, 1044, NULL, 'NO', NULL, NULL, 122),
(120, 1, 2, 1039, '2013-08-18 00:00:00', '30000000', 70, '', NULL, NULL, 1039, NULL, 'NO', NULL, NULL, 123),
(121, 1, 9, 1002, '2013-08-19 00:00:00', '30000000', 70, '', NULL, NULL, 1045, NULL, 'NO', NULL, NULL, 124),
(122, 1, 2, 1046, '2013-08-26 00:00:00', '31000000', 70, '', NULL, NULL, 1046, NULL, 'NO', NULL, NULL, 125),
(123, 1, 2, 1020, '2013-09-30 00:00:00', '30000000', 70, '', NULL, NULL, 1020, NULL, 'NO', NULL, NULL, 126),
(124, 1, 9, 1002, '2013-11-21 00:00:00', '20000000', 70, '', NULL, NULL, 1048, NULL, 'NO', NULL, NULL, 127),
(125, 1, 2, 1029, '2013-12-29 00:00:00', '30000000', 70, '', NULL, NULL, 1029, NULL, 'NO', NULL, NULL, 128),
(126, 1, 9, 1002, '2014-01-06 00:00:00', '103541667', 70, '', NULL, NULL, 1016, '5', 'NO', NULL, NULL, 129),
(127, 1, 9, 1002, '2014-01-12 00:00:00', '30000000', 70, '', NULL, NULL, 1050, NULL, 'NO', NULL, NULL, 130),
(128, 1, 9, 1002, '2014-01-20 00:00:00', '30000000', 70, '', NULL, NULL, 1049, NULL, 'NO', NULL, NULL, 131),
(129, 1, 1, 1181, '2014-02-08 00:00:00', '20000000', 70, '', NULL, NULL, 1181, NULL, 'NO', NULL, NULL, 132),
(130, 1, 3, 1051, '2014-03-05 00:00:00', '20000000', 70, '', NULL, NULL, 1051, NULL, 'NO', NULL, NULL, 133),
(131, 1, 2, 1053, '2014-03-15 00:00:00', '30000000', 70, '', NULL, NULL, 1053, NULL, 'NO', NULL, NULL, 134),
(132, 1, 4, 1054, '2014-03-31 00:00:00', '1110833334', 70, '', NULL, NULL, 1054, NULL, 'NO', NULL, NULL, 135),
(133, 1, 9, 1002, '2014-04-16 00:00:00', '30000000', 70, '', NULL, NULL, 1047, NULL, 'NO', NULL, NULL, 136),
(134, 1, 9, 1002, '2014-05-28 00:00:00', '104004962', 70, '', NULL, NULL, 1055, NULL, 'NO', NULL, NULL, 137),
(135, 1, 6, 1038, '2014-06-08 00:00:00', '30000000', 70, '', NULL, NULL, 1038, NULL, 'NO', NULL, NULL, 138),
(136, 1, 3, 1056, '2014-07-06 00:00:00', '20000000', 70, '', NULL, NULL, 1056, NULL, 'NO', NULL, NULL, 139),
(137, 1, 6, 1057, '2014-07-06 00:00:00', '30000000', 70, '', NULL, NULL, 1057, NULL, 'NO', NULL, NULL, 140),
(138, 1, 6, 1058, '2014-07-24 00:00:00', '30000000', 70, '', NULL, NULL, 1058, NULL, 'NO', NULL, NULL, 141),
(139, 1, 5, 1059, '2014-07-24 00:00:00', '2000000000', 70, '', NULL, NULL, 1059, '3', 'NO', NULL, NULL, 142),
(140, 1, 5, 1060, '2014-07-26 00:00:00', '1000000000', 70, '', NULL, NULL, 1060, NULL, 'NO', NULL, NULL, 143),
(141, 1, 9, 1002, '2014-08-26 00:00:00', '30000000', 70, '', NULL, NULL, 1061, NULL, 'NO', NULL, NULL, 144),
(142, 1, 5, 1062, '2014-09-02 00:00:00', '1000000000', 70, '', NULL, NULL, 1062, NULL, 'NO', NULL, NULL, 145),
(143, 1, 2, 1008, '2014-09-14 00:00:00', '51002740', 70, '', NULL, NULL, 1008, NULL, 'NO', NULL, NULL, 146),
(144, 1, 9, 1002, '2014-09-16 00:00:00', '30690000', 70, '', NULL, NULL, 1064, NULL, 'NO', NULL, NULL, 147),
(145, 1, 9, 1002, '2014-09-25 00:00:00', '30628465', 70, '8283 بانک قرض الحسنه مهر ایران', NULL, NULL, 1063, '3', 'NO', NULL, NULL, 148),
(146, 1, 9, 1002, '2014-10-15 00:00:00', '30628465', 70, '', NULL, NULL, 1065, NULL, 'NO', NULL, NULL, 149),
(147, 1, 3, 1066, '2014-10-19 00:00:00', '20000000', 70, '', NULL, NULL, 1066, NULL, 'NO', NULL, NULL, 150),
(148, 1, 4, 1067, '2014-10-22 00:00:00', '312052477', 70, '', NULL, NULL, 1067, '5', 'NO', NULL, NULL, 151),
(149, 1, 6, 1070, '2014-11-02 00:00:00', '30000000', 70, '', NULL, NULL, 1070, NULL, 'NO', NULL, NULL, 152),
(150, 1, 9, 1002, '2014-11-10 00:00:00', '200000000', 70, '', NULL, NULL, 1016, NULL, 'NO', NULL, NULL, 153),
(151, 1, 3, 1068, '2014-11-16 00:00:00', '20000000', 70, '', NULL, NULL, 1068, NULL, 'NO', NULL, NULL, 154),
(152, 1, 3, 1069, '2014-11-16 00:00:00', '20000000', 70, '', NULL, NULL, 1069, '4', 'NO', NULL, NULL, 155),
(153, 1, 5, 1071, '2014-12-03 00:00:00', '2000000000', 70, '', NULL, NULL, 1071, NULL, 'NO', NULL, NULL, 156),
(154, 1, 4, 1072, '2014-12-09 00:00:00', '111083334', 70, '', NULL, NULL, 1072, NULL, 'NO', NULL, NULL, 157),
(155, 1, 2, 1156, '2014-12-15 00:00:00', '305374816', 70, '', NULL, NULL, 1156, NULL, 'NO', NULL, NULL, 158),
(156, 1, 2, 1073, '2014-12-24 00:00:00', '16795615', 70, '', NULL, NULL, 1073, NULL, 'NO', NULL, NULL, 159),
(157, 1, 2, 1074, '2014-12-24 00:00:00', '15844251', 70, '', NULL, NULL, 1074, NULL, 'NO', NULL, NULL, 160),
(158, 1, 9, 1002, '2015-01-01 00:00:00', '30628465', 70, '', NULL, NULL, 1076, NULL, 'NO', NULL, NULL, 161),
(159, 1, 9, 1003, '2015-01-03 00:00:00', '1000000000', 70, '', NULL, NULL, 1075, NULL, 'NO', NULL, 1003, 162),
(160, 1, 9, 1003, '2015-01-04 00:00:00', '1000000000', 70, '', NULL, NULL, 1059, NULL, 'NO', NULL, 1003, 163),
(161, 1, 9, 1003, '2015-01-06 00:00:00', '1000000000', 70, '', NULL, NULL, 1077, NULL, 'NO', NULL, 1003, 164),
(162, 1, 4, 1078, '2015-01-07 00:00:00', '557236566', 70, '', NULL, NULL, 1078, '3', 'NO', NULL, NULL, 165),
(163, 1, 6, 1079, '2015-01-21 00:00:00', '30000000', 70, '', NULL, NULL, 1079, NULL, 'NO', NULL, NULL, 166),
(164, 1, 4, 1072, '2015-01-27 00:00:00', '55723657', 70, '', NULL, NULL, 1072, NULL, 'NO', NULL, NULL, 167),
(165, 1, 4, 1026, '2015-01-27 00:00:00', '835854849', 70, '', NULL, NULL, 1026, NULL, 'NO', NULL, NULL, 168),
(166, 1, 9, 1003, '2015-02-04 00:00:00', '1000000000', 70, '', NULL, NULL, 1082, NULL, 'NO', NULL, 1003, 169),
(167, 1, 9, 1003, '2015-02-05 00:00:00', '1000000000', 70, '', NULL, NULL, 1083, NULL, 'NO', NULL, 1003, 170),
(168, 1, 1, 1086, '2015-02-19 00:00:00', '5000000000', 70, '', NULL, NULL, 1086, NULL, 'NO', NULL, NULL, 171),
(169, 1, 9, 1002, '2015-02-23 00:00:00', '30628465', 70, '', NULL, NULL, 1085, NULL, 'NO', NULL, NULL, 172),
(170, 1, 4, 1087, '2015-02-23 00:00:00', '1845592007', 70, '', NULL, NULL, 1087, NULL, 'NO', NULL, NULL, 173),
(171, 1, 5, 1155, '2015-03-02 00:00:00', '400000000', 70, '', NULL, NULL, 1155, NULL, 'NO', NULL, NULL, 174),
(172, 1, 4, 1030, '2015-03-02 00:00:00', '835854849', 70, '', NULL, NULL, 1030, NULL, 'NO', NULL, NULL, 175),
(173, 1, 9, 1003, '2015-03-02 00:00:00', '1000000000', 70, '', NULL, NULL, 1089, NULL, 'NO', NULL, 1003, 176),
(174, 1, 2, 1052, '2015-03-02 00:00:00', '253508024', 70, '', NULL, NULL, 1052, NULL, 'NO', NULL, NULL, 177),
(175, 1, 2, 1054, '2015-03-02 00:00:00', '134364919', 70, '', NULL, NULL, 1054, NULL, 'NO', NULL, NULL, 178),
(176, 1, 9, 1003, '2015-03-02 00:00:00', '1000000000', 70, '', NULL, NULL, 1080, NULL, 'NO', NULL, 1003, 179),
(177, 1, 4, 1091, '2015-03-04 00:00:00', '278618283', 70, '', NULL, NULL, 1091, NULL, 'NO', NULL, NULL, 180),
(178, 1, 9, 1003, '2015-03-05 00:00:00', '1000000000', 70, '', NULL, NULL, 1026, NULL, 'NO', NULL, 1003, 181),
(179, 1, 4, 1054, '2015-03-09 00:00:00', '646467247', 70, '', NULL, NULL, 1054, NULL, 'NO', NULL, NULL, 182),
(180, 1, 7, 1093, '2015-03-10 00:00:00', '475000000', 70, '', NULL, NULL, 1093, NULL, 'NO', NULL, NULL, 183),
(181, 1, 2, 1182, '2015-03-11 00:00:00', '22232281', 70, '', NULL, NULL, 1182, NULL, 'NO', NULL, NULL, 184),
(182, 1, 2, 1092, '2015-03-11 00:00:00', '22232281', 70, '', NULL, NULL, 1092, NULL, 'NO', NULL, NULL, 185),
(183, 1, 9, 1002, '2015-03-11 00:00:00', '40837953', 70, '', NULL, NULL, 1081, NULL, 'NO', NULL, NULL, 186),
(184, 1, 7, 1078, '2015-03-11 00:00:00', '1425000000', 70, '', NULL, NULL, 1078, NULL, 'NO', NULL, NULL, 187),
(185, 1, 7, 1095, '2015-03-12 00:00:00', '1900000000', 70, '', NULL, NULL, 1095, NULL, 'NO', NULL, NULL, 188),
(186, 1, 1, 1025, '2015-03-12 00:00:00', '52624878', 70, '', NULL, NULL, 1025, NULL, 'NO', NULL, NULL, 189),
(187, 1, 1, 1181, '2015-03-12 00:00:00', '52624878', 70, '', NULL, NULL, 1181, NULL, 'NO', NULL, NULL, 190),
(188, 1, 1, 1096, '2015-03-12 00:00:00', '20435977', 70, '', NULL, NULL, 1096, NULL, 'NO', NULL, NULL, 191),
(189, 1, 4, 1097, '2015-03-12 00:00:00', '278618283', 70, '', NULL, NULL, 1097, NULL, 'NO', NULL, NULL, 192),
(190, 1, 4, 1098, '2015-03-12 00:00:00', '278618283', 70, '', NULL, NULL, 1098, NULL, 'NO', NULL, NULL, 193),
(191, 1, 2, 1094, '2015-03-15 00:00:00', '22232281', 70, '', NULL, NULL, 1094, NULL, 'NO', NULL, NULL, 194),
(192, 1, 4, 1088, '2015-03-15 00:00:00', '222894626', 70, '', NULL, NULL, 1088, NULL, 'NO', NULL, NULL, 195),
(193, 1, 7, 1099, '2015-04-08 00:00:00', '1900000000', 70, '', NULL, NULL, 1099, NULL, 'NO', NULL, NULL, 196),
(194, 1, 7, 1090, '2015-04-14 00:00:00', '950000000', 70, '', NULL, NULL, 1090, NULL, 'NO', NULL, NULL, 197),
(195, 1, 4, 1102, '2015-04-30 00:00:00', '222894626', 70, '', NULL, NULL, 1102, NULL, 'NO', NULL, NULL, 198),
(196, 1, 4, 1103, '2015-05-05 00:00:00', '111447313', 70, '', NULL, NULL, 1103, NULL, 'NO', NULL, NULL, 199),
(197, 1, 7, 1106, '2015-05-18 00:00:00', '950000000', 70, '', NULL, NULL, 1106, NULL, 'NO', NULL, NULL, 200),
(198, 1, 9, 1003, '2015-05-19 00:00:00', '921000000', 70, '', NULL, NULL, 1107, NULL, 'NO', NULL, 1003, 201),
(199, 1, 9, 1002, '2015-05-27 00:00:00', '30628465', 70, '', NULL, NULL, 1109, NULL, 'NO', NULL, NULL, 202),
(200, 1, 4, 1104, '2015-05-27 00:00:00', '222894626', 70, '', NULL, NULL, 1104, NULL, 'NO', NULL, NULL, 203),
(201, 1, 4, 1016, '2015-05-27 00:00:00', '78013119', 70, '', NULL, NULL, 1016, NULL, 'NO', NULL, NULL, 204),
(202, 1, 9, 1002, '2015-05-28 00:00:00', '124805955', 70, '', NULL, NULL, 1110, NULL, 'NO', NULL, NULL, 205),
(203, 1, 4, 1080, '2015-06-11 00:00:00', '500000000', 70, '', NULL, NULL, 1080, NULL, 'NO', NULL, NULL, 206),
(204, 1, 4, 1112, '2015-06-11 00:00:00', '278618283', 70, '', NULL, NULL, 1112, NULL, 'NO', NULL, NULL, 207),
(205, 1, 9, 1003, '2015-06-13 00:00:00', '1298000000', 70, '', NULL, NULL, 1113, NULL, 'NO', NULL, 1003, 208),
(206, 1, 9, 1003, '2015-06-14 00:00:00', '3280000000', 70, '', NULL, NULL, 1100, NULL, 'NO', NULL, 1003, 209),
(207, 1, 9, 1003, '2015-06-14 00:00:00', '8000000000', 70, '', NULL, NULL, 1114, NULL, 'NO', NULL, 1003, 210),
(208, 1, 9, 1003, '2015-06-14 00:00:00', '1100000000', 70, '', NULL, NULL, 1101, NULL, 'NO', NULL, 1003, 211),
(209, 1, 9, 1002, '2015-06-17 00:00:00', '30628465', 70, '', NULL, NULL, 1115, NULL, 'NO', NULL, NULL, 212),
(210, 1, 1, 1086, '2015-07-30 00:00:00', '10000000000', 70, '', NULL, NULL, 1086, NULL, 'NO', NULL, NULL, 213),
(211, 1, 1, 1187, '2015-08-08 00:00:00', '30744845', 70, '', NULL, NULL, 1187, NULL, 'NO', NULL, NULL, 214),
(212, 1, 6, 1038, '2015-08-16 00:00:00', '30000000', 70, '', NULL, NULL, 1038, NULL, 'NO', NULL, NULL, 215),
(213, 1, 3, 1116, '2015-08-19 00:00:00', '20545796', 70, '', NULL, NULL, 1116, NULL, 'NO', NULL, NULL, 216),
(214, 1, 4, 1017, '2015-09-01 00:00:00', '320000000', 70, '', NULL, NULL, 1017, NULL, 'NO', NULL, NULL, 217),
(215, 1, 4, 1117, '2015-09-01 00:00:00', '156125000', 70, '', NULL, NULL, 1117, NULL, 'NO', NULL, NULL, 218),
(216, 1, 4, 1118, '2015-09-08 00:00:00', '278618283', 70, '', NULL, NULL, 1118, NULL, 'NO', NULL, NULL, 219),
(217, 1, 9, 1002, '2015-09-17 00:00:00', '30628465', 70, '', NULL, NULL, 1119, NULL, 'NO', NULL, NULL, 220),
(218, 1, 9, 1003, '2015-09-17 00:00:00', '1000000000', 70, '', NULL, NULL, 1078, NULL, 'NO', NULL, 1003, 221),
(219, 1, 9, 1003, '2015-09-20 00:00:00', '1000000000', 70, '', NULL, NULL, 1124, NULL, 'NO', NULL, 1003, 222),
(220, 1, 1, 1108, '2015-09-20 00:00:00', '42099902', 70, '', NULL, NULL, 1108, NULL, 'NO', NULL, NULL, 223),
(221, 1, 8, 1153, '2015-09-21 00:00:00', '250000000', 70, '', NULL, NULL, 1153, NULL, 'NO', NULL, NULL, 224),
(222, 1, 7, 1105, '2015-09-22 00:00:00', '475000000', 70, '', NULL, NULL, 1105, NULL, 'NO', NULL, NULL, 225),
(223, 1, 7, 1016, '2015-10-11 00:00:00', '475000000', 70, '', NULL, NULL, 1016, NULL, 'NO', NULL, NULL, 226),
(224, 1, 9, 1003, '2015-10-13 00:00:00', '2300000000', 70, '', NULL, NULL, 1120, NULL, 'NO', NULL, 1003, 227),
(225, 1, 9, 1003, '2015-10-13 00:00:00', '7500000000', 70, '', NULL, NULL, 1121, NULL, 'NO', NULL, 1003, 228),
(226, 1, 9, 1002, '2015-10-29 00:00:00', '30628465', 70, '', NULL, NULL, 1123, NULL, 'NO', NULL, NULL, 229),
(227, 1, 9, 1000, '2015-12-04 18:04:05', '145780000', 70, NULL, NULL, NULL, 1006, '1,2', 'NO', NULL, 1003, NULL),
(228, 1, 1, 1120, '2015-12-11 21:15:27', '10000000', 10, NULL, NULL, NULL, 1120, NULL, 'NO', NULL, NULL, NULL);

-- --------------------------------------------------------

--
-- Table structure for table `TABLE43`
--

CREATE TABLE IF NOT EXISTS `TABLE43` (
  `COL1` varchar(73) DEFAULT NULL
) ENGINE=MyISAM DEFAULT CHARSET=utf8;

--
-- Dumping data for table `TABLE43`
--

INSERT INTO `TABLE43` (`COL1`) VALUES
('مجتبي حنايي'),
('انيسه رحيمي'),
('هادي مسرور'),
('پارک علم و فناوري خراسان'),
('شرکت دنا پارس آژند'),
('الهام افتخاري '),
('هادي مسرور'),
('آذر آديني'),
('شرکت آرشام صنعت '),
('پارک علم و فناوري خراسان'),
('مرتضي شريف زاده'),
('عليرضا سيديان عنبراني'),
('شرکت داروسازي دکتررجبي '),
('محمد طباطبايي. شرکت انگاره فيزيک'),
('حسين شفاعي'),
('هادي مسرور'),
('مصطفي دلدار'),
('زيور هروي'),
('دکترناصر مهدوي شهري'),
('حسين مخبر داودلي'),
('مريم حميدي'),
('مهدي مروي '),
('روح اله قاضي خوشاني'),
('سيد هاشم موسوي '),
('منصور ميرزايي'),
('محمد فاطمي'),
('فاطمه يزدي '),
('محمدعلي عبدي زاده'),
('فاطمه مقتدرگاه'),
('شهربانو سرير '),
('مرتضي شريف زاده'),
('محمد يعقوبي '),
('سيد هاشم موسوي '),
('محمد قنبري'),
('علي زرساز'),
('عليرضا محمدزاده'),
('شرکت حرکت گستر پرديس . روح اله رفعت حسيني'),
('شرکت صنعتي طلايه مشهد'),
('اکبر اميني'),
('سميه محمدخاني'),
('شرکت رهپويان خرد و انديشه'),
('نشاط مشکين فام'),
('دکتراحد ضابط'),
('شرکت صنايع هوا خورشيد (شهريار صابر )'),
('محمدرضا بهزادي'),
('احمد يوسفيان '),
('زيبا افاقي'),
('غلامعلي سوري'),
('کبري حجتي داودلي'),
('عباس شريعتي'),
('اشرف خاوري خراساني'),
('مرتضي رمضاني'),
('سيد هادي حسن نيا'),
('ايوب بخشنده زاري  محله'),
('محمد بخشنده'),
('افروز مجاور'),
('قاسم موسوي'),
('احسان صادقي شاپور آبادي'),
('علي مشتاقي واحديان'),
('رقيه ايرانلو'),
('حسن ميرزائي'),
('محمد جواد کفيلي انداد'),
('سيد حميد رضا مصطفوي'),
('حيدر سالاري اره کمر'),
('زهرا زواري اره کمر'),
('روشنک اميرزاده هروي'),
('محمد تقي خضري'),
('محمد نظري'),
('نجمه باقرزاده'),
('معصومه شريفي طرقي'),
('ميثم محزوني رباطي'),
('محبوبه ابراهيمي'),
('احمد علي مهر علي نياکان'),
('مجيد اسدالهي'),
('فاطمه باقري'),
('محمدعلي عبدي زاده'),
('محمود اسدي'),
('رمضان قرباني'),
('محمدرضا بهزادي'),
('حسين عرفانيان'),
('علي بهاري'),
('محمدرضا برومند'),
('محمد ابراهيم زواري'),
('محمود تقي پور بهره'),
('سيد هادي ابراهيمي '),
('غلامرضا قاسمي'),
('زينب بخشنده'),
('محمد يعقوبي '),
('مهدي اسماعيل زاده'),
('حسن عاشوري چمن آبادي'),
('محمد کريمي '),
('الهام افتخاري '),
('الهام افتخاري '),
('عصمت اميني'),
('مهدي کياني'),
('حسن موسوي'),
('مسعود حاجي پور'),
('محمد پاويرپور'),
('عليرضا حداد طوسي '),
('غلامحسن غلامي'),
('حسين رستمي کاهو'),
('محمد مهدي شمس'),
('کاظم دوست علي'),
('سبحاني شهر ايمان'),
('سيد حسين عرفانيان رضا زاده مقدم'),
('جواد  بهارآراء'),
('شرکت سما توس'),
('شرکت کهکشان آريايي'),
('شرکت خلاقان جوان '),
('شرکت کيميا کاوان سرزمين خورشيد (رضائي)'),
('شرکت صنايع هوا خورشيد (شهريار صابر )'),
('مجتبي اقبالي نژاد'),
('شرکت تصوير پردازان دانش فردا (ميرزايي)'),
('شرکت علم و فناوري آرام'),
('شرکت دنا پارس آژند'),
('شرکت علم و فناوري آرام'),
('شرکت پايا فن آوران'),
('شرکت فني مهندسي قدرت پرداز آسيا'),
('شرکت سولار باد انرژي (ابوترابي زارچي)'),
('فريده نامور'),
('دکتر رضا اکبري نوري '),
('شرکت صنايع هوا خورشيد (شهريار صابر )'),
('فريدون رهنماي رود پشتي'),
('مسعود نوروزيان'),
('شرکت ايده پردازان توسعه انرژي آترون'),
('شرکت دقت گستران آريا پارس'),
('سلمان عليمرداني'),
('محمد شکوهي فر (شکوه صنعت پاژ)'),
('محمد طباطبايي. شرکت انگاره فيزيک'),
('شرکت طراحان ماشين حجازيان'),
('جواد قرباني '),
('جواد  بهارآراء'),
('انتفاع صنعت پايا '),
('عليرضا ايرانبخش'),
('شرکت پيشگامان صمغ پارسيان '),
('شرکت کالاژن پژوه. مجيد جمشيديان مجاور'),
('حسن بهزاديان نژاد.شرکت فرايان'),
('محمد نبيوني'),
('دکترناصر مهدوي شهري'),
('شرکت حرکت گستر پرديس . روح اله رفعت حسيني'),
('حسين ابوترابي زارچي'),
('شرکت نوين کامپوزيت آريا (رضا خسروي)'),
('حسام دهقاني-شرکت دنازيست آسيا'),
('شهرام قادري '),
('شرکت جهان سلول توس (احمد رضاراجي)'),
('محمد حيدري پور'),
('محمد طباطبايي. شرکت انگاره فيزيک'),
('شرکت سنگ آب نانو (غلامرضا ثوابي)'),
('شادي قرائي'),
('محسن شاطريان (شرکت فناور نانو گستر آريا )'),
('شرکت تجهيز گستر پاژ'),
('مجيد ابراهيمي زاده ابريشمي'),
('شرکت پارس شيمي ابتکار گستر'),
('شرکت داده کاوي پرهون (مجيد سازوار)'),
('شرکت فرا انديشان رشد خراسان'),
('محمد طباطبايي. شرکت انگاره فيزيک'),
('اميد صفري'),
('شرکت بسپار پايش پارس (محمودي فريماني)'),
('شرکت پيشتاز نانو فناور توس'),
('سيدعلي صحاف(شرکت بعدسوم پرديس ايرانيان)'),
('سيد محمد جوادي مال آباد'),
('شرکت ايده پردازان جوان فالينوس '),
('موئسسه غير تجاري صهبا رسانه موعود'),
('حامد عابديني يزدي'),
('شرکت کهکشان آريايي'),
('شرکت پايا فن آوران'),
('حسام دهقاني-شرکت دنازيست آسيا'),
('شرکت پارسه'),
('شرکت حرکت گستر پرديس . روح اله رفعت حسيني'),
('شرکت پايا فن آوران'),
('شرکت کهکشان آريايي'),
('شرکت رهرو تلاش جاويد'),
('شرکت کيان ترانسفو'),
('شرکت صنعتي طلايه مشهد'),
('شرکت رهرو تلاش جاويد'),
('شرکت دانشگرايان نوين دلسا'),
('شرکت کاوش صنعت توس'),
('شرکت داده پردازي تلاش وتوسعه'),
('شرکت کيان ترانسفو'),
('شرکت سازه هاي کامپوزيتي خاوران'),
('شرکت خدمات نيروگاهي اهار شرق'),
('شرکت صنعتي طلايه مشهد'),
('شرکت دانشگرايان نوين دلسا'),
('شرکت سازه هاي کامپوزيتي خاوران'),
('شرکت کاوش صنعت توس'),
('شرکت داده پردازي تلاش وتوسعه'),
('شرکت خدمات نيروگاهي اهار شرق'),
('حسين شفاعي'),
('ابراهيم ولي زاده '),
('ابراهيم مسکين '),
('محسن احمدي پور'),
('توحيد خراساني'),
('پيمان يعقوبي '),
('سيد احمد محمدي درودي'),
('مصطفي دلدار'),
('محمد مستعلي '),
('هاشم پور احمدان '),
('محمد مستعلي '),
('حجت پور نوروزي قلعه نو'),
('هاشمي زاده مقدم طهراني'),
('رضا مالداري'),
('مصطفي خداشاهي'),
('محمد مستعلي '),
('حسين شفاعي'),
('پايش بسامد پارسا'),
('شرکت سورنا صنعت خاوران'),
('شرکت اکسير گل سرخ'),
('شرکت صنعت پروژه توس'),
('شرکت پردازش گستر راتا'),
('شرکت دنا پارس آژند'),
('شرکت پرنيان ادمان آفرين '),
('شرکت سازه گستر آرين پارس'),
('شرکت سناباد قطعه آلتون'),
('شرکت نيرونماد رضوي '),
('شرکت داروسازي دکتررجبي '),
('محمد طباطبايي. شرکت انگاره فيزيک'),
('شرکت کاوش صنعت توس'),
('شرکت آرتا هوشمند پردازان سناباد'),
('پايش بسامد پارسا'),
('شرکت کشت کار گستر نوژان خراسان شمالي'),
('شرکت ماهان صنعت توس آروين'),
('شرکت کوشا فن آوران پارت '),
('شرکت شتاب خودرو خراسان شمالي'),
('شرکت طراحان ماشين حجازيان'),
('شرکت پايا فن آوران'),
('رحيم صادقي شرکت ماناپليمرآرمان'),
('شرکت آرشام صنعت '),
('شرکت سورن تک توس'),
('سامان داروي هشتم '),
('شرکت اتوماسيون اداري حسيب'),
('شرکت دنا پارس آژند'),
('حسام دهقاني-شرکت دنازيست آسيا'),
('ايستاارتباط کاوشگر'),
('پارس بهبود آسيا'),
('دکتر مهدي نژاد نوري'),
('سينا خاني'),
('سبحان خاني'),
('محمد طباطبايي'),
('شرکت پايا فن آوران'),
('شرکت ابزار آزما'),
('محمدرضا برومند'),
('هادي بابلي توت'),
('وحيد ضرغامي'),
('قاسم موسوي'),
('جمال الدين بخشنده'),
('دکترعليرضا عاشوري'),
('سکينه حميدي'),
('رضا اسلامي ميل کاريز'),
('کبري حجتي داودلي'),
('دکتر بختيار شعباني'),
('شرکت آمايش'),
('حميدرضا نداف سنگاني'),
('علي اکبر پابند'),
('فرهاد شکوهي فر'),
('حسين حيدري'),
('حسين مخبر داودلي'),
('محمد علي رضوي'),
('حسام دهقاني'),
('غلامعلي نخعي'),
('علي مشتاقي واحديان'),
('محمد نظري'),
('حسن بهزاديان نژاد'),
('محمد قنبري'),
('سميه محمدخاني'),
('زيور هروي'),
('فاطمه مقتدرگاه'),
('محمد فاطمي'),
('مريم حميدي'),
('زينب بخشنده'),
('عليرضا محمدزاده'),
('مجتبي اقبالي نژاد'),
('نشاط مشکين فام'),
('فريده نامور'),
('حسين رستمي کاهو'),
('هاشم مهذب'),
('مرتضي رمضاني'),
('زيبا افاقي'),
('محمد بخشنده'),
('ايوب بخشنده زاري  محله'),
('اشرف خاوري خراساني'),
('عباس شريعتي'),
('حسن ميرزائي'),
('سکينه رستمي تيتکانلو'),
('سيد هادي حسن نيا'),
('افروز مجاور'),
('احسان صادقي شاپور آبادي'),
('شرکت کهکشان آريايي'),
('فريدون  مريدي'),
('سيد حميد رضا مصطفوي'),
('رقيه ايرانلو'),
('غلامحسن غلامي'),
('سيد هادي شکرگذار يتيم دار'),
('محمد تقي خضري'),
('شرکت پارسه'),
('محمد جواد کفيلي انداد'),
('زهرا زواري اره کمر'),
('حيدر سالاري اره کمر'),
('روشنک اميرزاده هروي'),
('محمد مهدي شمس'),
('محمود اسدي'),
('معصومه شريفي طرقي'),
('نجمه باقرزاده'),
('کاظم دوست علي'),
('رمضان قرباني'),
('ميثم محزوني رباطي'),
('محبوبه ابراهيمي'),
('احمد علي مهر علي نياکان'),
('مصطفي دلدار'),
('مجيد اسدالهي'),
('فاطمه باقري'),
('محمدعلي عبدي زاده'),
('محمدرضا بهزادي'),
('مهدي فرخ'),
('حسين عرفانيان'),
('مهدي سلطاني. شرکت توس ژن'),
('علي بهاري'),
('حسين کشيري (موسسه پرديس توس )'),
('سبحاني شهر ايمان'),
('محمد ابراهيم زواري'),
('شرکت حرکت گستر پرديس . روح اله رفعت حسيني'),
('محمود تقي پور بهره'),
('غلامرضا قاسمي'),
('توحيد خراساني'),
('محسن احمدي پور'),
('پيمان يعقوبي '),
('سيد حسين عرفانيان رضا زاده مقدم'),
('سيد هادي ابراهيمي '),
('محمد علي خليل زاده'),
('عليرضا ناصري حسيني'),
('سيد مهدي ميرزابابايي'),
('ناصر مهدوي شهري'),
('محمد يعقوبي '),
('مهدي اسماعيل زاده'),
('سيد احمد محمدي درودي'),
('شرکت محققان ياسين (هادي ده دست)'),
('حسن عاشوري چمن آبادي'),
('محمد کريمي '),
('الهام افتخاري '),
('مهدي مروي '),
('روح اله قاضي خوشاني'),
('سيد هاشم موسوي '),
('دانشگاه فردوسي مشهد'),
('حسين ابوترابي زارچي'),
('مجتبي حنايي'),
('منصور ميرزايي'),
('جواد  بهارآراء'),
('ابراهيم ولي زاده '),
('مجيد جمشيديان مجاور'),
('شرکت خلاقان جوان '),
('انيسه رحيمي'),
('فاطمه يزدي '),
('شرکت نوين کامپوزيت آريا (رضا خسروي)'),
('شهربانو سرير '),
('فرخ سادات کلالي'),
('هاشم پور احمدان '),
('ابراهيم مسکين '),
('شهرام قادري '),
('محمد مستعلي '),
('شرکت کيميا کاوان سرزمين خورشيد (رضائي)'),
('شرکت جهان سلول توس (احمد رضاراجي)'),
('مرتضي شريف زاده'),
('رضا هروي نيشابوري'),
('محسن شاطريان (شرکت فناور نانو گستر آريا )'),
('محمد حيدري پور'),
('شادي قرائي'),
('غلامرضا ثوابي'),
('هادي مسرور'),
('عصمت اميني'),
('احمد ظابط '),
('علي زرساز'),
('حيدر قلي حيدري مزرجي'),
('شرکت صنايع هوا خورشيد (شهريار صابر )'),
('محمد باقر طباطبايي'),
('مهدوي شهري و ابراهيمي'),
('شرکت تجهيز گستر پاژ'),
('سود سپرده مهدوي و ابراهيمي'),
('مهدي کياني'),
('هاشمي زاده مقدم طهراني'),
('شرکت سورنا صنعت خاوران'),
('پايش بسامد پارسا'),
('شرکت چوب سان شرق (ورشوئي تبريزي)'),
('شرکت آريا کاوان اطلس (خياط خلقي)'),
('مجيد ابراهيمي زاده ابريشمي'),
('شرکت اکسير گل سرخ'),
('محمد حسين هادوي'),
('شرکت داده کاوي پرهون (مجيد سازوار)'),
('شرکت پارس شيمي ابتکار گستر'),
('شرکت فرا انديشان رشد خراسان'),
('حسن موسوي'),
('شرکت تصوير پردازان دانش فردا (ميرزايي)'),
('نرگس ارزني'),
('مسعود حاجي پور'),
('محمد پاويرپور'),
('رضا مالداري'),
('شرکت فناوري و کارآفريني جهان انديشه'),
('شرکت صنعت پروژه توس'),
('شرکت علم و فناوري آرام'),
('شرکت صنعتي طلايه مشهد'),
('شرکت آرتا هوشمند پردازان سناباد'),
('حجت پور نوروزي قلعه نو'),
('اميد صفري'),
('شرکت کشت کار گستر نوژان خراسان شمالي'),
('شرکت دنا پارس آژند'),
('شرکت طراحان ماشين حجازيان'),
('مصطفي خداشاهي'),
('شرکت پيشتاز نانو فناور توس'),
('اکبر اميني'),
('شرکت بسپار پايش پارس'),
('شرکت ماهان صنعت توس آروين'),
('شرکت کوشا فن آوران پارت '),
('عاطفه شريف'),
('شرکت ايده پردازان توسعه انرژي آترون'),
('شرکت فني مهندسي قدرت پرداز آسيا'),
('شرکت رهرو تلاش جاويد'),
('شرکت شتاب خودرو خراسان شمالي'),
('پارک علم و فناوري خراسان'),
('شرکت سناباد قطعه آلتون'),
('دکتر رضا اکبري نوري '),
('احمد يوسفيان '),
('شرکت پردازش گستر راتا'),
('غلامعلي سوري'),
('آذر آديني'),
('محمد استادي'),
('سعيد عمراني'),
('مسلم توريني'),
('آژير'),
('احمدي'),
('جليليان'),
('مجتبي شرفي'),
('شرکت پرنيان ادمان آفرين '),
('مسعود نوروزيان'),
('فريدون رهنماي رود پشتي'),
('شرکت خدمات نيروگاهي آهار شرق'),
('شرکت صنايع کيان ترانسفوي'),
('شرکت صنايع غذايي دانشگران نوين دلسا'),
('شرکت کاوش صنعت توس'),
('شرکت سازه هاي کامپوزيتي خاوران'),
('شرکت داده پردازي تلاش وتوسعه'),
('محمد نبيوني'),
('شرکت سازه گستر آرين پارس'),
('شرکت سورن تک توس'),
('شرکت اتوماسيون اداري حسيب'),
('شرکت دقت گستران آريا پارس'),
('محمد شکوهي فر '),
('شرکت داروسازي دکتررجبي '),
('شرکت نيرونماد رضوي '),
('رحيم صادقي شرکت ماناپليمرآرمان'),
('سلمان عليمرداني '),
('عليرضا سيديان عنبراني'),
('غاطفه رشيدي زاده '),
('سيدعلي صحاف(شرکت بعدسوم پرديس ايرانيان)'),
('سيد محمد جوادي مال آباد'),
('جواد قرباني '),
('سامان داروي هشتم '),
('شرکت ايده پردازان جوان فالينوس '),
('شرکت آرشام صنعت '),
('عليرضا حداد طوسي '),
('انتفاع صنعت پايا '),
('موئسسه غير تجاري صهبا رسانه موعود'),
('پارس بهبود آسيا'),
('حامد عابديني يزدي'),
('ايستاارتباط کاوشگر'),
('شرکت سما توس');

-- --------------------------------------------------------

--
-- Table structure for table `WFM_FlowRows`
--

CREATE TABLE IF NOT EXISTS `WFM_FlowRows` (
  `RowID` int(10) unsigned NOT NULL AUTO_INCREMENT,
  `FlowID` int(10) unsigned NOT NULL,
  `StepID` int(10) unsigned NOT NULL,
  `ObjectID` int(10) unsigned NOT NULL,
  `PersonID` int(10) unsigned NOT NULL,
  `ActionDate` datetime NOT NULL,
  `ActionType` enum('CONFIRM','REJECT') NOT NULL,
  `ActionComment` varchar(500) DEFAULT NULL,
  PRIMARY KEY (`RowID`)
) ENGINE=InnoDB DEFAULT CHARSET=utf8 AUTO_INCREMENT=1 ;

-- --------------------------------------------------------

--
-- Table structure for table `WFM_flows`
--

CREATE TABLE IF NOT EXISTS `WFM_flows` (
  `FlowID` int(10) unsigned NOT NULL AUTO_INCREMENT,
  `ObjectType` smallint(5) unsigned NOT NULL,
  `FlowDesc` varchar(50) NOT NULL,
  `IsSystemic` enum('YES','NO') NOT NULL DEFAULT 'NO',
  PRIMARY KEY (`FlowID`),
  UNIQUE KEY `Index_2` (`ObjectType`)
) ENGINE=InnoDB  DEFAULT CHARSET=utf8 AUTO_INCREMENT=2 ;

--
-- Dumping data for table `WFM_flows`
--

INSERT INTO `WFM_flows` (`FlowID`, `ObjectType`, `FlowDesc`, `IsSystemic`) VALUES
(1, 1, 'گردش مرحله وام', 'YES');

-- --------------------------------------------------------

--
-- Table structure for table `WFM_FlowSteps`
--

CREATE TABLE IF NOT EXISTS `WFM_FlowSteps` (
  `FlowID` int(10) unsigned NOT NULL,
  `StepID` int(10) unsigned NOT NULL,
  `StepDesc` varchar(45) NOT NULL,
  `PostID` int(10) unsigned NOT NULL,
  PRIMARY KEY (`FlowID`,`StepID`)
) ENGINE=InnoDB DEFAULT CHARSET=utf8;

--
-- Dumping data for table `WFM_FlowSteps`
--

INSERT INTO `WFM_FlowSteps` (`FlowID`, `StepID`, `StepDesc`, `PostID`) VALUES
(1, 1, 'تایید اولیه', 1),
(1, 2, 'تایید ناظر', 3);

-- --------------------------------------------------------

--
-- Table structure for table `WFM_RequestElements`
--

CREATE TABLE IF NOT EXISTS `WFM_RequestElements` (
  `RowID` int(10) unsigned NOT NULL AUTO_INCREMENT,
  `RequestID` int(10) unsigned NOT NULL,
  `ElementID` int(10) unsigned NOT NULL,
  `ElementValue` varchar(5000) NOT NULL,
  PRIMARY KEY (`RowID`)
) ENGINE=InnoDB DEFAULT CHARSET=utf8 AUTO_INCREMENT=1 ;

-- --------------------------------------------------------

--
-- Table structure for table `WFM_requests`
--

CREATE TABLE IF NOT EXISTS `WFM_requests` (
  `RequetID` int(10) unsigned NOT NULL AUTO_INCREMENT,
  `FormID` int(10) unsigned NOT NULL,
  `RequestNo` int(10) unsigned NOT NULL,
  `RegPersonID` int(10) unsigned NOT NULL,
  `RegDate` datetime NOT NULL,
  PRIMARY KEY (`RequetID`)
) ENGINE=InnoDB DEFAULT CHARSET=utf8 AUTO_INCREMENT=1 ;

--
-- Constraints for dumped tables
--

--
-- Constraints for table `ACC_accounts`
--
ALTER TABLE `ACC_accounts`
  ADD CONSTRAINT `FK_ACC_accounts_1` FOREIGN KEY (`BankID`) REFERENCES `acc_banks` (`BankID`);

--
-- Constraints for table `ACC_cheques`
--
ALTER TABLE `ACC_cheques`
  ADD CONSTRAINT `FK_ACC_cheques_1` FOREIGN KEY (`AccountID`) REFERENCES `acc_accounts` (`AccountID`);

--
-- Constraints for table `ACC_CostCodes`
--
ALTER TABLE `ACC_CostCodes`
  ADD CONSTRAINT `FK_ACC_CostCodes_1` FOREIGN KEY (`level1`) REFERENCES `acc_blocks` (`BlockID`),
  ADD CONSTRAINT `FK_ACC_CostCodes_2` FOREIGN KEY (`level2`) REFERENCES `acc_blocks` (`BlockID`),
  ADD CONSTRAINT `FK_ACC_CostCodes_3` FOREIGN KEY (`level3`) REFERENCES `acc_blocks` (`BlockID`);

--
-- Constraints for table `ACC_DocChecks`
--
ALTER TABLE `ACC_DocChecks`
  ADD CONSTRAINT `FK_ACC_DocChecks_1` FOREIGN KEY (`AccountID`) REFERENCES `acc_accounts` (`AccountID`),
  ADD CONSTRAINT `FK_ACC_DocChecks_2` FOREIGN KEY (`DocID`) REFERENCES `acc_docs` (`DocID`);

--
-- Constraints for table `ACC_DocItems`
--
ALTER TABLE `ACC_DocItems`
  ADD CONSTRAINT `FK_ACC_DocItems_1` FOREIGN KEY (`DocID`) REFERENCES `ACC_docs` (`DocID`),
  ADD CONSTRAINT `FK_ACC_DocItems_2` FOREIGN KEY (`CostID`) REFERENCES `ACC_CostCodes` (`CostID`),
  ADD CONSTRAINT `FK_ACC_DocItems_4` FOREIGN KEY (`Tafsili2ID`) REFERENCES `ACC_tafsilis` (`TafsiliID`),
  ADD CONSTRAINT `FK_ACC_DocItems_Taf` FOREIGN KEY (`TafsiliID`) REFERENCES `ACC_tafsilis` (`TafsiliID`);

--
-- Constraints for table `DMS_DocParamValues`
--
ALTER TABLE `DMS_DocParamValues`
  ADD CONSTRAINT `FK_DMS_DocParamValues_1` FOREIGN KEY (`DocumentID`) REFERENCES `dms_documents` (`DocumentID`);

--
-- Constraints for table `FGR_steps`
--
ALTER TABLE `FGR_steps`
  ADD CONSTRAINT `FK_FGR_steps_1` FOREIGN KEY (`FormID`) REFERENCES `fgr_forms` (`FormID`);

--
-- Constraints for table `LON_installments`
--
ALTER TABLE `LON_installments`
  ADD CONSTRAINT `FK_LON_installments_1` FOREIGN KEY (`PartID`) REFERENCES `lon_reqparts` (`PartID`);

--
-- Constraints for table `LON_ReqParts`
--
ALTER TABLE `LON_ReqParts`
  ADD CONSTRAINT `FK_LON_ReqParts_1` FOREIGN KEY (`RequestID`) REFERENCES `LON_requests` (`RequestID`);

/*!40101 SET CHARACTER_SET_CLIENT=@OLD_CHARACTER_SET_CLIENT */;
/*!40101 SET CHARACTER_SET_RESULTS=@OLD_CHARACTER_SET_RESULTS */;
/*!40101 SET COLLATION_CONNECTION=@OLD_COLLATION_CONNECTION */;
