-- MySQL Administrator dump 1.4
--
-- ------------------------------------------------------
-- Server version	5.0.27-community-nt


/*!40101 SET @OLD_CHARACTER_SET_CLIENT=@@CHARACTER_SET_CLIENT */;
/*!40101 SET @OLD_CHARACTER_SET_RESULTS=@@CHARACTER_SET_RESULTS */;
/*!40101 SET @OLD_COLLATION_CONNECTION=@@COLLATION_CONNECTION */;
/*!40101 SET NAMES utf8 */;

/*!40014 SET @OLD_UNIQUE_CHECKS=@@UNIQUE_CHECKS, UNIQUE_CHECKS=0 */;
/*!40014 SET @OLD_FOREIGN_KEY_CHECKS=@@FOREIGN_KEY_CHECKS, FOREIGN_KEY_CHECKS=0 */;
/*!40101 SET @OLD_SQL_MODE=@@SQL_MODE, SQL_MODE='NO_AUTO_VALUE_ON_ZERO' */;


--
-- Create schema rtfund
--

CREATE DATABASE IF NOT EXISTS rtfund;
USE rtfund;

--
-- Definition of table `ACC_CostCodes`
--

DROP TABLE IF EXISTS `ACC_CostCodes`;
CREATE TABLE `ACC_CostCodes` (
  `CostID` int(10) unsigned NOT NULL auto_increment COMMENT 'کد ردیف',
  `level1` int(10) unsigned NOT NULL COMMENT 'سطح 1',
  `level2` int(10) unsigned default NULL COMMENT 'سطح 2',
  `level3` int(10) unsigned default NULL COMMENT 'سطح 3',
  `IsActive` enum('YES','NO') NOT NULL default 'YES',
  `CostCode` varchar(45) default NULL COMMENT 'کد حساب',
  PRIMARY KEY  (`CostID`),
  KEY `FK_ACC_CostCodes_1` (`level1`),
  KEY `FK_ACC_CostCodes_2` (`level2`),
  KEY `FK_ACC_CostCodes_3` (`level3`),
  CONSTRAINT `FK_ACC_CostCodes_1` FOREIGN KEY (`level1`) REFERENCES `acc_blocks` (`BlockID`),
  CONSTRAINT `FK_ACC_CostCodes_2` FOREIGN KEY (`level2`) REFERENCES `acc_blocks` (`BlockID`),
  CONSTRAINT `FK_ACC_CostCodes_3` FOREIGN KEY (`level3`) REFERENCES `acc_blocks` (`BlockID`)
) ENGINE=InnoDB DEFAULT CHARSET=utf8 COMMENT='کدهای حساب';

--
-- Dumping data for table `ACC_CostCodes`
--

/*!40000 ALTER TABLE `ACC_CostCodes` DISABLE KEYS */;
INSERT INTO `ACC_CostCodes` (`CostID`,`level1`,`level2`,`level3`,`IsActive`,`CostCode`) VALUES 
 (1,1,NULL,NULL,'YES','100'),
 (2,2,NULL,NULL,'YES','101'),
 (4,4,NULL,NULL,'YES','104'),
 (5,5,NULL,NULL,'YES','106'),
 (6,6,NULL,NULL,'YES','107'),
 (7,7,NULL,NULL,'YES','109'),
 (9,9,NULL,NULL,'YES','180'),
 (14,14,NULL,NULL,'YES','300'),
 (15,15,NULL,NULL,'NO','310'),
 (16,16,NULL,NULL,'YES','401'),
 (17,17,NULL,NULL,'YES','499'),
 (19,19,NULL,NULL,'YES','550'),
 (20,20,NULL,NULL,'YES','610'),
 (21,21,NULL,NULL,'YES','620'),
 (22,22,NULL,NULL,'YES','635'),
 (25,25,NULL,NULL,'YES','689'),
 (27,27,NULL,NULL,'YES','700'),
 (28,28,NULL,NULL,'YES','721'),
 (33,33,NULL,NULL,'YES','734'),
 (37,37,NULL,NULL,'YES','738'),
 (45,8,45,NULL,'YES','110-10'),
 (46,8,46,NULL,'YES','110-11'),
 (47,8,47,NULL,'YES','110-12'),
 (48,8,48,NULL,'YES','110-15'),
 (50,8,50,NULL,'YES','110-17'),
 (52,8,52,NULL,'YES','110-20'),
 (54,8,54,NULL,'YES','110-24'),
 (55,8,55,NULL,'YES','110-25'),
 (57,10,57,NULL,'YES','190-01'),
 (60,10,60,NULL,'YES','190-04'),
 (62,11,62,NULL,'YES','200-02'),
 (63,11,63,NULL,'YES','200-03'),
 (64,11,64,NULL,'YES','200-04'),
 (65,12,65,NULL,'YES','209-10'),
 (66,13,66,NULL,'YES','210-01'),
 (67,15,67,NULL,'YES','310-01'),
 (71,18,71,NULL,'YES','500-06'),
 (72,18,72,NULL,'YES','500-07'),
 (73,18,73,NULL,'YES','500-08'),
 (74,18,74,NULL,'YES','500-10'),
 (76,18,76,NULL,'YES','500-14'),
 (77,18,77,NULL,'YES','500-15'),
 (78,18,78,NULL,'YES','500-18'),
 (79,18,79,NULL,'YES','500-19'),
 (81,18,81,NULL,'YES','500-22'),
 (82,18,82,NULL,'YES','500-26'),
 (83,18,83,NULL,'YES','500-50'),
 (84,18,84,NULL,'YES','500-50'),
 (86,23,86,NULL,'YES','660-01'),
 (87,23,87,NULL,'YES','660-02'),
 (88,23,88,NULL,'NO','660-05'),
 (96,40,96,NULL,'YES','750-06'),
 (97,40,97,NULL,'YES','750-07'),
 (98,40,98,NULL,'YES','750-08'),
 (104,42,104,NULL,'YES','904-01'),
 (105,42,105,NULL,'YES','904-02'),
 (106,42,106,NULL,'YES','904-03'),
 (107,42,107,NULL,'YES','904-04'),
 (108,42,108,NULL,'YES','904-05'),
 (109,43,109,NULL,'YES','905-01'),
 (110,43,110,NULL,'YES','905-02'),
 (111,43,111,NULL,'YES','905-03'),
 (112,43,112,NULL,'YES','905-04'),
 (113,43,113,NULL,'YES','905-05'),
 (114,18,69,114,'YES','500-01-08'),
 (115,18,69,115,'YES','500-01-02'),
 (116,18,69,116,'YES','500-01-03'),
 (117,18,69,117,'YES','500-01-04'),
 (119,13,3,NULL,'YES','210-02'),
 (120,13,26,NULL,'YES','210-03'),
 (122,18,69,85,'YES','500-01-06'),
 (123,18,69,70,'YES','500-01-05'),
 (124,18,69,75,'YES','500-01-07'),
 (125,8,119,NULL,'YES','110-26'),
 (128,40,45,NULL,'YES','750-10'),
 (129,40,46,NULL,'YES','750-11'),
 (130,40,47,NULL,'YES','750-12'),
 (131,40,48,NULL,'YES','750-15'),
 (132,40,50,NULL,'YES','750-17'),
 (133,40,119,NULL,'YES','750-26'),
 (142,28,54,120,'YES','721-24-51'),
 (143,28,54,121,'YES','721-24-52'),
 (144,28,50,120,'YES','721-17-51'),
 (145,28,50,121,'YES','721-17-52'),
 (146,40,52,NULL,'YES','750-20'),
 (147,40,54,NULL,'YES','750-24'),
 (148,40,55,NULL,'YES','750-25'),
 (149,18,69,122,'YES','500-01-01'),
 (150,40,123,NULL,'YES','750-02'),
 (151,11,124,NULL,'YES','200-01'),
 (152,10,125,NULL,'YES','190-02'),
 (153,126,NULL,NULL,'NO','739'),
 (154,28,127,NULL,'YES','721-23'),
 (155,28,54,NULL,'YES','721-24'),
 (156,41,45,NULL,'YES','760-10'),
 (157,41,46,NULL,'YES','760-11'),
 (158,41,47,NULL,'YES','760-12'),
 (159,41,48,NULL,'YES','760-15'),
 (160,41,50,NULL,'YES','760-17'),
 (161,41,119,NULL,'YES','760-26'),
 (162,41,52,NULL,'YES','760-20'),
 (163,41,54,NULL,'YES','760-24'),
 (164,41,55,NULL,'YES','760-25'),
 (165,11,88,NULL,'YES','200-05');
/*!40000 ALTER TABLE `ACC_CostCodes` ENABLE KEYS */;


--
-- Definition of table `ACC_DocChecks`
--

DROP TABLE IF EXISTS `ACC_DocChecks`;
CREATE TABLE `ACC_DocChecks` (
  `DocID` int(10) unsigned NOT NULL COMMENT 'کد سند',
  `CheckID` int(10) unsigned NOT NULL auto_increment COMMENT 'کد چک',
  `AccountID` int(10) unsigned default NULL COMMENT 'کد حساب',
  `CheckNo` int(10) unsigned default NULL COMMENT 'شماره چک',
  `CheckDate` date NOT NULL COMMENT 'تاریخ چک',
  `amount` decimal(15,0) NOT NULL COMMENT 'مبلغ',
  `CheckStatus` smallint(5) unsigned NOT NULL default '1' COMMENT 'وضعیت چک',
  `description` varchar(500) default NULL COMMENT 'توضیحات',
  `TafsiliID` int(10) unsigned default NULL,
  PRIMARY KEY  (`CheckID`),
  KEY `FK_ACC_DocChecks_1` (`AccountID`),
  KEY `FK_ACC_DocChecks_2` (`DocID`),
  CONSTRAINT `FK_ACC_DocChecks_1` FOREIGN KEY (`AccountID`) REFERENCES `acc_accounts` (`AccountID`),
  CONSTRAINT `FK_ACC_DocChecks_2` FOREIGN KEY (`DocID`) REFERENCES `acc_docs` (`DocID`)
) ENGINE=InnoDB DEFAULT CHARSET=utf8;

--
-- Dumping data for table `ACC_DocChecks`
--

/*!40000 ALTER TABLE `ACC_DocChecks` DISABLE KEYS */;
/*!40000 ALTER TABLE `ACC_DocChecks` ENABLE KEYS */;


--
-- Definition of table `ACC_DocItems`
--

DROP TABLE IF EXISTS `ACC_DocItems`;
CREATE TABLE `ACC_DocItems` (
  `DocID` int(10) unsigned NOT NULL COMMENT 'کد سند',
  `ItemID` int(10) unsigned NOT NULL auto_increment COMMENT 'کد ردیف',
  `CostID` int(10) unsigned NOT NULL COMMENT 'کد حساب',
  `TafsiliType` smallint(5) unsigned default NULL,
  `TafsiliID` int(10) unsigned default NULL COMMENT 'کد تفصیلی',
  `TafsiliType2` smallint(5) unsigned default NULL,
  `TafsiliID2` int(10) unsigned default NULL,
  `DebtorAmount` decimal(15,0) NOT NULL default '0' COMMENT 'مبلغ بدهکار',
  `CreditorAmount` decimal(15,0) NOT NULL default '0' COMMENT 'مبلغ بستانکار',
  `details` varchar(500) default NULL COMMENT 'جزئیات',
  `locked` enum('YES','NO') NOT NULL default 'NO' COMMENT 'قفل بودن ردیف',
  `SourceType` varchar(50) default NULL,
  `SourceID` int(10) unsigned default NULL,
  `SourceID2` int(10) unsigned default NULL,
  PRIMARY KEY  (`ItemID`),
  KEY `FK_ACC_DocItems_1` (`DocID`),
  KEY `FK_ACC_DocItems_2` (`CostID`),
  KEY `FK_ACC_DocItems_3` (`TafsiliID`),
  CONSTRAINT `FK_ACC_DocItems_1` FOREIGN KEY (`DocID`) REFERENCES `acc_docs` (`DocID`),
  CONSTRAINT `FK_ACC_DocItems_2` FOREIGN KEY (`CostID`) REFERENCES `acc_costcodes` (`CostID`),
  CONSTRAINT `FK_ACC_DocItems_3` FOREIGN KEY (`TafsiliID`) REFERENCES `acc_tafsilis` (`TafsiliID`)
) ENGINE=InnoDB DEFAULT CHARSET=utf8;

--
-- Dumping data for table `ACC_DocItems`
--

/*!40000 ALTER TABLE `ACC_DocItems` DISABLE KEYS */;
INSERT INTO `ACC_DocItems` (`DocID`,`ItemID`,`CostID`,`TafsiliType`,`TafsiliID`,`TafsiliType2`,`TafsiliID2`,`DebtorAmount`,`CreditorAmount`,`details`,`locked`,`SourceType`,`SourceID`,`SourceID2`) VALUES 
 (7,1,1,NULL,NULL,NULL,NULL,'5780000','0','دريافت اقساط','NO',NULL,NULL,NULL),
 (8,2,1,NULL,NULL,NULL,NULL,'3410000','0',' واريز به سپرده کوتاه مدت شماره 1 دانشگاه فردوسي مشهد','NO',NULL,NULL,NULL),
 (9,3,1,NULL,NULL,NULL,NULL,'5780000','0',' واريز به سپرده کوتاه مدت شماره 1 دانشگاه فردوسي مشهد','NO',NULL,NULL,NULL),
 (11,4,1,NULL,NULL,NULL,NULL,'1500000','0','دريافت اقساط','NO',NULL,NULL,NULL),
 (14,5,1,NULL,NULL,NULL,NULL,'16170000','0','دريافت اقساط','NO',NULL,NULL,NULL),
 (16,6,1,NULL,NULL,NULL,NULL,'2500000','0',' واريز به سپرده کوتاه مدت شماره 1 دانشگاه فردوسي مشهد','NO',NULL,NULL,NULL),
 (17,7,1,NULL,NULL,NULL,NULL,'0','2500000','عملکرد صندوق واريزي به سپرده دانشگاه فردوسي قسط ش 13 وام محسن شاطريان','NO',NULL,NULL,NULL),
 (21,8,1,NULL,NULL,NULL,NULL,'2000000','0','واريزي حساب پس انداز  -سود سپرده مهدوي و ابراهيمي','NO',NULL,NULL,NULL),
 (22,9,1,NULL,NULL,NULL,NULL,'0','50000000',' برداشت از سپرده کوتاه مدت شماره 2 سود سپرده مهدوي و ابراهيمي','NO',NULL,NULL,NULL),
 (23,10,1,NULL,NULL,NULL,NULL,'0','41705000',' برداشت از سپرده کوتاه مدت شماره 2 سود سپرده مهدوي و ابراهيمي','NO',NULL,NULL,NULL),
 (24,11,1,NULL,NULL,NULL,NULL,'0','1900000000','پرداخت وام شماره  196 شرکت سازه گستر آرين پارس','NO',NULL,NULL,NULL),
 (26,12,1,NULL,NULL,NULL,NULL,'96000000','0','واريزي حساب پس انداز  -پارک علم و فناوري خراسان','NO',NULL,NULL,NULL),
 (27,13,1,NULL,NULL,NULL,NULL,'500000','0','افتتاح حساب پس انداز','NO',NULL,NULL,NULL),
 (7,14,2,3,1,NULL,NULL,'3410000','0','دريافت اقساط','NO',NULL,NULL,NULL),
 (13,15,2,3,1,NULL,NULL,'1932666667','0','دريافت اقساط','NO',NULL,NULL,NULL),
 (6,16,2,3,1,NULL,NULL,'0','16000000','چک 757463 بابت خريد يک دستگاه سيستم کامپيوتر طي ف 3027 ','NO',NULL,NULL,NULL),
 (15,17,2,3,1,NULL,NULL,'2500000','0','دريافت اقساط','NO',NULL,NULL,NULL),
 (18,18,2,3,1,NULL,NULL,'5900000','0','دريافت اقساط','NO',NULL,NULL,NULL),
 (20,19,2,3,1,NULL,NULL,'2000000','0','دريافت اقساط','NO',NULL,NULL,NULL),
 (6,20,9,NULL,NULL,NULL,NULL,'16000000','0','بابت خريد يک دستگاه سيستم کامپيوتر طي ف 3027 از کاميپوتر تگ نگار','NO',NULL,NULL,NULL),
 (18,21,46,1,1131,NULL,NULL,'0','1500000',' پرداخت قسط  21 وام شماره 12','NO',NULL,NULL,NULL),
 (18,22,46,1,1137,NULL,NULL,'0','1500000',' پرداخت قسط  15 وام شماره 17','NO',NULL,NULL,NULL),
 (14,23,46,1,1052,NULL,NULL,'0','10570000',' پرداخت قسط  1 وام شماره 177','NO',NULL,NULL,NULL),
 (14,24,46,1,1054,NULL,NULL,'0','5600000',' پرداخت قسط  1 وام شماره 178','NO',NULL,NULL,NULL),
 (18,25,46,1,1005,NULL,NULL,'0','1400000',' پرداخت قسط  13 وام شماره 73','NO',NULL,NULL,NULL),
 (11,26,46,1,1134,NULL,NULL,'0','1500000',' پرداخت قسط  11 وام شماره 9','NO',NULL,NULL,NULL),
 (18,27,46,1,1023,NULL,NULL,'0','1500000',' پرداخت قسط  15 وام شماره 95','NO',NULL,NULL,NULL),
 (13,28,50,1,1152,NULL,NULL,'0','966666667',' پرداخت قسط  2 وام شماره 26','NO',NULL,NULL,NULL),
 (13,29,50,1,1152,NULL,NULL,'0','966000000',' پرداخت قسط  2 وام شماره 72','NO',NULL,NULL,NULL),
 (20,30,52,1,1070,NULL,NULL,'0','2000000',' پرداخت قسط  5 وام شماره 152','NO',NULL,NULL,NULL),
 (24,31,54,1,1098,NULL,NULL,'1900000000','0','پرداخت وام شماره  196 شرکت سازه گستر آرين پارس','NO',NULL,NULL,NULL),
 (21,32,65,1,1204,NULL,NULL,'0','2000000','واريزي حساب پس انداز  -سود سپرده مهدوي و ابراهيمي','NO',NULL,NULL,NULL),
 (26,33,65,1,1001,NULL,NULL,'0','96000000','واريزي حساب پس انداز  -پارک علم و فناوري خراسان','NO',NULL,NULL,NULL),
 (27,34,65,1,1098,NULL,NULL,'0','500000','افتتاح حساب پس انداز-شرکت سازه گستر آرين پارس','NO',NULL,NULL,NULL),
 (8,35,66,1,1002,NULL,NULL,'0','3410000',' واريز به سپرده کوتاه مدت شماره 1 دانشگاه فردوسي مشهد','NO',NULL,NULL,NULL),
 (9,36,66,1,1002,NULL,NULL,'0','5780000',' واريز به سپرده کوتاه مدت شماره 1 دانشگاه فردوسي مشهد','NO',NULL,NULL,NULL),
 (16,37,66,1,1002,NULL,NULL,'0','2500000',' واريز به سپرده کوتاه مدت شماره 1 دانشگاه فردوسي مشهد','NO',NULL,NULL,NULL),
 (22,38,66,1,1203,NULL,NULL,'50000000','0',' برداشت از سپرده کوتاه مدت شماره 2 سود سپرده مهدوي و ابراهيمي','NO',NULL,NULL,NULL),
 (23,39,66,1,1203,NULL,NULL,'41705000','0',' برداشت از سپرده کوتاه مدت شماره 2 سود سپرده مهدوي و ابراهيمي','NO',NULL,NULL,NULL),
 (17,40,88,1,1002,NULL,NULL,'2500000','0','واريزي به سپرده دانشگاه فردوسي قسط ش 13 وام محسن شاطريان','NO',NULL,NULL,NULL),
 (15,41,125,1,1047,1,1002,'0','2500000',' پرداخت قسط  13 وام شماره 136','NO',NULL,NULL,NULL),
 (7,42,125,1,1055,1,1002,'0','5780000',' پرداخت قسط  4 وام شماره 137','NO',NULL,NULL,NULL),
 (7,43,125,1,1063,1,1002,'0','3410000',' پرداخت قسط  3 وام شماره 148','NO',NULL,NULL,NULL),
 (2,44,128,2,4,NULL,NULL,'0','41938510','انتقال مانده سودوکارمزد  سال94به سودوکارمزد  سال جاري ','NO',NULL,NULL,NULL),
 (2,45,128,2,4,NULL,NULL,'41938510','0','انتقال مانده سودوکارمزد  سال94به سودوکارمزد  سال جاري ','NO',NULL,NULL,NULL),
 (2,46,129,2,4,NULL,NULL,'0','39956979','انتقال مانده سودوکارمزد  سال94به سودوکارمزد  سال جاري ','NO',NULL,NULL,NULL),
 (2,47,129,2,4,NULL,NULL,'0','47290540','انتقال مانده سودوکارمزد  سال94به سودوکارمزد  سال جاري ','NO',NULL,NULL,NULL),
 (2,48,129,2,4,NULL,NULL,'39956979','0','انتقال مانده سودوکارمزد  سال94به سودوکارمزد  سال جاري ','NO',NULL,NULL,NULL),
 (2,49,129,2,4,NULL,NULL,'47290540','0','انتقال مانده سودوکارمزد  سال94به سودوکارمزد  سال جاري ','NO',NULL,NULL,NULL),
 (2,50,130,2,4,NULL,NULL,'0','1643163','انتقال مانده سودوکارمزد  سال94به سودوکارمزد  سال جاري ','NO',NULL,NULL,NULL),
 (2,51,130,2,4,NULL,NULL,'1643163','0','انتقال مانده سودوکارمزد  سال94به سودوکارمزد  سال جاري ','NO',NULL,NULL,NULL),
 (2,52,131,2,4,NULL,NULL,'0','233967016','انتقال مانده سودوکارمزد  سال94به سودوکارمزد  سال جاري ','NO',NULL,NULL,NULL),
 (2,53,131,2,4,NULL,NULL,'0','282748844','انتقال مانده سودوکارمزد  سال94به سودوکارمزد  سال جاري ','NO',NULL,NULL,NULL),
 (2,54,131,2,4,NULL,NULL,'282748844','0','انتقال مانده سودوکارمزد  سال94به سودوکارمزد  سال جاري ','NO',NULL,NULL,NULL),
 (2,55,131,2,4,NULL,NULL,'233967016','0','انتقال مانده سودوکارمزد  سال94به سودوکارمزد  سال جاري ','NO',NULL,NULL,NULL),
 (2,56,132,2,4,NULL,NULL,'0','2012730','انتقال مانده سودوکارمزد  سال94به سودوکارمزد  سال جاري ','NO',NULL,NULL,NULL),
 (2,57,132,2,4,NULL,NULL,'0','28800000','انتقال مانده سودوکارمزد  سال94به سودوکارمزد  سال جاري ','NO',NULL,NULL,NULL),
 (2,58,132,2,4,NULL,NULL,'28800000','0','انتقال مانده سودوکارمزد  سال94به سودوکارمزد  سال جاري ','NO',NULL,NULL,NULL),
 (2,59,133,2,4,NULL,NULL,'0','7047905','انتقال مانده سودوکارمزد  سال94به سودوکارمزد  سال جاري ','NO',NULL,NULL,NULL),
 (2,60,133,2,4,NULL,NULL,'0','628465','انتقال مانده سودوکارمزد  سال94به سودوکارمزد  سال جاري ','NO',NULL,NULL,NULL),
 (2,61,133,2,4,NULL,NULL,'7047905','0','انتقال مانده سودوکارمزد  سال94به سودوکارمزد  سال جاري ','NO',NULL,NULL,NULL),
 (2,62,133,2,4,NULL,NULL,'628465','0','انتقال مانده سودوکارمزد  سال94به سودوکارمزد  سال جاري ','NO',NULL,NULL,NULL),
 (2,63,150,2,4,NULL,NULL,'2012730','0','انتقال مانده سودوکارمزد  سال94به سودوکارمزد  سال جاري ','NO',NULL,NULL,NULL),
 (28,64,1,NULL,NULL,NULL,NULL,'0','500000','عملکرد صندوق در واريزي شرکت سازه گستر ارين پارس بابت افتتاح حساب به اقتصاد','NO',NULL,NULL,NULL),
 (31,65,1,NULL,NULL,NULL,NULL,'0','56000000',' برداشت از سپرده کوتاه مدت شماره 2 سود سپرده مهدوي و ابراهيمي','NO',NULL,NULL,NULL),
 (33,66,1,NULL,NULL,NULL,NULL,'0','950000000','پرداخت وام شماره  197 شرکت سناباد قطعه آلتون','NO',NULL,NULL,NULL),
 (35,67,1,NULL,NULL,NULL,NULL,'0','500000','برداشت حساب پس انداز  -سيد احمد محمدي درودي','NO',NULL,NULL,NULL),
 (36,68,1,NULL,NULL,NULL,NULL,'2000000','0','دريافت اقساط','NO',NULL,NULL,NULL),
 (37,69,1,NULL,NULL,NULL,NULL,'2000000','0','واريزي حساب پس انداز  -هاشم مهذب','NO',NULL,NULL,NULL),
 (41,70,1,NULL,NULL,NULL,NULL,'48000000','0','واريزي حساب پس انداز  -پارک علم و فناوري خراسان','NO',NULL,NULL,NULL),
 (42,71,1,NULL,NULL,NULL,NULL,'61715000','0','دريافت اقساط','NO',NULL,NULL,NULL),
 (28,72,2,3,1,NULL,NULL,'500000','0','واريزي شرکت سازه گستر ارين پارس بابت افتتاح حساب','NO',NULL,NULL,NULL),
 (28,73,2,3,1,NULL,NULL,'15699109','0','واريزي سود فروردين ماه ','NO',NULL,NULL,NULL),
 (29,74,2,3,1,NULL,NULL,'6820000','0','دريافت اقساط','NO',NULL,NULL,NULL),
 (40,75,2,3,1,NULL,NULL,'12730000','0','دريافت اقساط','NO',NULL,NULL,NULL),
 (40,76,46,1,1155,NULL,NULL,'0','12730000',' پرداخت قسط  4 وام شماره 158','NO',NULL,NULL,NULL),
 (42,77,48,1,1054,NULL,NULL,'0','61715000',' پرداخت قسط  6 وام شماره 135','NO',NULL,NULL,NULL),
 (36,78,52,1,1022,NULL,NULL,'0','2000000',' پرداخت قسط  25 وام شماره 102','NO',NULL,NULL,NULL),
 (33,79,54,1,1089,NULL,NULL,'950000000','0','پرداخت وام شماره  197 شرکت سناباد قطعه آلتون','NO',NULL,NULL,NULL),
 (37,80,65,1,1234,NULL,NULL,'0','2000000','واريزي حساب پس انداز  -هاشم مهذب','NO',NULL,NULL,NULL),
 (35,81,65,1,1022,NULL,NULL,'500000','0','برداشت حساب پس انداز  -سيد احمد محمدي درودي','NO',NULL,NULL,NULL),
 (41,82,65,1,1001,NULL,NULL,'0','48000000','واريزي حساب پس انداز  -پارک علم و فناوري خراسان','NO',NULL,NULL,NULL),
 (31,83,66,1,1203,NULL,NULL,'56000000','0',' برداشت از سپرده کوتاه مدت شماره 2 سود سپرده مهدوي و ابراهيمي','NO',NULL,NULL,NULL),
 (28,84,96,2,4,NULL,NULL,'0','15699109','واريزي سود فروردين ماه اقتصاد نوين','NO',NULL,NULL,NULL),
 (30,85,104,NULL,NULL,NULL,NULL,'1','0','چک به شماره 903942 صادره از بانک تجارت به نام شرکت سازه گستر آرين پارس به مبلغ  316700000 ريال ','NO',NULL,NULL,NULL),
 (30,86,104,NULL,NULL,NULL,NULL,'1','0','چک به شماره 903943 صادره از بانک تجارت به نام شرکت سازه گستر آرين پارس به مبلغ  316700000 ريال ','NO',NULL,NULL,NULL),
 (30,87,104,NULL,NULL,NULL,NULL,'1','0','چک به شماره 903944 صادره از بانک تجارت به نام شرکت سازه گستر آرين پارس به مبلغ  316700000 ريال ','NO',NULL,NULL,NULL),
 (30,88,104,NULL,NULL,NULL,NULL,'1','0','چک به شماره 903945 صادره از بانک تجارت به نام شرکت سازه گستر آرين پارس به مبلغ  316700000 ريال ','NO',NULL,NULL,NULL),
 (30,89,104,NULL,NULL,NULL,NULL,'1','0','چک به شماره 903946 صادره از بانک تجارت به نام شرکت سازه گستر آرين پارس به مبلغ  316700000 ريال ','NO',NULL,NULL,NULL),
 (30,90,104,NULL,NULL,NULL,NULL,'1','0','چک به شماره 903947 صادره از بانک تجارت به نام شرکت سازه گستر آرين پارس به مبلغ  316500000 ريال ','NO',NULL,NULL,NULL),
 (30,91,104,NULL,NULL,NULL,NULL,'1','0','چک به شماره ملک 38464 صادره از بانک وثيقه ملکي به نام شرکت سازه گستر آرين پارس به مبلغ  2280000000 ر','NO',NULL,NULL,NULL),
 (39,92,104,NULL,NULL,NULL,NULL,'1','0','چک به شماره 312782 صادره از بانک پاسارگاد به نام شرکت سناباد قطعه آلتون به مبلغ  158340000 ريال ','NO',NULL,NULL,NULL),
 (39,93,104,NULL,NULL,NULL,NULL,'1','0','چک به شماره 312783 صادره از بانک پاسارگاد به نام شرکت سناباد قطعه آلتون به مبلغ  158340000 ريال ','NO',NULL,NULL,NULL),
 (39,94,104,NULL,NULL,NULL,NULL,'1','0','چک به شماره 312784 صادره از بانک پاسارگاد به نام شرکت سناباد قطعه آلتون به مبلغ  158340000 ريال ','NO',NULL,NULL,NULL),
 (39,95,104,NULL,NULL,NULL,NULL,'1','0','چک به شماره 312786 صادره از بانک پاسارگاد به نام شرکت سناباد قطعه آلتون به مبلغ  158340000 ريال ','NO',NULL,NULL,NULL),
 (39,96,104,NULL,NULL,NULL,NULL,'1','0','چک به شماره 312785 صادره از بانک پاسارگاد به نام شرکت سناباد قطعه آلتون به مبلغ  158340000 ريال ','NO',NULL,NULL,NULL),
 (39,97,104,NULL,NULL,NULL,NULL,'1','0','چک به شماره 312787 صادره از بانک پاسارگاد به نام شرکت سناباد قطعه آلتون به مبلغ  158300000 ريال ','NO',NULL,NULL,NULL),
 (39,98,104,NULL,NULL,NULL,NULL,'1','0','چک به شماره ملک 8447 صادره از بانک وثيقه ملکي به نام شرکت سناباد قطعه آلتون به مبلغ  1140000000 ريال','NO',NULL,NULL,NULL),
 (30,99,105,NULL,NULL,NULL,NULL,'316700000','0','چک به شماره 903942 صادره از بانک تجارت به نام شرکت سازه گستر آرين پارس به مبلغ  316700000 ريال ','NO',NULL,NULL,NULL),
 (30,100,105,NULL,NULL,NULL,NULL,'316700000','0','چک به شماره 903943 صادره از بانک تجارت به نام شرکت سازه گستر آرين پارس به مبلغ  316700000 ريال ','NO',NULL,NULL,NULL),
 (30,101,105,NULL,NULL,NULL,NULL,'316700000','0','چک به شماره 903944 صادره از بانک تجارت به نام شرکت سازه گستر آرين پارس به مبلغ  316700000 ريال ','NO',NULL,NULL,NULL),
 (30,102,105,NULL,NULL,NULL,NULL,'316700000','0','چک به شماره 903945 صادره از بانک تجارت به نام شرکت سازه گستر آرين پارس به مبلغ  316700000 ريال ','NO',NULL,NULL,NULL),
 (30,103,105,NULL,NULL,NULL,NULL,'316700000','0','چک به شماره 903946 صادره از بانک تجارت به نام شرکت سازه گستر آرين پارس به مبلغ  316700000 ريال ','NO',NULL,NULL,NULL),
 (30,104,105,NULL,NULL,NULL,NULL,'316500000','0','چک به شماره 903947 صادره از بانک تجارت به نام شرکت سازه گستر آرين پارس به مبلغ  316500000 ريال ','NO',NULL,NULL,NULL),
 (30,105,105,NULL,NULL,NULL,NULL,'2280000000','0','چک به شماره ملک 38464 صادره از بانک وثيقه ملکي به نام شرکت سازه گستر آرين پارس به مبلغ  2280000000 ر','NO',NULL,NULL,NULL),
 (39,106,105,NULL,NULL,NULL,NULL,'158340000','0','چک به شماره 312782 صادره از بانک پاسارگاد به نام شرکت سناباد قطعه آلتون به مبلغ  158340000 ريال ','NO',NULL,NULL,NULL),
 (39,107,105,NULL,NULL,NULL,NULL,'158340000','0','چک به شماره 312783 صادره از بانک پاسارگاد به نام شرکت سناباد قطعه آلتون به مبلغ  158340000 ريال ','NO',NULL,NULL,NULL),
 (39,108,105,NULL,NULL,NULL,NULL,'158340000','0','چک به شماره 312784 صادره از بانک پاسارگاد به نام شرکت سناباد قطعه آلتون به مبلغ  158340000 ريال ','NO',NULL,NULL,NULL),
 (39,109,105,NULL,NULL,NULL,NULL,'158340000','0','چک به شماره 312786 صادره از بانک پاسارگاد به نام شرکت سناباد قطعه آلتون به مبلغ  158340000 ريال ','NO',NULL,NULL,NULL),
 (39,110,105,NULL,NULL,NULL,NULL,'158340000','0','چک به شماره 312785 صادره از بانک پاسارگاد به نام شرکت سناباد قطعه آلتون به مبلغ  158340000 ريال ','NO',NULL,NULL,NULL),
 (39,111,105,NULL,NULL,NULL,NULL,'158300000','0','چک به شماره 312787 صادره از بانک پاسارگاد به نام شرکت سناباد قطعه آلتون به مبلغ  158300000 ريال ','NO',NULL,NULL,NULL),
 (39,112,105,NULL,NULL,NULL,NULL,'1140000000','0','چک به شماره ملک 8447 صادره از بانک وثيقه ملکي به نام شرکت سناباد قطعه آلتون به مبلغ  1140000000 ريال','NO',NULL,NULL,NULL),
 (38,113,106,NULL,NULL,NULL,NULL,'1','0','چک به شماره 279513 صادره از بانک انصار-مرکز به مبلغ  6580000 ريال ','NO',NULL,NULL,NULL),
 (38,114,106,NULL,NULL,NULL,NULL,'1','0','چک به شماره 279514 صادره از بانک انصار-مرکز به مبلغ  7098000 ريال ','NO',NULL,NULL,NULL),
 (38,115,106,NULL,NULL,NULL,NULL,'1','0','چک به شماره 279516 صادره از بانک انصار-مرکز به مبلغ  6188000 ريال ','NO',NULL,NULL,NULL),
 (38,116,106,NULL,NULL,NULL,NULL,'1','0','چک به شماره 18100934 صادره از بانک ملت-مرکز به مبلغ  350000000 ريال ','NO',NULL,NULL,NULL),
 (38,117,106,NULL,NULL,NULL,NULL,'1','0','چک به شماره 279517 صادره از بانک انصار-مرکز به مبلغ  5474000 ريال ','NO',NULL,NULL,NULL),
 (38,118,106,NULL,NULL,NULL,NULL,'1','0','چک به شماره 985363 صادره از بانک کشاورزي-مرکز به مبلغ  69590000 ريال ','NO',NULL,NULL,NULL),
 (38,119,106,NULL,NULL,NULL,NULL,'1','0','چک به شماره 195550 صادره از بانک کشاورزي-مرکز به مبلغ  221801000 ريال ','NO',NULL,NULL,NULL),
 (38,120,107,NULL,NULL,NULL,NULL,'6580000','0','چک به شماره 279513 صادره از بانک انصار-مرکز به مبلغ  6580000 ريال ','NO',NULL,NULL,NULL),
 (38,121,107,NULL,NULL,NULL,NULL,'7098000','0','چک به شماره 279514 صادره از بانک انصار-مرکز به مبلغ  7098000 ريال ','NO',NULL,NULL,NULL),
 (38,122,107,NULL,NULL,NULL,NULL,'6188000','0','چک به شماره 279516 صادره از بانک انصار-مرکز به مبلغ  6188000 ريال ','NO',NULL,NULL,NULL),
 (38,123,107,NULL,NULL,NULL,NULL,'350000000','0','چک به شماره 18100934 صادره از بانک ملت-مرکز به مبلغ  350000000 ريال ','NO',NULL,NULL,NULL),
 (38,124,107,NULL,NULL,NULL,NULL,'5474000','0','چک به شماره 279517 صادره از بانک انصار-مرکز به مبلغ  5474000 ريال ','NO',NULL,NULL,NULL),
 (38,125,107,NULL,NULL,NULL,NULL,'69590000','0','چک به شماره 985363 صادره از بانک کشاورزي-مرکز به مبلغ  69590000 ريال ','NO',NULL,NULL,NULL),
 (38,126,107,NULL,NULL,NULL,NULL,'221801000','0','چک به شماره 195550 صادره از بانک کشاورزي-مرکز به مبلغ  221801000 ريال ','NO',NULL,NULL,NULL),
 (30,127,109,NULL,NULL,NULL,NULL,'0','7','بابت دريافت 7 فقره چک به مبلغ کل  4180000000 بابت وام  شرکت سازه گستر آرين پارس','NO',NULL,NULL,NULL),
 (39,128,109,NULL,NULL,NULL,NULL,'0','7','بابت دريافت 7 فقره چک به مبلغ کل  2090000000 بابت وام  شرکت سناباد قطعه آلتون','NO',NULL,NULL,NULL),
 (30,129,110,NULL,NULL,NULL,NULL,'0','4180000000','بابت دريافت 7 فقره چک به مبلغ کل  4180000000 بابت وام  شرکت سازه گستر آرين پارس','NO',NULL,NULL,NULL),
 (39,130,110,NULL,NULL,NULL,NULL,'0','2090000000','بابت دريافت 7 فقره چک به مبلغ کل  2090000000 بابت وام  شرکت سناباد قطعه آلتون','NO',NULL,NULL,NULL),
 (38,131,111,NULL,NULL,NULL,NULL,'0','7','بابت دريافت 7 فقره چک به مبلغ کل  666731000','NO',NULL,NULL,NULL),
 (38,132,112,NULL,NULL,NULL,NULL,'0','666731000','بابت دريافت 7 فقره چک به مبلغ کل  666731000','NO',NULL,NULL,NULL),
 (29,133,125,1,1064,1,1002,'0','3410000',' پرداخت قسط  3 وام شماره 147','NO',NULL,NULL,NULL),
 (29,134,125,1,1064,1,1002,'0','3410000',' پرداخت قسط  4 وام شماره 147','NO',NULL,NULL,NULL),
 (32,135,1,NULL,NULL,NULL,NULL,'56000000','0','عملکرد صندوق در برداشت از سپرده ابراهيمي بابت الياس شده','NO',NULL,NULL,NULL),
 (48,136,1,NULL,NULL,NULL,NULL,'0','387000','بابت خريد رول فکس و کاغذ طي ف 1199 و 6895 جهت مرکز','NO',NULL,NULL,NULL),
 (19,137,1,NULL,NULL,NULL,NULL,'41705000','0','عملکرد صندوق در برداشت از حساب سپرده ابراهيمي جهت توماچ','NO',NULL,NULL,NULL),
 (19,138,1,NULL,NULL,NULL,NULL,'50000000','0','عملکرد صندوق در برداشت از حساب سپرده ابراهيمي بابت تنخواه دکتر ابراهيمي','NO',NULL,NULL,NULL),
 (19,139,1,NULL,NULL,NULL,NULL,'0','2000000','عملکرد صندوق در واريزي به سود سپرده ابراهيمي بابت قسط ش 5 مالداري','NO',NULL,NULL,NULL),
 (49,140,1,NULL,NULL,NULL,NULL,'500000','0','افتتاح حساب پس انداز','NO',NULL,NULL,NULL),
 (52,141,1,NULL,NULL,NULL,NULL,'6043000','0','دريافت اقساط','NO',NULL,NULL,NULL),
 (53,142,1,NULL,NULL,NULL,NULL,'1500000','0','دريافت اقساط','NO',NULL,NULL,NULL),
 (54,143,1,NULL,NULL,NULL,NULL,'1500000','0','واريزي حساب پس انداز  -هاشم مهذب','NO',NULL,NULL,NULL),
 (58,144,1,NULL,NULL,NULL,NULL,'11551000','0',' واريز به سپرده کوتاه مدت شماره 1 دانشگاه فردوسي مشهد','NO',NULL,NULL,NULL),
 (32,145,2,3,1,NULL,NULL,'0','25000000','برداشت چک 757467 بابت هزينه هاي انجام شده در بجنورد ','NO',NULL,NULL,NULL),
 (43,146,2,3,1,NULL,NULL,'350000000','0',' وصول چك 18100934-94/01/25 دکتر مهدي نژاد نوري','NO',NULL,NULL,NULL),
 (43,147,2,3,1,NULL,NULL,'6580000','0',' وصول چك 279513-93/12/25 دکتر مهدي نژاد نوري','NO',NULL,NULL,NULL),
 (43,148,2,3,1,NULL,NULL,'7098000','0',' وصول چك 279514-93/12/29 دکتر مهدي نژاد نوري','NO',NULL,NULL,NULL),
 (43,149,2,3,1,NULL,NULL,'6188000','0',' وصول چك 279516-93/12/29 دکتر مهدي نژاد نوري','NO',NULL,NULL,NULL),
 (19,150,2,3,1,NULL,NULL,'3000000','0','واريزي طي الباقي چک 201259 بابت قسط مريدي در مرکز ','NO',NULL,NULL,NULL),
 (55,151,2,3,1,NULL,NULL,'2260000','0','دريافت اقساط','NO',NULL,NULL,NULL),
 (60,152,2,3,1,NULL,NULL,'11551000','0','دريافت اقساط','NO',NULL,NULL,NULL),
 (61,153,2,3,1,NULL,NULL,'69590000','0',' وصول چك 985363-94/02/03 سپرده مهدوي و ابراهيمي','NO',NULL,NULL,NULL),
 (56,154,2,3,1,NULL,NULL,'5474000','0',' وصول چك 279517-94/01/31 سپرده مهدوي و ابراهيمي','NO',NULL,NULL,NULL),
 (32,155,17,NULL,NULL,NULL,NULL,'25000000','0','دريافت چک 757467 جهت انجام هزينه هاي انجام شده در بجنورد ','NO',NULL,NULL,NULL),
 (32,156,17,NULL,NULL,NULL,NULL,'0','56000000',' برداشت از سپرده ابراهيمي بابت الياس شده جهت واريزي يه حساب','NO',NULL,NULL,NULL),
 (48,157,17,NULL,NULL,NULL,NULL,'387000','0','بابت خريد رول فکس و کاغذ طي ف 1199 و 6895','NO',NULL,NULL,NULL),
 (19,158,17,NULL,NULL,NULL,NULL,'0','3000000','واريزي به اقتصاد طي الباقي چک 201259 بابت قسط مريدي در مرکز ','NO',NULL,NULL,NULL),
 (19,159,17,NULL,NULL,NULL,NULL,'0','41705000','برداشت چک 472140 تجارت از حساب سپرده ابراهيمي بابت ياش قلي توماچ ','NO',NULL,NULL,NULL),
 (19,160,17,NULL,NULL,NULL,NULL,'0','50000000','برداشت چک 472141 تجارت  بابت برداشت حساب سپرده ابراهيمي جهت تنخواه ','NO',NULL,NULL,NULL),
 (51,161,19,NULL,NULL,NULL,NULL,'36423041','0','جمع بابت سود فروردين ماه ','NO',NULL,NULL,NULL),
 (55,162,45,1,1035,NULL,NULL,'0','2260000',' پرداخت قسط  22 وام شماره 112','NO',NULL,NULL,NULL),
 (52,163,45,1,1180,NULL,NULL,'0','830000',' پرداخت قسط  15 وام شماره 132','NO',NULL,NULL,NULL),
 (52,164,45,1,1025,NULL,NULL,'0','1755000',' پرداخت قسط  1 وام شماره 189','NO',NULL,NULL,NULL),
 (52,165,45,1,1180,NULL,NULL,'0','1755000',' پرداخت قسط  1 وام شماره 190','NO',NULL,NULL,NULL),
 (52,166,45,1,1095,NULL,NULL,'0','1703000',' پرداخت قسط  1 وام شماره 191','NO',NULL,NULL,NULL),
 (53,167,52,1,1057,NULL,NULL,'0','1500000',' پرداخت قسط  6 وام شماره 140','NO',NULL,NULL,NULL),
 (54,168,65,1,1234,NULL,NULL,'0','1500000','واريزي حساب پس انداز  -هاشم مهذب','NO',NULL,NULL,NULL),
 (51,169,65,1,1002,NULL,NULL,'0','34576845','بابت سود فروردين ماه ','NO',NULL,NULL,NULL),
 (51,170,65,1,1204,NULL,NULL,'0','1846196','بابت سود فروردين ماه ','NO',NULL,NULL,NULL),
 (49,171,65,1,1099,NULL,NULL,'0','500000','افتتاح حساب پس انداز-شرکت سورن تک توس','NO',NULL,NULL,NULL),
 (58,172,66,1,1002,NULL,NULL,'0','11551000',' واريز به سپرده کوتاه مدت شماره 1 دانشگاه فردوسي مشهد','NO',NULL,NULL,NULL),
 (43,173,66,1,1203,NULL,NULL,'0','6188000',' وصول چك 279516-93/12/29 دکتر مهدي نژاد نوري','NO',NULL,NULL,NULL),
 (43,174,66,1,1203,NULL,NULL,'0','7098000',' وصول چك 279514-93/12/29 دکتر مهدي نژاد نوري','NO',NULL,NULL,NULL),
 (43,175,66,1,1203,NULL,NULL,'0','6580000',' وصول چك 279513-93/12/25 دکتر مهدي نژاد نوري','NO',NULL,NULL,NULL),
 (43,176,66,1,1203,NULL,NULL,'0','350000000',' وصول چك 18100934-94/01/25 دکتر مهدي نژاد نوري','NO',NULL,NULL,NULL),
 (61,177,66,1,1203,NULL,NULL,'0','69590000',' وصول چك 985363-94/02/03 سپرده مهدوي و ابراهيمي','NO',NULL,NULL,NULL),
 (56,178,66,1,1203,NULL,NULL,'0','5474000',' وصول چك 279517-94/01/31 سپرده مهدوي و ابراهيمي','NO',NULL,NULL,NULL),
 (19,179,88,NULL,NULL,NULL,NULL,'2000000','0',' واريزي به سود سپرده ابراهيمي بابت قسط ش 5 مالداري','NO',NULL,NULL,NULL),
 (63,180,104,NULL,NULL,NULL,NULL,'1','0','چک به شماره 846075 صادره از بانک تجارت به نام مسعود نوروزيان به مبلغ  300000000 ريال ','NO',NULL,NULL,NULL),
 (63,181,105,NULL,NULL,NULL,NULL,'300000000','0','چک به شماره 846075 صادره از بانک تجارت به نام مسعود نوروزيان به مبلغ  300000000 ريال ','NO',NULL,NULL,NULL),
 (44,182,106,NULL,NULL,NULL,NULL,'0','1','چک به شماره 18100934 صادره از بانک ملت-مرکز به مبلغ   به نام دکتر مهدي نژاد نوري 350000000 ريال ','NO',NULL,NULL,NULL),
 (45,183,106,NULL,NULL,NULL,NULL,'0','1','چک به شماره 279513 صادره از بانک انصار-مرکز به مبلغ   به نام دکتر مهدي نژاد نوري 6580000 ريال ','NO',NULL,NULL,NULL),
 (46,184,106,NULL,NULL,NULL,NULL,'0','1','چک به شماره 279514 صادره از بانک انصار-مرکز به مبلغ   به نام دکتر مهدي نژاد نوري 7098000 ريال ','NO',NULL,NULL,NULL),
 (47,185,106,NULL,NULL,NULL,NULL,'0','1','چک به شماره 279516 صادره از بانک انصار-مرکز به مبلغ   به نام دکتر مهدي نژاد نوري 6188000 ريال ','NO',NULL,NULL,NULL),
 (57,186,106,NULL,NULL,NULL,NULL,'0','1','چک به شماره 279517 صادره از بانک انصار-مرکز به مبلغ   به نام دکتر مهدي نژاد نوري 5474000 ريال ','NO',NULL,NULL,NULL),
 (62,187,106,NULL,NULL,NULL,NULL,'0','1','چک به شماره 985363 صادره از بانک کشاورزي-مرکز به مبلغ   به نام دکتر مهدي نژاد نوري 69590000 ريال ','NO',NULL,NULL,NULL),
 (44,188,107,NULL,NULL,NULL,NULL,'0','350000000','چک به شماره 18100934 صادره از بانک ملت-مرکز به مبلغ   به نام دکتر مهدي نژاد نوري 350000000 ريال ','NO',NULL,NULL,NULL),
 (45,189,107,NULL,NULL,NULL,NULL,'0','6580000','چک به شماره 279513 صادره از بانک انصار-مرکز به مبلغ   به نام دکتر مهدي نژاد نوري 6580000 ريال ','NO',NULL,NULL,NULL),
 (46,190,107,NULL,NULL,NULL,NULL,'0','7098000','چک به شماره 279514 صادره از بانک انصار-مرکز به مبلغ   به نام دکتر مهدي نژاد نوري 7098000 ريال ','NO',NULL,NULL,NULL),
 (47,191,107,NULL,NULL,NULL,NULL,'0','6188000','چک به شماره 279516 صادره از بانک انصار-مرکز به مبلغ   به نام دکتر مهدي نژاد نوري 6188000 ريال ','NO',NULL,NULL,NULL),
 (57,192,107,NULL,NULL,NULL,NULL,'0','5474000','چک به شماره 279517 صادره از بانک انصار-مرکز به مبلغ   به نام دکتر مهدي نژاد نوري 5474000 ريال ','NO',NULL,NULL,NULL),
 (62,193,107,NULL,NULL,NULL,NULL,'0','69590000','چک به شماره 985363 صادره از بانک کشاورزي-مرکز به مبلغ   به نام دکتر مهدي نژاد نوري 69590000 ريال ','NO',NULL,NULL,NULL),
 (63,194,109,NULL,NULL,NULL,NULL,'0','1','بابت دريافت 1 فقره چک به مبلغ کل  300000000 بابت وام  مسعود نوروزيان','NO',NULL,NULL,NULL),
 (44,195,111,NULL,NULL,NULL,NULL,'1','0','بابت وصول شده  فقره چک به مبلغ کل  350000000','NO',NULL,NULL,NULL),
 (45,196,111,NULL,NULL,NULL,NULL,'1','0','بابت وصول شده  فقره چک به مبلغ کل  6580000','NO',NULL,NULL,NULL),
 (46,197,111,NULL,NULL,NULL,NULL,'1','0','بابت وصول شده  فقره چک به مبلغ کل  7098000','NO',NULL,NULL,NULL),
 (47,198,111,NULL,NULL,NULL,NULL,'1','0','بابت وصول شده  فقره چک به مبلغ کل  6188000','NO',NULL,NULL,NULL),
 (57,199,111,NULL,NULL,NULL,NULL,'1','0','بابت وصول شده  فقره چک به مبلغ کل  5474000','NO',NULL,NULL,NULL),
 (62,200,111,NULL,NULL,NULL,NULL,'1','0','بابت وصول شده  فقره چک به مبلغ کل  69590000','NO',NULL,NULL,NULL),
 (44,201,112,NULL,NULL,NULL,NULL,'350000000','0','بابت وصول شده  فقره چک به مبلغ کل  350000000','NO',NULL,NULL,NULL),
 (45,202,112,NULL,NULL,NULL,NULL,'6580000','0','بابت وصول شده  فقره چک به مبلغ کل  6580000','NO',NULL,NULL,NULL),
 (46,203,112,NULL,NULL,NULL,NULL,'7098000','0','بابت وصول شده  فقره چک به مبلغ کل  7098000','NO',NULL,NULL,NULL),
 (47,204,112,NULL,NULL,NULL,NULL,'6188000','0','بابت وصول شده  فقره چک به مبلغ کل  6188000','NO',NULL,NULL,NULL),
 (57,205,112,NULL,NULL,NULL,NULL,'5474000','0','بابت وصول شده  فقره چک به مبلغ کل  5474000','NO',NULL,NULL,NULL),
 (62,206,112,NULL,NULL,NULL,NULL,'69590000','0','بابت وصول شده  فقره چک به مبلغ کل  69590000','NO',NULL,NULL,NULL),
 (60,207,125,1,1123,1,1002,'0','11551000',' پرداخت قسط  9 وام شماره 119','NO',NULL,NULL,NULL),
 (59,208,1,NULL,NULL,NULL,NULL,'0','11551000','عملکرد صندوق در واريزي به سپرده دانشگاه بابت قسط ش 9 دنازيست آسيا','NO',NULL,NULL,NULL),
 (66,209,1,NULL,NULL,NULL,NULL,'5780000','0','دريافت اقساط','NO',NULL,NULL,NULL),
 (68,210,1,NULL,NULL,NULL,NULL,'5780000','0',' واريز به سپرده کوتاه مدت شماره 1 دانشگاه فردوسي مشهد','NO',NULL,NULL,NULL),
 (69,211,1,NULL,NULL,NULL,NULL,'1500000','0','دريافت اقساط','NO',NULL,NULL,NULL),
 (67,212,1,NULL,NULL,NULL,NULL,'0','5780000','عملکرد صندوق در واريزي به سپرده دانشگاه بابت قسط ش 5 تجهيز گستر پاژ','NO',NULL,NULL,NULL),
 (67,213,1,NULL,NULL,NULL,NULL,'0','1497588','واريزي از طريق پز به بانک اقتصاد نوين','NO',NULL,NULL,NULL),
 (67,214,1,NULL,NULL,NULL,NULL,'0','2400000','بابت خريد تلفن پاناسونيک مدل 3722 طي ف 5942 از فروشگاه قائم','NO',NULL,NULL,NULL),
 (74,215,1,NULL,NULL,NULL,NULL,'500000','0','افتتاح حساب پس انداز','NO',NULL,NULL,NULL),
 (76,216,1,NULL,NULL,NULL,NULL,'500000','0','افتتاح حساب پس انداز','NO',NULL,NULL,NULL),
 (4,217,1,NULL,NULL,NULL,NULL,'1','0',NULL,'NO',NULL,NULL,NULL),
 (4,218,1,NULL,NULL,NULL,NULL,'0','1',NULL,'NO',NULL,NULL,NULL),
 (5,219,1,NULL,NULL,NULL,NULL,'1','0',NULL,'NO',NULL,NULL,NULL),
 (5,220,1,NULL,NULL,NULL,NULL,'0','1',NULL,'NO',NULL,NULL,NULL),
 (81,221,1,NULL,NULL,NULL,NULL,'0','186000000','پرداخت وام شماره  198 شرکت دقت گستران آريا پارس','NO',NULL,NULL,NULL),
 (1,222,1,NULL,NULL,NULL,NULL,'5492125','0','افتتاحيه شماره1','NO',NULL,NULL,NULL),
 (65,223,2,3,1,NULL,NULL,'3340000','0','دريافت اقساط','NO',NULL,NULL,NULL),
 (67,224,2,3,1,NULL,NULL,'1497588','0','واريزي از صندوق توسط خانم افتخاري','NO',NULL,NULL,NULL),
 (71,225,2,3,1,NULL,NULL,'200000000','0','دريافت اقساط','NO',NULL,NULL,NULL),
 (73,226,2,3,1,NULL,NULL,'3348465','0','دريافت اقساط','NO',NULL,NULL,NULL),
 (1,227,2,3,1,NULL,NULL,'997157813','0','افتتاحيه شماره1','NO',NULL,NULL,NULL),
 (1,228,4,NULL,NULL,NULL,NULL,'110000','0','افتتاحيه شماره1','NO',NULL,NULL,NULL),
 (67,229,9,NULL,NULL,NULL,NULL,'2400000','0','بابت خريد تلفن پاناسونيک مدل 3722 طي ف 5942 از فروشگاه قائم','NO',NULL,NULL,NULL),
 (1,230,45,1,1035,NULL,NULL,'2260000','0','افتتاحيه شماره1','NO',NULL,NULL,NULL),
 (1,231,45,1,1180,NULL,NULL,'8380000','0','افتتاحيه شماره1','NO',NULL,NULL,NULL),
 (1,232,45,1,1001,NULL,NULL,'5000000000','0','افتتاحيه شماره1','NO',NULL,NULL,NULL),
 (1,233,45,1,1025,NULL,NULL,'52624878','0','افتتاحيه شماره1','NO',NULL,NULL,NULL),
 (1,234,45,1,1180,NULL,NULL,'52624878','0','افتتاحيه شماره1','NO',NULL,NULL,NULL),
 (1,235,45,1,1095,NULL,NULL,'20435977','0','افتتاحيه شماره1','NO',NULL,NULL,NULL),
 (1,236,46,1,1133,NULL,NULL,'30000000','0','افتتاحيه شماره1','NO',NULL,NULL,NULL),
 (69,237,46,1,1134,NULL,NULL,'0','1500000',' پرداخت قسط  12 وام شماره 9','NO',NULL,NULL,NULL),
 (65,238,47,1,1068,NULL,NULL,'0','1670000',' پرداخت قسط  4 وام شماره 154','NO',NULL,NULL,NULL),
 (65,239,47,1,1069,NULL,NULL,'0','1670000',' پرداخت قسط  4 وام شماره 155','NO',NULL,NULL,NULL),
 (81,240,48,1,1101,NULL,NULL,'222894626','0','پرداخت وام شماره  198 شرکت دقت گستران آريا پارس','NO',NULL,NULL,NULL),
 (71,241,48,1,1018,NULL,NULL,'0','200000000',' پرداخت قسط  1 وام شماره 88','NO',NULL,NULL,NULL),
 (74,242,65,1,1100,NULL,NULL,'0','500000','افتتاح حساب پس انداز-شرکت اتوماسيون اداري حسيب','NO',NULL,NULL,NULL),
 (76,243,65,1,1101,NULL,NULL,'0','500000','افتتاح حساب پس انداز-شرکت دقت گستران آريا پارس','NO',NULL,NULL,NULL),
 (68,244,66,1,1002,NULL,NULL,'0','5780000',' واريز به سپرده کوتاه مدت شماره 1 دانشگاه فردوسي مشهد','NO',NULL,NULL,NULL),
 (59,245,88,1,1002,NULL,NULL,'11551000','0','واريزي به سپرده دانشگاه بابت قسط ش 9 دنازيست آسيا','NO',NULL,NULL,NULL),
 (67,246,88,1,1002,NULL,NULL,'5780000','0','واريزي به سپرده دانشگاه بابت قسط ش 5 تجهيز گستر پاژ','NO',NULL,NULL,NULL),
 (64,247,104,NULL,NULL,NULL,NULL,'1','0','چک به شماره 846076 صادره از بانک تجارت به نام فريدون رهنماي رود پشتي به مبلغ  300000000 ريال ','NO',NULL,NULL,NULL),
 (77,248,104,NULL,NULL,NULL,NULL,'0','1','چک به شماره 497876 صادره از بانک سپه به نام سيد اح','NO',NULL,NULL,NULL),
 (78,249,104,NULL,NULL,NULL,NULL,'0','1','چک به شماره 885599 صادره از بانک تجارت به نام انيس','NO',NULL,NULL,NULL),
 (79,250,104,NULL,NULL,NULL,NULL,'0','1','چک به شماره 85975 صادره از بانک ملي پرديس به نام ا','NO',NULL,NULL,NULL),
 (80,251,104,NULL,NULL,NULL,NULL,'1','0','چک به شماره 1950714 صادره از بانک توسعه تعاون به نام محمد طباطبايي. شرکت انگاره فيزيک به مبلغ  72000','NO',NULL,NULL,NULL),
 (80,252,104,NULL,NULL,NULL,NULL,'1','0','چک به شماره 575222 صادره از بانک تجارت به نام محمد طباطبايي. شرکت انگاره فيزيک به مبلغ  720000000 ري','NO',NULL,NULL,NULL),
 (80,253,104,NULL,NULL,NULL,NULL,'1','0','چک به شماره 484845 صادره از بانک سفته به نام محمد طباطبايي. شرکت انگاره فيزيک به مبلغ  300000000 ريا','NO',NULL,NULL,NULL),
 (80,254,104,NULL,NULL,NULL,NULL,'1','0','چک به شماره 484846 صادره از بانک سفته به نام محمد طباطبايي. شرکت انگاره فيزيک به مبلغ  300000000 ريا','NO',NULL,NULL,NULL),
 (80,255,104,NULL,NULL,NULL,NULL,'1','0','چک به شماره 667247 صادره از بانک سفته به نام محمد طباطبايي. شرکت انگاره فيزيک به مبلغ  20000000 ريال','NO',NULL,NULL,NULL),
 (80,256,104,NULL,NULL,NULL,NULL,'1','0','چک به شماره 667249 صادره از بانک سفته به نام محمد طباطبايي. شرکت انگاره فيزيک به مبلغ  20000000 ريال','NO',NULL,NULL,NULL),
 (80,257,104,NULL,NULL,NULL,NULL,'1','0','چک به شماره 692972 صادره از بانک سفته به نام محمد طباطبايي. شرکت انگاره فيزيک به مبلغ  100000000 ريا','NO',NULL,NULL,NULL),
 (80,258,104,NULL,NULL,NULL,NULL,'1','0','چک به شماره 692973 صادره از بانک سفته به نام محمد طباطبايي. شرکت انگاره فيزيک به مبلغ  100000000 ريا','NO',NULL,NULL,NULL),
 (64,259,105,NULL,NULL,NULL,NULL,'300000000','0','چک به شماره 846076 صادره از بانک تجارت به نام فريدون رهنماي رود پشتي به مبلغ  300000000 ريال ','NO',NULL,NULL,NULL),
 (77,260,105,NULL,NULL,NULL,NULL,'0','60000000','چک به شماره 497876 صادره از بانک سپه به نام سيد اح','NO',NULL,NULL,NULL),
 (78,261,105,NULL,NULL,NULL,NULL,'0','33600000','چک به شماره 885599 صادره از بانک تجارت به نام انيس','NO',NULL,NULL,NULL),
 (79,262,105,NULL,NULL,NULL,NULL,'0','33600000','چک به شماره 85975 صادره از بانک ملي پرديس به نام ا','NO',NULL,NULL,NULL),
 (80,263,105,NULL,NULL,NULL,NULL,'720000000','0','چک به شماره 1950714 صادره از بانک توسعه تعاون به نام محمد طباطبايي. شرکت انگاره فيزيک به مبلغ  72000','NO',NULL,NULL,NULL),
 (80,264,105,NULL,NULL,NULL,NULL,'720000000','0','چک به شماره 575222 صادره از بانک تجارت به نام محمد طباطبايي. شرکت انگاره فيزيک به مبلغ  720000000 ري','NO',NULL,NULL,NULL),
 (80,265,105,NULL,NULL,NULL,NULL,'300000000','0','چک به شماره 484845 صادره از بانک سفته به نام محمد طباطبايي. شرکت انگاره فيزيک به مبلغ  300000000 ريا','NO',NULL,NULL,NULL),
 (80,266,105,NULL,NULL,NULL,NULL,'300000000','0','چک به شماره 484846 صادره از بانک سفته به نام محمد طباطبايي. شرکت انگاره فيزيک به مبلغ  300000000 ريا','NO',NULL,NULL,NULL),
 (80,267,105,NULL,NULL,NULL,NULL,'20000000','0','چک به شماره 667247 صادره از بانک سفته به نام محمد طباطبايي. شرکت انگاره فيزيک به مبلغ  20000000 ريال','NO',NULL,NULL,NULL),
 (80,268,105,NULL,NULL,NULL,NULL,'20000000','0','چک به شماره 667249 صادره از بانک سفته به نام محمد طباطبايي. شرکت انگاره فيزيک به مبلغ  20000000 ريال','NO',NULL,NULL,NULL),
 (80,269,105,NULL,NULL,NULL,NULL,'100000000','0','چک به شماره 692972 صادره از بانک سفته به نام محمد طباطبايي. شرکت انگاره فيزيک به مبلغ  100000000 ريا','NO',NULL,NULL,NULL),
 (80,270,105,NULL,NULL,NULL,NULL,'100000000','0','چک به شماره 692973 صادره از بانک سفته به نام محمد طباطبايي. شرکت انگاره فيزيک به مبلغ  100000000 ريا','NO',NULL,NULL,NULL),
 (64,271,109,NULL,NULL,NULL,NULL,'0','1','بابت دريافت 1 فقره چک به مبلغ کل  300000000 بابت وام  فريدون رهنماي رود پشتي','NO',NULL,NULL,NULL),
 (77,272,109,NULL,NULL,NULL,NULL,'1','0','بابت برگشت  يک فقره چک به مبلغ کل  60000000 بابت و','NO',NULL,NULL,NULL),
 (78,273,109,NULL,NULL,NULL,NULL,'1','0','بابت برگشت  يک فقره چک به مبلغ کل  33600000 بابت و','NO',NULL,NULL,NULL),
 (79,274,109,NULL,NULL,NULL,NULL,'1','0','بابت برگشت  يک فقره چک به مبلغ کل  33600000 بابت و','NO',NULL,NULL,NULL),
 (80,275,109,NULL,NULL,NULL,NULL,'0','8',' دريافت اسناد ضمانتي از محمد طباطبايي. شرکت انگاره فيزيکدر تاريخ 94/02/10','NO',NULL,NULL,NULL),
 (63,276,110,NULL,NULL,NULL,NULL,'0','300000000','بابت دريافت 1 فقره چک به مبلغ کل  300000000 بابت وام  مسعود نوروزيان','NO',NULL,NULL,NULL),
 (64,277,110,NULL,NULL,NULL,NULL,'0','300000000','بابت دريافت 1 فقره چک به مبلغ کل  300000000 بابت وام  فريدون رهنماي رود پشتي','NO',NULL,NULL,NULL),
 (77,278,110,NULL,NULL,NULL,NULL,'60000000','0','بابت برگشت  يک فقره چک به مبلغ کل  60000000 بابت و','NO',NULL,NULL,NULL),
 (78,279,110,NULL,NULL,NULL,NULL,'33600000','0','بابت برگشت  يک فقره چک به مبلغ کل  33600000 بابت و','NO',NULL,NULL,NULL),
 (79,280,110,NULL,NULL,NULL,NULL,'33600000','0','بابت برگشت  يک فقره چک به مبلغ کل  33600000 بابت و','NO',NULL,NULL,NULL),
 (80,281,110,NULL,NULL,NULL,NULL,'0','2280000000',' دريافت اسناد ضمانتي از محمد طباطبايي. شرکت انگاره فيزيکدر تاريخ 94/02/10','NO',NULL,NULL,NULL),
 (66,282,125,1,1055,1,1002,'0','5780000',' پرداخت قسط  5 وام شماره 137','NO',NULL,NULL,NULL),
 (73,283,125,1,1076,1,1002,'0','3348465',' پرداخت قسط  1 وام شماره 161','NO',NULL,NULL,NULL),
 (81,284,131,2,4,NULL,NULL,'0','22894626','کارمزد سود دوره اي اقساط وام 198 شرکت دقت گستران آريا پارس','NO',NULL,NULL,NULL),
 (81,285,131,2,4,NULL,NULL,'0','14000000',' کارمزد سود دوره تنفس 198 شرکت دقت گستران آريا پارس','NO',NULL,NULL,NULL),
 (1,286,9,NULL,NULL,NULL,NULL,'49785000','0','افتتاحيه شماره1','NO',NULL,NULL,NULL),
 (1,287,14,NULL,NULL,NULL,NULL,'86000000','0','افتتاحيه شماره1','NO',NULL,NULL,NULL),
 (1,288,17,NULL,NULL,NULL,NULL,'9526443204','0','افتتاحيه شماره1','NO',NULL,NULL,NULL),
 (1,289,28,1,1003,NULL,NULL,'2600000000','0','افتتاحيه شماره1','NO',NULL,NULL,NULL),
 (1,290,46,1,1036,NULL,NULL,'30000000','0','افتتاحيه شماره1','NO',NULL,NULL,NULL),
 (1,291,46,1,1131,NULL,NULL,'6918082','0','افتتاحيه شماره1','NO',NULL,NULL,NULL),
 (1,292,46,1,1046,NULL,NULL,'432055','0','افتتاحيه شماره1','NO',NULL,NULL,NULL),
 (1,293,46,1,1020,NULL,NULL,'30000000','0','افتتاحيه شماره1','NO',NULL,NULL,NULL),
 (1,294,46,1,1053,NULL,NULL,'30000000','0','افتتاحيه شماره1','NO',NULL,NULL,NULL),
 (1,295,46,1,1008,NULL,NULL,'10000000','0','افتتاحيه شماره1','NO',NULL,NULL,NULL),
 (1,296,46,1,1155,NULL,NULL,'267330000','0','افتتاحيه شماره1','NO',NULL,NULL,NULL),
 (1,297,46,1,1073,NULL,NULL,'16795615','0','افتتاحيه شماره1','NO',NULL,NULL,NULL),
 (1,298,46,1,1074,NULL,NULL,'15844251','0','افتتاحيه شماره1','NO',NULL,NULL,NULL),
 (1,299,46,1,1137,NULL,NULL,'9000000','0','افتتاحيه شماره1','NO',NULL,NULL,NULL),
 (1,300,46,1,1052,NULL,NULL,'253508024','0','افتتاحيه شماره1','NO',NULL,NULL,NULL),
 (1,301,46,1,1054,NULL,NULL,'134364919','0','افتتاحيه شماره1','NO',NULL,NULL,NULL),
 (1,302,46,1,1181,NULL,NULL,'22232281','0','افتتاحيه شماره1','NO',NULL,NULL,NULL),
 (1,303,46,1,1091,NULL,NULL,'22232281','0','افتتاحيه شماره1','NO',NULL,NULL,NULL),
 (1,304,46,1,1093,NULL,NULL,'22232281','0','افتتاحيه شماره1','NO',NULL,NULL,NULL),
 (1,305,46,1,1143,NULL,NULL,'824951','0','افتتاحيه شماره1','NO',NULL,NULL,NULL),
 (1,306,46,1,1125,NULL,NULL,'1000000','0','افتتاحيه شماره1','NO',NULL,NULL,NULL),
 (1,307,46,1,1126,NULL,NULL,'1000000','0','افتتاحيه شماره1','NO',NULL,NULL,NULL),
 (1,308,46,1,1005,NULL,NULL,'14800000','0','افتتاحيه شماره1','NO',NULL,NULL,NULL),
 (1,309,46,1,1134,NULL,NULL,'15000000','0','افتتاحيه شماره1','NO',NULL,NULL,NULL),
 (1,310,46,1,1023,NULL,NULL,'4331507','0','افتتاحيه شماره1','NO',NULL,NULL,NULL),
 (1,311,46,1,1024,NULL,NULL,'30000000','0','افتتاحيه شماره1','NO',NULL,NULL,NULL),
 (1,312,47,1,1051,NULL,NULL,'9940000','0','افتتاحيه شماره1','NO',NULL,NULL,NULL),
 (1,313,47,1,1056,NULL,NULL,'11690000','0','افتتاحيه شماره1','NO',NULL,NULL,NULL),
 (1,314,47,1,1066,NULL,NULL,'14990000','0','افتتاحيه شماره1','NO',NULL,NULL,NULL),
 (1,315,47,1,1068,NULL,NULL,'14990000','0','افتتاحيه شماره1','NO',NULL,NULL,NULL),
 (1,316,47,1,1069,NULL,NULL,'14990000','0','افتتاحيه شماره1','NO',NULL,NULL,NULL),
 (1,317,48,1,1187,NULL,NULL,'220277781','0','افتتاحيه شماره1','NO',NULL,NULL,NULL),
 (1,318,48,1,1150,NULL,NULL,'456845111','0','افتتاحيه شماره1','NO',NULL,NULL,NULL),
 (1,319,48,1,1044,NULL,NULL,'79083334','0','افتتاحيه شماره1','NO',NULL,NULL,NULL),
 (1,320,48,1,1054,NULL,NULL,'802188334','0','افتتاحيه شماره1','NO',NULL,NULL,NULL),
 (1,321,48,1,1136,NULL,NULL,'216166667','0','افتتاحيه شماره1','NO',NULL,NULL,NULL),
 (1,322,48,1,1067,NULL,NULL,'312052477','0','افتتاحيه شماره1','NO',NULL,NULL,NULL),
 (1,323,48,1,1072,NULL,NULL,'111083334','0','افتتاحيه شماره1','NO',NULL,NULL,NULL),
 (1,324,48,1,1078,NULL,NULL,'557236566','0','افتتاحيه شماره1','NO',NULL,NULL,NULL),
 (1,325,48,1,1072,NULL,NULL,'55723657','0','افتتاحيه شماره1','NO',NULL,NULL,NULL),
 (1,326,48,1,1026,NULL,NULL,'835854849','0','افتتاحيه شماره1','NO',NULL,NULL,NULL),
 (1,327,48,1,1086,NULL,NULL,'1671709699','0','افتتاحيه شماره1','NO',NULL,NULL,NULL),
 (1,328,48,1,1030,NULL,NULL,'835854849','0','افتتاحيه شماره1','NO',NULL,NULL,NULL),
 (1,329,48,1,1090,NULL,NULL,'278618283','0','افتتاحيه شماره1','NO',NULL,NULL,NULL),
 (1,330,48,1,1054,NULL,NULL,'646467247','0','افتتاحيه شماره1','NO',NULL,NULL,NULL),
 (1,331,48,1,1096,NULL,NULL,'278618283','0','افتتاحيه شماره1','NO',NULL,NULL,NULL),
 (1,332,48,1,1097,NULL,NULL,'278618283','0','افتتاحيه شماره1','NO',NULL,NULL,NULL),
 (1,333,48,1,1087,NULL,NULL,'222894626','0','افتتاحيه شماره1','NO',NULL,NULL,NULL),
 (1,334,48,1,1018,NULL,NULL,'256000000','0','افتتاحيه شماره1','NO',NULL,NULL,NULL),
 (1,335,48,1,1008,NULL,NULL,'40000000','0','افتتاحيه شماره1','NO',NULL,NULL,NULL),
 (1,336,50,1,1154,NULL,NULL,'400000000','0','افتتاحيه شماره1','NO',NULL,NULL,NULL),
 (1,337,50,1,1156,NULL,NULL,'1500000000','0','افتتاحيه شماره1','NO',NULL,NULL,NULL),
 (1,338,50,1,1153,NULL,NULL,'0','1','افتتاحيه شماره1','NO',NULL,NULL,NULL),
 (1,339,50,1,1152,NULL,NULL,'966666667','0','افتتاحيه شماره1','NO',NULL,NULL,NULL),
 (1,340,50,1,1151,NULL,NULL,'400000000','0','افتتاحيه شماره1','NO',NULL,NULL,NULL),
 (1,341,50,1,1156,NULL,NULL,'1500000000','0','افتتاحيه شماره1','NO',NULL,NULL,NULL),
 (1,342,50,1,1182,NULL,NULL,'1000000000','0','افتتاحيه شماره1','NO',NULL,NULL,NULL),
 (1,343,50,1,1183,NULL,NULL,'340000000','0','افتتاحيه شماره1','NO',NULL,NULL,NULL),
 (1,344,50,1,1153,NULL,NULL,'833333334','0','افتتاحيه شماره1','NO',NULL,NULL,NULL),
 (1,345,50,1,1182,NULL,NULL,'1000000000','0','افتتاحيه شماره1','NO',NULL,NULL,NULL),
 (1,346,50,1,1152,NULL,NULL,'966000000','0','افتتاحيه شماره1','NO',NULL,NULL,NULL),
 (1,347,50,1,1151,NULL,NULL,'400000000','0','افتتاحيه شماره1','NO',NULL,NULL,NULL),
 (1,348,50,1,1183,NULL,NULL,'670000000','0','افتتاحيه شماره1','NO',NULL,NULL,NULL),
 (1,349,50,1,1059,NULL,NULL,'2000000000','0','افتتاحيه شماره1','NO',NULL,NULL,NULL),
 (1,350,50,1,1060,NULL,NULL,'1000000000','0','افتتاحيه شماره1','NO',NULL,NULL,NULL),
 (1,351,50,1,1062,NULL,NULL,'1000000000','0','افتتاحيه شماره1','NO',NULL,NULL,NULL),
 (1,352,50,1,1071,NULL,NULL,'2000000000','0','افتتاحيه شماره1','NO',NULL,NULL,NULL),
 (1,353,52,1,1022,NULL,NULL,'2000000','0','افتتاحيه شماره1','NO',NULL,NULL,NULL),
 (1,354,52,1,1040,NULL,NULL,'7000000','0','افتتاحيه شماره1','NO',NULL,NULL,NULL),
 (1,355,52,1,1038,NULL,NULL,'18000000','0','افتتاحيه شماره1','NO',NULL,NULL,NULL),
 (1,356,52,1,1057,NULL,NULL,'22500000','0','افتتاحيه شماره1','NO',NULL,NULL,NULL),
 (1,357,52,1,1058,NULL,NULL,'30000000','0','افتتاحيه شماره1','NO',NULL,NULL,NULL),
 (1,358,52,1,1070,NULL,NULL,'22000000','0','افتتاحيه شماره1','NO',NULL,NULL,NULL),
 (1,359,52,1,1079,NULL,NULL,'28500000','0','افتتاحيه شماره1','NO',NULL,NULL,NULL),
 (1,360,52,1,1163,NULL,NULL,'14000000','0','افتتاحيه شماره1','NO',NULL,NULL,NULL),
 (1,361,54,1,1092,NULL,NULL,'475000000','0','افتتاحيه شماره1','NO',NULL,NULL,NULL),
 (1,362,54,1,1078,NULL,NULL,'1425000000','0','افتتاحيه شماره1','NO',NULL,NULL,NULL),
 (1,363,54,1,1094,NULL,NULL,'1900000000','0','افتتاحيه شماره1','NO',NULL,NULL,NULL),
 (1,364,60,NULL,NULL,NULL,NULL,'12700000','0','افتتاحيه شماره1','NO',NULL,NULL,NULL),
 (1,365,65,1,1188,NULL,NULL,'0','500000','افتتاحيه شماره1','NO',NULL,NULL,NULL),
 (1,366,65,1,1205,NULL,NULL,'0','1003333','افتتاحيه شماره1','NO',NULL,NULL,NULL),
 (1,367,65,NULL,NULL,NULL,NULL,'0','500000','افتتاحيه شماره1','NO',NULL,NULL,NULL),
 (1,368,65,1,1026,NULL,NULL,'0','500000','افتتاحيه شماره1','NO',NULL,NULL,NULL),
 (1,369,65,1,1197,NULL,NULL,'0','500000','افتتاحيه شماره1','NO',NULL,NULL,NULL),
 (1,370,65,1,1219,NULL,NULL,'0','500000','افتتاحيه شماره1','NO',NULL,NULL,NULL),
 (1,371,65,1,1213,NULL,NULL,'0','500000','افتتاحيه شماره1','NO',NULL,NULL,NULL),
 (1,372,65,1,1220,NULL,NULL,'0','500000','افتتاحيه شماره1','NO',NULL,NULL,NULL),
 (1,373,65,1,1232,NULL,NULL,'0','500000','افتتاحيه شماره1','NO',NULL,NULL,NULL),
 (1,374,65,1,1237,NULL,NULL,'0','50000','افتتاحيه شماره1','NO',NULL,NULL,NULL),
 (1,375,65,1,1241,NULL,NULL,'0','500000','افتتاحيه شماره1','NO',NULL,NULL,NULL),
 (1,376,65,1,1242,NULL,NULL,'0','500000','افتتاحيه شماره1','NO',NULL,NULL,NULL),
 (1,377,65,NULL,NULL,NULL,NULL,'0','500000','افتتاحيه شماره1','NO',NULL,NULL,NULL),
 (1,378,65,NULL,NULL,NULL,NULL,'0','500000','افتتاحيه شماره1','NO',NULL,NULL,NULL),
 (1,379,65,1,1231,NULL,NULL,'0','410000','افتتاحيه شماره1','NO',NULL,NULL,NULL),
 (1,380,65,1,1125,NULL,NULL,'0','616667','افتتاحيه شماره1','NO',NULL,NULL,NULL),
 (1,381,65,1,1126,NULL,NULL,'0','500000','افتتاحيه شماره1','NO',NULL,NULL,NULL),
 (1,382,65,NULL,NULL,NULL,NULL,'0','500000','افتتاحيه شماره1','NO',NULL,NULL,NULL),
 (1,383,65,1,1129,NULL,NULL,'0','500000','افتتاحيه شماره1','NO',NULL,NULL,NULL),
 (1,384,65,1,1130,NULL,NULL,'0','500000','افتتاحيه شماره1','NO',NULL,NULL,NULL),
 (1,385,65,1,1131,NULL,NULL,'0','500000','افتتاحيه شماره1','NO',NULL,NULL,NULL),
 (1,386,65,1,1133,NULL,NULL,'0','500000','افتتاحيه شماره1','NO',NULL,NULL,NULL),
 (1,387,65,1,1134,NULL,NULL,'0','500000','افتتاحيه شماره1','NO',NULL,NULL,NULL),
 (1,388,65,1,1136,NULL,NULL,'0','500000','افتتاحيه شماره1','NO',NULL,NULL,NULL),
 (1,389,65,1,1137,NULL,NULL,'0','500000','افتتاحيه شماره1','NO',NULL,NULL,NULL),
 (1,390,65,1,1138,NULL,NULL,'0','500000','افتتاحيه شماره1','NO',NULL,NULL,NULL),
 (1,391,65,1,1139,NULL,NULL,'0','560000','افتتاحيه شماره1','NO',NULL,NULL,NULL),
 (1,392,65,1,1234,NULL,NULL,'0','19000000','افتتاحيه شماره1','NO',NULL,NULL,NULL),
 (1,393,65,1,1142,NULL,NULL,'0','500000','افتتاحيه شماره1','NO',NULL,NULL,NULL),
 (1,394,65,1,1143,NULL,NULL,'0','500000','افتتاحيه شماره1','NO',NULL,NULL,NULL),
 (1,395,104,NULL,NULL,NULL,NULL,'510','0','افتتاحيه شماره1','NO',NULL,NULL,NULL),
 (1,396,105,NULL,NULL,NULL,NULL,'64327340000','0','افتتاحيه شماره1','NO',NULL,NULL,NULL),
 (1,397,106,NULL,NULL,NULL,NULL,'6','0','افتتاحيه شماره1','NO',NULL,NULL,NULL),
 (1,398,107,NULL,NULL,NULL,NULL,'8279333334','0','افتتاحيه شماره1','NO',NULL,NULL,NULL),
 (1,399,108,NULL,NULL,NULL,NULL,'7600000000','0','افتتاحيه شماره1','NO',NULL,NULL,NULL),
 (1,400,125,1,1037,1,1002,'40158333','0','افتتاحيه شماره1','NO',NULL,NULL,NULL),
 (1,401,125,1,1123,1,1002,'115508667','0','افتتاحيه شماره1','NO',NULL,NULL,NULL),
 (1,402,125,1,1042,1,1002,'5000000','0','افتتاحيه شماره1','NO',NULL,NULL,NULL),
 (1,403,125,1,1016,1,1002,'64698000','0','افتتاحيه شماره1','NO',NULL,NULL,NULL),
 (1,404,125,1,1050,1,1002,'2500000','0','افتتاحيه شماره1','NO',NULL,NULL,NULL),
 (1,405,125,1,1047,1,1002,'2500000','0','افتتاحيه شماره1','NO',NULL,NULL,NULL),
 (1,406,125,1,1055,1,1002,'86664962','0','افتتاحيه شماره1','NO',NULL,NULL,NULL),
 (1,407,125,1,1061,1,1002,'17500000','0','افتتاحيه شماره1','NO',NULL,NULL,NULL),
 (1,408,125,1,1064,1,1002,'23808465','0','افتتاحيه شماره1','NO',NULL,NULL,NULL),
 (1,409,125,1,1063,1,1002,'23870000','0','افتتاحيه شماره1','NO',NULL,NULL,NULL),
 (1,410,125,1,1065,1,1002,'23808465','0','افتتاحيه شماره1','NO',NULL,NULL,NULL),
 (1,411,125,1,1016,1,1002,'200000000','0','افتتاحيه شماره1','NO',NULL,NULL,NULL),
 (1,412,125,1,1076,1,1002,'30628465','0','افتتاحيه شماره1','NO',NULL,NULL,NULL),
 (1,413,125,1,1085,1,1002,'30628465','0','افتتاحيه شماره1','NO',NULL,NULL,NULL),
 (1,414,125,1,1081,1,1002,'40837953','0','افتتاحيه شماره1','NO',NULL,NULL,NULL),
 (1,415,125,1,1150,1,1002,'103958333','0','افتتاحيه شماره1','NO',NULL,NULL,NULL),
 (1,416,125,1,1150,1,1002,'200000000','0','افتتاحيه شماره1','NO',NULL,NULL,NULL),
 (1,417,125,1,1033,1,1004,'18300000','0','افتتاحيه شماره1','NO',NULL,NULL,NULL),
 (1,418,125,1,1041,1,1004,'10000000','0','افتتاحيه شماره1','NO',NULL,NULL,NULL),
 (1,419,125,1,1004,1,1004,'10000000','0','افتتاحيه شماره1','NO',NULL,NULL,NULL),
 (1,420,125,1,1004,1,1004,'10000000','0','افتتاحيه شماره1','NO',NULL,NULL,NULL),
 (1,421,125,1,1075,1,1003,'1000000000','0','افتتاحيه شماره1','NO',NULL,NULL,NULL),
 (1,422,125,1,1059,1,1003,'1000000000','0','افتتاحيه شماره1','NO',NULL,NULL,NULL),
 (1,423,125,1,1077,1,1003,'1000000000','0','افتتاحيه شماره1','NO',NULL,NULL,NULL),
 (1,424,125,1,1082,1,1003,'1000000000','0','افتتاحيه شماره1','NO',NULL,NULL,NULL),
 (1,425,125,1,1083,1,1003,'1000000000','0','افتتاحيه شماره1','NO',NULL,NULL,NULL),
 (1,426,125,1,1088,1,1003,'1000000000','0','افتتاحيه شماره1','NO',NULL,NULL,NULL),
 (1,427,125,1,1080,1,1003,'1000000000','0','افتتاحيه شماره1','NO',NULL,NULL,NULL),
 (1,428,125,1,1026,1,1003,'1000000000','0','افتتاحيه شماره1','NO',NULL,NULL,NULL),
 (1,429,151,NULL,NULL,NULL,NULL,'0','5961838348','افتتاحيه شماره1','NO',NULL,NULL,NULL),
 (1,430,20,NULL,NULL,NULL,NULL,'0','14848333','افتتاحيه شماره1','NO',NULL,NULL,NULL),
 (1,431,21,NULL,NULL,NULL,NULL,'0','1000000','افتتاحيه شماره1','NO',NULL,NULL,NULL),
 (1,432,22,NULL,NULL,NULL,NULL,'0','21000000','افتتاحيه شماره1','NO',NULL,NULL,NULL),
 (1,433,27,NULL,NULL,NULL,NULL,'0','86000000','افتتاحيه شماره1','NO',NULL,NULL,NULL),
 (1,434,28,NULL,NULL,NULL,NULL,'0','45949992','افتتاحيه شماره1','NO',NULL,NULL,NULL),
 (1,435,28,NULL,1004,NULL,1,'0','48300000','افتتاحيه شماره1','NO',NULL,NULL,NULL),
 (1,436,33,NULL,NULL,NULL,NULL,'0','8000000000','افتتاحيه شماره1','NO',NULL,NULL,NULL),
 (1,437,65,1,1145,NULL,NULL,'0','500000','افتتاحيه شماره1','NO',NULL,NULL,NULL),
 (1,438,65,1,1144,NULL,NULL,'0','500000','افتتاحيه شماره1','NO',NULL,NULL,NULL),
 (1,439,65,1,1146,NULL,NULL,'0','500000','افتتاحيه شماره1','NO',NULL,NULL,NULL),
 (1,440,65,1,1147,NULL,NULL,'0','500000','افتتاحيه شماره1','NO',NULL,NULL,NULL),
 (1,441,65,1,1148,NULL,NULL,'0','52740','افتتاحيه شماره1','NO',NULL,NULL,NULL),
 (1,442,65,1,1149,NULL,NULL,'0','500000','افتتاحيه شماره1','NO',NULL,NULL,NULL),
 (1,443,65,1,1150,NULL,NULL,'0','500000','افتتاحيه شماره1','NO',NULL,NULL,NULL),
 (1,444,65,1,1238,NULL,NULL,'0','500000','افتتاحيه شماره1','NO',NULL,NULL,NULL),
 (1,445,65,1,1157,NULL,NULL,'0','550000','افتتاحيه شماره1','NO',NULL,NULL,NULL),
 (1,446,65,1,1158,NULL,NULL,'0','500000','افتتاحيه شماره1','NO',NULL,NULL,NULL),
 (1,447,65,NULL,NULL,NULL,NULL,'0','500000','افتتاحيه شماره1','NO',NULL,NULL,NULL),
 (1,448,65,1,1171,NULL,NULL,'0','500000','افتتاحيه شماره1','NO',NULL,NULL,NULL),
 (1,449,65,1,1177,NULL,NULL,'0','500000','افتتاحيه شماره1','NO',NULL,NULL,NULL),
 (1,450,65,1,1178,NULL,NULL,'0','500000','افتتاحيه شماره1','NO',NULL,NULL,NULL),
 (1,451,65,1,1179,NULL,NULL,'0','500000','افتتاحيه شماره1','NO',NULL,NULL,NULL),
 (1,452,65,1,1181,NULL,NULL,'0','500000','افتتاحيه شماره1','NO',NULL,NULL,NULL),
 (1,453,65,1,1185,NULL,NULL,'0','500000','افتتاحيه شماره1','NO',NULL,NULL,NULL),
 (1,454,65,1,1244,NULL,NULL,'0','500000','افتتاحيه شماره1','NO',NULL,NULL,NULL),
 (1,455,65,1,1005,NULL,NULL,'0','500000','افتتاحيه شماره1','NO',NULL,NULL,NULL),
 (1,456,65,1,1189,NULL,NULL,'0','500000','افتتاحيه شماره1','NO',NULL,NULL,NULL),
 (1,457,65,1,1006,NULL,NULL,'0','500000','افتتاحيه شماره1','NO',NULL,NULL,NULL),
 (1,458,65,1,1008,NULL,NULL,'0','1187500','افتتاحيه شماره1','NO',NULL,NULL,NULL),
 (1,459,65,1,1011,NULL,NULL,'0','500000','افتتاحيه شماره1','NO',NULL,NULL,NULL),
 (1,460,65,1,1012,NULL,NULL,'0','500000','افتتاحيه شماره1','NO',NULL,NULL,NULL),
 (1,461,65,1,1013,NULL,NULL,'0','500000','افتتاحيه شماره1','NO',NULL,NULL,NULL),
 (1,462,65,1,1015,NULL,NULL,'0','2925962','افتتاحيه شماره1','NO',NULL,NULL,NULL),
 (1,463,65,1,1014,NULL,NULL,'0','500000','افتتاحيه شماره1','NO',NULL,NULL,NULL),
 (1,464,65,1,1192,NULL,NULL,'0','1','افتتاحيه شماره1','NO',NULL,NULL,NULL),
 (1,465,65,1,1193,NULL,NULL,'0','1','افتتاحيه شماره1','NO',NULL,NULL,NULL),
 (1,466,65,1,1194,NULL,NULL,'0','1','افتتاحيه شماره1','NO',NULL,NULL,NULL),
 (1,467,65,NULL,NULL,NULL,NULL,'0','500000','افتتاحيه شماره1','NO',NULL,NULL,NULL),
 (1,468,65,1,1020,NULL,NULL,'0','500000','افتتاحيه شماره1','NO',NULL,NULL,NULL),
 (1,469,65,1,1021,NULL,NULL,'0','500000','افتتاحيه شماره1','NO',NULL,NULL,NULL),
 (1,470,65,1,1022,NULL,NULL,'0','504170','افتتاحيه شماره1','NO',NULL,NULL,NULL),
 (1,471,65,1,1195,NULL,NULL,'0','696250','افتتاحيه شماره1','NO',NULL,NULL,NULL),
 (1,472,65,1,1023,NULL,NULL,'0','500000','افتتاحيه شماره1','NO',NULL,NULL,NULL),
 (1,473,65,1,1024,NULL,NULL,'0','500000','افتتاحيه شماره1','NO',NULL,NULL,NULL),
 (1,474,65,1,1025,NULL,NULL,'0','252284','افتتاحيه شماره1','NO',NULL,NULL,NULL),
 (1,475,65,1,1027,NULL,NULL,'0','50000','افتتاحيه شماره1','NO',NULL,NULL,NULL),
 (1,476,65,1,1029,NULL,NULL,'0','500000','افتتاحيه شماره1','NO',NULL,NULL,NULL),
 (1,477,65,1,1002,NULL,NULL,'0','66137063','افتتاحيه شماره1','NO',NULL,NULL,NULL),
 (1,478,65,NULL,NULL,NULL,NULL,'0','500000','افتتاحيه شماره1','NO',NULL,NULL,NULL),
 (1,479,65,1,1032,NULL,NULL,'0','500000','افتتاحيه شماره1','NO',NULL,NULL,NULL),
 (1,480,65,1,1017,NULL,NULL,'0','498889','افتتاحيه شماره1','NO',NULL,NULL,NULL),
 (1,481,65,1,1033,NULL,NULL,'0','500000','افتتاحيه شماره1','NO',NULL,NULL,NULL),
 (1,482,65,1,1196,NULL,NULL,'0','500000','افتتاحيه شماره1','NO',NULL,NULL,NULL);
INSERT INTO `ACC_DocItems` (`DocID`,`ItemID`,`CostID`,`TafsiliType`,`TafsiliID`,`TafsiliType2`,`TafsiliID2`,`DebtorAmount`,`CreditorAmount`,`details`,`locked`,`SourceType`,`SourceID`,`SourceID2`) VALUES 
 (1,483,65,1,1034,NULL,NULL,'0','500000','افتتاحيه شماره1','NO',NULL,NULL,NULL),
 (1,484,65,1,1035,NULL,NULL,'0','500000','افتتاحيه شماره1','NO',NULL,NULL,NULL),
 (1,485,65,1,1036,NULL,NULL,'0','500000','افتتاحيه شماره1','NO',NULL,NULL,NULL),
 (1,486,65,1,1037,NULL,NULL,'0','500000','افتتاحيه شماره1','NO',NULL,NULL,NULL),
 (1,487,65,1,1198,NULL,NULL,'0','2795032','افتتاحيه شماره1','NO',NULL,NULL,NULL),
 (1,488,65,1,1040,NULL,NULL,'0','500000','افتتاحيه شماره1','NO',NULL,NULL,NULL),
 (1,489,65,1,1041,NULL,NULL,'0','500000','افتتاحيه شماره1','NO',NULL,NULL,NULL),
 (1,490,65,1,1042,NULL,NULL,'0','500000','افتتاحيه شماره1','NO',NULL,NULL,NULL),
 (1,491,65,1,1038,NULL,NULL,'0','1','افتتاحيه شماره1','NO',NULL,NULL,NULL),
 (1,492,65,1,1044,NULL,NULL,'0','500000','افتتاحيه شماره1','NO',NULL,NULL,NULL),
 (1,493,65,1,1045,NULL,NULL,'0','500000','افتتاحيه شماره1','NO',NULL,NULL,NULL),
 (1,494,65,1,1046,NULL,NULL,'0','500000','افتتاحيه شماره1','NO',NULL,NULL,NULL),
 (1,495,65,1,1047,NULL,NULL,'0','500000','افتتاحيه شماره1','NO',NULL,NULL,NULL),
 (1,496,65,1,1048,NULL,NULL,'0','500000','افتتاحيه شماره1','NO',NULL,NULL,NULL),
 (1,497,65,1,1049,NULL,NULL,'0','500000','افتتاحيه شماره1','NO',NULL,NULL,NULL),
 (1,498,65,NULL,NULL,NULL,NULL,'0','500000','افتتاحيه شماره1','NO',NULL,NULL,NULL),
 (1,499,65,1,1180,NULL,NULL,'0','501438','افتتاحيه شماره1','NO',NULL,NULL,NULL),
 (1,500,65,1,1051,NULL,NULL,'0','500000','افتتاحيه شماره1','NO',NULL,NULL,NULL),
 (1,501,65,NULL,NULL,NULL,NULL,'0','500000','افتتاحيه شماره1','NO',NULL,NULL,NULL),
 (1,502,65,1,1053,NULL,NULL,'0','500000','افتتاحيه شماره1','NO',NULL,NULL,NULL),
 (1,503,65,1,1201,NULL,NULL,'0','583333','افتتاحيه شماره1','NO',NULL,NULL,NULL),
 (1,504,65,1,1054,NULL,NULL,'0','500000','افتتاحيه شماره1','NO',NULL,NULL,NULL),
 (1,505,65,1,1055,NULL,NULL,'0','500000','افتتاحيه شماره1','NO',NULL,NULL,NULL),
 (1,506,65,1,1204,NULL,NULL,'0','19011683','افتتاحيه شماره1','NO',NULL,NULL,NULL),
 (1,507,65,1,1056,NULL,NULL,'0','500000','افتتاحيه شماره1','NO',NULL,NULL,NULL),
 (1,508,65,1,1058,NULL,NULL,'0','500000','افتتاحيه شماره1','NO',NULL,NULL,NULL),
 (1,509,65,1,1060,NULL,NULL,'0','500000','افتتاحيه شماره1','NO',NULL,NULL,NULL),
 (1,510,65,1,1059,NULL,NULL,'0','500000','افتتاحيه شماره1','NO',NULL,NULL,NULL),
 (1,511,65,1,1206,NULL,NULL,'0','500000','افتتاحيه شماره1','NO',NULL,NULL,NULL),
 (1,512,65,1,1207,NULL,NULL,'0','1919187','افتتاحيه شماره1','NO',NULL,NULL,NULL),
 (1,513,65,1,1061,NULL,NULL,'0','500000','افتتاحيه شماره1','NO',NULL,NULL,NULL),
 (1,514,65,1,1062,NULL,NULL,'0','100000','افتتاحيه شماره1','NO',NULL,NULL,NULL),
 (1,515,65,1,1208,NULL,NULL,'0','500000','افتتاحيه شماره1','NO',NULL,NULL,NULL),
 (1,516,65,1,1063,NULL,NULL,'0','500000','افتتاحيه شماره1','NO',NULL,NULL,NULL),
 (1,517,65,1,1064,NULL,NULL,'0','500000','افتتاحيه شماره1','NO',NULL,NULL,NULL),
 (1,518,65,1,1065,NULL,NULL,'0','500000','افتتاحيه شماره1','NO',NULL,NULL,NULL),
 (1,519,65,1,1066,NULL,NULL,'0','500000','افتتاحيه شماره1','NO',NULL,NULL,NULL),
 (1,520,65,1,1067,NULL,NULL,'0','500000','افتتاحيه شماره1','NO',NULL,NULL,NULL),
 (1,521,65,1,1210,NULL,NULL,'0','802215','افتتاحيه شماره1','NO',NULL,NULL,NULL),
 (1,522,65,1,1068,NULL,NULL,'0','500000','افتتاحيه شماره1','NO',NULL,NULL,NULL),
 (1,523,65,1,1069,NULL,NULL,'0','500000','افتتاحيه شماره1','NO',NULL,NULL,NULL),
 (1,524,65,1,1070,NULL,NULL,'0','500000','افتتاحيه شماره1','NO',NULL,NULL,NULL),
 (1,525,65,1,1211,NULL,NULL,'0','200000','افتتاحيه شماره1','NO',NULL,NULL,NULL),
 (1,526,65,1,1071,NULL,NULL,'0','500000','افتتاحيه شماره1','NO',NULL,NULL,NULL),
 (1,527,65,1,1072,NULL,NULL,'0','500000','افتتاحيه شماره1','NO',NULL,NULL,NULL),
 (1,528,65,1,1155,NULL,NULL,'0','500000','افتتاحيه شماره1','NO',NULL,NULL,NULL),
 (1,529,65,1,1075,NULL,NULL,'0','500000','افتتاحيه شماره1','NO',NULL,NULL,NULL),
 (1,530,65,1,1076,NULL,NULL,'0','500000','افتتاحيه شماره1','NO',NULL,NULL,NULL),
 (1,531,65,1,1077,NULL,NULL,'0','500000','افتتاحيه شماره1','NO',NULL,NULL,NULL),
 (1,532,65,1,1078,NULL,NULL,'0','500000','افتتاحيه شماره1','NO',NULL,NULL,NULL),
 (1,533,65,1,1080,NULL,NULL,'0','500000','افتتاحيه شماره1','NO',NULL,NULL,NULL),
 (1,534,65,1,1079,NULL,NULL,'0','500000','افتتاحيه شماره1','NO',NULL,NULL,NULL),
 (1,535,65,1,1081,NULL,NULL,'0','500000','افتتاحيه شماره1','NO',NULL,NULL,NULL),
 (1,536,65,1,1073,NULL,NULL,'0','500000','افتتاحيه شماره1','NO',NULL,NULL,NULL),
 (1,537,65,NULL,NULL,NULL,NULL,'0','500000','افتتاحيه شماره1','NO',NULL,NULL,NULL),
 (1,538,65,1,1082,NULL,NULL,'0','500000','افتتاحيه شماره1','NO',NULL,NULL,NULL),
 (1,539,65,1,1083,NULL,NULL,'0','500000','افتتاحيه شماره1','NO',NULL,NULL,NULL),
 (1,540,65,1,1214,NULL,NULL,'0','15000000','افتتاحيه شماره1','NO',NULL,NULL,NULL),
 (1,541,65,1,1087,NULL,NULL,'0','500000','افتتاحيه شماره1','NO',NULL,NULL,NULL),
 (1,542,65,1,1086,NULL,NULL,'0','500000','افتتاحيه شماره1','NO',NULL,NULL,NULL),
 (1,543,65,1,1154,NULL,NULL,'0','500000','افتتاحيه شماره1','NO',NULL,NULL,NULL),
 (1,544,65,1,1088,NULL,NULL,'0','500000','افتتاحيه شماره1','NO',NULL,NULL,NULL),
 (1,545,65,1,1001,NULL,NULL,'0','192000001','افتتاحيه شماره1','NO',NULL,NULL,NULL),
 (1,546,65,1,1089,NULL,NULL,'0','500000','افتتاحيه شماره1','NO',NULL,NULL,NULL),
 (1,547,65,1,1091,NULL,NULL,'0','500000','افتتاحيه شماره1','NO',NULL,NULL,NULL),
 (1,548,65,1,1092,NULL,NULL,'0','500000','افتتاحيه شماره1','NO',NULL,NULL,NULL),
 (1,549,65,1,1093,NULL,NULL,'0','500000','افتتاحيه شماره1','NO',NULL,NULL,NULL),
 (1,550,65,1,1095,NULL,NULL,'0','500000','افتتاحيه شماره1','NO',NULL,NULL,NULL),
 (1,551,65,1,1221,NULL,NULL,'0','582000','افتتاحيه شماره1','NO',NULL,NULL,NULL),
 (1,552,65,1,1222,NULL,NULL,'0','2910000','افتتاحيه شماره1','NO',NULL,NULL,NULL),
 (1,553,65,1,1223,NULL,NULL,'0','1746000','افتتاحيه شماره1','NO',NULL,NULL,NULL),
 (1,554,65,1,1224,NULL,NULL,'0','2328000','افتتاحيه شماره1','NO',NULL,NULL,NULL),
 (1,555,65,1,1225,NULL,NULL,'0','1164000','افتتاحيه شماره1','NO',NULL,NULL,NULL),
 (1,556,65,1,1226,NULL,NULL,'0','1746000','افتتاحيه شماره1','NO',NULL,NULL,NULL),
 (1,557,65,1,1227,NULL,NULL,'0','2910000','افتتاحيه شماره1','NO',NULL,NULL,NULL),
 (1,558,65,1,1094,NULL,NULL,'0','500000','افتتاحيه شماره1','NO',NULL,NULL,NULL),
 (1,559,65,1,1096,NULL,NULL,'0','1','افتتاحيه شماره1','NO',NULL,NULL,NULL),
 (1,560,65,1,1187,NULL,NULL,'0','1662500','افتتاحيه شماره1','NO',NULL,NULL,NULL),
 (1,561,66,1,1002,NULL,NULL,'0','4517621806','افتتاحيه شماره1','NO',NULL,NULL,NULL),
 (1,562,66,1,1203,NULL,NULL,'0','249379108','افتتاحيه شماره1','NO',NULL,NULL,NULL),
 (1,563,87,NULL,NULL,NULL,NULL,'0','12600000000','افتتاحيه شماره1','NO',NULL,NULL,NULL),
 (1,564,88,NULL,NULL,NULL,NULL,'0','144000000','افتتاحيه شماره1','NO',NULL,NULL,NULL),
 (1,565,88,1,1002,NULL,NULL,'0','1012070108','افتتاحيه شماره1','NO',NULL,NULL,NULL),
 (1,566,120,NULL,NULL,NULL,NULL,'0','58992640','افتتاحيه شماره1','NO',NULL,NULL,NULL),
 (1,567,128,2,4,NULL,NULL,'0','41938510','افتتاحيه شماره1','NO',NULL,NULL,NULL),
 (1,568,129,2,4,NULL,NULL,'0','39956979','افتتاحيه شماره1','NO',NULL,NULL,NULL),
 (1,569,130,2,4,NULL,NULL,'0','1643163','افتتاحيه شماره1','NO',NULL,NULL,NULL),
 (1,570,144,NULL,NULL,NULL,NULL,'0','6000000000','افتتاحيه شماره1','NO',NULL,NULL,NULL),
 (1,571,154,NULL,NULL,NULL,NULL,'0','6323999998','افتتاحيه شماره1','NO',NULL,NULL,NULL),
 (1,572,154,NULL,NULL,NULL,NULL,'0','9976000002','افتتاحيه شماره1','NO',NULL,NULL,NULL),
 (1,573,155,NULL,NULL,NULL,NULL,'0','200000000','افتتاحيه شماره1','NO',NULL,NULL,NULL),
 (1,574,109,NULL,NULL,NULL,NULL,'0','510','افتتاحيه شماره1','NO',NULL,NULL,NULL),
 (1,575,110,NULL,NULL,NULL,NULL,'0','64327340000','افتتاحيه شماره1','NO',NULL,NULL,NULL),
 (1,576,111,NULL,NULL,NULL,NULL,'0','6','افتتاحيه شماره1','NO',NULL,NULL,NULL),
 (1,577,112,NULL,NULL,NULL,NULL,'0','8279333334','افتتاحيه شماره1','NO',NULL,NULL,NULL),
 (1,578,113,NULL,NULL,NULL,NULL,'0','7600000000','افتتاحيه شماره1','NO',NULL,NULL,NULL),
 (1,579,128,2,5,NULL,NULL,'0','6443470','افتتاحيه شماره1','NO',NULL,NULL,NULL),
 (1,580,128,2,5,NULL,NULL,'0','33250000','افتتاحيه شماره1','NO',NULL,NULL,NULL),
 (1,581,128,2,6,NULL,NULL,'0','237086','افتتاحيه شماره1','NO',NULL,NULL,NULL),
 (1,582,129,2,4,NULL,NULL,'0','47290540','افتتاحيه شماره1','NO',NULL,NULL,NULL),
 (1,583,129,2,5,NULL,NULL,'0','15583410','افتتاحيه شماره1','NO',NULL,NULL,NULL),
 (1,584,129,2,5,NULL,NULL,'0','8712086','افتتاحيه شماره1','NO',NULL,NULL,NULL),
 (1,585,131,2,4,NULL,NULL,'0','282748844','افتتاحيه شماره1','NO',NULL,NULL,NULL),
 (1,586,131,2,4,NULL,NULL,'0','233967016','افتتاحيه شماره1','NO',NULL,NULL,NULL),
 (1,587,131,2,5,NULL,NULL,'0','129704433','افتتاحيه شماره1','NO',NULL,NULL,NULL),
 (1,588,131,2,5,NULL,NULL,'0','39161861','افتتاحيه شماره1','NO',NULL,NULL,NULL),
 (1,589,132,2,4,NULL,NULL,'0','28800000','افتتاحيه شماره1','NO',NULL,NULL,NULL),
 (1,590,132,2,5,NULL,NULL,'0','3900000','افتتاحيه شماره1','NO',NULL,NULL,NULL),
 (1,591,133,2,4,NULL,NULL,'0','7047905','افتتاحيه شماره1','NO',NULL,NULL,NULL),
 (1,592,133,2,4,NULL,NULL,'0','628465','افتتاحيه شماره1','NO',NULL,NULL,NULL),
 (1,593,133,2,5,NULL,NULL,'0','140525','افتتاحيه شماره1','NO',NULL,NULL,NULL),
 (1,594,150,2,4,NULL,NULL,'0','2012730','افتتاحيه شماره1','NO',NULL,NULL,NULL),
 (12,595,1,NULL,NULL,NULL,NULL,'1','0','بابت اختلاف 1 ريالي تسويه تسهيلات کاوش صنعت توس','NO',NULL,NULL,NULL),
 (12,596,1,NULL,NULL,NULL,NULL,'0','5502947','پرداخت بيمه اسفند افتخاري و مسرور','NO',NULL,NULL,NULL),
 (12,597,1,NULL,NULL,NULL,NULL,'0','10570000','عملکرد صندوق در واريزي طي فيش 57797 به تجارت قسط ش 1 دکتر ضابط ','NO',NULL,NULL,NULL),
 (12,598,1,NULL,NULL,NULL,NULL,'0','5600000','عملکرد صندوق در واريزي طي فيش 57797 به تجارت قسط ش 1 هوا خورشيد','NO',NULL,NULL,NULL),
 (12,599,1,NULL,NULL,NULL,NULL,'0','6000','پرداخت بابت کارمزد چک 548365 زينب بخشنده','NO',NULL,NULL,NULL),
 (12,600,1,NULL,NULL,NULL,NULL,'0','7000000','بابت انتقال موجودي صندوق در سال 93 به تنخواه','NO',NULL,NULL,NULL),
 (25,601,1,NULL,NULL,NULL,NULL,'1900000000','0','عملکرد صندوق در پرداخت وام شماره  196 شرکت سازه گستر آرين پارس','NO',NULL,NULL,NULL),
 (25,602,1,NULL,NULL,NULL,NULL,'0','96000000','عملکرد صندوق واريزي به حساب پارک بابت نظارت وام ش 196 شرکت سازه گستر آرين پارس','NO',NULL,NULL,NULL),
 (34,603,1,NULL,NULL,NULL,NULL,'950000000','0',' عملکرد صندوق در پرداخت وام شماره  197 شرکت سناباد قطعه آلتون','NO',NULL,NULL,NULL),
 (34,604,1,NULL,NULL,NULL,NULL,'0','48000000','عملکرد صندوق در نظارت پارک جهت  وام شماره  197 شرکت سناباد قطعه آلتون','NO',NULL,NULL,NULL),
 (34,605,1,NULL,NULL,NULL,NULL,'0','2000000','عملکرد صندوق در واريزي به حساب مهذب بابت قسط ش 25 درودي','NO',NULL,NULL,NULL),
 (34,606,1,NULL,NULL,NULL,NULL,'0','842000','پرداخت 2 قبض تلفن از ت 93/11/1 لغايت 94/1/1','NO',NULL,NULL,NULL),
 (34,607,1,NULL,NULL,NULL,NULL,'0','500000','پرداخت به تنخواه بابت انتقال وجه از صندوق ','NO',NULL,NULL,NULL),
 (34,608,1,NULL,NULL,NULL,NULL,'0','61715000','عملکرد صندوق در واريزي قسط ش 6 شرکت هوا خورشيد به تجارت','NO',NULL,NULL,NULL),
 (50,609,1,NULL,NULL,NULL,NULL,'85000000','0','دريافت چک 472150 تجارت بابت تاميين اعتبار صندوق ','NO',NULL,NULL,NULL),
 (50,610,1,NULL,NULL,NULL,NULL,'0','1500000','عملکرد صندوق در دريافت قسط ش 6 حجت پورنوروزي ','NO',NULL,NULL,NULL),
 (50,611,1,NULL,NULL,NULL,NULL,'0','500000','عملکرد صندوق در واريزي شرکت سورن تک توس جهت افتتاح حساب','NO',NULL,NULL,NULL),
 (50,612,1,NULL,NULL,NULL,NULL,'0','87423096','پرداخت علي الحساب حقوق فروردين ماه پرسنل','NO',NULL,NULL,NULL),
 (50,613,1,NULL,NULL,NULL,NULL,'0','1500000','عملکرد صندوق در واريزي به حساب مهذب بابت قسط ش 6 پورنوروزي ','NO',NULL,NULL,NULL),
 (50,614,1,NULL,NULL,NULL,NULL,'0','3650000','بابت انتقال موجودي صندوق به تنخواه','NO',NULL,NULL,NULL),
 (70,615,1,NULL,NULL,NULL,NULL,'0','6000','بابت چک بين بانکي دکتر نبيوني جهت وصول قسمتي از تسهيلات','NO',NULL,NULL,NULL),
 (12,616,2,3,1,NULL,NULL,'0','1','بابت اختلاف 1 ريالي تسويه تسهيلات کاوش صنعت توس','NO',NULL,NULL,NULL),
 (25,617,2,3,1,NULL,NULL,'0','912000000','چک 757464 پرداخت وام شماره  196 شرکت سازه گستر آرين پارس','NO',NULL,NULL,NULL),
 (34,618,2,3,1,NULL,NULL,'0','20000000','چک 757467 بابت علي الحساب قسمتي از قراداد حسابرسي سال 93','NO',NULL,NULL,NULL),
 (34,619,2,3,1,NULL,NULL,'0','456000000','چک 757468 در پرداخت وام شماره  197 شرکت سناباد قطعه آلتون','NO',NULL,NULL,NULL),
 (34,620,2,3,1,NULL,NULL,'0','2900000','چک 757469 بابت خريد اعدد پرينتر hp طي ف 484 از ماديران','NO',NULL,NULL,NULL),
 (50,621,2,3,1,NULL,NULL,'500000','0','واريزي شرکت سورن تک توس جهت افتتاح حساب','NO',NULL,NULL,NULL),
 (70,622,2,3,1,NULL,NULL,'0','250000000','پرداخت چک 757470 مرحله دوم قسمتي از تسهيلات شرکت کشت کار گستر نوژان','NO',NULL,NULL,NULL),
 (75,623,2,3,1,NULL,NULL,'63435000','0','بابت سپرده و صدور ضمانت نامه 80019 شرکت انگارفيزيک توس جهت شهرداري تا 94/5/10','NO',NULL,NULL,NULL),
 (75,624,2,3,1,NULL,NULL,'0','456000000','چک 757471 پرداخت وام شماره  197 شرکت سناباد قطعه آلتون قسط دوم','NO',NULL,NULL,NULL),
 (75,625,4,NULL,NULL,NULL,NULL,'0','10000','تمبر بابت ضمانت نامه 80019 شرکت انگارفيزيک توس جهت شهرداري تا 94/5/10','NO',NULL,NULL,NULL),
 (12,626,7,NULL,NULL,NULL,NULL,'7000000','0','بابت انتقال موجودي صندوق در سال 93 به تنخواه','NO',NULL,NULL,NULL),
 (34,627,7,NULL,NULL,NULL,NULL,'500000','0','دريافت بابت انتقال وجه از صندوق ','NO',NULL,NULL,NULL),
 (50,628,7,NULL,NULL,NULL,NULL,'3650000','0','بابت انتقال موجودي صندوق ','NO',NULL,NULL,NULL),
 (70,629,7,NULL,NULL,NULL,NULL,'15000000','0','دريافت طي چک 819299 تجارت بابت تامين اعتبار','NO',NULL,NULL,NULL),
 (34,630,9,NULL,NULL,NULL,NULL,'2850000','0','بابت خريد اعدد پرينتر hp طي ف 484 از ماديران','NO',NULL,NULL,NULL),
 (75,631,14,NULL,NULL,NULL,NULL,'600000000','0',' ضمانت نامه 80019 شرکت انگارفيزيک توس جهت شهرداري تا 94/5/10','NO',NULL,NULL,NULL),
 (12,632,17,NULL,NULL,NULL,NULL,'16170000','0','واريزي طي فيش 57797 به تجارت قسط دکتر ضابط و هواخورشيد','NO',NULL,NULL,NULL),
 (34,633,17,NULL,NULL,NULL,NULL,'20000000','0','چک 757467 بابت علي الحساب قسمتي از قراداد حسابرسي','NO',NULL,NULL,NULL),
 (34,634,17,NULL,NULL,NULL,NULL,'61715000','0','واريزي قسط ش 6 شرکت هوا خورشيد به تجارت','NO',NULL,NULL,NULL),
 (50,635,17,NULL,NULL,NULL,NULL,'57572523','0','بابت حقوق جناب دکتر حيدري و جناب دوستخواه و خانم رشيدي زاده ','NO',NULL,NULL,NULL),
 (50,636,17,NULL,NULL,NULL,NULL,'1500000','0','دريافت قسط ش 6 حجت پورنوروزي ','NO',NULL,NULL,NULL),
 (50,637,17,NULL,NULL,NULL,NULL,'0','85000000','پرداخت چک 472150 تجارت بابت تاميين اعتبار صندوق ','NO',NULL,NULL,NULL),
 (70,638,17,NULL,NULL,NULL,NULL,'5000000','0','پرداخت قسمتي از چک 238653 بابت تنخواه در مرکز','NO',NULL,NULL,NULL),
 (70,639,17,NULL,NULL,NULL,NULL,'0','20000000','پرداخت چک 819299 تجارت بابت تامين اعتبار صندوق ','NO',NULL,NULL,NULL),
 (34,640,21,NULL,NULL,NULL,NULL,'842000','0','پرداخت 2 قبض تلفن از ت 93/11/1 لغايت 94/1/1','NO',NULL,NULL,NULL),
 (75,641,27,NULL,NULL,NULL,NULL,'0','600000000',' ضمانت نامه 80019 شرکت انگارفيزيک توس جهت شهرداري تا 94/5/10','NO',NULL,NULL,NULL),
 (12,642,67,NULL,NULL,NULL,NULL,'6000','0','بابت کارمزد چک 548365 زينب بخشنده','NO',NULL,NULL,NULL),
 (70,643,67,NULL,NULL,NULL,NULL,'6000','0','بابت چک بين بانکي دکتر نبيوني جهت وصول قسمتي از تسهيلات','NO',NULL,NULL,NULL),
 (34,644,72,NULL,NULL,NULL,NULL,'50000','0','بابت اژانس جهت ارسال پرينتر','NO',NULL,NULL,NULL),
 (34,645,88,NULL,NULL,NULL,NULL,'2000000','0','واريزي به حساب مهذب بابت قسط ش 25 درودي','NO',NULL,NULL,NULL),
 (50,646,88,NULL,NULL,NULL,NULL,'1500000','0','واريزي به حساب مهذب بابت قسط ش 6 پورنوروزي ','NO',NULL,NULL,NULL),
 (50,647,114,NULL,NULL,NULL,NULL,'4218926','0','بابت علي الحساب بيمه فروردين ماه مسرور و افتخاري','NO',NULL,NULL,NULL),
 (50,648,115,NULL,NULL,NULL,NULL,'400000','0','بابت علي الحساب حق مسکن در فروردين ماه','NO',NULL,NULL,NULL),
 (50,649,116,NULL,NULL,NULL,NULL,'1600000','0','بابت علي الحساب کمک اقلام مصرفي فروردين ماه','NO',NULL,NULL,NULL),
 (50,650,117,NULL,NULL,NULL,NULL,'901776','0','بابت علي الحساب اضافه کاري در فروردين ماه','NO',NULL,NULL,NULL),
 (75,651,120,NULL,NULL,NULL,NULL,'0','60000000',' سپرده 10 %ضمانت نامه 80019 شرکت انگارفيزيک توس جهت شهرداري تا 94/5/10','NO',NULL,NULL,NULL),
 (50,652,122,NULL,NULL,NULL,NULL,'1248678','0','بابت علي الحساب سنوات فروردين ماه','NO',NULL,NULL,NULL),
 (25,653,128,2,4,NULL,NULL,'0','19000000','پرداخت وام شماره  196 شرکت سازه گستر آرين پارس','NO',NULL,NULL,NULL),
 (25,654,128,2,4,NULL,NULL,'0','4000000','کارمزد 4% وام شماره  196 شرکت سازه گستر آرين پارس','NO',NULL,NULL,NULL),
 (34,655,128,2,4,NULL,NULL,'0','2000000','کارمزد 4% وام شماره  197 شرکت سناباد قطعه آلتون','NO',NULL,NULL,NULL),
 (34,656,128,2,4,NULL,NULL,'0','9500000','کارمزد سال 94 در پرداخت وام شماره  197 شرکت سناباد قطعه آلتون','NO',NULL,NULL,NULL),
 (75,657,128,2,4,NULL,NULL,'0','9500000','کارمزد سال 94 در پرداخت وام شماره  197 شرکت سناباد قطعه آلتون قسط دوم','NO',NULL,NULL,NULL),
 (25,658,128,2,5,NULL,NULL,'0','19000000','پرداخت وام شماره  196 شرکت سازه گستر آرين پارس','NO',NULL,NULL,NULL),
 (34,659,128,2,5,NULL,NULL,'0','9500000','کارمزد سال95   در پرداخت وام شماره  197 شرکت سناباد قطعه آلتون','NO',NULL,NULL,NULL),
 (25,660,142,NULL,NULL,NULL,NULL,'0','1900000000','پرداخت وام شماره  196 شرکت سازه گستر آرين پارس','NO',NULL,NULL,NULL),
 (34,661,142,NULL,NULL,NULL,NULL,'0','950000000',' پرداخت وام شماره  197 شرکت سناباد قطعه آلتون','NO',NULL,NULL,NULL),
 (50,662,149,NULL,NULL,NULL,NULL,'26984140','0','بابت علي الحساب حقوق فروردين ماه','NO',NULL,NULL,NULL),
 (12,663,151,NULL,NULL,NULL,NULL,'5502947','0','پرداخت بيمه اسفند افتخاري و مسرور','NO',NULL,NULL,NULL),
 (25,664,151,NULL,NULL,NULL,NULL,'0','950000000','توديعي مرحله دوم پرداخت وام شماره  196 شرکت سازه گستر آرين پارس','NO',NULL,NULL,NULL),
 (34,665,151,NULL,NULL,NULL,NULL,'0','475000000','توديعي مرحله دوم در پرداخت وام شماره  197 شرکت سناباد قطعه آلتون','NO',NULL,NULL,NULL),
 (50,666,151,NULL,NULL,NULL,NULL,'0','5502947','بابت علي الحساب بيمه فروردين ماه پرسنل','NO',NULL,NULL,NULL),
 (70,667,151,NULL,NULL,NULL,NULL,'250000000','0','پرداخت مرحله دوم قسمتي از تسهيلات شرکت کشت کار گستر نوژان','NO',NULL,NULL,NULL),
 (75,668,151,NULL,NULL,NULL,NULL,'475000000','0',' پرداخت توديعي  وام شماره  197 شرکت سناباد قطعه آلتون قسط دوم','NO',NULL,NULL,NULL),
 (12,669,154,NULL,NULL,NULL,NULL,'0','1932666666','واريزي شرکت کاوش صنعت توس بابت تسويه هردو تسهيلات ','NO',NULL,NULL,NULL),
 (12,670,154,NULL,NULL,NULL,NULL,'1932666666','0','واريزي شرکت کاوش صنعت توس بابت تسويه هردو تسهيلات ','NO',NULL,NULL,NULL),
 (25,671,155,NULL,NULL,NULL,NULL,'2000000000','0','پرداخت وام شماره  196 شرکت سازه گستر آرين پارس','NO',NULL,NULL,NULL),
 (34,672,155,NULL,NULL,NULL,NULL,'1000000000','0',' پرداخت وام شماره  197 شرکت سناباد قطعه آلتون','NO',NULL,NULL,NULL),
 (82,673,1,NULL,NULL,NULL,NULL,'186000000','0','عملکرد صندوق در پرداخت وام شماره  198 شرکت دقت گستران آريا پارس','NO',NULL,NULL,NULL),
 (87,674,1,NULL,NULL,NULL,NULL,'0','154027095','اضافه شدن مبلغ به وام بابت کارمزد ','NO',NULL,NULL,NULL),
 (89,675,1,NULL,NULL,NULL,NULL,'70000000','0','دريافت اقساط','NO',NULL,NULL,NULL),
 (91,676,1,NULL,NULL,NULL,NULL,'2000000','0','دريافت اقساط','NO',NULL,NULL,NULL),
 (92,677,1,NULL,NULL,NULL,NULL,'0','500000','برداشت حساب پس انداز  -انيسه رحيمي','NO',NULL,NULL,NULL),
 (93,678,1,NULL,NULL,NULL,NULL,'500000','0','واريزي حساب پس انداز  -سينا خاني','NO',NULL,NULL,NULL),
 (98,679,1,NULL,NULL,NULL,NULL,'3410000','0','دريافت اقساط','NO',NULL,NULL,NULL),
 (99,680,1,NULL,NULL,NULL,NULL,'3410000','0',' واريز به سپرده کوتاه مدت شماره 1 دانشگاه فردوسي مشهد','NO',NULL,NULL,NULL),
 (72,681,2,3,1,NULL,NULL,'720000000','0','واريزي از صندوق نوآوري و شکوفايي بابت تسهيلات شرکت پايش بسامد پارس پس از کسر 4%','NO',NULL,NULL,NULL),
 (82,682,2,3,1,NULL,NULL,'0','186000000','چک 757472پرداخت وام شماره  198 شرکت دقت گستران آريا پارس','NO',NULL,NULL,NULL),
 (82,683,2,3,1,NULL,NULL,'0','710000000','چک 757473 مرحله دوم تسهيلات نوآوري و شکوفايي شرکت پايش بسامد پارسا','NO',NULL,NULL,NULL),
 (83,684,2,3,1,NULL,NULL,'221801000','0',' وصول چك 195550-94/02/10 دکتر مهدي نژاد نوري','NO',NULL,NULL,NULL),
 (85,685,2,3,1,NULL,NULL,'4400000','0','دريافت اقساط','NO',NULL,NULL,NULL),
 (86,686,2,3,1,NULL,NULL,'3000000','0','بابت اقساط فريدون مريدي در مرکز طي فيش 32305','NO',NULL,NULL,NULL),
 (86,687,2,3,1,NULL,NULL,'22920998','0','واريزي علي الحساب سود فروردين ماه ','NO',NULL,NULL,NULL),
 (90,688,2,3,1,NULL,NULL,'416666667','0','دريافت اقساط','NO',NULL,NULL,NULL),
 (100,689,2,3,1,NULL,NULL,'0','93000000','پرداخت وام شماره  199 سلمان عليمرداني به شماره چک 757474','NO',NULL,NULL,NULL),
 (86,690,17,NULL,NULL,NULL,NULL,'0','3000000','بابت اقساط فريدون مريدي طي فيش 32305','NO',NULL,NULL,NULL),
 (72,691,28,1,1003,NULL,NULL,'0','720000000','واريزي به اقتصاد از صندوق نوآوري و شکوفايي بابت تسهيلات شرکت پايش بسامد پارس پس از کسر 4%','NO',NULL,NULL,NULL),
 (82,692,28,1,1003,NULL,NULL,'0','30000000','تفاوت توديعي شرکت پايش بسامد پارسا که صندوق شکوفايي بابت کارمزد تسهيلات کسر نموده ','NO',NULL,NULL,NULL),
 (85,693,46,1,1137,NULL,NULL,'0','1500000',' پرداخت قسط  16 وام شماره 17','NO',NULL,NULL,NULL),
 (85,694,46,1,1005,NULL,NULL,'0','1400000',' پرداخت قسط  14 وام شماره 73','NO',NULL,NULL,NULL),
 (85,695,46,1,1023,NULL,NULL,'0','1500000',' پرداخت قسط  16 وام شماره 95','NO',NULL,NULL,NULL),
 (87,696,48,1,1086,NULL,NULL,'154027095','0','اضافه شدن مبلغ به وام بابت کارمزد ','NO',NULL,NULL,NULL),
 (89,697,48,1,1086,NULL,NULL,'0','70000000',' پرداخت قسط  1 وام شماره 173','NO',NULL,NULL,NULL),
 (100,698,48,1,1102,NULL,NULL,'111447313','0','پرداخت وام شماره  199 سلمان عليمرداني به شماره چک 757474','NO',NULL,NULL,NULL),
 (90,699,50,1,1153,NULL,NULL,'0','416666667',' پرداخت قسط  2 وام شماره 69','NO',NULL,NULL,NULL),
 (91,700,52,1,1070,NULL,NULL,'0','2000000',' پرداخت قسط  6 وام شماره 152','NO',NULL,NULL,NULL),
 (82,701,62,NULL,NULL,NULL,NULL,'0','10000000','کارمزد 4% مرحله اول تسهيلات نوآوري و شکوفايي شرکت پايش بسامد پارسا','NO',NULL,NULL,NULL),
 (82,702,62,NULL,NULL,NULL,NULL,'0','1095890','بابت انتقال به حساب  کارمزد 20 روز سال 93 شرکت شتاب خودرو','NO',NULL,NULL,NULL),
 (82,703,62,NULL,NULL,NULL,NULL,'0','1205479','بابت انتقال به حساب کارمزد 22روز سال 93 شرکت پايا فن آوران','NO',NULL,NULL,NULL),
 (93,704,65,1,1205,NULL,NULL,'0','500000','واريزي حساب پس انداز  -سينا خاني','NO',NULL,NULL,NULL),
 (92,705,65,1,1035,NULL,NULL,'500000','0','برداشت حساب پس انداز  -انيسه رحيمي','NO',NULL,NULL,NULL),
 (99,706,66,1,1002,NULL,NULL,'0','3410000',' واريز به سپرده کوتاه مدت شماره 1 دانشگاه فردوسي مشهد','NO',NULL,NULL,NULL),
 (83,707,66,1,1203,NULL,NULL,'0','221801000',' وصول چك 195550-94/02/10 دکتر مهدي نژاد نوري','NO',NULL,NULL,NULL),
 (86,708,96,2,4,NULL,NULL,'0','22920998','واريزي به اقتصاد نوين علي الحساب سود فروردين ماه ','NO',NULL,NULL,NULL),
 (75,709,97,2,4,NULL,NULL,'0','3425000',' کارمزد و صدور ضمانت نامه 80019 شرکت انگارفيزيک توس جهت شهرداري تا 94/5/10','NO',NULL,NULL,NULL),
 (94,710,104,NULL,NULL,NULL,NULL,'0','1','چک به شماره 578111 صادره از بانک ملي به نام محمد ح','NO',NULL,NULL,NULL),
 (95,711,104,NULL,NULL,NULL,NULL,'0','1','چک به شماره 1/617512 صادره از بانک ملي به نام محمد','NO',NULL,NULL,NULL),
 (96,712,104,NULL,NULL,NULL,NULL,'0','1','چک به شماره 578110 صادره از بانک ملي به نام محمد ح','NO',NULL,NULL,NULL),
 (97,713,104,NULL,NULL,NULL,NULL,'0','1','چک به شماره 793210 صادره از بانک ملي به نام محمد ح','NO',NULL,NULL,NULL),
 (94,714,105,NULL,NULL,NULL,NULL,'0','20000000','چک به شماره 578111 صادره از بانک ملي به نام محمد ح','NO',NULL,NULL,NULL),
 (95,715,105,NULL,NULL,NULL,NULL,'0','10000000','چک به شماره 1/617512 صادره از بانک ملي به نام محمد','NO',NULL,NULL,NULL),
 (96,716,105,NULL,NULL,NULL,NULL,'0','20000000','چک به شماره 578110 صادره از بانک ملي به نام محمد ح','NO',NULL,NULL,NULL),
 (97,717,105,NULL,NULL,NULL,NULL,'0','5000000','چک به شماره 793210 صادره از بانک ملي به نام محمد ح','NO',NULL,NULL,NULL),
 (84,718,106,NULL,NULL,NULL,NULL,'0','1','چک به شماره 195550 صادره از بانک کشاورزي-مرکز به مبلغ   به نام دکتر مهدي نژاد نوري 221801000 ريال ','NO',NULL,NULL,NULL),
 (84,719,107,NULL,NULL,NULL,NULL,'0','221801000','چک به شماره 195550 صادره از بانک کشاورزي-مرکز به مبلغ   به نام دکتر مهدي نژاد نوري 221801000 ريال ','NO',NULL,NULL,NULL),
 (94,720,109,NULL,NULL,NULL,NULL,'1','0','بابت برگشت  يک فقره چک به مبلغ کل  20000000 بابت و','NO',NULL,NULL,NULL),
 (95,721,109,NULL,NULL,NULL,NULL,'1','0','بابت برگشت  يک فقره چک به مبلغ کل  10000000 بابت و','NO',NULL,NULL,NULL),
 (96,722,109,NULL,NULL,NULL,NULL,'1','0','بابت برگشت  يک فقره چک به مبلغ کل  20000000 بابت و','NO',NULL,NULL,NULL),
 (97,723,109,NULL,NULL,NULL,NULL,'1','0','بابت برگشت  يک فقره چک به مبلغ کل  5000000 بابت وا','NO',NULL,NULL,NULL),
 (94,724,110,NULL,NULL,NULL,NULL,'20000000','0','بابت برگشت  يک فقره چک به مبلغ کل  20000000 بابت و','NO',NULL,NULL,NULL),
 (95,725,110,NULL,NULL,NULL,NULL,'10000000','0','بابت برگشت  يک فقره چک به مبلغ کل  10000000 بابت و','NO',NULL,NULL,NULL),
 (96,726,110,NULL,NULL,NULL,NULL,'20000000','0','بابت برگشت  يک فقره چک به مبلغ کل  20000000 بابت و','NO',NULL,NULL,NULL),
 (97,727,110,NULL,NULL,NULL,NULL,'5000000','0','بابت برگشت  يک فقره چک به مبلغ کل  5000000 بابت وا','NO',NULL,NULL,NULL),
 (84,728,111,NULL,NULL,NULL,NULL,'1','0','بابت وصول شده  فقره چک به مبلغ کل  221801000','NO',NULL,NULL,NULL),
 (84,729,112,NULL,NULL,NULL,NULL,'221801000','0','بابت وصول شده  فقره چک به مبلغ کل  221801000','NO',NULL,NULL,NULL),
 (98,730,125,1,1065,1,1002,'0','3410000',' پرداخت قسط  3 وام شماره 149','NO',NULL,NULL,NULL),
 (75,731,128,2,5,NULL,NULL,'0','9500000','کارمزد سال 95 در پرداخت وام شماره  197 شرکت سناباد قطعه آلتون قسط دوم','NO',NULL,NULL,NULL),
 (82,732,131,2,4,NULL,NULL,'22894626','0','انتقال به حساب مورد نظر پرداخت وام شماره  198 شرکت دقت گستران آريا پارس','NO',NULL,NULL,NULL),
 (82,733,131,2,4,NULL,NULL,'0','12451463','کارمزد 94 پرداخت وام شماره  198 شرکت دقت گستران آريا پارس','NO',NULL,NULL,NULL),
 (100,734,131,2,4,NULL,NULL,'0','11447313','کارمزد سود دوره اي اقساط وام 199 سلمان عليمرداني','NO',NULL,NULL,NULL),
 (100,735,131,2,4,NULL,NULL,'0','7000000',' کارمزد سود دوره تنفس 199 سلمان عليمرداني','NO',NULL,NULL,NULL),
 (82,736,131,2,5,NULL,NULL,'0','10443163','کارمزد 95 پرداخت وام شماره  198 شرکت دقت گستران آريا پارس','NO',NULL,NULL,NULL),
 (82,737,151,NULL,NULL,NULL,NULL,'720000000','0','پرداخت توديعي مرحله دوم از تسهيلات نوآوري و شکوفايي شرکت پايش بسامد پارسا','NO',NULL,NULL,NULL),
 (82,738,151,NULL,NULL,NULL,NULL,'1095890','0','بابت انتقال به حساب مورد نظر کارمزد 20 روز سال 93 شرکت شتاب خودرو','NO',NULL,NULL,NULL),
 (82,739,151,NULL,NULL,NULL,NULL,'1205479','0','بابت انتقال به حساب مورد نظر کارمزد 22روز سال 93 شرکت پايا فن آوران','NO',NULL,NULL,NULL),
 (82,740,151,NULL,NULL,NULL,NULL,'30000000','0','تفاوت توديعي شرکت پايش بسامد پارسا که صندوق شکوفايي بابت کارمزد تسهيلات کسر نموده ','NO',NULL,NULL,NULL),
 (101,741,1,NULL,NULL,NULL,NULL,'0','155000000',' برداشت از سپرده کوتاه مدت شماره 2 سود سپرده مهدوي و ابراهيمي','NO',NULL,NULL,NULL),
 (102,742,1,NULL,NULL,NULL,NULL,'0','2900000','برداشت حساب پس انداز  -مجتبي شرفي','NO',NULL,NULL,NULL),
 (103,743,1,NULL,NULL,NULL,NULL,'0','2900000','برداشت حساب پس انداز  -سعيد عمراني','NO',NULL,NULL,NULL),
 (104,744,1,NULL,NULL,NULL,NULL,'177325','0','واريزي حساب پس انداز  -محمد حيدري پور','NO',NULL,NULL,NULL),
 (106,745,1,NULL,NULL,NULL,NULL,'0','800000','برداشت حساب پس انداز  -نرگس ارزني','NO',NULL,NULL,NULL),
 (107,746,1,NULL,NULL,NULL,NULL,'6249750','0','واريزي حساب پس انداز  -شرکت فناوري و کارآفريني جهان انديشه','NO',NULL,NULL,NULL),
 (108,747,1,NULL,NULL,NULL,NULL,'0','6200000','برداشت حساب پس انداز  -شرکت فناوري و کارآفريني جهان انديشه','NO',NULL,NULL,NULL),
 (110,748,1,NULL,NULL,NULL,NULL,'16170000','0','دريافت اقساط','NO',NULL,NULL,NULL),
 (109,749,1,NULL,NULL,NULL,NULL,'0','16170000','واريزي هواخورشيد به حساب تجارت شعبه پارک ','NO',NULL,NULL,NULL),
 (118,750,1,NULL,NULL,NULL,NULL,'27390000','0','واريزي حساب پس انداز  -محمد طباطبايي. شرکت انگاره فيزيک','NO',NULL,NULL,NULL),
 (119,751,1,NULL,NULL,NULL,NULL,'500000','0','افتتاح حساب پس انداز','NO',NULL,NULL,NULL),
 (122,752,1,NULL,NULL,NULL,NULL,'0','19855213','اضافه شدن مبلغ به وام بابت کارمزد ','NO',NULL,NULL,NULL),
 (120,753,1,NULL,NULL,NULL,NULL,'19855213','0','عملکرد صندوق درواريز تفاوت کارمزد سال 94173آذران قدرت ','NO',NULL,NULL,NULL),
 (120,754,1,NULL,NULL,NULL,NULL,'0','500000','عملکردصندوق در افتتاح حساب 8214آقاي محمدشکوهي فر ','NO',NULL,NULL,NULL),
 (109,755,2,3,1,NULL,NULL,'20000000','0','واريزي شرکت پرنيان ادمان آفرين تسهيلات شعبه پارک ','NO',NULL,NULL,NULL),
 (109,756,2,3,1,NULL,NULL,'720000000','0','واريزي صندوق نوآوري و شکوفايي بابت تسهيلات شرکت نوژان خراسان شمالي','NO',NULL,NULL,NULL),
 (109,757,2,3,1,NULL,NULL,'0','31300000','چک 757475اقتصاد نوينخريد يک دستگاه نوت بوک lenovo مدل e4070/i7/16/1/2G بهمراه وسايل جانبي بشرح فاکتور 16951','NO',NULL,NULL,NULL),
 (111,758,2,3,1,NULL,NULL,'0','200000000','چک 457477دروجه طراحان ماشين حجازيان ','NO',NULL,NULL,NULL),
 (111,759,2,3,1,NULL,NULL,'0','460000000','چک 757476 اقتصاد نوين پرداخت مرحله آخر تسهيلات شرکت کشت وکار گسترنوژان','NO',NULL,NULL,NULL),
 (121,760,2,3,1,NULL,NULL,'12730000','0','دريافت اقساط','NO',NULL,NULL,NULL),
 (120,761,2,3,1,NULL,NULL,'500000','0',' افتتاح حساب 8214آقاي محمدشکوهي فر ','NO',NULL,NULL,NULL),
 (120,762,7,NULL,NULL,NULL,NULL,'20000000','0','چک تجارت بابت تنخواه شعبه دانشگاه فردوسي ','NO',NULL,NULL,NULL),
 (109,763,9,NULL,NULL,NULL,NULL,'31300000','0','خريد يک دستگاه نوت بوک lenovo مدل e4070/i7/16/1/2G بهمراه وسايل جانبي بشرح فاکتور 16951','NO',NULL,NULL,NULL),
 (109,764,17,NULL,NULL,NULL,NULL,'16170000','0','واريزي هواخورشيد به حساب تجارت شعبه پارک ','NO',NULL,NULL,NULL),
 (109,765,17,NULL,NULL,NULL,NULL,'0','20000000','واريزي شرکت پرنيان ادمان آفرين تسهيلات شعبه پارک ','NO',NULL,NULL,NULL),
 (120,766,17,NULL,NULL,NULL,NULL,'0','20000000','چک تجارت بابت تنخواه شعبه دانشگاه فردوسي ','NO',NULL,NULL,NULL),
 (109,767,28,1,1003,NULL,NULL,'0','720000000','واريزي صندوق نوآوري و شکوفايي بابت تسهيلات شرکت نوژان خراسان شمالي','NO',NULL,NULL,NULL),
 (109,768,28,1,1003,NULL,NULL,'0','30000000','توديعي بابت برداشت کارمزد توسط صندوق نوآوري شکوفايي','NO',NULL,NULL,NULL),
 (121,769,46,1,1155,NULL,NULL,'0','12730000',' پرداخت قسط  5 وام شماره 158','NO',NULL,NULL,NULL),
 (110,770,46,1,1052,NULL,NULL,'0','10570000',' پرداخت قسط  2 وام شماره 177','NO',NULL,NULL,NULL),
 (110,771,46,1,1054,NULL,NULL,'0','5600000',' پرداخت قسط  2 وام شماره 178','NO',NULL,NULL,NULL),
 (122,772,48,1,1086,NULL,NULL,'19855213','0','اضافه شدن مبلغ به وام بابت کارمزد ','NO',NULL,NULL,NULL),
 (111,773,62,NULL,NULL,NULL,NULL,'0','10000000','کارمزد4% مرحله آخر تسهيلات نواوري شکوفايي شرکت کشت وکار نوزان خراسان شمالي ','NO',NULL,NULL,NULL),
 (111,774,63,1,1003,NULL,NULL,'200000000','0','چک 457477دروجه طراحان ماشين حجازيان ','NO',NULL,NULL,NULL),
 (111,775,63,1,1003,NULL,NULL,'0','500000000','برگشت تسهيلات توديعي شرکت ماشين حجازيان ','NO',NULL,NULL,NULL),
 (111,776,63,1,1003,NULL,NULL,'0','500000000','برگشت تسهيلات توديعي شرکت شتاب خودرو ','NO',NULL,NULL,NULL),
 (111,777,63,1,1003,NULL,NULL,'0','500000000','برگشت تسهيلات توديعي شرکت پايا فناوران فردوسي  ','NO',NULL,NULL,NULL),
 (111,778,63,1,1003,NULL,NULL,'0','750000000','برگشت تسهيلات توديعي شرکت آرتا هوشمند سازان ','NO',NULL,NULL,NULL),
 (118,779,65,NULL,NULL,NULL,NULL,'0','27390000','واريزي حساب پس انداز  -محمد طباطبايي. شرکت انگاره فيزيک','NO',NULL,NULL,NULL),
 (104,780,65,1,1048,NULL,NULL,'0','177325','واريزي حساب پس انداز  -محمد حيدري پور','NO',NULL,NULL,NULL),
 (106,781,65,1,1210,NULL,NULL,'800000','0','برداشت حساب پس انداز  -نرگس ارزني','NO',NULL,NULL,NULL),
 (107,782,65,1,1211,NULL,NULL,'0','6249750','واريزي حساب پس انداز  -شرکت فناوري و کارآفريني جهان انديشه','NO',NULL,NULL,NULL),
 (108,783,65,1,1211,NULL,NULL,'6200000','0','برداشت حساب پس انداز  -شرکت فناوري و کارآفريني جهان انديشه','NO',NULL,NULL,NULL),
 (103,784,65,1,1222,NULL,NULL,'2900000','0','برداشت حساب پس انداز  -سعيد عمراني','NO',NULL,NULL,NULL),
 (102,785,65,1,1227,NULL,NULL,'2900000','0','برداشت حساب پس انداز  -مجتبي شرفي','NO',NULL,NULL,NULL),
 (119,786,65,NULL,NULL,NULL,NULL,'0','500000','افتتاح حساب پس انداز-محمد شکوهي فر ','NO',NULL,NULL,NULL),
 (101,787,66,1,1203,NULL,NULL,'155000000','0',' برداشت از سپرده کوتاه مدت شماره 2 سود سپرده مهدوي و ابراهيمي','NO',NULL,NULL,NULL),
 (112,788,104,NULL,NULL,NULL,NULL,'0','1','چک به شماره 484846 صادره از بانک سفته به نام محمد ','NO',NULL,NULL,NULL),
 (113,789,104,NULL,NULL,NULL,NULL,'0','1','چک به شماره 692973 صادره از بانک سفته به نام محمد ','NO',NULL,NULL,NULL),
 (114,790,104,NULL,NULL,NULL,NULL,'0','1','چک به شماره 692972 صادره از بانک سفته به نام محمد ','NO',NULL,NULL,NULL),
 (115,791,104,NULL,NULL,NULL,NULL,'0','1','چک به شماره 1950714 صادره از بانک توسعه تعاون به ن','NO',NULL,NULL,NULL),
 (117,792,104,NULL,NULL,NULL,NULL,'1','0','چک به شماره 950717 صادره از بانک توسعه تعاون به نام محمد طباطبايي. شرکت انگاره فيزيک به مبلغ  288000','NO',NULL,NULL,NULL),
 (112,793,105,NULL,NULL,NULL,NULL,'0','300000000','چک به شماره 484846 صادره از بانک سفته به نام محمد ','NO',NULL,NULL,NULL),
 (113,794,105,NULL,NULL,NULL,NULL,'0','100000000','چک به شماره 692973 صادره از بانک سفته به نام محمد ','NO',NULL,NULL,NULL),
 (114,795,105,NULL,NULL,NULL,NULL,'0','100000000','چک به شماره 692972 صادره از بانک سفته به نام محمد ','NO',NULL,NULL,NULL),
 (115,796,105,NULL,NULL,NULL,NULL,'0','720000000','چک به شماره 1950714 صادره از بانک توسعه تعاون به ن','NO',NULL,NULL,NULL),
 (117,797,105,NULL,NULL,NULL,NULL,'288000000','0','چک به شماره 950717 صادره از بانک توسعه تعاون به نام محمد طباطبايي. شرکت انگاره فيزيک به مبلغ  288000','NO',NULL,NULL,NULL),
 (112,798,109,NULL,NULL,NULL,NULL,'1','0','بابت برگشت  يک فقره چک به مبلغ کل  300000000','NO',NULL,NULL,NULL),
 (113,799,109,NULL,NULL,NULL,NULL,'1','0','بابت برگشت  يک فقره چک به مبلغ کل  100000000','NO',NULL,NULL,NULL),
 (114,800,109,NULL,NULL,NULL,NULL,'1','0','بابت برگشت  يک فقره چک به مبلغ کل  100000000','NO',NULL,NULL,NULL),
 (115,801,109,NULL,NULL,NULL,NULL,'1','0','بابت برگشت  يک فقره چک به مبلغ کل  720000000','NO',NULL,NULL,NULL),
 (117,802,109,NULL,NULL,NULL,NULL,'0','1',' دريافت اسناد ضمانتي از محمد طباطبايي. شرکت انگاره فيزيکدر تاريخ 94/02/23','NO',NULL,NULL,NULL),
 (112,803,110,NULL,NULL,NULL,NULL,'300000000','0','بابت برگشت  يک فقره چک به مبلغ کل  300000000','NO',NULL,NULL,NULL),
 (113,804,110,NULL,NULL,NULL,NULL,'100000000','0','بابت برگشت  يک فقره چک به مبلغ کل  100000000','NO',NULL,NULL,NULL),
 (114,805,110,NULL,NULL,NULL,NULL,'100000000','0','بابت برگشت  يک فقره چک به مبلغ کل  100000000','NO',NULL,NULL,NULL),
 (115,806,110,NULL,NULL,NULL,NULL,'720000000','0','بابت برگشت  يک فقره چک به مبلغ کل  720000000','NO',NULL,NULL,NULL),
 (117,807,110,NULL,NULL,NULL,NULL,'0','288000000',' دريافت اسناد ضمانتي از محمد طباطبايي. شرکت انگاره فيزيکدر تاريخ 94/02/23','NO',NULL,NULL,NULL),
 (120,808,131,2,4,NULL,NULL,'0','6338073','تفاوت کارمزدتسهبلات 173آذران قدرت درسال 94','NO',NULL,NULL,NULL),
 (120,809,131,2,4,NULL,NULL,'0','19855213','تفاوت کارمزدتسهبلات 173آذران قدرت درسال 94','NO',NULL,NULL,NULL),
 (120,810,131,2,5,NULL,NULL,'6338073','0','تفاوت کارمزدتسهبلات 173آذران قدرت درسال 95','NO',NULL,NULL,NULL),
 (120,811,131,2,6,NULL,NULL,'2226890','0','تفاوت کارمزدتسهبلات 173آذران قدرت درسال 96','NO',NULL,NULL,NULL),
 (109,812,151,NULL,NULL,NULL,NULL,'30000000','0','توديعي بابت برداشت کارمزد توسط صندوق نوآوري شکوفايي','NO',NULL,NULL,NULL),
 (111,813,151,NULL,NULL,NULL,NULL,'460000000','0','پرداخت مرحله آخر تسهيلات شرکت کشت وکار گسترنوژان','NO',NULL,NULL,NULL),
 (111,814,151,NULL,NULL,NULL,NULL,'10000000','0','کارمزد4% مرحله آخر تسهيلات نواوري شکوفايي شرکت کشت وکار نوزان خراسان شمالي ','NO',NULL,NULL,NULL),
 (111,815,151,NULL,NULL,NULL,NULL,'500000000','0','برگشت تسهيلات توديعي شرکت شتاب خودرو ','NO',NULL,NULL,NULL),
 (111,816,151,NULL,NULL,NULL,NULL,'500000000','0','برگشت تسهيلات توديعي شرکت ماشين حجازيان ','NO',NULL,NULL,NULL),
 (111,817,151,NULL,NULL,NULL,NULL,'500000000','0','برگشت تسهيلات توديعي شرکت پايا فناوران فردوسي  ','NO',NULL,NULL,NULL),
 (111,818,151,NULL,NULL,NULL,NULL,'750000000','0','برگشت تسهيلات توديعي شرکت آرتا هوشمند سازان ','NO',NULL,NULL,NULL),
 (120,819,1,NULL,NULL,NULL,NULL,'0','35000000','عملکرد صندوق دربرگشت سود دوران تنفس 173آذران قدرت بحساب اقساط وام 173','NO',NULL,NULL,NULL),
 (123,820,1,NULL,NULL,NULL,NULL,'35000000','0','دريافت اقساط','NO',NULL,NULL,NULL),
 (125,821,1,NULL,NULL,NULL,NULL,'500000','0','افتتاح حساب پس انداز','NO',NULL,NULL,NULL),
 (126,822,1,NULL,NULL,NULL,NULL,'500000','0','افتتاح حساب پس انداز','NO',NULL,NULL,NULL),
 (124,823,1,NULL,NULL,NULL,NULL,'0','500000','عملکرد صندوق در افتتاح حساب نيرو نماد رضوي ','NO',NULL,NULL,NULL),
 (130,824,1,NULL,NULL,NULL,NULL,'0','950000000','پرداخت وام شماره  200 شرکت نيرونماد رضوي ','NO',NULL,NULL,NULL),
 (132,825,1,NULL,NULL,NULL,NULL,'50000000','0','واريزي حساب پس انداز  -پارک علم و فناوري خراسان','NO',NULL,NULL,NULL),
 (135,826,1,NULL,NULL,NULL,NULL,'30096000','0','دريافت چك058685-94/02/29 از نزد صندوق','NO',NULL,NULL,NULL),
 (137,827,1,NULL,NULL,NULL,NULL,'0','30096000','برداشت حساب پس انداز  -سود سپرده مهدوي و ابراهيمي','NO',NULL,NULL,NULL),
 (138,828,1,NULL,NULL,NULL,NULL,'30096000','0',' واريز به سپرده کوتاه مدت شماره 2 سود سپرده مهدوي و ابراهيمي','NO',NULL,NULL,NULL),
 (139,829,1,NULL,NULL,NULL,NULL,'500000','0','افتتاح حساب پس انداز','NO',NULL,NULL,NULL),
 (141,830,1,NULL,NULL,NULL,NULL,'0','900000000','پرداخت وام شماره  201 رحيم صادقي شرکت ماناپليمرآرمان','NO',NULL,NULL,NULL),
 (127,831,2,3,1,NULL,NULL,'8000000','0','دريافت اقساط','NO',NULL,NULL,NULL),
 (124,832,2,3,1,NULL,NULL,'500000','0','واريز از طريق کارت جهت افتتاح حساب نيرو نماد رضوي ','NO',NULL,NULL,NULL),
 (124,833,2,3,1,NULL,NULL,'500000','0','بابت افتتاح حساب سعيد فلاح شعبه پارک نزد شعبه دانشگاه فردوسي','NO',NULL,NULL,NULL),
 (128,834,2,3,1,NULL,NULL,'20210958','0','واريزي شرکت مشکات شعبه پارک به اقتصاد نوين ','NO',NULL,NULL,NULL),
 (124,835,7,NULL,NULL,NULL,NULL,'0','4500000','بابت حقوق فروردين ماه آقاي طباطبايي طبق دستور پرداخت ','NO',NULL,NULL,NULL),
 (128,836,7,NULL,NULL,NULL,NULL,'0','13292589','پرداختي به تامين اجتماعي بابت بيمه پرسنل فرودين ماه 94','NO',NULL,NULL,NULL),
 (124,837,17,NULL,NULL,NULL,NULL,'4500000','0','بابت حقوق فروردين ماه آقاي طباطبايي طبق دستور پرداخت ','NO',NULL,NULL,NULL),
 (124,838,17,NULL,NULL,NULL,NULL,'0','500000','بابت افتتاح حساب سعيد فلاح شعبه پارک نزد شعبه دانشگاه فردوسي','NO',NULL,NULL,NULL),
 (128,839,17,NULL,NULL,NULL,NULL,'0','20210958','واريزي شرکت مشکات شعبه پارک به اقتصاد نوين ','NO',NULL,NULL,NULL),
 (123,840,48,1,1086,NULL,NULL,'0','35000000',' پرداخت قسط  2 وام شماره 173','NO',NULL,NULL,NULL),
 (127,841,52,1,1163,NULL,NULL,'0','2000000',' پرداخت قسط  12 وام شماره 38','NO',NULL,NULL,NULL),
 (127,842,52,1,1163,NULL,NULL,'0','2000000',' پرداخت قسط  13 وام شماره 38','NO',NULL,NULL,NULL),
 (127,843,52,1,1163,NULL,NULL,'0','2000000',' پرداخت قسط  14 وام شماره 38','NO',NULL,NULL,NULL),
 (127,844,52,1,1163,NULL,NULL,'0','2000000',' پرداخت قسط  15 وام شماره 38','NO',NULL,NULL,NULL),
 (130,845,54,1,1105,NULL,NULL,'950000000','0','پرداخت وام شماره  200 شرکت نيرونماد رضوي ','NO',NULL,NULL,NULL),
 (128,846,57,NULL,NULL,NULL,NULL,'620321','0','بابت مابقي بيمه فروردين ماه آقاي سيديان ','NO',NULL,NULL,NULL),
 (128,847,57,NULL,NULL,NULL,NULL,'620321','0','بابت مابقي بيمه فروردين ماه رشيدي زاده','NO',NULL,NULL,NULL),
 (128,848,57,NULL,NULL,NULL,NULL,'620320','0','بابت مابقي بيمه فروردين ماه خانم آديني','NO',NULL,NULL,NULL),
 (135,849,65,1,1204,NULL,NULL,'0','30096000','انتقال چک058685 به وصولي نقدي','NO',NULL,NULL,NULL),
 (137,850,65,1,1204,NULL,NULL,'30096000','0','برداشت حساب پس انداز  -سود سپرده مهدوي و ابراهيمي','NO',NULL,NULL,NULL),
 (132,851,65,1,1001,NULL,NULL,'0','50000000','واريزي حساب پس انداز  -پارک علم و فناوري خراسان','NO',NULL,NULL,NULL),
 (125,852,65,1,1104,NULL,NULL,'0','500000','افتتاح حساب پس انداز-شرکت داروسازي دکتررجبي ','NO',NULL,NULL,NULL),
 (126,853,65,1,1105,NULL,NULL,'0','500000','افتتاح حساب پس انداز-شرکت نيرونماد رضوي ','NO',NULL,NULL,NULL),
 (139,854,65,1,1106,NULL,NULL,'0','500000','افتتاح حساب پس انداز-رحيم صادقي شرکت ماناپليمرآرمان','NO',NULL,NULL,NULL),
 (138,855,66,1,1203,NULL,NULL,'0','30096000',' واريز به سپرده کوتاه مدت شماره 2 سود سپرده مهدوي و ابراهيمي','NO',NULL,NULL,NULL),
 (133,856,104,NULL,NULL,NULL,NULL,'1','0','چک به شماره وثيقه ملکي صادره از بانک مليحه عليزاده قياس آياد به نام شرکت نيرونماد رضوي  به مبلغ  171','NO',NULL,NULL,NULL),
 (133,857,105,NULL,NULL,NULL,NULL,'1710000000','0','چک به شماره وثيقه ملکي صادره از بانک مليحه عليزاده قياس آياد به نام شرکت نيرونماد رضوي  به مبلغ  171','NO',NULL,NULL,NULL),
 (129,858,106,NULL,NULL,NULL,NULL,'1','0','چک به شماره 058685 صادره از بانک ملت-مرکز به مبلغ  30096000 ريال ','NO',NULL,NULL,NULL),
 (129,859,106,NULL,NULL,NULL,NULL,'1','0','چک به شماره 670650 صادره از بانک کشاورزي-مرکز به مبلغ  223385000 ريال ','NO',NULL,NULL,NULL),
 (134,860,106,NULL,NULL,NULL,NULL,'1','0','چک به شماره 340695 صادره از بانک تجارت-مرکز به مبلغ  158340000 ريال ','NO',NULL,NULL,NULL),
 (134,861,106,NULL,NULL,NULL,NULL,'1','0','چک به شماره 340696 صادره از بانک تجارت-مرکز به مبلغ  158340000 ريال ','NO',NULL,NULL,NULL),
 (134,862,106,NULL,NULL,NULL,NULL,'1','0','چک به شماره 340697 صادره از بانک تجارت-مرکز به مبلغ  158340000 ريال ','NO',NULL,NULL,NULL),
 (134,863,106,NULL,NULL,NULL,NULL,'1','0','چک به شماره 340698 صادره از بانک تجارت-مرکز به مبلغ  158340000 ريال ','NO',NULL,NULL,NULL),
 (134,864,106,NULL,NULL,NULL,NULL,'1','0','چک به شماره 340699 صادره از بانک تجارت-مرکز به مبلغ  158340000 ريال ','NO',NULL,NULL,NULL),
 (134,865,106,NULL,NULL,NULL,NULL,'1','0','چک به شماره 340700 صادره از بانک تجارت-مرکز به مبلغ  158300000 ريال ','NO',NULL,NULL,NULL),
 (136,866,106,NULL,NULL,NULL,NULL,'0','1','چک به شماره 058685 صادره از بانک ملت-مرکز به مبلغ   به نام دکتر مهدي نژاد نوري 30096000 ريال ','NO',NULL,NULL,NULL),
 (129,867,107,NULL,NULL,NULL,NULL,'30096000','0','چک به شماره 058685 صادره از بانک ملت-مرکز به مبلغ  30096000 ريال ','NO',NULL,NULL,NULL),
 (129,868,107,NULL,NULL,NULL,NULL,'223385000','0','چک به شماره 670650 صادره از بانک کشاورزي-مرکز به مبلغ  223385000 ريال ','NO',NULL,NULL,NULL),
 (134,869,107,NULL,NULL,NULL,NULL,'158340000','0','چک به شماره 340695 صادره از بانک تجارت-مرکز به مبلغ  158340000 ريال ','NO',NULL,NULL,NULL),
 (134,870,107,NULL,NULL,NULL,NULL,'158340000','0','چک به شماره 340696 صادره از بانک تجارت-مرکز به مبلغ  158340000 ريال ','NO',NULL,NULL,NULL),
 (134,871,107,NULL,NULL,NULL,NULL,'158340000','0','چک به شماره 340697 صادره از بانک تجارت-مرکز به مبلغ  158340000 ريال ','NO',NULL,NULL,NULL),
 (134,872,107,NULL,NULL,NULL,NULL,'158340000','0','چک به شماره 340698 صادره از بانک تجارت-مرکز به مبلغ  158340000 ريال ','NO',NULL,NULL,NULL),
 (134,873,107,NULL,NULL,NULL,NULL,'158340000','0','چک به شماره 340699 صادره از بانک تجارت-مرکز به مبلغ  158340000 ريال ','NO',NULL,NULL,NULL),
 (134,874,107,NULL,NULL,NULL,NULL,'158300000','0','چک به شماره 340700 صادره از بانک تجارت-مرکز به مبلغ  158300000 ريال ','NO',NULL,NULL,NULL),
 (136,875,107,NULL,NULL,NULL,NULL,'0','30096000','چک به شماره 058685 صادره از بانک ملت-مرکز به مبلغ   به نام دکتر مهدي نژاد نوري 30096000 ريال ','NO',NULL,NULL,NULL),
 (133,876,109,NULL,NULL,NULL,NULL,'0','1','بابت دريافت 1 فقره چک به مبلغ کل  1710000000 بابت وام  شرکت نيرونماد رضوي ','NO',NULL,NULL,NULL),
 (133,877,110,NULL,NULL,NULL,NULL,'0','1710000000','بابت دريافت 1 فقره چک به مبلغ کل  1710000000 بابت وام  شرکت نيرونماد رضوي ','NO',NULL,NULL,NULL),
 (129,878,111,NULL,NULL,NULL,NULL,'0','2','بابت دريافت 2 فقره چک به مبلغ کل  253481000','NO',NULL,NULL,NULL),
 (134,879,111,NULL,NULL,NULL,NULL,'0','6','بابت دريافت 6 فقره چک به مبلغ کل  950000000','NO',NULL,NULL,NULL),
 (136,880,111,NULL,NULL,NULL,NULL,'1','0','بابت وصولي نقدي  فقره چک به مبلغ کل  30096000','NO',NULL,NULL,NULL),
 (129,881,112,NULL,NULL,NULL,NULL,'0','253481000','بابت دريافت 2 فقره چک به مبلغ کل  253481000','NO',NULL,NULL,NULL),
 (134,882,112,NULL,NULL,NULL,NULL,'0','950000000','بابت دريافت 6 فقره چک به مبلغ کل  950000000','NO',NULL,NULL,NULL),
 (136,883,112,NULL,NULL,NULL,NULL,'30096000','0','بابت وصولي نقدي  فقره چک به مبلغ کل  30096000','NO',NULL,NULL,NULL),
 (128,884,114,NULL,NULL,NULL,NULL,'6114591','0','بابت بيمه خانم آديني و رشيدي زاده و سيديان ','NO',NULL,NULL,NULL),
 (141,885,125,1,1106,1,1003,'900000000','0','پرداخت وام شماره  201 رحيم صادقي شرکت ماناپليمرآرمان','NO',NULL,NULL,NULL),
 (120,886,131,2,4,NULL,NULL,'0','2226890','تفاوت کارمزدتسهبلات 173آذران قدرت درسال 94','NO',NULL,NULL,NULL),
 (120,887,131,2,4,NULL,NULL,'35000000','0','برگشت سود دوران تنفس 173آذران قدرت بحساب اقساط وام 173','NO',NULL,NULL,NULL),
 (128,888,151,NULL,NULL,NULL,NULL,'5317036','0','بابت توديعي بيمه خانم افتخاري و آقاي مسرور','NO',NULL,NULL,NULL),
 (131,889,1,NULL,NULL,NULL,NULL,'950000000','0','عملکرد صندوق درپرداخت تسهيلات 200شرکت نيرو نماد رضوي ','NO',NULL,NULL,NULL),
 (131,890,1,NULL,NULL,NULL,NULL,'0','50000000','عملکرد صندوق در واريز پارک علم و فناوري بابت نظارت ','NO',NULL,NULL,NULL),
 (145,891,1,NULL,NULL,NULL,NULL,'1','0','افتتاح حساب پس انداز','NO',NULL,NULL,NULL),
 (105,892,1,NULL,NULL,NULL,NULL,'10000000','0','واريز خانم کاشفي بابت بدهي تسهيلات پارک فناوري ','NO',NULL,NULL,NULL),
 (105,893,1,NULL,NULL,NULL,NULL,'0','6249750','برداشت از پس انداز 8165بابت کارشناسي شرکت هاي نوژن پارس و جهان سلول و آرتا هوشمند به جهان انديشه ','NO',NULL,NULL,NULL),
 (105,894,1,NULL,NULL,NULL,NULL,'0','7000000','پرداختي به خانم ارزني بابت مصوبه کارگروه بهينه سازي و دستمزد ايشان ','NO',NULL,NULL,NULL),
 (140,895,1,NULL,NULL,NULL,NULL,'900000000','0','عملکرد صندوق در پرداخت تسهيلات نوآوري شکوفاي شرکت مانا پليمر آرمان 201','NO',NULL,NULL,NULL),
 (140,896,1,NULL,NULL,NULL,NULL,'0','500000','عملکردصندوق در افتتاح حساب آقاي صادقي شرکت مانا پليمرآرمان ','NO',NULL,NULL,NULL),
 (140,897,1,NULL,NULL,NULL,NULL,'0','3868000','پرداخت ماليات پرسنل فروردين ماه 94توسط شعبه دانشگاه ','NO',NULL,NULL,NULL),
 (140,898,1,NULL,NULL,NULL,NULL,'0','6000','هزينه وصول چک 058685بانک ملت آقاي ابراهيمي ','NO',NULL,NULL,NULL),
 (148,899,1,NULL,NULL,NULL,NULL,'2500000','0','واريزي حساب پس انداز  -محسن شاطريان (شرکت فناور نانو گستر آريا )','NO',NULL,NULL,NULL),
 (150,900,1,NULL,NULL,NULL,NULL,'6820000','0',' واريز به سپرده کوتاه مدت شماره 1 دانشگاه فردوسي مشهد','NO',NULL,NULL,NULL),
 (151,901,1,NULL,NULL,NULL,NULL,'3348465','0',' واريز به سپرده کوتاه مدت شماره 1 دانشگاه فردوسي مشهد','NO',NULL,NULL,NULL),
 (152,902,1,NULL,NULL,NULL,NULL,'8000000','0','واريزي حساب پس انداز  -هاشم مهذب','NO',NULL,NULL,NULL),
 (153,903,1,NULL,NULL,NULL,NULL,'2000000','0','واريزي حساب پس انداز  -سود سپرده مهدوي و ابراهيمي','NO',NULL,NULL,NULL),
 (131,904,2,3,1,NULL,NULL,'0','456000000','چک 757478 دروجه شرکت نيرو نماد رضوي بابت تسهيلات 200','NO',NULL,NULL,NULL),
 (146,905,2,3,1,NULL,NULL,'0','400000000',' برداشت از سپرده کوتاه مدت شماره 2 سود سپرده مهدوي و ابراهيمي','NO',NULL,NULL,NULL),
 (105,906,2,3,1,NULL,NULL,'1013','0','بابت امتحان دستگاه پز','NO',NULL,NULL,NULL),
 (140,907,2,3,1,NULL,NULL,'500000','0','عملکردصندوق در افتتاح حساب آقاي صادقي شرکت مانا پليمرآرمان ','NO',NULL,NULL,NULL),
 (140,908,2,3,1,NULL,NULL,'0','432000000','چک 757480بابت پرداخت مرحله اول تسهيلات نوآوري شکوفاي شرکت مانا پليمر آرمان 201','NO',NULL,NULL,NULL),
 (105,909,17,NULL,NULL,NULL,NULL,'50000000','0','واريز خانم کاشفي بابت بدهي تسهيلات پارک فناوري ','NO',NULL,NULL,NULL),
 (105,910,17,NULL,NULL,NULL,NULL,'0','60000000','واريز خانم کاشفي بابت بدهي تسهيلات پارک فناوري ','NO',NULL,NULL,NULL),
 (140,911,17,NULL,NULL,NULL,NULL,'3868000','0','پرداخت ماليات پرسنل فروردين ماه 94توسط شعبه دانشگاه ','NO',NULL,NULL,NULL),
 (149,912,19,NULL,NULL,NULL,NULL,'39467767','0','جمع سود ارديبهشت ماه 94','NO',NULL,NULL,NULL),
 (140,913,28,1,1003,NULL,NULL,'900000000','0','پرداخت تسهيلات نوآوري شکوفاي شرکت مانا پليمر آرمان 201','NO',NULL,NULL,NULL),
 (140,914,33,NULL,NULL,NULL,NULL,'0','900000000','پرداخت تسهيلات نوآوري شکوفاي شرکت مانا پليمر آرمان 201','NO',NULL,NULL,NULL),
 (155,915,45,1,1180,NULL,NULL,'0','830000',' پرداخت قسط  16 وام شماره 132','NO',NULL,NULL,NULL),
 (140,916,62,NULL,NULL,NULL,NULL,'0','18000000','بابت کارمزد مرحله اول  تسهيلات نوآوري شکوفاي شرکت مانا پليمر آرمان 201','NO',NULL,NULL,NULL),
 (140,917,63,1,1003,NULL,NULL,'0','450000000','توديعي مرحله دوم  تسهيلات نوآوري شکوفاي شرکت مانا پليمر آرمان 201','NO',NULL,NULL,NULL),
 (3,918,63,1,1003,NULL,NULL,'300000000','0','واريزي صندوق نواوري و شکوفايي بابت خدمات تسهيلات و کارمزد ارزيابي نظارت ت 93/12/25','NO',NULL,NULL,NULL),
 (152,919,65,1,1234,NULL,NULL,'0','8000000','واريزي حساب پس انداز  -هاشم مهذب','NO',NULL,NULL,NULL),
 (149,920,65,1,1002,NULL,NULL,'0','34752996','سود ارديبهشت ماه 94','NO',NULL,NULL,NULL),
 (148,921,65,1,1047,NULL,NULL,'0','2500000','واريزي حساب پس انداز  -محسن شاطريان (شرکت فناور نانو گستر آريا )','NO',NULL,NULL,NULL),
 (149,922,65,1,1204,NULL,NULL,'0','4714771','سود ارديبهشت ماه 94','NO',NULL,NULL,NULL),
 (153,923,65,1,1204,NULL,NULL,'0','2000000','واريزي حساب پس انداز  -سود سپرده مهدوي و ابراهيمي','NO',NULL,NULL,NULL),
 (145,924,65,1,1102,NULL,NULL,'0','1','افتتاح حساب پس انداز-سلمان عليمرداني ','NO',NULL,NULL,NULL),
 (150,925,66,1,1002,NULL,NULL,'0','6820000',' واريز به سپرده کوتاه مدت شماره 1 دانشگاه فردوسي مشهد','NO',NULL,NULL,NULL),
 (151,926,66,1,1002,NULL,NULL,'0','3348465',' واريز به سپرده کوتاه مدت شماره 1 دانشگاه فردوسي مشهد','NO',NULL,NULL,NULL),
 (146,927,66,1,1203,NULL,NULL,'400000000','0',' برداشت از سپرده کوتاه مدت شماره 2 سود سپرده مهدوي و ابراهيمي','NO',NULL,NULL,NULL),
 (105,928,78,NULL,NULL,NULL,NULL,'7000000','0','پرداختي به خانم ارزني بابت مصوبه کارگروه بهينه سازي و دستمزد ايشان ','NO',NULL,NULL,NULL),
 (140,929,78,NULL,NULL,NULL,NULL,'6000','0','هزينه وصول چک 058685بانک ملت آقاي ابراهيمي ','NO',NULL,NULL,NULL),
 (105,930,84,NULL,NULL,NULL,NULL,'7500000','0','بابت کارشناسي شرکت هاي نوژن پارس و جهان سلول و آرتا هوشمند به جهان انديشه ','NO',NULL,NULL,NULL),
 (105,931,86,NULL,NULL,NULL,NULL,'0','1250250','بابت ماليات و بيمه  بابت کارشناسي شرکت هاي نوژن پارس و جهان سلول و آرتا هوشمند به جهان انديشه ','NO',NULL,NULL,NULL),
 (105,932,98,2,4,NULL,NULL,'0','1013','بابت امتحان دستگاه پز','NO',NULL,NULL,NULL),
 (142,933,104,NULL,NULL,NULL,NULL,'1','0','چک به شماره وثيقه ملکي صادره از بانک وثيقه ملکي به نام رحيم صادقي شرکت ماناپليمرآرمان به مبلغ  10800','NO',NULL,NULL,NULL),
 (144,934,104,NULL,NULL,NULL,NULL,'1','0','چک به شماره 667241 صادره از بانک سفته به نام سلمان عليمرداني  به مبلغ  20000000 ريال ','NO',NULL,NULL,NULL),
 (144,935,104,NULL,NULL,NULL,NULL,'1','0','چک به شماره 667240 صادره از بانک سفته به نام سلمان عليمرداني  به مبلغ  20000000 ريال ','NO',NULL,NULL,NULL);
INSERT INTO `ACC_DocItems` (`DocID`,`ItemID`,`CostID`,`TafsiliType`,`TafsiliID`,`TafsiliType2`,`TafsiliID2`,`DebtorAmount`,`CreditorAmount`,`details`,`locked`,`SourceType`,`SourceID`,`SourceID2`) VALUES 
 (144,936,104,NULL,NULL,NULL,NULL,'1','0','چک به شماره 692971 صادره از بانک سفته به نام سلمان عليمرداني  به مبلغ  100000000 ريال ','NO',NULL,NULL,NULL),
 (144,937,104,NULL,NULL,NULL,NULL,'1','0','چک به شماره 537469 صادره از بانک ملي علي مرداني به نام سلمان عليمرداني  به مبلغ  120000000 ريال ','NO',NULL,NULL,NULL),
 (144,938,104,NULL,NULL,NULL,NULL,'1','0','چک به شماره 537470 صادره از بانک ملي عليمرداني به نام سلمان عليمرداني  به مبلغ  120000000 ريال ','NO',NULL,NULL,NULL),
 (142,939,105,NULL,NULL,NULL,NULL,'1080000000','0','چک به شماره وثيقه ملکي صادره از بانک وثيقه ملکي به نام رحيم صادقي شرکت ماناپليمرآرمان به مبلغ  10800','NO',NULL,NULL,NULL),
 (144,940,105,NULL,NULL,NULL,NULL,'20000000','0','چک به شماره 667241 صادره از بانک سفته به نام سلمان عليمرداني  به مبلغ  20000000 ريال ','NO',NULL,NULL,NULL),
 (144,941,105,NULL,NULL,NULL,NULL,'20000000','0','چک به شماره 667240 صادره از بانک سفته به نام سلمان عليمرداني  به مبلغ  20000000 ريال ','NO',NULL,NULL,NULL),
 (144,942,105,NULL,NULL,NULL,NULL,'100000000','0','چک به شماره 692971 صادره از بانک سفته به نام سلمان عليمرداني  به مبلغ  100000000 ريال ','NO',NULL,NULL,NULL),
 (144,943,105,NULL,NULL,NULL,NULL,'120000000','0','چک به شماره 537469 صادره از بانک ملي علي مرداني به نام سلمان عليمرداني  به مبلغ  120000000 ريال ','NO',NULL,NULL,NULL),
 (144,944,105,NULL,NULL,NULL,NULL,'120000000','0','چک به شماره 537470 صادره از بانک ملي عليمرداني به نام سلمان عليمرداني  به مبلغ  120000000 ريال ','NO',NULL,NULL,NULL),
 (143,945,106,NULL,NULL,NULL,NULL,'1','0','چک به شماره 557989 صادره از بانک سپه-مرکز به مبلغ  150000000 ريال ','NO',NULL,NULL,NULL),
 (143,946,106,NULL,NULL,NULL,NULL,'1','0','چک به شماره 557990 صادره از بانک سپه-مرکز به مبلغ  150000000 ريال ','NO',NULL,NULL,NULL),
 (143,947,106,NULL,NULL,NULL,NULL,'1','0','چک به شماره 557991 صادره از بانک سپه-مرکز به مبلغ  150000000 ريال ','NO',NULL,NULL,NULL),
 (143,948,106,NULL,NULL,NULL,NULL,'1','0','چک به شماره 557992 صادره از بانک سپه-مرکز به مبلغ  150000000 ريال ','NO',NULL,NULL,NULL),
 (143,949,106,NULL,NULL,NULL,NULL,'1','0','چک به شماره 557993 صادره از بانک سپه-مرکز به مبلغ  150000000 ريال ','NO',NULL,NULL,NULL),
 (143,950,106,NULL,NULL,NULL,NULL,'1','0','چک به شماره 557994 صادره از بانک سپه-مرکز به مبلغ  150000000 ريال ','NO',NULL,NULL,NULL),
 (143,951,107,NULL,NULL,NULL,NULL,'150000000','0','چک به شماره 557989 صادره از بانک سپه-مرکز به مبلغ  150000000 ريال ','NO',NULL,NULL,NULL),
 (143,952,107,NULL,NULL,NULL,NULL,'150000000','0','چک به شماره 557990 صادره از بانک سپه-مرکز به مبلغ  150000000 ريال ','NO',NULL,NULL,NULL),
 (143,953,107,NULL,NULL,NULL,NULL,'150000000','0','چک به شماره 557991 صادره از بانک سپه-مرکز به مبلغ  150000000 ريال ','NO',NULL,NULL,NULL),
 (143,954,107,NULL,NULL,NULL,NULL,'150000000','0','چک به شماره 557992 صادره از بانک سپه-مرکز به مبلغ  150000000 ريال ','NO',NULL,NULL,NULL),
 (143,955,107,NULL,NULL,NULL,NULL,'150000000','0','چک به شماره 557993 صادره از بانک سپه-مرکز به مبلغ  150000000 ريال ','NO',NULL,NULL,NULL),
 (143,956,107,NULL,NULL,NULL,NULL,'150000000','0','چک به شماره 557994 صادره از بانک سپه-مرکز به مبلغ  150000000 ريال ','NO',NULL,NULL,NULL),
 (142,957,109,NULL,NULL,NULL,NULL,'0','1','بابت دريافت 1 فقره چک به مبلغ کل  1080000000 بابت وام  رحيم صادقي شرکت ماناپليمرآرمان','NO',NULL,NULL,NULL),
 (144,958,109,NULL,NULL,NULL,NULL,'0','5','بابت دريافت 5 فقره چک به مبلغ کل  380000000 بابت وام  سلمان عليمرداني ','NO',NULL,NULL,NULL),
 (142,959,110,NULL,NULL,NULL,NULL,'0','1080000000','بابت دريافت 1 فقره چک به مبلغ کل  1080000000 بابت وام  رحيم صادقي شرکت ماناپليمرآرمان','NO',NULL,NULL,NULL),
 (144,960,110,NULL,NULL,NULL,NULL,'0','380000000','بابت دريافت 5 فقره چک به مبلغ کل  380000000 بابت وام  سلمان عليمرداني ','NO',NULL,NULL,NULL),
 (143,961,111,NULL,NULL,NULL,NULL,'0','6','بابت دريافت 6 فقره چک به مبلغ کل  900000000','NO',NULL,NULL,NULL),
 (143,962,112,NULL,NULL,NULL,NULL,'0','900000000','بابت دريافت 6 فقره چک به مبلغ کل  900000000','NO',NULL,NULL,NULL),
 (131,963,128,2,4,NULL,NULL,'0','19000000','4%کارمزد تسهيلات مرحله اول 200 شرکت نيرو نمادرضوي ','NO',NULL,NULL,NULL),
 (3,964,133,2,4,NULL,NULL,'0','300000000','واريزي علي الحساب صندوق نواوري و شکوفايي بابت خدمات تسهيلات و کارمزد ارزيابي نظارت ','NO',NULL,NULL,NULL),
 (131,965,142,NULL,NULL,NULL,NULL,'0','950000000','بابت پرداخت تسهيلات 200شرکت نيرو نماد رضوي ','NO',NULL,NULL,NULL),
 (131,966,151,NULL,NULL,NULL,NULL,'0','475000000','بابت توديع 50درصد تسهيلات 200شرکت نيرو نماد رضوي ','NO',NULL,NULL,NULL),
 (131,967,155,NULL,NULL,NULL,NULL,'1000000000','0','بابت پرداخت تسهيلات 200شرکت نيرو نماد رضوي ','NO',NULL,NULL,NULL),
 (155,968,1,NULL,NULL,NULL,NULL,'4288000','0','دريافت اقساط','NO',NULL,NULL,NULL),
 (156,969,1,NULL,NULL,NULL,NULL,'11291642','0','واريزي حساب پس انداز  -هادي مسرور','NO',NULL,NULL,NULL),
 (157,970,1,NULL,NULL,NULL,NULL,'8100517','0','واريزي حساب پس انداز  -آذر آديني','NO',NULL,NULL,NULL),
 (158,971,1,NULL,NULL,NULL,NULL,'8854881','0','افتتاح حساب پس انداز','NO',NULL,NULL,NULL),
 (159,972,1,NULL,NULL,NULL,NULL,'0','8850000','برداشت حساب پس انداز  -عاطفه رشيدي زاده ','NO',NULL,NULL,NULL),
 (160,973,1,NULL,NULL,NULL,NULL,'0','11700000','برداشت حساب پس انداز  -هادي مسرور','NO',NULL,NULL,NULL),
 (161,974,1,NULL,NULL,NULL,NULL,'0','8100000','برداشت حساب پس انداز  -آذر آديني','NO',NULL,NULL,NULL),
 (162,975,1,NULL,NULL,NULL,NULL,'3410000','0','دريافت اقساط','NO',NULL,NULL,NULL),
 (116,976,1,NULL,NULL,NULL,NULL,'10860000','0','عملکرد صندوق در واريز کارمزد ضمانت نامه 80020 شرکت انگاره فيزيک ','NO',NULL,NULL,NULL),
 (116,977,1,NULL,NULL,NULL,NULL,'0','36000000','عملکرد صندوق در واريز مابه التفاوت 10% سپرده ضمانت نامه 80019 شرکت انگاره فيزيک بحساب پس انداز آن شرکت ','NO',NULL,NULL,NULL),
 (116,978,1,NULL,NULL,NULL,NULL,'0','2250000','عملکردصندوق دربرگشت کارمزد ضمانت نامه 80019شرکت انگاره فيزيک بعلت ابطال ','NO',NULL,NULL,NULL),
 (166,979,1,NULL,NULL,NULL,NULL,'9766881','0','واريزي حساب پس انداز  -الهام افتخاري ','NO',NULL,NULL,NULL),
 (169,980,1,NULL,NULL,NULL,NULL,'9318658','0','افتتاح حساب پس انداز','NO',NULL,NULL,NULL),
 (170,981,1,NULL,NULL,NULL,NULL,'0','8011881','برداشت حساب پس انداز  -الهام افتخاري ','NO',NULL,NULL,NULL),
 (171,982,1,NULL,NULL,NULL,NULL,'0','9318658','برداشت حساب پس انداز  -عليرضا سيديان عنبراني','NO',NULL,NULL,NULL),
 (172,983,1,NULL,NULL,NULL,NULL,'61715000','0','دريافت اقساط','NO',NULL,NULL,NULL),
 (165,984,1,NULL,NULL,NULL,NULL,'0','61715000','عملکرد صندوق در واريز قسط هواخورشيد از تجارت پارک ','NO',NULL,NULL,NULL),
 (165,985,1,NULL,NULL,NULL,NULL,'0','19085539','برداشت حقوق خانم افتخاري و اقاي سيديان از شعبه دانشگاه','NO',NULL,NULL,NULL),
 (174,986,1,NULL,NULL,NULL,NULL,'5780000','0',' واريز به سپرده کوتاه مدت شماره 1 دانشگاه فردوسي مشهد','NO',NULL,NULL,NULL),
 (175,987,1,NULL,NULL,NULL,NULL,'6820000','0',' واريز به سپرده کوتاه مدت شماره 1 دانشگاه فردوسي مشهد','NO',NULL,NULL,NULL),
 (177,988,1,NULL,NULL,NULL,NULL,'3410000','0',' واريز به سپرده کوتاه مدت شماره 1 دانشگاه فردوسي مشهد','NO',NULL,NULL,NULL),
 (176,989,1,NULL,NULL,NULL,NULL,'0','5780000','عملکردصندوق در واريزقسط شرکت تجهيز گستر پاژبحساب سپرده دانشگاه ','NO',NULL,NULL,NULL),
 (176,990,1,NULL,NULL,NULL,NULL,'0','6820000','عملکرد صندوق درواريزقسط شرکت داده کاوي پاژبحساب سپرده دانشگاه ','NO',NULL,NULL,NULL),
 (176,991,1,NULL,NULL,NULL,NULL,'0','3410000','عملکردصندوق درواريزقسط شرکت فراانديشان بحساب سپرده دانشگاه ','NO',NULL,NULL,NULL),
 (178,992,1,NULL,NULL,NULL,NULL,'500000','0','افتتاح حساب پس انداز','NO',NULL,NULL,NULL),
 (164,993,2,3,1,NULL,NULL,'3340000','0','دريافت اقساط','NO',NULL,NULL,NULL),
 (168,994,2,3,1,NULL,NULL,'5780000','0','دريافت اقساط','NO',NULL,NULL,NULL),
 (163,995,2,3,1,NULL,NULL,'1950000','0','واريز کارمزد نيرو نماد از شعبه پارک ','NO',NULL,NULL,NULL),
 (173,996,2,3,1,NULL,NULL,'6820000','0','دريافت اقساط','NO',NULL,NULL,NULL),
 (165,997,2,3,1,NULL,NULL,'500000000','0','چک 238681تجارت بابت تقويت بانک اقتصاد نوين ','NO',NULL,NULL,NULL),
 (116,998,4,NULL,NULL,NULL,NULL,'0','10000','تمبر مالياتي صدورضمانت نامه 80020 شرکت انگاره فيزيک ','NO',NULL,NULL,NULL),
 (116,999,14,NULL,NULL,NULL,NULL,'240000000','0','صدور ضمانت نامه 80020شرکت انگاره فيزيک ','NO',NULL,NULL,NULL),
 (116,1000,14,NULL,NULL,NULL,NULL,'0','600000000','ابطال ضمانت نامه 80019 شرکت انگاره فيزيک ','NO',NULL,NULL,NULL),
 (163,1001,17,NULL,NULL,NULL,NULL,'0','1950000','واريز کارمزد نيرو نماد از شعبه پارک ','NO',NULL,NULL,NULL),
 (165,1002,17,NULL,NULL,NULL,NULL,'19085539','0','برداشت حقوق خانم افتخاري و اقاي سيديان از شعبه دانشگاه','NO',NULL,NULL,NULL),
 (165,1003,17,NULL,NULL,NULL,NULL,'61715000','0','واريز قسط هواخورشيد از تجارت شعبه پارک ','NO',NULL,NULL,NULL),
 (165,1004,17,NULL,NULL,NULL,NULL,'0','500000000','چک238681 تجارت بابت تقويت بانک اقتصاد نوين ','NO',NULL,NULL,NULL),
 (116,1005,27,NULL,NULL,NULL,NULL,'600000000','0','ابطال ضمانت نامه 80019 شرکت انگاره فيزيک ','NO',NULL,NULL,NULL),
 (116,1006,27,NULL,NULL,NULL,NULL,'0','240000000','صدور ضمانت نامه 80020شرکت انگاره فيزيک ','NO',NULL,NULL,NULL),
 (167,1007,45,1,1025,NULL,NULL,'0','1755000',' پرداخت قسط  2 وام شماره 189','NO',NULL,NULL,NULL),
 (155,1008,45,1,1180,NULL,NULL,'0','1755000',' پرداخت قسط  2 وام شماره 190','NO',NULL,NULL,NULL),
 (155,1009,45,1,1095,NULL,NULL,'0','1703000',' پرداخت قسط  2 وام شماره 191','NO',NULL,NULL,NULL),
 (164,1010,47,1,1068,NULL,NULL,'0','1670000',' پرداخت قسط  5 وام شماره 154','NO',NULL,NULL,NULL),
 (164,1011,47,1,1069,NULL,NULL,'0','1670000',' پرداخت قسط  5 وام شماره 155','NO',NULL,NULL,NULL),
 (172,1012,48,1,1054,NULL,NULL,'0','61715000',' پرداخت قسط  7 وام شماره 135','NO',NULL,NULL,NULL),
 (166,1013,65,1,1025,NULL,NULL,'0','9766881','واريزي حساب پس انداز  -الهام افتخاري ','NO',NULL,NULL,NULL),
 (167,1014,65,1,1025,NULL,NULL,'1755000','0','دريافت اقساط','NO',NULL,NULL,NULL),
 (170,1015,65,1,1025,NULL,NULL,'8011881','0','برداشت حساب پس انداز  -الهام افتخاري ','NO',NULL,NULL,NULL),
 (156,1016,65,1,1180,NULL,NULL,'0','11291642','واريزي حساب پس انداز  -هادي مسرور','NO',NULL,NULL,NULL),
 (160,1017,65,1,1180,NULL,NULL,'11700000','0','برداشت حساب پس انداز  -هادي مسرور','NO',NULL,NULL,NULL),
 (157,1018,65,1,1095,NULL,NULL,'0','8100517','واريزي حساب پس انداز  -آذر آديني','NO',NULL,NULL,NULL),
 (161,1019,65,1,1095,NULL,NULL,'8100000','0','برداشت حساب پس انداز  -آذر آديني','NO',NULL,NULL,NULL),
 (169,1020,65,1,1107,NULL,NULL,'0','9318658','افتتاح حساب پس انداز-عليرضا سيديان عنبراني','NO',NULL,NULL,NULL),
 (171,1021,65,1,1107,NULL,NULL,'9318658','0','برداشت حساب پس انداز  -عليرضا سيديان عنبراني','NO',NULL,NULL,NULL),
 (158,1022,65,NULL,NULL,NULL,NULL,'0','8854881','افتتاح حساب پس انداز-غاطفه رشيدي زاده ','NO',NULL,NULL,NULL),
 (159,1023,65,NULL,NULL,NULL,NULL,'8850000','0','برداشت حساب پس انداز  -عاطفه رشيدي زاده ','NO',NULL,NULL,NULL),
 (178,1024,65,1,1108,NULL,NULL,'0','500000','افتتاح حساب پس انداز-سيدعلي صحاف(شرکت بعدسوم پرديس ايرانيان)','NO',NULL,NULL,NULL),
 (174,1025,66,1,1002,NULL,NULL,'0','5780000',' واريز به سپرده کوتاه مدت شماره 1 دانشگاه فردوسي مشهد','NO',NULL,NULL,NULL),
 (175,1026,66,1,1002,NULL,NULL,'0','6820000',' واريز به سپرده کوتاه مدت شماره 1 دانشگاه فردوسي مشهد','NO',NULL,NULL,NULL),
 (177,1027,66,1,1002,NULL,NULL,'0','3410000',' واريز به سپرده کوتاه مدت شماره 1 دانشگاه فردوسي مشهد','NO',NULL,NULL,NULL),
 (176,1028,88,1,1002,NULL,NULL,'5780000','0','واريزقسط شرکت تجهيز گستر پاژبحساب سپرده دانشگاه ','NO',NULL,NULL,NULL),
 (176,1029,88,1,1002,NULL,NULL,'6820000','0','واريزقسط شرکت داده کاوي پاژبحساب سپرده دانشگاه ','NO',NULL,NULL,NULL),
 (176,1030,88,1,1002,NULL,NULL,'3410000','0','واريزقسط شرکت فراانديشان بحساب سپرده دانشگاه ','NO',NULL,NULL,NULL),
 (116,1031,97,2,4,NULL,NULL,'2250000','0','برگشت کارمزد ضمانت نامه 80019شرکت انگاره فيزيک بعلت ابطال ','NO',NULL,NULL,NULL),
 (116,1032,97,2,4,NULL,NULL,'0','4665890','کارمزدو هزينه صدور ضمانت نامه 80020شرکت انگاره فيزيک ','NO',NULL,NULL,NULL),
 (116,1033,97,2,5,NULL,NULL,'0','5400000','کارمزد سال 95ضمانت نامه 80020شرکت انگاره فيزيک ','NO',NULL,NULL,NULL),
 (116,1034,97,2,6,NULL,NULL,'0','784110','کارمزد سال 96ضمانت نامه 80020شرکت انگاره فيزيک ','NO',NULL,NULL,NULL),
 (179,1035,104,NULL,NULL,NULL,NULL,'1','0','چک به شماره 630265 صادره از بانک ملي به نام محمدعلي عبدي زاده به مبلغ  36000000 ريال ','NO',NULL,NULL,NULL),
 (179,1036,104,NULL,NULL,NULL,NULL,'1','0','چک به شماره 376636 صادره از بانک ملي به نام محمدعلي عبدي زاده به مبلغ  36000000 ريال ','NO',NULL,NULL,NULL),
 (179,1037,105,NULL,NULL,NULL,NULL,'36000000','0','چک به شماره 630265 صادره از بانک ملي به نام محمدعلي عبدي زاده به مبلغ  36000000 ريال ','NO',NULL,NULL,NULL),
 (179,1038,105,NULL,NULL,NULL,NULL,'36000000','0','چک به شماره 376636 صادره از بانک ملي به نام محمدعلي عبدي زاده به مبلغ  36000000 ريال ','NO',NULL,NULL,NULL),
 (179,1039,109,NULL,NULL,NULL,NULL,'0','2','بابت دريافت 2 فقره چک به مبلغ کل  72000000 بابت وام  محمدعلي عبدي زاده','NO',NULL,NULL,NULL),
 (116,1040,120,NULL,NULL,NULL,NULL,'60000000','0','برگشت 10%سپرده ضمانت نامه 80019 شرکت انگاره فيزيک ','NO',NULL,NULL,NULL),
 (116,1041,120,NULL,NULL,NULL,NULL,'0','24000000','بابت 10% سپرده ضمانت نامه 80020 شرکت انگاره فيزيک ','NO',NULL,NULL,NULL),
 (168,1042,125,1,1055,1,1002,'0','5780000',' پرداخت قسط  6 وام شماره 137','NO',NULL,NULL,NULL),
 (173,1043,125,1,1063,1,1002,'0','3410000',' پرداخت قسط  4 وام شماره 148','NO',NULL,NULL,NULL),
 (173,1044,125,1,1063,1,1002,'0','3410000',' پرداخت قسط  5 وام شماره 148','NO',NULL,NULL,NULL),
 (162,1045,125,1,1065,1,1002,'0','3410000',' پرداخت قسط  4 وام شماره 149','NO',NULL,NULL,NULL),
 (189,1046,1,NULL,NULL,NULL,NULL,'3410000','0',' واريز به سپرده کوتاه مدت شماره 1 دانشگاه فردوسي مشهد','NO',NULL,NULL,NULL),
 (187,1047,2,3,1,NULL,NULL,'3410000','0','دريافت اقساط','NO',NULL,NULL,NULL),
 (190,1048,2,3,1,NULL,NULL,'0','29625000','پرداخت وام شماره  202 سيدعلي صحاف(شرکت بعدسوم پرديس ايرانيان) به شماره چک 757488','NO',NULL,NULL,NULL),
 (189,1049,66,1,1002,NULL,NULL,'0','3410000',' واريز به سپرده کوتاه مدت شماره 1 دانشگاه فردوسي مشهد','NO',NULL,NULL,NULL),
 (180,1050,104,NULL,NULL,NULL,NULL,'1','0','چک به شماره 516378 صادره از بانک تجارت به نام محمود اسدي به مبلغ  36000000 ريال ','NO',NULL,NULL,NULL),
 (181,1051,104,NULL,NULL,NULL,NULL,'1','0','چک به شماره 521028 صادره از بانک تجارت به نام مجيد اسدالهي به مبلغ  36000000 ريال ','NO',NULL,NULL,NULL),
 (181,1052,104,NULL,NULL,NULL,NULL,'1','0','چک به شماره 521055 صادره از بانک تجارت به نام مجيد اسدالهي به مبلغ  36000000 ريال ','NO',NULL,NULL,NULL),
 (182,1053,104,NULL,NULL,NULL,NULL,'1','0','چک به شماره 51233 صادره از بانک پاسارگاد به نام شرکت کهکشان آريايي به مبلغ  120000000 ريال ','NO',NULL,NULL,NULL),
 (182,1054,104,NULL,NULL,NULL,NULL,'1','0','چک به شماره 189908 صادره از بانک ملت به نام شرکت کهکشان آريايي به مبلغ  120000000 ريال ','NO',NULL,NULL,NULL),
 (183,1055,104,NULL,NULL,NULL,NULL,'1','0','چک به شماره 990879 صادره از بانک صادرات به نام احسان صادقي شاپور آبادي به مبلغ  36000000 ريال ','NO',NULL,NULL,NULL),
 (183,1056,104,NULL,NULL,NULL,NULL,'1','0','چک به شماره 602443 صادره از بانک سفته به نام احسان صادقي شاپور آبادي به مبلغ  20000000 ريال ','NO',NULL,NULL,NULL),
 (183,1057,104,NULL,NULL,NULL,NULL,'1','0','چک به شماره 602444 صادره از بانک سفته به نام احسان صادقي شاپور آبادي به مبلغ  20000000 ريال ','NO',NULL,NULL,NULL),
 (183,1058,104,NULL,NULL,NULL,NULL,'1','0','چک به شماره 482772 صادره از بانک سفته به نام احسان صادقي شاپور آبادي به مبلغ  1000000 ريال ','NO',NULL,NULL,NULL),
 (183,1059,104,NULL,NULL,NULL,NULL,'1','0','چک به شماره 482771 صادره از بانک سفته به نام احسان صادقي شاپور آبادي به مبلغ  1000000 ريال ','NO',NULL,NULL,NULL),
 (184,1060,104,NULL,NULL,NULL,NULL,'1','0','چک به شماره 516379 صادره از بانک تجارت به نام رمضان قرباني به مبلغ  36000000 ريال ','NO',NULL,NULL,NULL),
 (184,1061,104,NULL,NULL,NULL,NULL,'1','0','چک به شماره 457779 صادره از بانک ملي به نام رمضان قرباني به مبلغ  36000000 ريال ','NO',NULL,NULL,NULL),
 (185,1062,104,NULL,NULL,NULL,NULL,'0','1','چک به شماره 40443 صادره از بانک انصار شعبه 2071 به','NO',NULL,NULL,NULL),
 (186,1063,104,NULL,NULL,NULL,NULL,'1','0','چک به شماره 625293 صادره از بانک ملي به نام شرکت حرکت گستر پرديس . روح اله رفعت حسيني به مبلغ  18000','NO',NULL,NULL,NULL),
 (186,1064,104,NULL,NULL,NULL,NULL,'1','0','چک به شماره 136408 صادره از بانک سفته به نام شرکت حرکت گستر پرديس . روح اله رفعت حسيني به مبلغ  1000','NO',NULL,NULL,NULL),
 (186,1065,104,NULL,NULL,NULL,NULL,'1','0','چک به شماره 696837 صادره از بانک سفته به نام شرکت حرکت گستر پرديس . روح اله رفعت حسيني به مبلغ  1000','NO',NULL,NULL,NULL),
 (186,1066,104,NULL,NULL,NULL,NULL,'1','0','چک به شماره 696830 صادره از بانک سفته به نام شرکت حرکت گستر پرديس . روح اله رفعت حسيني به مبلغ  1000','NO',NULL,NULL,NULL),
 (191,1067,104,NULL,NULL,NULL,NULL,'1','0','چک به شماره 498628 صادره از بانک سفته به نام سيدعلي صحاف(شرکت بعدسوم پرديس ايرانيان) به مبلغ  200000','NO',NULL,NULL,NULL),
 (191,1068,104,NULL,NULL,NULL,NULL,'1','0','چک به شماره 413381 صادره از بانک ملت سيد مجتبي صحاف به نام سيدعلي صحاف(شرکت بعدسوم پرديس ايرانيان) ب','NO',NULL,NULL,NULL),
 (191,1069,104,NULL,NULL,NULL,NULL,'1','0','چک به شماره 229138 صادره از بانک سفته به نام سيدعلي صحاف(شرکت بعدسوم پرديس ايرانيان) به مبلغ  200000','NO',NULL,NULL,NULL),
 (191,1070,104,NULL,NULL,NULL,NULL,'1','0','چک به شماره 229137 صادره از بانک سفته به نام سيدعلي صحاف(شرکت بعدسوم پرديس ايرانيان) به مبلغ  200000','NO',NULL,NULL,NULL),
 (193,1071,104,NULL,NULL,NULL,NULL,'1','0','چک به شماره 210502 صادره از بانک ملي محمدشکوهي فر به نام محمد شکوهي فر (شکوه صنعت پاژ) به مبلغ  2400','NO',NULL,NULL,NULL),
 (193,1072,104,NULL,NULL,NULL,NULL,'1','0','چک به شماره 6567509 صادره از بانک سامان عادل سپهر به نام محمد شکوهي فر (شکوه صنعت پاژ) به مبلغ  2400','NO',NULL,NULL,NULL),
 (180,1073,105,NULL,NULL,NULL,NULL,'36000000','0','چک به شماره 516378 صادره از بانک تجارت به نام محمود اسدي به مبلغ  36000000 ريال ','NO',NULL,NULL,NULL),
 (181,1074,105,NULL,NULL,NULL,NULL,'36000000','0','چک به شماره 521028 صادره از بانک تجارت به نام مجيد اسدالهي به مبلغ  36000000 ريال ','NO',NULL,NULL,NULL),
 (181,1075,105,NULL,NULL,NULL,NULL,'36000000','0','چک به شماره 521055 صادره از بانک تجارت به نام مجيد اسدالهي به مبلغ  36000000 ريال ','NO',NULL,NULL,NULL),
 (182,1076,105,NULL,NULL,NULL,NULL,'120000000','0','چک به شماره 51233 صادره از بانک پاسارگاد به نام شرکت کهکشان آريايي به مبلغ  120000000 ريال ','NO',NULL,NULL,NULL),
 (182,1077,105,NULL,NULL,NULL,NULL,'120000000','0','چک به شماره 189908 صادره از بانک ملت به نام شرکت کهکشان آريايي به مبلغ  120000000 ريال ','NO',NULL,NULL,NULL),
 (183,1078,105,NULL,NULL,NULL,NULL,'36000000','0','چک به شماره 990879 صادره از بانک صادرات به نام احسان صادقي شاپور آبادي به مبلغ  36000000 ريال ','NO',NULL,NULL,NULL),
 (183,1079,105,NULL,NULL,NULL,NULL,'20000000','0','چک به شماره 602443 صادره از بانک سفته به نام احسان صادقي شاپور آبادي به مبلغ  20000000 ريال ','NO',NULL,NULL,NULL),
 (183,1080,105,NULL,NULL,NULL,NULL,'20000000','0','چک به شماره 602444 صادره از بانک سفته به نام احسان صادقي شاپور آبادي به مبلغ  20000000 ريال ','NO',NULL,NULL,NULL),
 (183,1081,105,NULL,NULL,NULL,NULL,'1000000','0','چک به شماره 482772 صادره از بانک سفته به نام احسان صادقي شاپور آبادي به مبلغ  1000000 ريال ','NO',NULL,NULL,NULL),
 (183,1082,105,NULL,NULL,NULL,NULL,'1000000','0','چک به شماره 482771 صادره از بانک سفته به نام احسان صادقي شاپور آبادي به مبلغ  1000000 ريال ','NO',NULL,NULL,NULL),
 (184,1083,105,NULL,NULL,NULL,NULL,'36000000','0','چک به شماره 516379 صادره از بانک تجارت به نام رمضان قرباني به مبلغ  36000000 ريال ','NO',NULL,NULL,NULL),
 (184,1084,105,NULL,NULL,NULL,NULL,'36000000','0','چک به شماره 457779 صادره از بانک ملي به نام رمضان قرباني به مبلغ  36000000 ريال ','NO',NULL,NULL,NULL),
 (185,1085,105,NULL,NULL,NULL,NULL,'0','36000000','چک به شماره 40443 صادره از بانک انصار شعبه 2071 به','NO',NULL,NULL,NULL),
 (186,1086,105,NULL,NULL,NULL,NULL,'180000000','0','چک به شماره 625293 صادره از بانک ملي به نام شرکت حرکت گستر پرديس . روح اله رفعت حسيني به مبلغ  18000','NO',NULL,NULL,NULL),
 (186,1087,105,NULL,NULL,NULL,NULL,'10000000','0','چک به شماره 136408 صادره از بانک سفته به نام شرکت حرکت گستر پرديس . روح اله رفعت حسيني به مبلغ  1000','NO',NULL,NULL,NULL),
 (186,1088,105,NULL,NULL,NULL,NULL,'100000000','0','چک به شماره 696837 صادره از بانک سفته به نام شرکت حرکت گستر پرديس . روح اله رفعت حسيني به مبلغ  1000','NO',NULL,NULL,NULL),
 (186,1089,105,NULL,NULL,NULL,NULL,'100000000','0','چک به شماره 696830 صادره از بانک سفته به نام شرکت حرکت گستر پرديس . روح اله رفعت حسيني به مبلغ  1000','NO',NULL,NULL,NULL),
 (191,1090,105,NULL,NULL,NULL,NULL,'2000000','0','چک به شماره 498628 صادره از بانک سفته به نام سيدعلي صحاف(شرکت بعدسوم پرديس ايرانيان) به مبلغ  200000','NO',NULL,NULL,NULL),
 (191,1091,105,NULL,NULL,NULL,NULL,'36000000','0','چک به شماره 413381 صادره از بانک ملت سيد مجتبي صحاف به نام سيدعلي صحاف(شرکت بعدسوم پرديس ايرانيان) ب','NO',NULL,NULL,NULL),
 (191,1092,105,NULL,NULL,NULL,NULL,'20000000','0','چک به شماره 229138 صادره از بانک سفته به نام سيدعلي صحاف(شرکت بعدسوم پرديس ايرانيان) به مبلغ  200000','NO',NULL,NULL,NULL),
 (191,1093,105,NULL,NULL,NULL,NULL,'20000000','0','چک به شماره 229137 صادره از بانک سفته به نام سيدعلي صحاف(شرکت بعدسوم پرديس ايرانيان) به مبلغ  200000','NO',NULL,NULL,NULL),
 (193,1094,105,NULL,NULL,NULL,NULL,'240000000','0','چک به شماره 210502 صادره از بانک ملي محمدشکوهي فر به نام محمد شکوهي فر (شکوه صنعت پاژ) به مبلغ  2400','NO',NULL,NULL,NULL),
 (180,1095,109,NULL,NULL,NULL,NULL,'0','1','بابت دريافت 1 فقره چک به مبلغ کل  36000000 بابت وام  محمود اسدي','NO',NULL,NULL,NULL),
 (181,1096,109,NULL,NULL,NULL,NULL,'0','2','بابت دريافت 2 فقره چک به مبلغ کل  72000000 بابت وام  مجيد اسدالهي','NO',NULL,NULL,NULL),
 (182,1097,109,NULL,NULL,NULL,NULL,'0','2','بابت دريافت 2 فقره چک به مبلغ کل  240000000 بابت وام  شرکت کهکشان آريايي','NO',NULL,NULL,NULL),
 (183,1098,109,NULL,NULL,NULL,NULL,'0','5','بابت دريافت 5 فقره چک به مبلغ کل  78000000 بابت وام  احسان صادقي شاپور آبادي','NO',NULL,NULL,NULL),
 (184,1099,109,NULL,NULL,NULL,NULL,'0','2','بابت دريافت 2 فقره چک به مبلغ کل  72000000 بابت وام  رمضان قرباني','NO',NULL,NULL,NULL),
 (185,1100,109,NULL,NULL,NULL,NULL,'1','0','بابت برگشت  يک فقره چک به مبلغ کل  36000000 بابت و','NO',NULL,NULL,NULL),
 (186,1101,109,NULL,NULL,NULL,NULL,'0','4','بابت دريافت 4 فقره چک به مبلغ کل  390000000 بابت وام  شرکت حرکت گستر پرديس . روح اله رفعت حسيني','NO',NULL,NULL,NULL),
 (191,1102,109,NULL,NULL,NULL,NULL,'0','4','بابت دريافت 4 فقره چک به مبلغ کل  78000000 بابت وام  سيدعلي صحاف(شرکت بعدسوم پرديس ايرانيان)','NO',NULL,NULL,NULL),
 (179,1103,110,NULL,NULL,NULL,NULL,'0','72000000','بابت دريافت 2 فقره چک به مبلغ کل  72000000 بابت وام  محمدعلي عبدي زاده','NO',NULL,NULL,NULL),
 (180,1104,110,NULL,NULL,NULL,NULL,'0','36000000','بابت دريافت 1 فقره چک به مبلغ کل  36000000 بابت وام  محمود اسدي','NO',NULL,NULL,NULL),
 (181,1105,110,NULL,NULL,NULL,NULL,'0','72000000','بابت دريافت 2 فقره چک به مبلغ کل  72000000 بابت وام  مجيد اسدالهي','NO',NULL,NULL,NULL),
 (182,1106,110,NULL,NULL,NULL,NULL,'0','240000000','بابت دريافت 2 فقره چک به مبلغ کل  240000000 بابت وام  شرکت کهکشان آريايي','NO',NULL,NULL,NULL),
 (183,1107,110,NULL,NULL,NULL,NULL,'0','78000000','بابت دريافت 5 فقره چک به مبلغ کل  78000000 بابت وام  احسان صادقي شاپور آبادي','NO',NULL,NULL,NULL),
 (184,1108,110,NULL,NULL,NULL,NULL,'0','72000000','بابت دريافت 2 فقره چک به مبلغ کل  72000000 بابت وام  رمضان قرباني','NO',NULL,NULL,NULL),
 (185,1109,110,NULL,NULL,NULL,NULL,'36000000','0','بابت برگشت  يک فقره چک به مبلغ کل  36000000 بابت و','NO',NULL,NULL,NULL),
 (186,1110,110,NULL,NULL,NULL,NULL,'0','390000000','بابت دريافت 4 فقره چک به مبلغ کل  390000000 بابت وام  شرکت حرکت گستر پرديس . روح اله رفعت حسيني','NO',NULL,NULL,NULL),
 (191,1111,110,NULL,NULL,NULL,NULL,'0','78000000','بابت دريافت 4 فقره چک به مبلغ کل  78000000 بابت وام  سيدعلي صحاف(شرکت بعدسوم پرديس ايرانيان)','NO',NULL,NULL,NULL),
 (187,1112,125,1,1076,1,1002,'0','3410000',' پرداخت قسط  2 وام شماره 161','NO',NULL,NULL,NULL),
 (190,1113,125,1,1108,1,1002,'30628465','0','پرداخت وام شماره  202 سيدعلي صحاف(شرکت بعدسوم پرديس ايرانيان) به شماره چک 757488','NO',NULL,NULL,NULL),
 (190,1114,133,2,4,1,1002,'0','628465','کارمزد سود دوره اي اقساط وام 202 سيدعلي صحاف(شرکت بعدسوم پرديس ايرانيان)','NO',NULL,NULL,NULL),
 (190,1115,133,2,4,1,1002,'0','375000',' کارمزد سود دوره تنفس 202 سيدعلي صحاف(شرکت بعدسوم پرديس ايرانيان)','NO',NULL,NULL,NULL),
 (194,1116,1,NULL,NULL,NULL,NULL,'0','30000000',' برداشت از سپرده کوتاه مدت شماره 1 دانشگاه فردوسي مشهد','NO',NULL,NULL,NULL),
 (195,1117,1,NULL,NULL,NULL,NULL,'0','628465',' برداشت از سپرده کوتاه مدت شماره 1 دانشگاه فردوسي مشهد','NO',NULL,NULL,NULL),
 (188,1118,1,NULL,NULL,NULL,NULL,'30628465','0','عملکرد صندوق در برداشت از سپرده بابت تسهيلات 202شرکت بعد سوم ','NO',NULL,NULL,NULL),
 (188,1119,1,NULL,NULL,NULL,NULL,'0','3410000','عملکردصندوق درواريز قسط 2 تسهيلات 161اميد صفري به سپرده دانشگاه','NO',NULL,NULL,NULL),
 (88,1120,1,NULL,NULL,NULL,NULL,'154027095','0','عملکرد صندوق دراضافه نمودن تفاوت کارمزد به وام 173شرکت آذران قدرت پردازآسيا بموجب متمم قرارداد','NO',NULL,NULL,NULL),
 (88,1121,1,NULL,NULL,NULL,NULL,'155000000','0','عملکرد صندوق دربرداشت ازسپرده مهدوي ابراهيمي بابت رمضان حسين زاده توسط حواله ساتنا شعبه مرکزي ','NO',NULL,NULL,NULL),
 (88,1122,1,NULL,NULL,NULL,NULL,'0','3410000','عملکرد صندوق در واريزي قسط ش 3 شرکت فراانديشان به سپرده دانشگاه ','NO',NULL,NULL,NULL),
 (88,1123,1,NULL,NULL,NULL,NULL,'0','70000000','عملکردصندوق دربرگشت مازاد سود دوران تنفس آذران قدرت بحساب اقساط وام 173','NO',NULL,NULL,NULL),
 (88,1124,1,NULL,NULL,NULL,NULL,'0','43000','پرداخت بابت چک بين بانکي شرکت نوين دلسا','NO',NULL,NULL,NULL),
 (88,1125,1,NULL,NULL,NULL,NULL,'0','177325','عملکرد صندوق در مابالتفاوت دريافت کارمزد تسهيلات محمد حيدري پور ','NO',NULL,NULL,NULL),
 (192,1126,2,3,1,NULL,NULL,'0','186000000','پرداخت وام شماره  203 محمد شکوهي فر (شکوه صنعت پاژ) به شماره چک 757486','NO',NULL,NULL,NULL),
 (196,1127,2,3,1,NULL,NULL,'0','65100000','پرداخت وام شماره  204 محمد طباطبايي. شرکت انگاره فيزيک به شماره چک 757487','NO',NULL,NULL,NULL),
 (88,1128,2,3,1,NULL,NULL,'2128493','0','دريافت کارمزد تسهيلات محمد حيدري پور ','NO',NULL,NULL,NULL),
 (88,1129,17,NULL,NULL,NULL,NULL,'0','155000000','برداشت ازسپرده مهدوي ابراهيمي بابت رمضان حسين زاده توسط حواله ساتنا شعبه مرکزي ','NO',NULL,NULL,NULL),
 (192,1130,48,1,1103,NULL,NULL,'222894626','0','پرداخت وام شماره  203 محمد شکوهي فر (شکوه صنعت پاژ) به شماره چک 757486','NO',NULL,NULL,NULL),
 (196,1131,48,1,1016,NULL,NULL,'78013119','0','پرداخت وام شماره  204 محمد طباطبايي. شرکت انگاره فيزيک به شماره چک 757487','NO',NULL,NULL,NULL),
 (194,1132,66,1,1002,NULL,NULL,'30000000','0',' برداشت از سپرده کوتاه مدت شماره 1 دانشگاه فردوسي مشهد','NO',NULL,NULL,NULL),
 (195,1133,66,1,1002,NULL,NULL,'628465','0',' برداشت از سپرده کوتاه مدت شماره 1 دانشگاه فردوسي مشهد','NO',NULL,NULL,NULL),
 (88,1134,67,NULL,NULL,NULL,NULL,'43000','0','بابت چک بين بانکي شرکت نوين دلسا','NO',NULL,NULL,NULL),
 (188,1135,88,1,1002,NULL,NULL,'3410000','0','عملکردصندوق درواريز قسط 2 تسهيلات 161اميد صفري به سپرده دانشگاه','NO',NULL,NULL,NULL),
 (188,1136,88,1,1002,NULL,NULL,'0','30628465','عملکرد صندوق در برداشت از سپرده بابت تسهيلات 202شرکت بعد سوم ','NO',NULL,NULL,NULL),
 (88,1137,88,1,1002,NULL,NULL,'3410000','0','واريزي قسط ش 3 شرکت فراانديشان به سپرده دانشگاه ','NO',NULL,NULL,NULL),
 (197,1138,104,NULL,NULL,NULL,NULL,'1','0','چک به شماره 950718 صادره از بانک توسعه تعاون انگاره فيزيک به نام محمد طباطبايي. شرکت انگاره فيزيک به','NO',NULL,NULL,NULL),
 (197,1139,104,NULL,NULL,NULL,NULL,'1','0','چک به شماره 332459 صادره از بانک ملي عليزاده قمصري به نام محمد طباطبايي. شرکت انگاره فيزيک به مبلغ  ','NO',NULL,NULL,NULL),
 (198,1140,104,NULL,NULL,NULL,NULL,'1','0','چک به شماره 513836/40 صادره از بانک ملت به نام شرکت دقت گستران آريا پارس به مبلغ  240000000 ريال ','NO',NULL,NULL,NULL),
 (198,1141,104,NULL,NULL,NULL,NULL,'1','0','چک به شماره 385656 صادره از بانک سفته به نام شرکت دقت گستران آريا پارس به مبلغ  150000000 ريال ','NO',NULL,NULL,NULL),
 (198,1142,104,NULL,NULL,NULL,NULL,'1','0','چک به شماره 385657 صادره از بانک سفته به نام شرکت دقت گستران آريا پارس به مبلغ  150000000 ريال ','NO',NULL,NULL,NULL),
 (199,1143,104,NULL,NULL,NULL,NULL,'0','1','چک به شماره 223591 صادره از بانک ملي به نام مجتبي ','NO',NULL,NULL,NULL),
 (200,1144,104,NULL,NULL,NULL,NULL,'0','1','چک به شماره 466064 صادره از بانک سفته به نام مجتبي','NO',NULL,NULL,NULL),
 (201,1145,104,NULL,NULL,NULL,NULL,'0','1','چک به شماره 466059 صادره از بانک سفته به نام مجتبي','NO',NULL,NULL,NULL),
 (193,1146,105,NULL,NULL,NULL,NULL,'240000000','0','چک به شماره 6567509 صادره از بانک سامان عادل سپهر به نام محمد شکوهي فر (شکوه صنعت پاژ) به مبلغ  2400','NO',NULL,NULL,NULL),
 (197,1147,105,NULL,NULL,NULL,NULL,'84000000','0','چک به شماره 950718 صادره از بانک توسعه تعاون انگاره فيزيک به نام محمد طباطبايي. شرکت انگاره فيزيک به','NO',NULL,NULL,NULL),
 (197,1148,105,NULL,NULL,NULL,NULL,'84000000','0','چک به شماره 332459 صادره از بانک ملي عليزاده قمصري به نام محمد طباطبايي. شرکت انگاره فيزيک به مبلغ  ','NO',NULL,NULL,NULL),
 (198,1149,105,NULL,NULL,NULL,NULL,'240000000','0','چک به شماره 513836/40 صادره از بانک ملت به نام شرکت دقت گستران آريا پارس به مبلغ  240000000 ريال ','NO',NULL,NULL,NULL),
 (198,1150,105,NULL,NULL,NULL,NULL,'150000000','0','چک به شماره 385656 صادره از بانک سفته به نام شرکت دقت گستران آريا پارس به مبلغ  150000000 ريال ','NO',NULL,NULL,NULL),
 (198,1151,105,NULL,NULL,NULL,NULL,'150000000','0','چک به شماره 385657 صادره از بانک سفته به نام شرکت دقت گستران آريا پارس به مبلغ  150000000 ريال ','NO',NULL,NULL,NULL),
 (199,1152,105,NULL,NULL,NULL,NULL,'0','24000000','چک به شماره 223591 صادره از بانک ملي به نام مجتبي ','NO',NULL,NULL,NULL),
 (200,1153,105,NULL,NULL,NULL,NULL,'0','5000000','چک به شماره 466064 صادره از بانک سفته به نام مجتبي','NO',NULL,NULL,NULL),
 (201,1154,105,NULL,NULL,NULL,NULL,'0','5000000','چک به شماره 466059 صادره از بانک سفته به نام مجتبي','NO',NULL,NULL,NULL),
 (193,1155,109,NULL,NULL,NULL,NULL,'0','2','بابت دريافت 2 فقره چک به مبلغ کل  480000000 بابت وام  محمد شکوهي فر (شکوه صنعت پاژ)','NO',NULL,NULL,NULL),
 (197,1156,109,NULL,NULL,NULL,NULL,'0','2','بابت دريافت 2 فقره چک به مبلغ کل  168000000 بابت وام  محمد طباطبايي. شرکت انگاره فيزيک','NO',NULL,NULL,NULL),
 (198,1157,109,NULL,NULL,NULL,NULL,'0','3','بابت دريافت 3 فقره چک به مبلغ کل  540000000 بابت وام  شرکت دقت گستران آريا پارس','NO',NULL,NULL,NULL),
 (199,1158,109,NULL,NULL,NULL,NULL,'1','0','بابت برگشت  يک فقره چک به مبلغ کل  24000000 بابت و','NO',NULL,NULL,NULL),
 (200,1159,109,NULL,NULL,NULL,NULL,'1','0','بابت برگشت  يک فقره چک به مبلغ کل  5000000 بابت وا','NO',NULL,NULL,NULL),
 (201,1160,109,NULL,NULL,NULL,NULL,'1','0','بابت برگشت  يک فقره چک به مبلغ کل  5000000 بابت وا','NO',NULL,NULL,NULL),
 (193,1161,110,NULL,NULL,NULL,NULL,'0','480000000','بابت دريافت 2 فقره چک به مبلغ کل  480000000 بابت وام  محمد شکوهي فر (شکوه صنعت پاژ)','NO',NULL,NULL,NULL),
 (197,1162,110,NULL,NULL,NULL,NULL,'0','168000000','بابت دريافت 2 فقره چک به مبلغ کل  168000000 بابت وام  محمد طباطبايي. شرکت انگاره فيزيک','NO',NULL,NULL,NULL),
 (198,1163,110,NULL,NULL,NULL,NULL,'0','540000000','بابت دريافت 3 فقره چک به مبلغ کل  540000000 بابت وام  شرکت دقت گستران آريا پارس','NO',NULL,NULL,NULL),
 (199,1164,110,NULL,NULL,NULL,NULL,'24000000','0','بابت برگشت  يک فقره چک به مبلغ کل  24000000 بابت و','NO',NULL,NULL,NULL),
 (200,1165,110,NULL,NULL,NULL,NULL,'5000000','0','بابت برگشت  يک فقره چک به مبلغ کل  5000000 بابت وا','NO',NULL,NULL,NULL),
 (201,1166,110,NULL,NULL,NULL,NULL,'5000000','0','بابت برگشت  يک فقره چک به مبلغ کل  5000000 بابت وا','NO',NULL,NULL,NULL),
 (88,1167,131,2,4,NULL,NULL,'70000000','0','برگشت مازاد سود دوران تنفس آذران قدرت بموجب متمم قراردادبحساب اقساط وام 173 ','NO',NULL,NULL,NULL),
 (88,1168,131,2,4,NULL,NULL,'7029052','0','برگشت کارمزد سود دوره اي اقساط به سالهاي آينده وام 199 سلمان عليمرداني','NO',NULL,NULL,NULL),
 (88,1169,131,2,4,NULL,NULL,'0','68113779','تفاوت کارمزد سال جاري شرکت آذران قدرت پردازآسياوام 173بموجب متمم قرارداد','NO',NULL,NULL,NULL),
 (192,1170,131,2,4,NULL,NULL,'0','6828222','کارمزد سود دوره اي اقساط وام 203 محمد شکوهي فر (شکوه صنعت پاژ)','NO',NULL,NULL,NULL),
 (192,1171,131,2,4,NULL,NULL,'0','14000000',' کارمزد سود دوره تنفس 203 محمد شکوهي فر (شکوه صنعت پاژ)','NO',NULL,NULL,NULL),
 (196,1172,131,2,4,NULL,NULL,'0','8013119','کارمزد سود دوره اي اقساط وام 204 محمد طباطبايي. شرکت انگاره فيزيک','NO',NULL,NULL,NULL),
 (196,1173,131,2,4,NULL,NULL,'0','4900000',' کارمزد سود دوره تنفس 204 محمد طباطبايي. شرکت انگاره فيزيک','NO',NULL,NULL,NULL),
 (188,1174,131,2,4,NULL,NULL,'5342080','0','برگشت سود سال 95 ازسود سال جاري تسهيلات 204شرکت انگاره فيزيک محمد طباطبايي','NO',NULL,NULL,NULL),
 (188,1175,131,2,4,NULL,NULL,'281162','0','برگشت سود سال 96 ازسود سال جاري تسهيلات 204شرکت انگاره فيزيک محمد طباطبايي','NO',NULL,NULL,NULL),
 (192,1176,131,2,5,NULL,NULL,'0','15263084','کارمزد سود دوره اي اقساط سال 95وام 203 محمد شکوهي فر (شکوه صنعت پاژ)','NO',NULL,NULL,NULL),
 (188,1177,131,2,5,NULL,NULL,'0','5342080','برگشت سود سال 95 ازسود سال جاري تسهيلات 204شرکت انگاره فيزيک محمد طباطبايي','NO',NULL,NULL,NULL),
 (88,1178,131,2,5,NULL,NULL,'0','6828222','کارمزد سود دوره اي اقساط سال 95  وام 199 سلمان عليمرداني','NO',NULL,NULL,NULL),
 (88,1179,131,2,5,NULL,NULL,'0','43211686','تفاوت کارمزد سال 95 شرکت آذران قدرت پردازآسياوام 173بموجب متمم قرارداد','NO',NULL,NULL,NULL),
 (192,1180,131,2,6,NULL,NULL,'0','803320','کارمزد سود دوره اي اقساط سال 96وام 203 محمد شکوهي فر (شکوه صنعت پاژ)','NO',NULL,NULL,NULL),
 (188,1181,131,2,6,NULL,NULL,'0','281162','برگشت سود سال 96 ازسود سال جاري تسهيلات 204شرکت انگاره فيزيک محمد طباطبايي','NO',NULL,NULL,NULL),
 (88,1182,131,2,6,NULL,NULL,'0','42701630','تفاوت کارمزد سال 96 شرکت آذران قدرت پردازآسياوام 173بموجب متمم قرارداد','NO',NULL,NULL,NULL),
 (88,1183,131,2,6,NULL,NULL,'0','200830','کارمزد سود دوره اي اقساط سال 96  وام 199 سلمان عليمرداني','NO',NULL,NULL,NULL),
 (88,1184,133,2,4,NULL,NULL,'0','1951168','دريافت کارمزد تسهيلات محمد حيدري پور ','NO',NULL,NULL,NULL),
 (188,1185,133,2,4,1,1002,'83795','0','برگشت سود سال 95 از سود سال جاري تسهيلات202 شرکت بعد سوم ','NO',NULL,NULL,NULL),
 (188,1186,133,2,5,NULL,NULL,'0','83795','برگشت سود سال 95 از سود سال جاري تسهيلات202 شرکت بعد سوم ','NO',NULL,NULL,NULL),
 (206,1187,1,NULL,NULL,NULL,NULL,'500000','0','افتتاح حساب پس انداز','NO',NULL,NULL,NULL),
 (209,1188,1,NULL,NULL,NULL,NULL,'0','124805955',' برداشت از سپرده کوتاه مدت شماره 1 دانشگاه فردوسي مشهد','NO',NULL,NULL,NULL),
 (211,1189,1,NULL,NULL,NULL,NULL,'0','1002740','اضافه شدن مبلغ به وام بابت کارمزد ','NO',NULL,NULL,NULL),
 (207,1190,1,NULL,NULL,NULL,NULL,'124805955','0','عملکرد صندوق در برداشت از سپرده دانشگاه بابت تسهيلات 205محمدجوادي مال آباد','NO',NULL,NULL,NULL),
 (207,1191,1,NULL,NULL,NULL,NULL,'0','500000','عملکرد صندوق در افتتاح حساب 8222محمدجوادي مال آباد ','NO',NULL,NULL,NULL),
 (207,1192,1,NULL,NULL,NULL,NULL,'1002740','0','عملکردصندوق در اضافه نمودن به وام حرکت گستر پرديس بابت کارمزد','NO',NULL,NULL,NULL),
 (208,1193,2,3,1,NULL,NULL,'0','117000000','پرداخت وام شماره  205 سيد محمد جوادي مال آباد به شماره چک 757481','NO',NULL,NULL,NULL),
 (212,1194,2,3,1,NULL,NULL,'11002740','0','دريافت اقساط','NO',NULL,NULL,NULL),
 (207,1195,2,3,1,NULL,NULL,'500000','0','عملکرد صندوق در افتتاح حساب 8222محمدجوادي مال آباد ','NO',NULL,NULL,NULL),
 (211,1196,46,1,1008,NULL,NULL,'1002740','0','اضافه شدن مبلغ به وام بابت کارمزد ','NO',NULL,NULL,NULL),
 (212,1197,46,1,1008,NULL,NULL,'0','11002740',' پرداخت قسط  2 وام شماره 146','NO',NULL,NULL,NULL),
 (206,1198,65,1,1109,NULL,NULL,'0','500000','افتتاح حساب پس انداز-سيد محمد جوادي مال آباد','NO',NULL,NULL,NULL),
 (209,1199,66,1,1002,NULL,NULL,'124805955','0',' برداشت از سپرده کوتاه مدت شماره 1 دانشگاه فردوسي مشهد','NO',NULL,NULL,NULL),
 (207,1200,88,1,1002,NULL,NULL,'0','124805955','عملکرد صندوق در برداشت از سپرده دانشگاه بابت تسهيلات 205محمدجوادي مال آباد','NO',NULL,NULL,NULL),
 (202,1201,104,NULL,NULL,NULL,NULL,'0','1','چک به شماره 466060 صادره از بانک سفته به نام مجتبي','NO',NULL,NULL,NULL),
 (203,1202,104,NULL,NULL,NULL,NULL,'0','1','چک به شماره 466061 صادره از بانک سفته به نام مجتبي','NO',NULL,NULL,NULL),
 (204,1203,104,NULL,NULL,NULL,NULL,'0','1','چک به شماره 466063 صادره از بانک سفته به نام مجتبي','NO',NULL,NULL,NULL),
 (205,1204,104,NULL,NULL,NULL,NULL,'0','1','چک به شماره 466062 صادره از بانک سفته به نام مجتبي','NO',NULL,NULL,NULL),
 (210,1205,104,NULL,NULL,NULL,NULL,'1','0','چک به شماره 467966 صادره از بانک ملي جوادي مال آباد به نام سيد محمد جوادي مال آباد به مبلغ  14400000','NO',NULL,NULL,NULL),
 (210,1206,104,NULL,NULL,NULL,NULL,'1','0','چک به شماره 655641 صادره از بانک کشاورزي به نام سيد محمد جوادي مال آباد به مبلغ  144000000 ريال ','NO',NULL,NULL,NULL),
 (213,1207,104,NULL,NULL,NULL,NULL,'0','1','چک به شماره 557798/49 صادره از بانک ملت به نام حسي','NO',NULL,NULL,NULL),
 (214,1208,104,NULL,NULL,NULL,NULL,'0','1','چک به شماره 806069 صادره از بانک تجارت به نام مرتض','NO',NULL,NULL,NULL),
 (215,1209,104,NULL,NULL,NULL,NULL,'0','1','چک به شماره 630478 صادره از بانک ملي به نام حسن به','NO',NULL,NULL,NULL),
 (216,1210,104,NULL,NULL,NULL,NULL,'0','1','چک به شماره 308328 صادره از بانک ملي به نام زيبا ا','NO',NULL,NULL,NULL),
 (217,1211,104,NULL,NULL,NULL,NULL,'0','1','چک به شماره 898963 صادره از بانک سفته به نام زيبا ','NO',NULL,NULL,NULL),
 (218,1212,104,NULL,NULL,NULL,NULL,'0','1','چک به شماره 898962 صادره از بانک سفته به نام زيبا ','NO',NULL,NULL,NULL),
 (219,1213,104,NULL,NULL,NULL,NULL,'0','1','چک به شماره 914044 صادره از بانک سفته به نام زيبا ','NO',NULL,NULL,NULL),
 (202,1214,105,NULL,NULL,NULL,NULL,'0','5000000','چک به شماره 466060 صادره از بانک سفته به نام مجتبي','NO',NULL,NULL,NULL),
 (203,1215,105,NULL,NULL,NULL,NULL,'0','5000000','چک به شماره 466061 صادره از بانک سفته به نام مجتبي','NO',NULL,NULL,NULL),
 (204,1216,105,NULL,NULL,NULL,NULL,'0','5000000','چک به شماره 466063 صادره از بانک سفته به نام مجتبي','NO',NULL,NULL,NULL),
 (205,1217,105,NULL,NULL,NULL,NULL,'0','5000000','چک به شماره 466062 صادره از بانک سفته به نام مجتبي','NO',NULL,NULL,NULL),
 (210,1218,105,NULL,NULL,NULL,NULL,'144000000','0','چک به شماره 467966 صادره از بانک ملي جوادي مال آباد به نام سيد محمد جوادي مال آباد به مبلغ  14400000','NO',NULL,NULL,NULL),
 (210,1219,105,NULL,NULL,NULL,NULL,'144000000','0','چک به شماره 655641 صادره از بانک کشاورزي به نام سيد محمد جوادي مال آباد به مبلغ  144000000 ريال ','NO',NULL,NULL,NULL),
 (213,1220,105,NULL,NULL,NULL,NULL,'0','36000000','چک به شماره 557798/49 صادره از بانک ملت به نام حسي','NO',NULL,NULL,NULL),
 (214,1221,105,NULL,NULL,NULL,NULL,'0','36000000','چک به شماره 806069 صادره از بانک تجارت به نام مرتض','NO',NULL,NULL,NULL),
 (215,1222,105,NULL,NULL,NULL,NULL,'0','120000000','چک به شماره 630478 صادره از بانک ملي به نام حسن به','NO',NULL,NULL,NULL),
 (216,1223,105,NULL,NULL,NULL,NULL,'0','36000000','چک به شماره 308328 صادره از بانک ملي به نام زيبا ا','NO',NULL,NULL,NULL),
 (217,1224,105,NULL,NULL,NULL,NULL,'0','1000000','چک به شماره 898963 صادره از بانک سفته به نام زيبا ','NO',NULL,NULL,NULL),
 (218,1225,105,NULL,NULL,NULL,NULL,'0','1000000','چک به شماره 898962 صادره از بانک سفته به نام زيبا ','NO',NULL,NULL,NULL),
 (219,1226,105,NULL,NULL,NULL,NULL,'0','20000000','چک به شماره 914044 صادره از بانک سفته به نام زيبا ','NO',NULL,NULL,NULL),
 (202,1227,109,NULL,NULL,NULL,NULL,'1','0','بابت برگشت  يک فقره چک به مبلغ کل  5000000 بابت وا','NO',NULL,NULL,NULL),
 (203,1228,109,NULL,NULL,NULL,NULL,'1','0','بابت برگشت  يک فقره چک به مبلغ کل  5000000 بابت وا','NO',NULL,NULL,NULL),
 (204,1229,109,NULL,NULL,NULL,NULL,'1','0','بابت برگشت  يک فقره چک به مبلغ کل  5000000 بابت وا','NO',NULL,NULL,NULL),
 (205,1230,109,NULL,NULL,NULL,NULL,'1','0','بابت برگشت  يک فقره چک به مبلغ کل  5000000 بابت وا','NO',NULL,NULL,NULL),
 (210,1231,109,NULL,NULL,NULL,NULL,'0','2','بابت دريافت 2 فقره چک به مبلغ کل  288000000 بابت وام  سيد محمد جوادي مال آباد','NO',NULL,NULL,NULL),
 (213,1232,109,NULL,NULL,NULL,NULL,'1','0','بابت برگشت  يک فقره چک به مبلغ کل  36000000 بابت و','NO',NULL,NULL,NULL),
 (214,1233,109,NULL,NULL,NULL,NULL,'1','0','بابت برگشت  يک فقره چک به مبلغ کل  36000000 بابت و','NO',NULL,NULL,NULL),
 (215,1234,109,NULL,NULL,NULL,NULL,'1','0','بابت برگشت  يک فقره چک به مبلغ کل  120000000 بابت ','NO',NULL,NULL,NULL),
 (216,1235,109,NULL,NULL,NULL,NULL,'1','0','بابت برگشت  يک فقره چک به مبلغ کل  36000000 بابت و','NO',NULL,NULL,NULL),
 (217,1236,109,NULL,NULL,NULL,NULL,'1','0','بابت برگشت  يک فقره چک به مبلغ کل  1000000 بابت وا','NO',NULL,NULL,NULL),
 (218,1237,109,NULL,NULL,NULL,NULL,'1','0','بابت برگشت  يک فقره چک به مبلغ کل  1000000 بابت وا','NO',NULL,NULL,NULL),
 (219,1238,109,NULL,NULL,NULL,NULL,'1','0','بابت برگشت  يک فقره چک به مبلغ کل  20000000 بابت و','NO',NULL,NULL,NULL),
 (202,1239,110,NULL,NULL,NULL,NULL,'5000000','0','بابت برگشت  يک فقره چک به مبلغ کل  5000000 بابت وا','NO',NULL,NULL,NULL),
 (203,1240,110,NULL,NULL,NULL,NULL,'5000000','0','بابت برگشت  يک فقره چک به مبلغ کل  5000000 بابت وا','NO',NULL,NULL,NULL),
 (204,1241,110,NULL,NULL,NULL,NULL,'5000000','0','بابت برگشت  يک فقره چک به مبلغ کل  5000000 بابت وا','NO',NULL,NULL,NULL),
 (205,1242,110,NULL,NULL,NULL,NULL,'5000000','0','بابت برگشت  يک فقره چک به مبلغ کل  5000000 بابت وا','NO',NULL,NULL,NULL),
 (210,1243,110,NULL,NULL,NULL,NULL,'0','288000000','بابت دريافت 2 فقره چک به مبلغ کل  288000000 بابت وام  سيد محمد جوادي مال آباد','NO',NULL,NULL,NULL),
 (213,1244,110,NULL,NULL,NULL,NULL,'36000000','0','بابت برگشت  يک فقره چک به مبلغ کل  36000000 بابت و','NO',NULL,NULL,NULL),
 (214,1245,110,NULL,NULL,NULL,NULL,'36000000','0','بابت برگشت  يک فقره چک به مبلغ کل  36000000 بابت و','NO',NULL,NULL,NULL),
 (215,1246,110,NULL,NULL,NULL,NULL,'120000000','0','بابت برگشت  يک فقره چک به مبلغ کل  120000000 بابت ','NO',NULL,NULL,NULL),
 (216,1247,110,NULL,NULL,NULL,NULL,'36000000','0','بابت برگشت  يک فقره چک به مبلغ کل  36000000 بابت و','NO',NULL,NULL,NULL),
 (217,1248,110,NULL,NULL,NULL,NULL,'1000000','0','بابت برگشت  يک فقره چک به مبلغ کل  1000000 بابت وا','NO',NULL,NULL,NULL),
 (218,1249,110,NULL,NULL,NULL,NULL,'1000000','0','بابت برگشت  يک فقره چک به مبلغ کل  1000000 بابت وا','NO',NULL,NULL,NULL),
 (219,1250,110,NULL,NULL,NULL,NULL,'20000000','0','بابت برگشت  يک فقره چک به مبلغ کل  20000000 بابت و','NO',NULL,NULL,NULL),
 (208,1251,125,1,1109,1,1002,'124805955','0','پرداخت وام شماره  205 سيد محمد جوادي مال آباد به شماره چک 757481','NO',NULL,NULL,NULL),
 (207,1252,129,2,4,NULL,NULL,'0','1002740','عملکردصندوق در اضافه نمودن به وام حرکت گستر پرديس بابت کارمزد ','NO',NULL,NULL,NULL),
 (207,1253,131,2,6,NULL,NULL,'0','168630','برگشت سود سال96تسهيلات 205محمدجوادي مال آباد','NO',NULL,NULL,NULL),
 (208,1254,133,2,4,1,1002,'0','4805955','کارمزد سود دوره اي اقساط وام 205 سيد محمد جوادي مال آباد','NO',NULL,NULL,NULL),
 (208,1255,133,2,4,1,1002,'0','3000000',' کارمزد سود دوره تنفس 205 سيد محمد جوادي مال آباد','NO',NULL,NULL,NULL),
 (207,1256,133,2,4,1,1002,'3203970','0','برگشت سود سال95تسهيلات 205محمدجوادي مال آباد','NO',NULL,NULL,NULL),
 (207,1257,133,2,4,1,1002,'168630','0','برگشت سود سال96تسهيلات 205محمدجوادي مال آباد','NO',NULL,NULL,NULL),
 (207,1258,133,2,5,NULL,NULL,'0','3203970','برگشت سود سال95تسهيلات 205محمدجوادي مال آباد','NO',NULL,NULL,NULL),
 (220,1259,104,NULL,NULL,NULL,NULL,'0','1','چک به شماره 914043 صادره از بانک سفته به نام زيبا ','NO',NULL,NULL,NULL),
 (221,1260,104,NULL,NULL,NULL,NULL,'0','1','چک به شماره 411655 صادره از بانک ملي به نام مرتضي ','NO',NULL,NULL,NULL),
 (222,1261,104,NULL,NULL,NULL,NULL,'0','1','چک به شماره 930923 صادره از بانک ملي 701009 به نام','NO',NULL,NULL,NULL),
 (223,1262,104,NULL,NULL,NULL,NULL,'0','1','چک به شماره 379985 صادره از بانک صادرات به نام سيد','NO',NULL,NULL,NULL),
 (224,1263,104,NULL,NULL,NULL,NULL,'0','1','چک به شماره 770920 صادره از بانک سفته ذبيحي به نام','NO',NULL,NULL,NULL),
 (225,1264,104,NULL,NULL,NULL,NULL,'0','1','چک به شماره 770921 صادره از بانک سفته کميلي به نام','NO',NULL,NULL,NULL),
 (226,1265,104,NULL,NULL,NULL,NULL,'0','1','چک به شماره 969555 صادره از بانک سفته کميلي به نام','NO',NULL,NULL,NULL),
 (227,1266,104,NULL,NULL,NULL,NULL,'0','1','چک به شماره 969556 صادره از بانک سفته. کميلي به نا','NO',NULL,NULL,NULL),
 (228,1267,104,NULL,NULL,NULL,NULL,'0','1','چک به شماره 308142 صادره از بانک ملي 12008 به نام ','NO',NULL,NULL,NULL),
 (229,1268,104,NULL,NULL,NULL,NULL,'0','1','چک به شماره 462992 صادره از بانک سفته به نام حسن م','NO',NULL,NULL,NULL),
 (230,1269,104,NULL,NULL,NULL,NULL,'0','1','چک به شماره 80073 صادره از بانک ملي 28005 به نام ع','NO',NULL,NULL,NULL),
 (231,1270,104,NULL,NULL,NULL,NULL,'0','1','چک به شماره 270197 صادره از بانک ملي خاوري به نام ','NO',NULL,NULL,NULL),
 (232,1271,104,NULL,NULL,NULL,NULL,'0','1','چک به شماره 23421 صادره از بانک ملي 72511 به نام ز','NO',NULL,NULL,NULL),
 (233,1272,104,NULL,NULL,NULL,NULL,'0','1','چک به شماره 633355 صادره از بانک ملي 112007 به نام','NO',NULL,NULL,NULL),
 (234,1273,104,NULL,NULL,NULL,NULL,'0','1','چک به شماره 244957 صادره از بانک ملي 176005 به نام','NO',NULL,NULL,NULL),
 (235,1274,104,NULL,NULL,NULL,NULL,'0','1','چک به شماره 187825 صادره از بانک ملي 53004 به نام ','NO',NULL,NULL,NULL),
 (236,1275,104,NULL,NULL,NULL,NULL,'0','1','چک به شماره 270196 صادره از بانک ملي خاوري به نام ','NO',NULL,NULL,NULL),
 (237,1276,104,NULL,NULL,NULL,NULL,'0','1','چک به شماره 80072 صادره از بانک ملي خاوري به نام ا','NO',NULL,NULL,NULL),
 (220,1277,105,NULL,NULL,NULL,NULL,'0','20000000','چک به شماره 914043 صادره از بانک سفته به نام زيبا ','NO',NULL,NULL,NULL),
 (221,1278,105,NULL,NULL,NULL,NULL,'0','36000000','چک به شماره 411655 صادره از بانک ملي به نام مرتضي ','NO',NULL,NULL,NULL),
 (222,1279,105,NULL,NULL,NULL,NULL,'0','36000000','چک به شماره 930923 صادره از بانک ملي 701009 به نام','NO',NULL,NULL,NULL),
 (223,1280,105,NULL,NULL,NULL,NULL,'0','36000000','چک به شماره 379985 صادره از بانک صادرات به نام سيد','NO',NULL,NULL,NULL),
 (224,1281,105,NULL,NULL,NULL,NULL,'0','20000000','چک به شماره 770920 صادره از بانک سفته ذبيحي به نام','NO',NULL,NULL,NULL),
 (225,1282,105,NULL,NULL,NULL,NULL,'0','20000000','چک به شماره 770921 صادره از بانک سفته کميلي به نام','NO',NULL,NULL,NULL),
 (226,1283,105,NULL,NULL,NULL,NULL,'0','1000000','چک به شماره 969555 صادره از بانک سفته کميلي به نام','NO',NULL,NULL,NULL),
 (227,1284,105,NULL,NULL,NULL,NULL,'0','1000000','چک به شماره 969556 صادره از بانک سفته. کميلي به نا','NO',NULL,NULL,NULL),
 (228,1285,105,NULL,NULL,NULL,NULL,'0','36000000','چک به شماره 308142 صادره از بانک ملي 12008 به نام ','NO',NULL,NULL,NULL),
 (229,1286,105,NULL,NULL,NULL,NULL,'0','50000000','چک به شماره 462992 صادره از بانک سفته به نام حسن م','NO',NULL,NULL,NULL),
 (230,1287,105,NULL,NULL,NULL,NULL,'0','36000000','چک به شماره 80073 صادره از بانک ملي 28005 به نام ع','NO',NULL,NULL,NULL),
 (231,1288,105,NULL,NULL,NULL,NULL,'0','36000000','چک به شماره 270197 صادره از بانک ملي خاوري به نام ','NO',NULL,NULL,NULL),
 (232,1289,105,NULL,NULL,NULL,NULL,'0','36000000','چک به شماره 23421 صادره از بانک ملي 72511 به نام ز','NO',NULL,NULL,NULL),
 (233,1290,105,NULL,NULL,NULL,NULL,'0','36000000','چک به شماره 633355 صادره از بانک ملي 112007 به نام','NO',NULL,NULL,NULL),
 (234,1291,105,NULL,NULL,NULL,NULL,'0','36000000','چک به شماره 244957 صادره از بانک ملي 176005 به نام','NO',NULL,NULL,NULL),
 (235,1292,105,NULL,NULL,NULL,NULL,'0','36000000','چک به شماره 187825 صادره از بانک ملي 53004 به نام ','NO',NULL,NULL,NULL),
 (236,1293,105,NULL,NULL,NULL,NULL,'0','36000000','چک به شماره 270196 صادره از بانک ملي خاوري به نام ','NO',NULL,NULL,NULL),
 (237,1294,105,NULL,NULL,NULL,NULL,'0','36000000','چک به شماره 80072 صادره از بانک ملي خاوري به نام ا','NO',NULL,NULL,NULL),
 (220,1295,109,NULL,NULL,NULL,NULL,'1','0','بابت برگشت  يک فقره چک به مبلغ کل  20000000 بابت و','NO',NULL,NULL,NULL),
 (221,1296,109,NULL,NULL,NULL,NULL,'1','0','بابت برگشت  يک فقره چک به مبلغ کل  36000000 بابت و','NO',NULL,NULL,NULL),
 (222,1297,109,NULL,NULL,NULL,NULL,'1','0','بابت برگشت  يک فقره چک به مبلغ کل  36000000 بابت و','NO',NULL,NULL,NULL),
 (223,1298,109,NULL,NULL,NULL,NULL,'1','0','بابت برگشت  يک فقره چک به مبلغ کل  36000000 بابت و','NO',NULL,NULL,NULL),
 (224,1299,109,NULL,NULL,NULL,NULL,'1','0','بابت برگشت  يک فقره چک به مبلغ کل  20000000 بابت و','NO',NULL,NULL,NULL),
 (225,1300,109,NULL,NULL,NULL,NULL,'1','0','بابت برگشت  يک فقره چک به مبلغ کل  20000000 بابت و','NO',NULL,NULL,NULL),
 (226,1301,109,NULL,NULL,NULL,NULL,'1','0','بابت برگشت  يک فقره چک به مبلغ کل  1000000 بابت وا','NO',NULL,NULL,NULL),
 (227,1302,109,NULL,NULL,NULL,NULL,'1','0','بابت برگشت  يک فقره چک به مبلغ کل  1000000 بابت وا','NO',NULL,NULL,NULL),
 (228,1303,109,NULL,NULL,NULL,NULL,'1','0','بابت برگشت  يک فقره چک به مبلغ کل  36000000 بابت و','NO',NULL,NULL,NULL),
 (229,1304,109,NULL,NULL,NULL,NULL,'1','0','بابت برگشت  يک فقره چک به مبلغ کل  50000000 بابت و','NO',NULL,NULL,NULL),
 (230,1305,109,NULL,NULL,NULL,NULL,'1','0','بابت برگشت  يک فقره چک به مبلغ کل  36000000 بابت و','NO',NULL,NULL,NULL),
 (231,1306,109,NULL,NULL,NULL,NULL,'1','0','بابت برگشت  يک فقره چک به مبلغ کل  36000000 بابت و','NO',NULL,NULL,NULL),
 (232,1307,109,NULL,NULL,NULL,NULL,'1','0','بابت برگشت  يک فقره چک به مبلغ کل  36000000 بابت و','NO',NULL,NULL,NULL);
INSERT INTO `ACC_DocItems` (`DocID`,`ItemID`,`CostID`,`TafsiliType`,`TafsiliID`,`TafsiliType2`,`TafsiliID2`,`DebtorAmount`,`CreditorAmount`,`details`,`locked`,`SourceType`,`SourceID`,`SourceID2`) VALUES 
 (233,1308,109,NULL,NULL,NULL,NULL,'1','0','بابت برگشت  يک فقره چک به مبلغ کل  36000000 بابت و','NO',NULL,NULL,NULL),
 (234,1309,109,NULL,NULL,NULL,NULL,'1','0','بابت برگشت  يک فقره چک به مبلغ کل  36000000 بابت و','NO',NULL,NULL,NULL),
 (235,1310,109,NULL,NULL,NULL,NULL,'1','0','بابت برگشت  يک فقره چک به مبلغ کل  36000000 بابت و','NO',NULL,NULL,NULL),
 (236,1311,109,NULL,NULL,NULL,NULL,'1','0','بابت برگشت  يک فقره چک به مبلغ کل  36000000 بابت و','NO',NULL,NULL,NULL),
 (237,1312,109,NULL,NULL,NULL,NULL,'1','0','بابت برگشت  يک فقره چک به مبلغ کل  36000000 بابت و','NO',NULL,NULL,NULL),
 (220,1313,110,NULL,NULL,NULL,NULL,'20000000','0','بابت برگشت  يک فقره چک به مبلغ کل  20000000 بابت و','NO',NULL,NULL,NULL),
 (221,1314,110,NULL,NULL,NULL,NULL,'36000000','0','بابت برگشت  يک فقره چک به مبلغ کل  36000000 بابت و','NO',NULL,NULL,NULL),
 (222,1315,110,NULL,NULL,NULL,NULL,'36000000','0','بابت برگشت  يک فقره چک به مبلغ کل  36000000 بابت و','NO',NULL,NULL,NULL),
 (223,1316,110,NULL,NULL,NULL,NULL,'36000000','0','بابت برگشت  يک فقره چک به مبلغ کل  36000000 بابت و','NO',NULL,NULL,NULL),
 (224,1317,110,NULL,NULL,NULL,NULL,'20000000','0','بابت برگشت  يک فقره چک به مبلغ کل  20000000 بابت و','NO',NULL,NULL,NULL),
 (225,1318,110,NULL,NULL,NULL,NULL,'20000000','0','بابت برگشت  يک فقره چک به مبلغ کل  20000000 بابت و','NO',NULL,NULL,NULL),
 (226,1319,110,NULL,NULL,NULL,NULL,'1000000','0','بابت برگشت  يک فقره چک به مبلغ کل  1000000 بابت وا','NO',NULL,NULL,NULL),
 (227,1320,110,NULL,NULL,NULL,NULL,'1000000','0','بابت برگشت  يک فقره چک به مبلغ کل  1000000 بابت وا','NO',NULL,NULL,NULL),
 (228,1321,110,NULL,NULL,NULL,NULL,'36000000','0','بابت برگشت  يک فقره چک به مبلغ کل  36000000 بابت و','NO',NULL,NULL,NULL),
 (229,1322,110,NULL,NULL,NULL,NULL,'50000000','0','بابت برگشت  يک فقره چک به مبلغ کل  50000000 بابت و','NO',NULL,NULL,NULL),
 (230,1323,110,NULL,NULL,NULL,NULL,'36000000','0','بابت برگشت  يک فقره چک به مبلغ کل  36000000 بابت و','NO',NULL,NULL,NULL),
 (231,1324,110,NULL,NULL,NULL,NULL,'36000000','0','بابت برگشت  يک فقره چک به مبلغ کل  36000000 بابت و','NO',NULL,NULL,NULL),
 (232,1325,110,NULL,NULL,NULL,NULL,'36000000','0','بابت برگشت  يک فقره چک به مبلغ کل  36000000 بابت و','NO',NULL,NULL,NULL),
 (233,1326,110,NULL,NULL,NULL,NULL,'36000000','0','بابت برگشت  يک فقره چک به مبلغ کل  36000000 بابت و','NO',NULL,NULL,NULL),
 (234,1327,110,NULL,NULL,NULL,NULL,'36000000','0','بابت برگشت  يک فقره چک به مبلغ کل  36000000 بابت و','NO',NULL,NULL,NULL),
 (235,1328,110,NULL,NULL,NULL,NULL,'36000000','0','بابت برگشت  يک فقره چک به مبلغ کل  36000000 بابت و','NO',NULL,NULL,NULL),
 (236,1329,110,NULL,NULL,NULL,NULL,'36000000','0','بابت برگشت  يک فقره چک به مبلغ کل  36000000 بابت و','NO',NULL,NULL,NULL),
 (237,1330,110,NULL,NULL,NULL,NULL,'36000000','0','بابت برگشت  يک فقره چک به مبلغ کل  36000000 بابت و','NO',NULL,NULL,NULL),
 (238,1331,104,NULL,NULL,NULL,NULL,'0','1','چک به شماره 23425 صادره از بانک ملي 73511 به نام ر','NO',NULL,NULL,NULL),
 (239,1332,104,NULL,NULL,NULL,NULL,'0','1','چک به شماره 63335 صادره از بانک ملي 112007 به نام ','NO',NULL,NULL,NULL),
 (240,1333,104,NULL,NULL,NULL,NULL,'0','1','چک به شماره 228916 صادره از بانک ملي به نام محمد ا','NO',NULL,NULL,NULL),
 (241,1334,104,NULL,NULL,NULL,NULL,'0','1','چک به شماره 739386 صادره از بانک ملي به نام کاظم د','NO',NULL,NULL,NULL),
 (242,1335,104,NULL,NULL,NULL,NULL,'0','1','چک به شماره 964807 صادره از بانک پاسارگاد به نام م','NO',NULL,NULL,NULL),
 (243,1336,104,NULL,NULL,NULL,NULL,'0','1','چک به شماره 580830 صادره از بانک سفته به نام محمود','NO',NULL,NULL,NULL),
 (244,1337,104,NULL,NULL,NULL,NULL,'0','1','چک به شماره 580531 صادره از بانک سفته به نام محمود','NO',NULL,NULL,NULL),
 (245,1338,104,NULL,NULL,NULL,NULL,'0','1','چک به شماره 732513 صادره از بانک سفته به نام محمود','NO',NULL,NULL,NULL),
 (246,1339,104,NULL,NULL,NULL,NULL,'0','1','چک به شماره 732514 صادره از بانک سفته به نام محمود','NO',NULL,NULL,NULL),
 (247,1340,104,NULL,NULL,NULL,NULL,'0','1','چک به شماره 467697 صادره از بانک ملي شعبه پرديس به','NO',NULL,NULL,NULL),
 (248,1341,104,NULL,NULL,NULL,NULL,'0','1','چک به شماره 964808 صادره از بانک پاسارگاد کد221 به','NO',NULL,NULL,NULL),
 (249,1342,104,NULL,NULL,NULL,NULL,'0','1','چک به شماره 630652 صادره از بانک ملي پرديس به نام ','NO',NULL,NULL,NULL),
 (250,1343,104,NULL,NULL,NULL,NULL,'0','1','چک به شماره 732584 صادره از بانک سفته به نام غلامر','NO',NULL,NULL,NULL),
 (251,1344,104,NULL,NULL,NULL,NULL,'0','1','چک به شماره 897822 صادره از بانک سفته به نام غلامر','NO',NULL,NULL,NULL),
 (252,1345,104,NULL,NULL,NULL,NULL,'0','1','چک به شماره 897823 صادره از بانک سفته به نام غلامر','NO',NULL,NULL,NULL),
 (253,1346,104,NULL,NULL,NULL,NULL,'0','1','چک به شماره 732585 صادره از بانک سفته به نام غلامر','NO',NULL,NULL,NULL),
 (254,1347,104,NULL,NULL,NULL,NULL,'0','1','چک به شماره 713795 صادره از بانک تجارت -دانشگاه فر','NO',NULL,NULL,NULL),
 (255,1348,104,NULL,NULL,NULL,NULL,'0','1','چک به شماره 713796 صادره از بانک تجارت -دانشگاه فر','NO',NULL,NULL,NULL),
 (238,1349,105,NULL,NULL,NULL,NULL,'0','36000000','چک به شماره 23425 صادره از بانک ملي 73511 به نام ر','NO',NULL,NULL,NULL),
 (239,1350,105,NULL,NULL,NULL,NULL,'0','36000000','چک به شماره 63335 صادره از بانک ملي 112007 به نام ','NO',NULL,NULL,NULL),
 (240,1351,105,NULL,NULL,NULL,NULL,'0','36000000','چک به شماره 228916 صادره از بانک ملي به نام محمد ا','NO',NULL,NULL,NULL),
 (241,1352,105,NULL,NULL,NULL,NULL,'0','36000000','چک به شماره 739386 صادره از بانک ملي به نام کاظم د','NO',NULL,NULL,NULL),
 (242,1353,105,NULL,NULL,NULL,NULL,'0','36000000','چک به شماره 964807 صادره از بانک پاسارگاد به نام م','NO',NULL,NULL,NULL),
 (243,1354,105,NULL,NULL,NULL,NULL,'0','20000000','چک به شماره 580830 صادره از بانک سفته به نام محمود','NO',NULL,NULL,NULL),
 (244,1355,105,NULL,NULL,NULL,NULL,'0','20000000','چک به شماره 580531 صادره از بانک سفته به نام محمود','NO',NULL,NULL,NULL),
 (245,1356,105,NULL,NULL,NULL,NULL,'0','1000000','چک به شماره 732513 صادره از بانک سفته به نام محمود','NO',NULL,NULL,NULL),
 (246,1357,105,NULL,NULL,NULL,NULL,'0','1000000','چک به شماره 732514 صادره از بانک سفته به نام محمود','NO',NULL,NULL,NULL),
 (247,1358,105,NULL,NULL,NULL,NULL,'0','36000000','چک به شماره 467697 صادره از بانک ملي شعبه پرديس به','NO',NULL,NULL,NULL),
 (248,1359,105,NULL,NULL,NULL,NULL,'0','30000000','چک به شماره 964808 صادره از بانک پاسارگاد کد221 به','NO',NULL,NULL,NULL),
 (249,1360,105,NULL,NULL,NULL,NULL,'0','36000000','چک به شماره 630652 صادره از بانک ملي پرديس به نام ','NO',NULL,NULL,NULL),
 (250,1361,105,NULL,NULL,NULL,NULL,'0','1000000','چک به شماره 732584 صادره از بانک سفته به نام غلامر','NO',NULL,NULL,NULL),
 (251,1362,105,NULL,NULL,NULL,NULL,'0','20000000','چک به شماره 897822 صادره از بانک سفته به نام غلامر','NO',NULL,NULL,NULL),
 (252,1363,105,NULL,NULL,NULL,NULL,'0','20000000','چک به شماره 897823 صادره از بانک سفته به نام غلامر','NO',NULL,NULL,NULL),
 (253,1364,105,NULL,NULL,NULL,NULL,'0','1000000','چک به شماره 732585 صادره از بانک سفته به نام غلامر','NO',NULL,NULL,NULL),
 (254,1365,105,NULL,NULL,NULL,NULL,'0','240000000','چک به شماره 713795 صادره از بانک تجارت -دانشگاه فر','NO',NULL,NULL,NULL),
 (255,1366,105,NULL,NULL,NULL,NULL,'0','10000000','چک به شماره 713796 صادره از بانک تجارت -دانشگاه فر','NO',NULL,NULL,NULL),
 (238,1367,109,NULL,NULL,NULL,NULL,'1','0','بابت برگشت  يک فقره چک به مبلغ کل  36000000 بابت و','NO',NULL,NULL,NULL),
 (239,1368,109,NULL,NULL,NULL,NULL,'1','0','بابت برگشت  يک فقره چک به مبلغ کل  36000000 بابت و','NO',NULL,NULL,NULL),
 (240,1369,109,NULL,NULL,NULL,NULL,'1','0','بابت برگشت  يک فقره چک به مبلغ کل  36000000 بابت و','NO',NULL,NULL,NULL),
 (241,1370,109,NULL,NULL,NULL,NULL,'1','0','بابت برگشت  يک فقره چک به مبلغ کل  36000000 بابت و','NO',NULL,NULL,NULL),
 (242,1371,109,NULL,NULL,NULL,NULL,'1','0','بابت برگشت  يک فقره چک به مبلغ کل  36000000 بابت و','NO',NULL,NULL,NULL),
 (243,1372,109,NULL,NULL,NULL,NULL,'1','0','بابت برگشت  يک فقره چک به مبلغ کل  20000000 بابت و','NO',NULL,NULL,NULL),
 (244,1373,109,NULL,NULL,NULL,NULL,'1','0','بابت برگشت  يک فقره چک به مبلغ کل  20000000 بابت و','NO',NULL,NULL,NULL),
 (245,1374,109,NULL,NULL,NULL,NULL,'1','0','بابت برگشت  يک فقره چک به مبلغ کل  1000000 بابت وا','NO',NULL,NULL,NULL),
 (246,1375,109,NULL,NULL,NULL,NULL,'1','0','بابت برگشت  يک فقره چک به مبلغ کل  1000000 بابت وا','NO',NULL,NULL,NULL),
 (247,1376,109,NULL,NULL,NULL,NULL,'1','0','بابت برگشت  يک فقره چک به مبلغ کل  36000000 بابت و','NO',NULL,NULL,NULL),
 (248,1377,109,NULL,NULL,NULL,NULL,'1','0','بابت برگشت  يک فقره چک به مبلغ کل  30000000 بابت و','NO',NULL,NULL,NULL),
 (249,1378,109,NULL,NULL,NULL,NULL,'1','0','بابت برگشت  يک فقره چک به مبلغ کل  36000000 بابت و','NO',NULL,NULL,NULL),
 (250,1379,109,NULL,NULL,NULL,NULL,'1','0','بابت برگشت  يک فقره چک به مبلغ کل  1000000 بابت وا','NO',NULL,NULL,NULL),
 (251,1380,109,NULL,NULL,NULL,NULL,'1','0','بابت برگشت  يک فقره چک به مبلغ کل  20000000 بابت و','NO',NULL,NULL,NULL),
 (252,1381,109,NULL,NULL,NULL,NULL,'1','0','بابت برگشت  يک فقره چک به مبلغ کل  20000000 بابت و','NO',NULL,NULL,NULL),
 (253,1382,109,NULL,NULL,NULL,NULL,'1','0','بابت برگشت  يک فقره چک به مبلغ کل  1000000 بابت وا','NO',NULL,NULL,NULL),
 (254,1383,109,NULL,NULL,NULL,NULL,'1','0','بابت برگشت  يک فقره چک به مبلغ کل  240000000 بابت ','NO',NULL,NULL,NULL),
 (255,1384,109,NULL,NULL,NULL,NULL,'1','0','بابت برگشت  يک فقره چک به مبلغ کل  10000000 بابت و','NO',NULL,NULL,NULL),
 (238,1385,110,NULL,NULL,NULL,NULL,'36000000','0','بابت برگشت  يک فقره چک به مبلغ کل  36000000 بابت و','NO',NULL,NULL,NULL),
 (239,1386,110,NULL,NULL,NULL,NULL,'36000000','0','بابت برگشت  يک فقره چک به مبلغ کل  36000000 بابت و','NO',NULL,NULL,NULL),
 (240,1387,110,NULL,NULL,NULL,NULL,'36000000','0','بابت برگشت  يک فقره چک به مبلغ کل  36000000 بابت و','NO',NULL,NULL,NULL),
 (241,1388,110,NULL,NULL,NULL,NULL,'36000000','0','بابت برگشت  يک فقره چک به مبلغ کل  36000000 بابت و','NO',NULL,NULL,NULL),
 (242,1389,110,NULL,NULL,NULL,NULL,'36000000','0','بابت برگشت  يک فقره چک به مبلغ کل  36000000 بابت و','NO',NULL,NULL,NULL),
 (243,1390,110,NULL,NULL,NULL,NULL,'20000000','0','بابت برگشت  يک فقره چک به مبلغ کل  20000000 بابت و','NO',NULL,NULL,NULL),
 (244,1391,110,NULL,NULL,NULL,NULL,'20000000','0','بابت برگشت  يک فقره چک به مبلغ کل  20000000 بابت و','NO',NULL,NULL,NULL),
 (245,1392,110,NULL,NULL,NULL,NULL,'1000000','0','بابت برگشت  يک فقره چک به مبلغ کل  1000000 بابت وا','NO',NULL,NULL,NULL),
 (246,1393,110,NULL,NULL,NULL,NULL,'1000000','0','بابت برگشت  يک فقره چک به مبلغ کل  1000000 بابت وا','NO',NULL,NULL,NULL),
 (247,1394,110,NULL,NULL,NULL,NULL,'36000000','0','بابت برگشت  يک فقره چک به مبلغ کل  36000000 بابت و','NO',NULL,NULL,NULL),
 (248,1395,110,NULL,NULL,NULL,NULL,'30000000','0','بابت برگشت  يک فقره چک به مبلغ کل  30000000 بابت و','NO',NULL,NULL,NULL),
 (249,1396,110,NULL,NULL,NULL,NULL,'36000000','0','بابت برگشت  يک فقره چک به مبلغ کل  36000000 بابت و','NO',NULL,NULL,NULL),
 (250,1397,110,NULL,NULL,NULL,NULL,'1000000','0','بابت برگشت  يک فقره چک به مبلغ کل  1000000 بابت وا','NO',NULL,NULL,NULL),
 (251,1398,110,NULL,NULL,NULL,NULL,'20000000','0','بابت برگشت  يک فقره چک به مبلغ کل  20000000 بابت و','NO',NULL,NULL,NULL),
 (252,1399,110,NULL,NULL,NULL,NULL,'20000000','0','بابت برگشت  يک فقره چک به مبلغ کل  20000000 بابت و','NO',NULL,NULL,NULL),
 (253,1400,110,NULL,NULL,NULL,NULL,'1000000','0','بابت برگشت  يک فقره چک به مبلغ کل  1000000 بابت وا','NO',NULL,NULL,NULL),
 (254,1401,110,NULL,NULL,NULL,NULL,'240000000','0','بابت برگشت  يک فقره چک به مبلغ کل  240000000 بابت ','NO',NULL,NULL,NULL),
 (255,1402,110,NULL,NULL,NULL,NULL,'10000000','0','بابت برگشت  يک فقره چک به مبلغ کل  10000000 بابت و','NO',NULL,NULL,NULL),
 (256,1403,104,NULL,NULL,NULL,NULL,'0','1','چک به شماره 898385 صادره از بانک تجارت -دانشگاه فر','NO',NULL,NULL,NULL),
 (257,1404,104,NULL,NULL,NULL,NULL,'0','1','چک به شماره 713798 صادره از بانک تجارت -دانشگاه فر','NO',NULL,NULL,NULL),
 (258,1405,104,NULL,NULL,NULL,NULL,'0','1','چک به شماره 713797 صادره از بانک تجارت -دانشگاه فر','NO',NULL,NULL,NULL),
 (259,1406,104,NULL,NULL,NULL,NULL,'0','1','چک به شماره 806551 صادره از بانک تجارت دانشگاه به ','NO',NULL,NULL,NULL),
 (260,1407,104,NULL,NULL,NULL,NULL,'0','1','چک به شماره 781087 صادره از بانک تجارت دانشگاه به ','NO',NULL,NULL,NULL),
 (261,1408,104,NULL,NULL,NULL,NULL,'0','1','چک به شماره 300658 صادره از بانک سفته به نام شهربا','NO',NULL,NULL,NULL),
 (262,1409,104,NULL,NULL,NULL,NULL,'0','1','چک به شماره 335320 صادره از بانک ملي 994000 به نام','NO',NULL,NULL,NULL),
 (263,1410,104,NULL,NULL,NULL,NULL,'0','1','چک به شماره 686586 صادره از بانک سفته قاسمي کاکايي','NO',NULL,NULL,NULL),
 (264,1411,104,NULL,NULL,NULL,NULL,'0','1','چک به شماره 772784 صادره از بانک سفته کميلي به نام','NO',NULL,NULL,NULL),
 (265,1412,104,NULL,NULL,NULL,NULL,'0','1','چک به شماره 772783 صادره از بانک سفته کميلي به نام','NO',NULL,NULL,NULL),
 (266,1413,104,NULL,NULL,NULL,NULL,'0','1','چک به شماره 772782 صادره از بانک سفته کميلي به نام','NO',NULL,NULL,NULL),
 (267,1414,104,NULL,NULL,NULL,NULL,'0','1','چک به شماره 772785 صادره از بانک سفته کميلي به نام','NO',NULL,NULL,NULL),
 (268,1415,104,NULL,NULL,NULL,NULL,'0','1','چک به شماره 948504 صادره از بانک سفته به نام کاوه ','NO',NULL,NULL,NULL),
 (269,1416,104,NULL,NULL,NULL,NULL,'0','1','چک به شماره 260356 صادره از بانک سفته به نام کاوه ','NO',NULL,NULL,NULL),
 (270,1417,104,NULL,NULL,NULL,NULL,'0','1','چک به شماره 948505 صادره از بانک سفته به نام کاوه ','NO',NULL,NULL,NULL),
 (271,1418,104,NULL,NULL,NULL,NULL,'0','1','چک به شماره 260357 صادره از بانک شفته به نام شرکت ','NO',NULL,NULL,NULL),
 (272,1419,104,NULL,NULL,NULL,NULL,'0','1','چک به شماره 948506 صادره از بانک سفته به نام شرکت ','NO',NULL,NULL,NULL),
 (273,1420,104,NULL,NULL,NULL,NULL,'0','1','چک به شماره 948507 صادره از بانک سفته به نام شرکت ','NO',NULL,NULL,NULL),
 (256,1421,105,NULL,NULL,NULL,NULL,'0','200000000','چک به شماره 898385 صادره از بانک تجارت -دانشگاه فر','NO',NULL,NULL,NULL),
 (257,1422,105,NULL,NULL,NULL,NULL,'0','18000000','چک به شماره 713798 صادره از بانک تجارت -دانشگاه فر','NO',NULL,NULL,NULL),
 (258,1423,105,NULL,NULL,NULL,NULL,'0','28000000','چک به شماره 713797 صادره از بانک تجارت -دانشگاه فر','NO',NULL,NULL,NULL),
 (259,1424,105,NULL,NULL,NULL,NULL,'0','36000000','چک به شماره 806551 صادره از بانک تجارت دانشگاه به ','NO',NULL,NULL,NULL),
 (260,1425,105,NULL,NULL,NULL,NULL,'0','36000000','چک به شماره 781087 صادره از بانک تجارت دانشگاه به ','NO',NULL,NULL,NULL),
 (261,1426,105,NULL,NULL,NULL,NULL,'0','100000000','چک به شماره 300658 صادره از بانک سفته به نام شهربا','NO',NULL,NULL,NULL),
 (262,1427,105,NULL,NULL,NULL,NULL,'0','36000000','چک به شماره 335320 صادره از بانک ملي 994000 به نام','NO',NULL,NULL,NULL),
 (263,1428,105,NULL,NULL,NULL,NULL,'0','20000000','چک به شماره 686586 صادره از بانک سفته قاسمي کاکايي','NO',NULL,NULL,NULL),
 (264,1429,105,NULL,NULL,NULL,NULL,'0','1000000','چک به شماره 772784 صادره از بانک سفته کميلي به نام','NO',NULL,NULL,NULL),
 (265,1430,105,NULL,NULL,NULL,NULL,'0','1000000','چک به شماره 772783 صادره از بانک سفته کميلي به نام','NO',NULL,NULL,NULL),
 (266,1431,105,NULL,NULL,NULL,NULL,'0','1000000','چک به شماره 772782 صادره از بانک سفته کميلي به نام','NO',NULL,NULL,NULL),
 (267,1432,105,NULL,NULL,NULL,NULL,'0','1000000','چک به شماره 772785 صادره از بانک سفته کميلي به نام','NO',NULL,NULL,NULL),
 (268,1433,105,NULL,NULL,NULL,NULL,'0','20000000','چک به شماره 948504 صادره از بانک سفته به نام کاوه ','NO',NULL,NULL,NULL),
 (269,1434,105,NULL,NULL,NULL,NULL,'0','100000000','چک به شماره 260356 صادره از بانک سفته به نام کاوه ','NO',NULL,NULL,NULL),
 (270,1435,105,NULL,NULL,NULL,NULL,'0','20000000','چک به شماره 948505 صادره از بانک سفته به نام کاوه ','NO',NULL,NULL,NULL),
 (271,1436,105,NULL,NULL,NULL,NULL,'0','100000000','چک به شماره 260357 صادره از بانک شفته به نام شرکت ','NO',NULL,NULL,NULL),
 (272,1437,105,NULL,NULL,NULL,NULL,'0','20000000','چک به شماره 948506 صادره از بانک سفته به نام شرکت ','NO',NULL,NULL,NULL),
 (273,1438,105,NULL,NULL,NULL,NULL,'0','20000000','چک به شماره 948507 صادره از بانک سفته به نام شرکت ','NO',NULL,NULL,NULL),
 (256,1439,109,NULL,NULL,NULL,NULL,'1','0','بابت برگشت  يک فقره چک به مبلغ کل  200000000 بابت ','NO',NULL,NULL,NULL),
 (257,1440,109,NULL,NULL,NULL,NULL,'1','0','بابت برگشت  يک فقره چک به مبلغ کل  18000000 بابت و','NO',NULL,NULL,NULL),
 (258,1441,109,NULL,NULL,NULL,NULL,'1','0','بابت برگشت  يک فقره چک به مبلغ کل  28000000 بابت و','NO',NULL,NULL,NULL),
 (259,1442,109,NULL,NULL,NULL,NULL,'1','0','بابت برگشت  يک فقره چک به مبلغ کل  36000000 بابت و','NO',NULL,NULL,NULL),
 (260,1443,109,NULL,NULL,NULL,NULL,'1','0','بابت برگشت  يک فقره چک به مبلغ کل  36000000 بابت و','NO',NULL,NULL,NULL),
 (261,1444,109,NULL,NULL,NULL,NULL,'1','0','بابت برگشت  يک فقره چک به مبلغ کل  100000000 بابت ','NO',NULL,NULL,NULL),
 (262,1445,109,NULL,NULL,NULL,NULL,'1','0','بابت برگشت  يک فقره چک به مبلغ کل  36000000 بابت و','NO',NULL,NULL,NULL),
 (263,1446,109,NULL,NULL,NULL,NULL,'1','0','بابت برگشت  يک فقره چک به مبلغ کل  20000000 بابت و','NO',NULL,NULL,NULL),
 (264,1447,109,NULL,NULL,NULL,NULL,'1','0','بابت برگشت  يک فقره چک به مبلغ کل  1000000 بابت وا','NO',NULL,NULL,NULL),
 (265,1448,109,NULL,NULL,NULL,NULL,'1','0','بابت برگشت  يک فقره چک به مبلغ کل  1000000 بابت وا','NO',NULL,NULL,NULL),
 (266,1449,109,NULL,NULL,NULL,NULL,'1','0','بابت برگشت  يک فقره چک به مبلغ کل  1000000 بابت وا','NO',NULL,NULL,NULL),
 (267,1450,109,NULL,NULL,NULL,NULL,'1','0','بابت برگشت  يک فقره چک به مبلغ کل  1000000 بابت وا','NO',NULL,NULL,NULL),
 (268,1451,109,NULL,NULL,NULL,NULL,'1','0','بابت برگشت  يک فقره چک به مبلغ کل  20000000 بابت و','NO',NULL,NULL,NULL),
 (269,1452,109,NULL,NULL,NULL,NULL,'1','0','بابت برگشت  يک فقره چک به مبلغ کل  100000000 بابت ','NO',NULL,NULL,NULL),
 (270,1453,109,NULL,NULL,NULL,NULL,'1','0','بابت برگشت  يک فقره چک به مبلغ کل  20000000 بابت و','NO',NULL,NULL,NULL),
 (271,1454,109,NULL,NULL,NULL,NULL,'1','0','بابت برگشت  يک فقره چک به مبلغ کل  100000000 بابت ','NO',NULL,NULL,NULL),
 (272,1455,109,NULL,NULL,NULL,NULL,'1','0','بابت برگشت  يک فقره چک به مبلغ کل  20000000 بابت و','NO',NULL,NULL,NULL),
 (273,1456,109,NULL,NULL,NULL,NULL,'1','0','بابت برگشت  يک فقره چک به مبلغ کل  20000000 بابت و','NO',NULL,NULL,NULL),
 (256,1457,110,NULL,NULL,NULL,NULL,'200000000','0','بابت برگشت  يک فقره چک به مبلغ کل  200000000 بابت ','NO',NULL,NULL,NULL),
 (257,1458,110,NULL,NULL,NULL,NULL,'18000000','0','بابت برگشت  يک فقره چک به مبلغ کل  18000000 بابت و','NO',NULL,NULL,NULL),
 (258,1459,110,NULL,NULL,NULL,NULL,'28000000','0','بابت برگشت  يک فقره چک به مبلغ کل  28000000 بابت و','NO',NULL,NULL,NULL),
 (259,1460,110,NULL,NULL,NULL,NULL,'36000000','0','بابت برگشت  يک فقره چک به مبلغ کل  36000000 بابت و','NO',NULL,NULL,NULL),
 (260,1461,110,NULL,NULL,NULL,NULL,'36000000','0','بابت برگشت  يک فقره چک به مبلغ کل  36000000 بابت و','NO',NULL,NULL,NULL),
 (261,1462,110,NULL,NULL,NULL,NULL,'100000000','0','بابت برگشت  يک فقره چک به مبلغ کل  100000000 بابت ','NO',NULL,NULL,NULL),
 (262,1463,110,NULL,NULL,NULL,NULL,'36000000','0','بابت برگشت  يک فقره چک به مبلغ کل  36000000 بابت و','NO',NULL,NULL,NULL),
 (263,1464,110,NULL,NULL,NULL,NULL,'20000000','0','بابت برگشت  يک فقره چک به مبلغ کل  20000000 بابت و','NO',NULL,NULL,NULL),
 (264,1465,110,NULL,NULL,NULL,NULL,'1000000','0','بابت برگشت  يک فقره چک به مبلغ کل  1000000 بابت وا','NO',NULL,NULL,NULL),
 (265,1466,110,NULL,NULL,NULL,NULL,'1000000','0','بابت برگشت  يک فقره چک به مبلغ کل  1000000 بابت وا','NO',NULL,NULL,NULL),
 (266,1467,110,NULL,NULL,NULL,NULL,'1000000','0','بابت برگشت  يک فقره چک به مبلغ کل  1000000 بابت وا','NO',NULL,NULL,NULL),
 (267,1468,110,NULL,NULL,NULL,NULL,'1000000','0','بابت برگشت  يک فقره چک به مبلغ کل  1000000 بابت وا','NO',NULL,NULL,NULL),
 (268,1469,110,NULL,NULL,NULL,NULL,'20000000','0','بابت برگشت  يک فقره چک به مبلغ کل  20000000 بابت و','NO',NULL,NULL,NULL),
 (269,1470,110,NULL,NULL,NULL,NULL,'100000000','0','بابت برگشت  يک فقره چک به مبلغ کل  100000000 بابت ','NO',NULL,NULL,NULL),
 (270,1471,110,NULL,NULL,NULL,NULL,'20000000','0','بابت برگشت  يک فقره چک به مبلغ کل  20000000 بابت و','NO',NULL,NULL,NULL),
 (271,1472,110,NULL,NULL,NULL,NULL,'100000000','0','بابت برگشت  يک فقره چک به مبلغ کل  100000000 بابت ','NO',NULL,NULL,NULL),
 (272,1473,110,NULL,NULL,NULL,NULL,'20000000','0','بابت برگشت  يک فقره چک به مبلغ کل  20000000 بابت و','NO',NULL,NULL,NULL),
 (273,1474,110,NULL,NULL,NULL,NULL,'20000000','0','بابت برگشت  يک فقره چک به مبلغ کل  20000000 بابت و','NO',NULL,NULL,NULL),
 (278,1475,1,NULL,NULL,NULL,NULL,'0','150000000',' برداشت از سپرده کوتاه مدت شماره 2 سود سپرده مهدوي و ابراهيمي','NO',NULL,NULL,NULL),
 (279,1476,1,NULL,NULL,NULL,NULL,'0','21888000',' برداشت از سپرده کوتاه مدت شماره 2 سود سپرده مهدوي و ابراهيمي','NO',NULL,NULL,NULL),
 (280,1477,1,NULL,NULL,NULL,NULL,'0','50000000',' برداشت از سپرده کوتاه مدت شماره 2 سود سپرده مهدوي و ابراهيمي','NO',NULL,NULL,NULL),
 (281,1478,1,NULL,NULL,NULL,NULL,'150000000','0','عملکرد صندوق در برداشت ازسپرده ابراهيمي و حواله بحساب قاسم دلارامي ','NO',NULL,NULL,NULL),
 (281,1479,1,NULL,NULL,NULL,NULL,'21888000','0','عملکرد صندوق در برداشت ازسپرده ابراهيمي و حواله بحساب محمدرضا کاشاني ','NO',NULL,NULL,NULL),
 (281,1480,1,NULL,NULL,NULL,NULL,'50000000','0','عملکرد صندوق در برداشت ازسپرده ابراهيمي و حواله بحساب سيدهادي ابراهيمي ','NO',NULL,NULL,NULL),
 (282,1481,1,NULL,NULL,NULL,NULL,'0','500000','برداشت حساب پس انداز  -کاظم دوست علي','NO',NULL,NULL,NULL),
 (292,1482,1,NULL,NULL,NULL,NULL,'16170000','0','دريافت اقساط','NO',NULL,NULL,NULL),
 (293,1483,1,NULL,NULL,NULL,NULL,'0','16170000','واريزي هواخورشيد به تجارت بابت اقساط دکترضابط و هواخورشيد','NO',NULL,NULL,NULL),
 (297,1484,1,NULL,NULL,NULL,NULL,'3410000','0',' واريز به سپرده کوتاه مدت شماره 1 دانشگاه فردوسي مشهد','NO',NULL,NULL,NULL),
 (294,1485,2,3,1,NULL,NULL,'11550000','0','دريافت اقساط','NO',NULL,NULL,NULL),
 (295,1486,2,3,1,NULL,NULL,'3410000','0','دريافت اقساط','NO',NULL,NULL,NULL),
 (281,1487,17,NULL,NULL,NULL,NULL,'0','221888000','حواله از حساب ابراهيمي بحساب آقايان قاسم دلارامي و محمدرضا کاشاني و سيدهادي ابراهيمي ','NO',NULL,NULL,NULL),
 (293,1488,17,NULL,NULL,NULL,NULL,'16170000','0','واريزي هواخورشيد به تجارت بابت اقساط دکترضابط و هواخورشيد','NO',NULL,NULL,NULL),
 (292,1489,46,1,1052,NULL,NULL,'0','10570000',' پرداخت قسط  3 وام شماره 177','NO',NULL,NULL,NULL),
 (292,1490,46,1,1054,NULL,NULL,'0','5600000',' پرداخت قسط  3 وام شماره 178','NO',NULL,NULL,NULL),
 (298,1491,48,1,1054,NULL,NULL,'0','61715000',' پرداخت قسط  8 وام شماره 135','NO',NULL,NULL,NULL),
 (282,1492,65,1,1171,NULL,NULL,'500000','0','برداشت حساب پس انداز  -کاظم دوست علي','NO',NULL,NULL,NULL),
 (297,1493,66,1,1002,NULL,NULL,'0','3410000',' واريز به سپرده کوتاه مدت شماره 1 دانشگاه فردوسي مشهد','NO',NULL,NULL,NULL),
 (278,1494,66,1,1203,NULL,NULL,'150000000','0',' برداشت از سپرده کوتاه مدت شماره 2 سود سپرده مهدوي و ابراهيمي','NO',NULL,NULL,NULL),
 (279,1495,66,1,1203,NULL,NULL,'21888000','0',' برداشت از سپرده کوتاه مدت شماره 2 سود سپرده مهدوي و ابراهيمي','NO',NULL,NULL,NULL),
 (280,1496,66,1,1203,NULL,NULL,'50000000','0',' برداشت از سپرده کوتاه مدت شماره 2 سود سپرده مهدوي و ابراهيمي','NO',NULL,NULL,NULL),
 (274,1497,104,NULL,NULL,NULL,NULL,'0','1','چک به شماره 362947 صادره از بانک صنعت و معدن به نا','NO',NULL,NULL,NULL),
 (275,1498,104,NULL,NULL,NULL,NULL,'0','1','چک به شماره 64872844 صادره از بانک ملت 17 شهريور ب','NO',NULL,NULL,NULL),
 (276,1499,104,NULL,NULL,NULL,NULL,'0','1','چک به شماره 771189 صادره از بانک ملي -پرديس به نام','NO',NULL,NULL,NULL),
 (277,1500,104,NULL,NULL,NULL,NULL,'0','1','چک به شماره 103849 صادره از بانک ملي -پرديس به نام','NO',NULL,NULL,NULL),
 (283,1501,104,NULL,NULL,NULL,NULL,'1','0','چک به شماره وثيقه ملکي 545698 صادره از بانک وثيقه ملکي رضا درودي به نام شرکت پردازش گستر راتا به مبل','NO',NULL,NULL,NULL),
 (285,1502,104,NULL,NULL,NULL,NULL,'0','1','چک به شماره 819399 صادره از بانک تجارت به نام محمد','NO',NULL,NULL,NULL),
 (286,1503,104,NULL,NULL,NULL,NULL,'0','1','چک به شماره 368413 صادره از بانک تجارت به نام شرکت','NO',NULL,NULL,NULL),
 (287,1504,104,NULL,NULL,NULL,NULL,'0','1','چک به شماره 306794 صادره از بانک ملت به نام ابراهي','NO',NULL,NULL,NULL),
 (288,1505,104,NULL,NULL,NULL,NULL,'0','1','چک به شماره 522232 صادره از بانک تجارت به نام شرکت','NO',NULL,NULL,NULL),
 (289,1506,104,NULL,NULL,NULL,NULL,'0','1','چک به شماره 29889 صادره از بانک ملي پرديس به نام ش','NO',NULL,NULL,NULL),
 (290,1507,104,NULL,NULL,NULL,NULL,'0','1','چک به شماره 658992 صادره از بانک ملي پرديس به نام ','NO',NULL,NULL,NULL),
 (291,1508,104,NULL,NULL,NULL,NULL,'0','1','چک به شماره 469680 صادره از بانک تجارت. زماني خادم','NO',NULL,NULL,NULL),
 (274,1509,105,NULL,NULL,NULL,NULL,'0','100440000','چک به شماره 362947 صادره از بانک صنعت و معدن به نا','NO',NULL,NULL,NULL),
 (275,1510,105,NULL,NULL,NULL,NULL,'0','36000000','چک به شماره 64872844 صادره از بانک ملت 17 شهريور ب','NO',NULL,NULL,NULL),
 (276,1511,105,NULL,NULL,NULL,NULL,'0','36000000','چک به شماره 771189 صادره از بانک ملي -پرديس به نام','NO',NULL,NULL,NULL),
 (277,1512,105,NULL,NULL,NULL,NULL,'0','36000000','چک به شماره 103849 صادره از بانک ملي -پرديس به نام','NO',NULL,NULL,NULL),
 (283,1513,105,NULL,NULL,NULL,NULL,'600000000','0','چک به شماره وثيقه ملکي 545698 صادره از بانک وثيقه ملکي رضا درودي به نام شرکت پردازش گستر راتا به مبل','NO',NULL,NULL,NULL),
 (285,1514,105,NULL,NULL,NULL,NULL,'0','200000000','چک به شماره 819399 صادره از بانک تجارت به نام محمد','NO',NULL,NULL,NULL),
 (286,1515,105,NULL,NULL,NULL,NULL,'0','120000000','چک به شماره 368413 صادره از بانک تجارت به نام شرکت','NO',NULL,NULL,NULL),
 (287,1516,105,NULL,NULL,NULL,NULL,'0','120000000','چک به شماره 306794 صادره از بانک ملت به نام ابراهي','NO',NULL,NULL,NULL),
 (288,1517,105,NULL,NULL,NULL,NULL,'0','240000000','چک به شماره 522232 صادره از بانک تجارت به نام شرکت','NO',NULL,NULL,NULL),
 (289,1518,105,NULL,NULL,NULL,NULL,'0','240000000','چک به شماره 29889 صادره از بانک ملي پرديس به نام ش','NO',NULL,NULL,NULL),
 (290,1519,105,NULL,NULL,NULL,NULL,'0','120000000','چک به شماره 658992 صادره از بانک ملي پرديس به نام ','NO',NULL,NULL,NULL),
 (291,1520,105,NULL,NULL,NULL,NULL,'0','24000000','چک به شماره 469680 صادره از بانک تجارت. زماني خادم','NO',NULL,NULL,NULL),
 (274,1521,109,NULL,NULL,NULL,NULL,'1','0','بابت برگشت  يک فقره چک به مبلغ کل  100440000','NO',NULL,NULL,NULL),
 (275,1522,109,NULL,NULL,NULL,NULL,'1','0','بابت برگشت  يک فقره چک به مبلغ کل  36000000 بابت و','NO',NULL,NULL,NULL),
 (276,1523,109,NULL,NULL,NULL,NULL,'1','0','بابت برگشت  يک فقره چک به مبلغ کل  36000000 بابت و','NO',NULL,NULL,NULL),
 (277,1524,109,NULL,NULL,NULL,NULL,'1','0','بابت برگشت  يک فقره چک به مبلغ کل  36000000 بابت و','NO',NULL,NULL,NULL),
 (283,1525,109,NULL,NULL,NULL,NULL,'0','1','بابت دريافت 1 فقره چک به مبلغ کل  600000000 بابت وام  شرکت پردازش گستر راتا','NO',NULL,NULL,NULL),
 (285,1526,109,NULL,NULL,NULL,NULL,'1','0','بابت برگشت  يک فقره چک به مبلغ کل  200000000 بابت ','NO',NULL,NULL,NULL),
 (286,1527,109,NULL,NULL,NULL,NULL,'1','0','بابت برگشت  يک فقره چک به مبلغ کل  120000000 بابت ','NO',NULL,NULL,NULL),
 (287,1528,109,NULL,NULL,NULL,NULL,'1','0','بابت برگشت  يک فقره چک به مبلغ کل  120000000 بابت ','NO',NULL,NULL,NULL),
 (288,1529,109,NULL,NULL,NULL,NULL,'1','0','بابت برگشت  يک فقره چک به مبلغ کل  240000000 بابت ','NO',NULL,NULL,NULL),
 (289,1530,109,NULL,NULL,NULL,NULL,'1','0','بابت برگشت  يک فقره چک به مبلغ کل  240000000 بابت ','NO',NULL,NULL,NULL),
 (290,1531,109,NULL,NULL,NULL,NULL,'1','0','بابت برگشت  يک فقره چک به مبلغ کل  120000000 بابت ','NO',NULL,NULL,NULL),
 (291,1532,109,NULL,NULL,NULL,NULL,'1','0','بابت برگشت  يک فقره چک به مبلغ کل  24000000 بابت و','NO',NULL,NULL,NULL),
 (274,1533,110,NULL,NULL,NULL,NULL,'100440000','0','بابت برگشت  يک فقره چک به مبلغ کل  100440000','NO',NULL,NULL,NULL),
 (275,1534,110,NULL,NULL,NULL,NULL,'36000000','0','بابت برگشت  يک فقره چک به مبلغ کل  36000000 بابت و','NO',NULL,NULL,NULL),
 (276,1535,110,NULL,NULL,NULL,NULL,'36000000','0','بابت برگشت  يک فقره چک به مبلغ کل  36000000 بابت و','NO',NULL,NULL,NULL),
 (277,1536,110,NULL,NULL,NULL,NULL,'36000000','0','بابت برگشت  يک فقره چک به مبلغ کل  36000000 بابت و','NO',NULL,NULL,NULL),
 (283,1537,110,NULL,NULL,NULL,NULL,'0','600000000','بابت دريافت 1 فقره چک به مبلغ کل  600000000 بابت وام  شرکت پردازش گستر راتا','NO',NULL,NULL,NULL),
 (285,1538,110,NULL,NULL,NULL,NULL,'200000000','0','بابت برگشت  يک فقره چک به مبلغ کل  200000000 بابت ','NO',NULL,NULL,NULL),
 (286,1539,110,NULL,NULL,NULL,NULL,'120000000','0','بابت برگشت  يک فقره چک به مبلغ کل  120000000 بابت ','NO',NULL,NULL,NULL),
 (287,1540,110,NULL,NULL,NULL,NULL,'120000000','0','بابت برگشت  يک فقره چک به مبلغ کل  120000000 بابت ','NO',NULL,NULL,NULL),
 (288,1541,110,NULL,NULL,NULL,NULL,'240000000','0','بابت برگشت  يک فقره چک به مبلغ کل  240000000 بابت ','NO',NULL,NULL,NULL),
 (289,1542,110,NULL,NULL,NULL,NULL,'240000000','0','بابت برگشت  يک فقره چک به مبلغ کل  240000000 بابت ','NO',NULL,NULL,NULL),
 (290,1543,110,NULL,NULL,NULL,NULL,'120000000','0','بابت برگشت  يک فقره چک به مبلغ کل  120000000 بابت ','NO',NULL,NULL,NULL),
 (291,1544,110,NULL,NULL,NULL,NULL,'24000000','0','بابت برگشت  يک فقره چک به مبلغ کل  24000000 بابت و','NO',NULL,NULL,NULL),
 (294,1545,125,1,1123,1,1002,'0','11550000',' پرداخت قسط  10 وام شماره 119','NO',NULL,NULL,NULL),
 (295,1546,125,1,1064,1,1002,'0','3410000',' پرداخت قسط  5 وام شماره 147','NO',NULL,NULL,NULL),
 (298,1547,1,NULL,NULL,NULL,NULL,'77885000','0','دريافت اقساط','NO',NULL,NULL,NULL),
 (304,1548,1,NULL,NULL,NULL,NULL,'0','10570000','حذف پرداخت قسط','NO',NULL,NULL,NULL),
 (300,1549,1,NULL,NULL,NULL,NULL,'0','5600000','حذف پرداخت قسط','NO',NULL,NULL,NULL),
 (299,1550,1,NULL,NULL,NULL,NULL,'0','3410000','عملکرد صندوق درواريزقسط پارس شيمي بحساب سپرده دانشگاه ','NO',NULL,NULL,NULL),
 (303,1551,1,NULL,NULL,NULL,NULL,'0','3000000','برداشت حساب پس انداز  -محسن شاطريان (شرکت فناور نانو گستر آريا )','NO',NULL,NULL,NULL),
 (306,1552,1,NULL,NULL,NULL,NULL,'8400000','0','واريزي حساب پس انداز  -شرکت سما توس','NO',NULL,NULL,NULL),
 (310,1553,1,NULL,NULL,NULL,NULL,'33198600','0','واريزي حساب پس انداز  -فرخ سادات کلالي','NO',NULL,NULL,NULL),
 (311,1554,1,NULL,NULL,NULL,NULL,'83250000','0','واريزي حساب پس انداز  -حيدر قلي حيدري مزرجي','NO',NULL,NULL,NULL),
 (312,1555,1,NULL,NULL,NULL,NULL,'1366200','0','واريزي حساب پس انداز  -مسلم توريني','NO',NULL,NULL,NULL),
 (313,1556,1,NULL,NULL,NULL,NULL,'683100','0','واريزي حساب پس انداز  -سعيد عمراني','NO',NULL,NULL,NULL),
 (314,1557,1,NULL,NULL,NULL,NULL,'683100','0','واريزي حساب پس انداز  -آژير','NO',NULL,NULL,NULL),
 (315,1558,1,NULL,NULL,NULL,NULL,'9375000','0','واريزي حساب پس انداز  -هادي مسرور','NO',NULL,NULL,NULL),
 (316,1559,1,NULL,NULL,NULL,NULL,'2325000','0','واريزي حساب پس انداز  -عليرضا سيديان عنبراني','NO',NULL,NULL,NULL),
 (317,1560,1,NULL,NULL,NULL,NULL,'7800000','0','واريزي حساب پس انداز  -الهام افتخاري ','NO',NULL,NULL,NULL),
 (318,1561,1,NULL,NULL,NULL,NULL,'2010000','0','واريزي حساب پس انداز  -آذر آديني','NO',NULL,NULL,NULL),
 (319,1562,1,NULL,NULL,NULL,NULL,'2250000','0','واريزي حساب پس انداز  -محمد باقر طباطبايي','NO',NULL,NULL,NULL),
 (320,1563,1,NULL,NULL,NULL,NULL,'3305000','0','دريافت اقساط','NO',NULL,NULL,NULL),
 (309,1564,1,NULL,NULL,NULL,NULL,'0','683100','عملکرد صندوق در واريز پاداش و حق الجلسات هيئت مديره 93مهندس عمراني ','NO',NULL,NULL,NULL),
 (309,1565,1,NULL,NULL,NULL,NULL,'0','1366200','عملکرد صندوق در واريز پاداش و حق الجلسات هيئت مديره 93مهندس توريني ','NO',NULL,NULL,NULL),
 (309,1566,1,NULL,NULL,NULL,NULL,'0','83250000','عملکرد صندوق در واريز پاداش و حق الجلسات هيئت مديره 93دکتر حيدري ','NO',NULL,NULL,NULL),
 (309,1567,1,NULL,NULL,NULL,NULL,'0','33198600','عملکرد صندوق در واريز مهندس کلالي وپاداش و حق الجلسات هيئت مديره 93','NO',NULL,NULL,NULL),
 (309,1568,1,NULL,NULL,NULL,NULL,'0','3200000','عملکرد صندوق در برداشت از پس انداز رشيدي زاده شعبه پارک ','NO',NULL,NULL,NULL),
 (309,1569,1,NULL,NULL,NULL,NULL,'0','2250000','عملکرد صندوق در واريز پاداش و حق الجلسات هيئت مديره 93آقاي طباطبايي','NO',NULL,NULL,NULL),
 (309,1570,1,NULL,NULL,NULL,NULL,'0','3305000','عملکرد صندوق درواريز شرکت خرد و انديشه آقاي شاه تقي به شعبه پارک بابت اقساط ','NO',NULL,NULL,NULL),
 (309,1571,1,NULL,NULL,NULL,NULL,'0','683100','عملکرد صندوق در واريز پاداش و حق الجلسات هيئت مديره 93مهندس آژير ','NO',NULL,NULL,NULL),
 (309,1572,1,NULL,NULL,NULL,NULL,'0','2010000','عملکرد صندوق در واريز پاداش سال 93 خانم آديني ','NO',NULL,NULL,NULL),
 (309,1573,1,NULL,NULL,NULL,NULL,'0','7800000','عملکرد صندوق در واريز پاداش سال 93 خانم افتخاري ','NO',NULL,NULL,NULL),
 (309,1574,1,NULL,NULL,NULL,NULL,'0','2325000','عملکرد صندوق در واريز پاداش سال 93 آقاي سيديان ','NO',NULL,NULL,NULL),
 (309,1575,1,NULL,NULL,NULL,NULL,'0','9375000','عملکرد صندوق در واريز پاداش سال 93 آقاي مسرور ','NO',NULL,NULL,NULL),
 (321,1576,1,NULL,NULL,NULL,NULL,'1500000','0','دريافت اقساط','NO',NULL,NULL,NULL),
 (322,1577,1,NULL,NULL,NULL,NULL,'0','7800000','برداشت حساب پس انداز  -الهام افتخاري ','NO',NULL,NULL,NULL),
 (323,1578,1,NULL,NULL,NULL,NULL,'0','2010000','برداشت حساب پس انداز  -آذر آديني','NO',NULL,NULL,NULL),
 (324,1579,1,NULL,NULL,NULL,NULL,'0','9375000','برداشت حساب پس انداز  -هادي مسرور','NO',NULL,NULL,NULL),
 (309,1580,17,NULL,NULL,NULL,NULL,'33198600','0','عملکرد صندوق در واريز پاداش و حق الجلسات هيئت مديره سال 94مهندس کلالي','NO',NULL,NULL,NULL),
 (309,1581,17,NULL,NULL,NULL,NULL,'83250000','0','عملکرد صندوق در واريز پاداش و حق الجلسات هيئت مديره 93دکتر حيدري ','NO',NULL,NULL,NULL),
 (309,1582,17,NULL,NULL,NULL,NULL,'1366200','0','عملکرد صندوق در واريز پاداش و حق الجلسات هيئت مديره 93مهندس توريني ','NO',NULL,NULL,NULL),
 (309,1583,17,NULL,NULL,NULL,NULL,'683100','0','عملکرد صندوق در واريز پاداش و حق الجلسات هيئت مديره 93مهندس عمراني ','NO',NULL,NULL,NULL),
 (309,1584,17,NULL,NULL,NULL,NULL,'683100','0','عملکرد صندوق در واريز پاداش و حق الجلسات هيئت مديره 93مهندس آژير ','NO',NULL,NULL,NULL),
 (309,1585,17,NULL,NULL,NULL,NULL,'9375000','0','عملکرد صندوق در واريز پاداش سال 93 آقاي مسرور ','NO',NULL,NULL,NULL),
 (309,1586,17,NULL,NULL,NULL,NULL,'2325000','0','عملکرد صندوق در واريز پاداش سال 93 آقاي سيديان ','NO',NULL,NULL,NULL),
 (309,1587,17,NULL,NULL,NULL,NULL,'7800000','0','عملکرد صندوق در واريز پاداش سال 93 خانم افتخاري ','NO',NULL,NULL,NULL),
 (309,1588,17,NULL,NULL,NULL,NULL,'2010000','0','عملکرد صندوق در واريز پاداش سال 93 خانم آديني ','NO',NULL,NULL,NULL),
 (309,1589,17,NULL,NULL,NULL,NULL,'2250000','0','عملکرد صندوق در واريز پاداش و حق الجلسات هيئت مديره 93آقاي طباطبايي','NO',NULL,NULL,NULL),
 (309,1590,17,NULL,NULL,NULL,NULL,'3305000','0','واريزي شرکت خرد و انديشه آقاي شاه تقي به شعبه پارک بابت اقساط ','NO',NULL,NULL,NULL),
 (309,1591,17,NULL,NULL,NULL,NULL,'3200000','0','برداشت از پس انداز رشيدي زاده شعبه پارک ','NO',NULL,NULL,NULL),
 (309,1592,17,NULL,NULL,NULL,NULL,'0','1250250','ماليات کارشناسي جهان انديشه بابت شرکت هاي نوزن پارس و جهان سلول جهت واريز به دارائي ','NO',NULL,NULL,NULL),
 (320,1593,46,1,1074,NULL,NULL,'0','3305000',' پرداخت قسط  1 وام شماره 160','NO',NULL,NULL,NULL),
 (298,1594,46,1,1052,NULL,NULL,'0','10570000',' پرداخت قسط  4 وام شماره 177','NO',NULL,NULL,NULL),
 (304,1595,46,1,1052,NULL,NULL,'10570000','0',' حذف پرداخت قسط  4 وام شماره 177','NO',NULL,NULL,NULL),
 (298,1596,46,1,1054,NULL,NULL,'0','5600000',' پرداخت قسط  4 وام شماره 178','NO',NULL,NULL,NULL),
 (300,1597,46,1,1054,NULL,NULL,'5600000','0',' حذف پرداخت قسط  4 وام شماره 178','NO',NULL,NULL,NULL),
 (321,1598,46,1,1134,NULL,NULL,'0','1500000',' پرداخت قسط  13 وام شماره 9','NO',NULL,NULL,NULL),
 (317,1599,65,1,1025,NULL,NULL,'0','7800000','واريزي حساب پس انداز  -الهام افتخاري ','NO',NULL,NULL,NULL),
 (322,1600,65,1,1025,NULL,NULL,'7800000','0','برداشت حساب پس انداز  -الهام افتخاري ','NO',NULL,NULL,NULL),
 (310,1601,65,1,1198,NULL,NULL,'0','33198600','واريزي حساب پس انداز  -فرخ سادات کلالي','NO',NULL,NULL,NULL),
 (303,1602,65,1,1047,NULL,NULL,'3000000','0','برداشت حساب پس انداز  -محسن شاطريان (شرکت فناور نانو گستر آريا )','NO',NULL,NULL,NULL),
 (315,1603,65,1,1180,NULL,NULL,'0','9375000','واريزي حساب پس انداز  -هادي مسرور','NO',NULL,NULL,NULL),
 (311,1604,65,1,1201,NULL,NULL,'0','83250000','واريزي حساب پس انداز  -حيدر قلي حيدري مزرجي','NO',NULL,NULL,NULL),
 (319,1605,65,1,1202,NULL,NULL,'0','2250000','واريزي حساب پس انداز  -محمد باقر طباطبايي','NO',NULL,NULL,NULL),
 (318,1606,65,1,1095,NULL,NULL,'0','2010000','واريزي حساب پس انداز  -آذر آديني','NO',NULL,NULL,NULL),
 (323,1607,65,1,1095,NULL,NULL,'2010000','0','برداشت حساب پس انداز  -آذر آديني','NO',NULL,NULL,NULL),
 (313,1608,65,1,1222,NULL,NULL,'0','683100','واريزي حساب پس انداز  -سعيد عمراني','NO',NULL,NULL,NULL),
 (312,1609,65,1,1223,NULL,NULL,'0','1366200','واريزي حساب پس انداز  -مسلم توريني','NO',NULL,NULL,NULL),
 (314,1610,65,1,1224,NULL,NULL,'0','683100','واريزي حساب پس انداز  -آژير','NO',NULL,NULL,NULL),
 (316,1611,65,1,1107,NULL,NULL,'0','2325000','واريزي حساب پس انداز  -عليرضا سيديان عنبراني','NO',NULL,NULL,NULL),
 (306,1612,65,1,1187,NULL,NULL,'0','8400000','واريزي حساب پس انداز  -شرکت سما توس','NO',NULL,NULL,NULL),
 (309,1613,86,NULL,NULL,NULL,NULL,'1250250','0','ماليات کارشناسي جهان انديشه بابت شرکت هاي نوزن پارس و جهان سلول جهت واريز به دارائي ','NO',NULL,NULL,NULL),
 (299,1614,88,1,1002,NULL,NULL,'3410000','0','واريزقسط پارس شيمي بحساب سپرده دانشگاه ','NO',NULL,NULL,NULL),
 (301,1615,104,NULL,NULL,NULL,NULL,'0','1','چک به شماره 3156 صادره از بانک کشاورزي به نام محسن','NO',NULL,NULL,NULL),
 (302,1616,104,NULL,NULL,NULL,NULL,'0','1','چک به شماره 844783 صادره از بانک کشاورزي به نام مح','NO',NULL,NULL,NULL),
 (307,1617,104,NULL,NULL,NULL,NULL,'0','1','چک به شماره 953097 صادره از بانک ملي پرديس به نام ','NO',NULL,NULL,NULL),
 (308,1618,104,NULL,NULL,NULL,NULL,'0','1','چک به شماره 797646و484931و932 صادره از بانک سفته س','NO',NULL,NULL,NULL),
 (301,1619,105,NULL,NULL,NULL,NULL,'0','36000000','چک به شماره 3156 صادره از بانک کشاورزي به نام محسن','NO',NULL,NULL,NULL),
 (302,1620,105,NULL,NULL,NULL,NULL,'0','36000000','چک به شماره 844783 صادره از بانک کشاورزي به نام مح','NO',NULL,NULL,NULL),
 (307,1621,105,NULL,NULL,NULL,NULL,'0','100800000','چک به شماره 953097 صادره از بانک ملي پرديس به نام ','NO',NULL,NULL,NULL),
 (308,1622,105,NULL,NULL,NULL,NULL,'0','120000000','چک به شماره 797646و484931و932 صادره از بانک سفته س','NO',NULL,NULL,NULL),
 (301,1623,109,NULL,NULL,NULL,NULL,'1','0','بابت برگشت  يک فقره چک به مبلغ کل  36000000 بابت و','NO',NULL,NULL,NULL),
 (302,1624,109,NULL,NULL,NULL,NULL,'1','0','بابت برگشت  يک فقره چک به مبلغ کل  36000000 بابت و','NO',NULL,NULL,NULL),
 (307,1625,109,NULL,NULL,NULL,NULL,'1','0','بابت برگشت  يک فقره چک به مبلغ کل  100800000','NO',NULL,NULL,NULL),
 (308,1626,109,NULL,NULL,NULL,NULL,'1','0','بابت برگشت  يک فقره چک به مبلغ کل  120000000','NO',NULL,NULL,NULL),
 (301,1627,110,NULL,NULL,NULL,NULL,'36000000','0','بابت برگشت  يک فقره چک به مبلغ کل  36000000 بابت و','NO',NULL,NULL,NULL),
 (302,1628,110,NULL,NULL,NULL,NULL,'36000000','0','بابت برگشت  يک فقره چک به مبلغ کل  36000000 بابت و','NO',NULL,NULL,NULL),
 (307,1629,110,NULL,NULL,NULL,NULL,'100800000','0','بابت برگشت  يک فقره چک به مبلغ کل  100800000','NO',NULL,NULL,NULL),
 (308,1630,110,NULL,NULL,NULL,NULL,'120000000','0','بابت برگشت  يک فقره چک به مبلغ کل  120000000','NO',NULL,NULL,NULL),
 (325,1631,1,NULL,NULL,NULL,NULL,'50000000','0','چک تجارت جهت تقويت صندوق ','NO',NULL,NULL,NULL),
 (325,1632,1,NULL,NULL,NULL,NULL,'0','6000','هزينه وصول چک کسر حقوق جمال الدين بخشنده ','NO',NULL,NULL,NULL),
 (325,1633,1,NULL,NULL,NULL,NULL,'0','17000000','برداشت از پس انداز آقاي دوستخواه شعبه پارک ','NO',NULL,NULL,NULL),
 (327,1634,1,NULL,NULL,NULL,NULL,'13196250','0','واريزي حساب پس انداز  -فرخ سادات کلالي','NO',NULL,NULL,NULL),
 (328,1635,1,NULL,NULL,NULL,NULL,'0','48000000','برداشت حساب پس انداز  -فرخ سادات کلالي','NO',NULL,NULL,NULL),
 (329,1636,1,NULL,NULL,NULL,NULL,'0','83250000','برداشت حساب پس انداز  -حيدر قلي حيدري مزرجي','NO',NULL,NULL,NULL),
 (326,1637,1,NULL,NULL,NULL,NULL,'48000000','0','عملکرد صندوق در واريزبحساب صادرات خانم کلالي از طريق ساتنا شعبه پارک ','NO',NULL,NULL,NULL),
 (326,1638,1,NULL,NULL,NULL,NULL,'0','13196250','عملکردصندوق در واريز حق بازرسي خانم کلالي سال 93','NO',NULL,NULL,NULL),
 (326,1639,1,NULL,NULL,NULL,NULL,'83250000','0','عملکرد صندوق دربرداشت دکترحيدري طي چک 238685تجارت ','NO',NULL,NULL,NULL),
 (332,1640,1,NULL,NULL,NULL,NULL,'0','465000000','پرداخت وام شماره  206 شرکت طراحان ماشين حجازيان','NO',NULL,NULL,NULL),
 (335,1641,1,NULL,NULL,NULL,NULL,'0','567945','اضافه شدن مبلغ به وام بابت کارمزد ','NO',NULL,NULL,NULL),
 (336,1642,1,NULL,NULL,NULL,NULL,'1000000','0','دريافت اقساط','NO',NULL,NULL,NULL),
 (338,1643,1,NULL,NULL,NULL,NULL,'1','0','افتتاح حساب پس انداز','NO',NULL,NULL,NULL),
 (339,1644,1,NULL,NULL,NULL,NULL,'0','232500000','پرداخت وام شماره  207 جواد قرباني ','NO',NULL,NULL,NULL),
 (340,1645,1,NULL,NULL,NULL,NULL,'500000','0','واريزي حساب پس انداز  -جواد قرباني ','NO',NULL,NULL,NULL),
 (342,1646,1,NULL,NULL,NULL,NULL,'0','1298000000','پرداخت وام شماره  208 شرکت آرشام صنعت ','NO',NULL,NULL,NULL),
 (343,1647,1,NULL,NULL,NULL,NULL,'1298000000','0','عملکرد صندوق در پرداخت تسهيلات 208 شرکت آرشام صنعت ','NO',NULL,NULL,NULL),
 (346,1648,1,NULL,NULL,NULL,NULL,'500000','0','افتتاح حساب پس انداز','NO',NULL,NULL,NULL),
 (347,1649,1,NULL,NULL,NULL,NULL,'500000','0','افتتاح حساب پس انداز','NO',NULL,NULL,NULL),
 (330,1650,2,3,1,NULL,NULL,'3000000','0','واريز کسر حقوق مريدي دانشگاه فردوسي ','NO',NULL,NULL,NULL),
 (331,1651,2,3,1,NULL,NULL,'2900000','0','دريافت اقساط','NO',NULL,NULL,NULL),
 (337,1652,2,3,1,NULL,NULL,'90000000','0','واريزي حساب پس انداز  -مرتضي شريف زاده','NO',NULL,NULL,NULL),
 (343,1653,2,3,1,NULL,NULL,'0','498000000','چک 757492 اقتصاد نوين مرحله اول تسهيلات 208 شرکت آرشام صنعت','NO',NULL,NULL,NULL),
 (325,1654,17,NULL,NULL,NULL,NULL,'0','50000000','چک تجارت جهت تقويت صندوق ','NO',NULL,NULL,NULL),
 (325,1655,17,NULL,NULL,NULL,NULL,'17000000','0','برداشت از پس انداز آقاي دوستخواه شعبه پارک ','NO',NULL,NULL,NULL),
 (326,1656,17,NULL,NULL,NULL,NULL,'13196250','0','واريز حق بازرسي خانم کلالي سال 93','NO',NULL,NULL,NULL),
 (326,1657,17,NULL,NULL,NULL,NULL,'0','48000000',' واريز بحساب صادرات خانم کلالي از طريق ساتنا شعبه پارک ','NO',NULL,NULL,NULL),
 (326,1658,17,NULL,NULL,NULL,NULL,'0','83250000','برداشت دکترحيدري طي چک 238685تجارت ','NO',NULL,NULL,NULL),
 (330,1659,17,NULL,NULL,NULL,NULL,'0','3000000','واريز کسر حقوق مريدي دانشگاه فردوسي ','NO',NULL,NULL,NULL),
 (343,1660,28,1,1003,NULL,NULL,'1298000000','0','پرداخت تسهيلات 208 شرکت آرشام صنعت ','NO',NULL,NULL,NULL),
 (343,1661,33,NULL,NULL,NULL,NULL,'0','1298000000','پرداخت تسهيلات 208 شرکت آرشام صنعت ','NO',NULL,NULL,NULL),
 (335,1662,46,1,1046,NULL,NULL,'567945','0','اضافه شدن مبلغ به وام بابت کارمزد ','NO',NULL,NULL,NULL),
 (336,1663,46,1,1046,NULL,NULL,'0','1000000',' پرداخت قسط  6 وام شماره 125','NO',NULL,NULL,NULL),
 (331,1664,46,1,1137,NULL,NULL,'0','1500000',' پرداخت قسط  17 وام شماره 17','NO',NULL,NULL,NULL),
 (331,1665,46,1,1005,NULL,NULL,'0','1400000',' پرداخت قسط  15 وام شماره 73','NO',NULL,NULL,NULL),
 (332,1666,48,1,1080,NULL,NULL,'500000000','0','پرداخت وام شماره  206 شرکت طراحان ماشين حجازيان','NO',NULL,NULL,NULL),
 (339,1667,48,1,1111,NULL,NULL,'278618283','0','پرداخت وام شماره  207 جواد قرباني ','NO',NULL,NULL,NULL),
 (343,1668,63,1,1003,NULL,NULL,'0','800000000','توديهي باقيمانده تسهيلات 208 شرکت آرشام صنعت ','NO',NULL,NULL,NULL),
 (327,1669,65,1,1198,NULL,NULL,'0','13196250','واريزي حساب پس انداز  -فرخ سادات کلالي','NO',NULL,NULL,NULL),
 (328,1670,65,1,1198,NULL,NULL,'48000000','0','برداشت حساب پس انداز  -فرخ سادات کلالي','NO',NULL,NULL,NULL),
 (337,1671,65,1,1046,NULL,NULL,'0','90000000','واريزي حساب پس انداز  -مرتضي شريف زاده','NO',NULL,NULL,NULL),
 (324,1672,65,1,1180,NULL,NULL,'9375000','0','برداشت حساب پس انداز  -هادي مسرور','NO',NULL,NULL,NULL),
 (329,1673,65,1,1201,NULL,NULL,'83250000','0','برداشت حساب پس انداز  -حيدر قلي حيدري مزرجي','NO',NULL,NULL,NULL),
 (338,1674,65,1,1111,NULL,NULL,'0','1','افتتاح حساب پس انداز-جواد قرباني ','NO',NULL,NULL,NULL),
 (340,1675,65,1,1111,NULL,NULL,'0','500000','واريزي حساب پس انداز  -جواد قرباني ','NO',NULL,NULL,NULL),
 (346,1676,65,1,1113,NULL,NULL,'0','500000','افتتاح حساب پس انداز-سامان داروي هشتم ','NO',NULL,NULL,NULL),
 (347,1677,65,1,1114,NULL,NULL,'0','500000','افتتاح حساب پس انداز-شرکت ايده پردازان جوان فالينوس ','NO',NULL,NULL,NULL),
 (325,1678,78,NULL,NULL,NULL,NULL,'6000','0','هزينه وصول چک کسر حقوق جمال الدين بخشنده ','NO',NULL,NULL,NULL),
 (334,1679,104,NULL,NULL,NULL,NULL,'1','0','چک به شماره 20099 صادره از بانک دفتر110مشهد به نام شرکت طراحان ماشين حجازيان به مبلغ  700000000 ريال','NO',NULL,NULL,NULL),
 (341,1680,104,NULL,NULL,NULL,NULL,'1','0','چک به شماره 181419 صادره از بانک سفته به نام جواد قرباني  به مبلغ  100000000 ريال ','NO',NULL,NULL,NULL),
 (341,1681,104,NULL,NULL,NULL,NULL,'1','0','چک به شماره 000280 صادره از بانک تجارت به نام جواد قرباني  به مبلغ  300000000 ريال ','NO',NULL,NULL,NULL),
 (341,1682,104,NULL,NULL,NULL,NULL,'1','0','چک به شماره 181417 صادره از بانک سفته به نام جواد قرباني  به مبلغ  100000000 ريال ','NO',NULL,NULL,NULL),
 (341,1683,104,NULL,NULL,NULL,NULL,'1','0','چک به شماره 181418 صادره از بانک سفته به نام جواد قرباني  به مبلغ  100000000 ريال ','NO',NULL,NULL,NULL),
 (344,1684,104,NULL,NULL,NULL,NULL,'1','0','چک به شماره 1 صادره از بانک وثيقه ملکي به نام شرکت آرشام صنعت  به مبلغ  1620000000 ريال ','NO',NULL,NULL,NULL),
 (334,1685,105,NULL,NULL,NULL,NULL,'700000000','0','چک به شماره 20099 صادره از بانک دفتر110مشهد به نام شرکت طراحان ماشين حجازيان به مبلغ  700000000 ريال','NO',NULL,NULL,NULL),
 (341,1686,105,NULL,NULL,NULL,NULL,'100000000','0','چک به شماره 181419 صادره از بانک سفته به نام جواد قرباني  به مبلغ  100000000 ريال ','NO',NULL,NULL,NULL),
 (341,1687,105,NULL,NULL,NULL,NULL,'300000000','0','چک به شماره 000280 صادره از بانک تجارت به نام جواد قرباني  به مبلغ  300000000 ريال ','NO',NULL,NULL,NULL),
 (341,1688,105,NULL,NULL,NULL,NULL,'100000000','0','چک به شماره 181417 صادره از بانک سفته به نام جواد قرباني  به مبلغ  100000000 ريال ','NO',NULL,NULL,NULL),
 (341,1689,105,NULL,NULL,NULL,NULL,'100000000','0','چک به شماره 181418 صادره از بانک سفته به نام جواد قرباني  به مبلغ  100000000 ريال ','NO',NULL,NULL,NULL),
 (344,1690,105,NULL,NULL,NULL,NULL,'1620000000','0','چک به شماره 1 صادره از بانک وثيقه ملکي به نام شرکت آرشام صنعت  به مبلغ  1620000000 ريال ','NO',NULL,NULL,NULL),
 (345,1691,106,NULL,NULL,NULL,NULL,'1','0','چک به شماره 765734 صادره از بانک ملي-مرکزي به مبلغ  433000000 ريال ','NO',NULL,NULL,NULL),
 (345,1692,106,NULL,NULL,NULL,NULL,'1','0','چک به شماره 765735 صادره از بانک ملي-مرکزي به مبلغ  433000000 ريال ','NO',NULL,NULL,NULL),
 (345,1693,106,NULL,NULL,NULL,NULL,'1','0','چک به شماره 765736 صادره از بانک ملي-مرکزي به مبلغ  432000000 ريال ','NO',NULL,NULL,NULL),
 (345,1694,107,NULL,NULL,NULL,NULL,'433000000','0','چک به شماره 765734 صادره از بانک ملي-مرکزي به مبلغ  433000000 ريال ','NO',NULL,NULL,NULL),
 (345,1695,107,NULL,NULL,NULL,NULL,'433000000','0','چک به شماره 765735 صادره از بانک ملي-مرکزي به مبلغ  433000000 ريال ','NO',NULL,NULL,NULL),
 (345,1696,107,NULL,NULL,NULL,NULL,'432000000','0','چک به شماره 765736 صادره از بانک ملي-مرکزي به مبلغ  432000000 ريال ','NO',NULL,NULL,NULL),
 (334,1697,109,NULL,NULL,NULL,NULL,'0','1','بابت دريافت 1 فقره چک به مبلغ کل  700000000 بابت وام  شرکت طراحان ماشين حجازيان','NO',NULL,NULL,NULL),
 (341,1698,109,NULL,NULL,NULL,NULL,'0','4','بابت دريافت 4 فقره چک به مبلغ کل  600000000 بابت وام  جواد قرباني ','NO',NULL,NULL,NULL),
 (344,1699,109,NULL,NULL,NULL,NULL,'0','1','بابت دريافت 1 فقره چک به مبلغ کل  1620000000 بابت وام  شرکت آرشام صنعت ','NO',NULL,NULL,NULL),
 (334,1700,110,NULL,NULL,NULL,NULL,'0','700000000','بابت دريافت 1 فقره چک به مبلغ کل  700000000 بابت وام  شرکت طراحان ماشين حجازيان','NO',NULL,NULL,NULL),
 (341,1701,110,NULL,NULL,NULL,NULL,'0','600000000','بابت دريافت 4 فقره چک به مبلغ کل  600000000 بابت وام  جواد قرباني ','NO',NULL,NULL,NULL),
 (344,1702,110,NULL,NULL,NULL,NULL,'0','1620000000','بابت دريافت 1 فقره چک به مبلغ کل  1620000000 بابت وام  شرکت آرشام صنعت ','NO',NULL,NULL,NULL),
 (345,1703,111,NULL,NULL,NULL,NULL,'0','3','بابت دريافت 3 فقره چک به مبلغ کل  1298000000','NO',NULL,NULL,NULL),
 (345,1704,112,NULL,NULL,NULL,NULL,'0','1298000000','بابت دريافت 3 فقره چک به مبلغ کل  1298000000','NO',NULL,NULL,NULL),
 (342,1705,125,1,1112,1,1003,'1298000000','0','پرداخت وام شماره  208 شرکت آرشام صنعت ','NO',NULL,NULL,NULL),
 (332,1706,131,2,4,NULL,NULL,'0','35000000',' کارمزد سود دوره تنفس 206 شرکت طراحان ماشين حجازيان','NO',NULL,NULL,NULL),
 (339,1707,131,2,4,NULL,NULL,'0','28618283','کارمزد سود دوره اي اقساط وام 207 جواد قرباني ','NO',NULL,NULL,NULL),
 (339,1708,131,2,4,NULL,NULL,'0','17500000',' کارمزد سود دوره تنفس 207 جواد قرباني ','NO',NULL,NULL,NULL),
 (333,1709,1,NULL,NULL,NULL,NULL,'465000000','0','چک شماره 275957دروجه شرکت ماشين سازي حجازيان بابت تسهيلات مصوبه 93-06مورخ 94/2/2کارگروه اعتبارات ','NO',NULL,NULL,NULL),
 (333,1710,1,NULL,NULL,NULL,NULL,'567945','0','عملکرد صندوق درواريز کارمزد توسط آقاي شريف زاده کارکشايي','NO',NULL,NULL,NULL),
 (333,1711,1,NULL,NULL,NULL,NULL,'232500000','0','عملکردصندوق درپرداخت تسهيلات پژوهشي جواد قرباني ','NO',NULL,NULL,NULL),
 (333,1712,1,NULL,NULL,NULL,NULL,'0','500000','عملکردصندوق جهت افتتاح حساب جوادقرباني ازمحل تسهيلات ','NO',NULL,NULL,NULL),
 (333,1713,1,NULL,NULL,NULL,NULL,'0','1000000','واريز بدهي تسهيلات کارگشايي آقاي شريف زاده بحساب تجارت (مرکز)','NO',NULL,NULL,NULL),
 (349,1714,1,NULL,NULL,NULL,NULL,'0','3280000000','پرداخت وام شماره  209 شرکت سورن تک توس','NO',NULL,NULL,NULL),
 (351,1715,1,NULL,NULL,NULL,NULL,'0','8000000000','پرداخت وام شماره  210 سامان داروي هشتم ','NO',NULL,NULL,NULL),
 (353,1716,1,NULL,NULL,NULL,NULL,'1100000000','0','واريزي حساب پس انداز  -شرکت اتوماسيون اداري حسيب','NO',NULL,NULL,NULL),
 (354,1717,1,NULL,NULL,NULL,NULL,'500000','0','افتتاح حساب پس انداز','NO',NULL,NULL,NULL),
 (355,1718,1,NULL,NULL,NULL,NULL,'0','1100000000','پرداخت وام شماره  211 شرکت اتوماسيون اداري حسيب','NO',NULL,NULL,NULL),
 (348,1719,1,NULL,NULL,NULL,NULL,'3280000000','0','عملکردصندوق در پرداخت تسهيلات 209 شرکت سورن تک توس نوآوري شکوفايي','NO',NULL,NULL,NULL),
 (348,1720,1,NULL,NULL,NULL,NULL,'8000000000','0','عملکرد صندوق در پرداخت تسهيلات 210 شرکت سامان داروي هشتم ','NO',NULL,NULL,NULL),
 (348,1721,1,NULL,NULL,NULL,NULL,'1100000000','0','عملکردصندوق درپرداخت تسهيلات 211شرکت اتوماسيون حسيب نوآوري شکوفايي','NO',NULL,NULL,NULL),
 (348,1722,1,NULL,NULL,NULL,NULL,'0','1100000000','عملکرد صندوق در واريز چک 757489شرکت اتوماسيون حسيب به پس انداز 8212 اين شرکت ','NO',NULL,NULL,NULL);
INSERT INTO `ACC_DocItems` (`DocID`,`ItemID`,`CostID`,`TafsiliType`,`TafsiliID`,`TafsiliType2`,`TafsiliID2`,`DebtorAmount`,`CreditorAmount`,`details`,`locked`,`SourceType`,`SourceID`,`SourceID2`) VALUES 
 (333,1723,2,3,1,NULL,NULL,'7218080000','0','واريزي صندوق نوآوري شکوفايي ','NO',NULL,NULL,NULL),
 (348,1724,2,3,1,NULL,NULL,'1100000000','0','چک 757489 شرکت اتوماسيون حسيب از محل تسهيلات 211 وواريزبه پس انداز 8212','NO',NULL,NULL,NULL),
 (348,1725,2,3,1,NULL,NULL,'0','1640000000','چک 757490تسهيلات 209 شرکت سورن تک توس نوآوري شکوفايي','NO',NULL,NULL,NULL),
 (348,1726,2,3,1,NULL,NULL,'0','4000000000','چک 757491تسهيلات 210شرکت سامان داروي هشتم نوآوري شکوفايي','NO',NULL,NULL,NULL),
 (348,1727,2,3,1,NULL,NULL,'0','1100000000','چک 757489اقتصاد بابت تسهيلات211شرکت اتوماسيون حسيب نوآوري شکوفايي','NO',NULL,NULL,NULL),
 (333,1728,17,NULL,NULL,NULL,NULL,'1000000','0','واريز بدهي تسهيلات کارگشايي آقاي شريف زاده بحساب تجارت (مرکز)','NO',NULL,NULL,NULL),
 (333,1729,17,NULL,NULL,NULL,NULL,'0','232000000','چک شماره 238688بانک تجارت دروجه جواد قرباني ','NO',NULL,NULL,NULL),
 (333,1730,17,NULL,NULL,NULL,NULL,'0','465000000','چک شماره 275957دروجه شرکت ماشين سازي حجازيان بابت تسهيلات مصوبه 93-06مورخ 94/2/2کارگروه اعتبارات ','NO',NULL,NULL,NULL),
 (333,1731,28,1,1003,NULL,NULL,'0','7218080000','واريزي صندوق نوآوري شکوفايي ','NO',NULL,NULL,NULL),
 (348,1732,28,1,1003,NULL,NULL,'3280000000','0','پرداخت تسهيلات 209 شرکت سورن تک توس نوآوري شکوفايي','NO',NULL,NULL,NULL),
 (348,1733,28,1,1003,NULL,NULL,'1100000000','0','پرداخت تسهيلات 211شرکت اتوماسيون حسيب نوآوري شکوفايي','NO',NULL,NULL,NULL),
 (348,1734,28,1,1003,NULL,NULL,'8000000000','0','پرداخت تسهيلات 210 شرکت سامان داروي هشتم نوآوري شکوفايي','NO',NULL,NULL,NULL),
 (348,1735,33,NULL,NULL,NULL,NULL,'0','8000000000',' پرداخت تسهيلات 210 شرکت سامان داروي هشتم ','NO',NULL,NULL,NULL),
 (348,1736,33,NULL,NULL,NULL,NULL,'0','3280000000','پرداخت تسهيلات 209 شرکت سورن تک توس نوآوري شکوفايي','NO',NULL,NULL,NULL),
 (348,1737,33,NULL,NULL,NULL,NULL,'0','1100000000','پرداخت تسهيلات 211شرکت اتوماسيون حسيب نوآوري شکوفايي','NO',NULL,NULL,NULL),
 (348,1738,63,1,1003,NULL,NULL,'0','4000000000','توديعي باقيمانده تسهيلات 210 شرکت سامان داروي هشتم ','NO',NULL,NULL,NULL),
 (348,1739,63,1,1003,NULL,NULL,'0','1640000000','توديعي باقيمانده تسهيلات 209 شرکت سورن تک توس نوآوري شکوفايي','NO',NULL,NULL,NULL),
 (353,1740,65,1,1100,NULL,NULL,'0','1100000000','واريزي حساب پس انداز  -شرکت اتوماسيون اداري حسيب','NO',NULL,NULL,NULL),
 (354,1741,65,1,1112,NULL,NULL,'0','500000','افتتاح حساب پس انداز-شرکت آرشام صنعت ','NO',NULL,NULL,NULL),
 (350,1742,104,NULL,NULL,NULL,NULL,'1','0','چک به شماره 765918 صادره از بانک سفته به نام شرکت سورن تک توس به مبلغ  300000000 ريال ','NO',NULL,NULL,NULL),
 (350,1743,104,NULL,NULL,NULL,NULL,'1','0','چک به شماره 018014 صادره از بانک سفته به نام شرکت سورن تک توس به مبلغ  2000000000 ريال ','NO',NULL,NULL,NULL),
 (350,1744,104,NULL,NULL,NULL,NULL,'1','0','چک به شماره 018013 صادره از بانک سفته به نام شرکت سورن تک توس به مبلغ  2000000000 ريال ','NO',NULL,NULL,NULL),
 (350,1745,104,NULL,NULL,NULL,NULL,'1','0','چک به شماره 987613 صادره از بانک صادرات شرکت خاک و سنگ الماس به نام شرکت سورن تک توس به مبلغ  394000','NO',NULL,NULL,NULL),
 (350,1746,104,NULL,NULL,NULL,NULL,'1','0','چک به شماره 910116 صادره از بانک ملي شرکت سورن تک توس به نام شرکت سورن تک توس به مبلغ  3940000000 ري','NO',NULL,NULL,NULL),
 (350,1747,104,NULL,NULL,NULL,NULL,'1','0','چک به شماره 765919 صادره از بانک سفته به نام شرکت سورن تک توس به مبلغ  300000000 ريال ','NO',NULL,NULL,NULL),
 (352,1748,104,NULL,NULL,NULL,NULL,'1','0','چک به شماره 645862 صادره از بانک سفته به نام سامان داروي هشتم  به مبلغ  100000000 ريال ','NO',NULL,NULL,NULL),
 (352,1749,104,NULL,NULL,NULL,NULL,'1','0','چک به شماره 645863 صادره از بانک سفته به نام سامان داروي هشتم  به مبلغ  100000000 ريال ','NO',NULL,NULL,NULL),
 (352,1750,104,NULL,NULL,NULL,NULL,'1','0','چک به شماره 14552190 صادره از بانک سامان سامان داروي هشتم به نام سامان داروي هشتم  به مبلغ  96000000','NO',NULL,NULL,NULL),
 (352,1751,104,NULL,NULL,NULL,NULL,'1','0','چک به شماره 024791 صادره از بانک سفته به نام سامان داروي هشتم  به مبلغ  1000000000 ريال ','NO',NULL,NULL,NULL),
 (352,1752,104,NULL,NULL,NULL,NULL,'1','0','چک به شماره 014721 صادره از بانک سفته به نام سامان داروي هشتم  به مبلغ  10000000000 ريال ','NO',NULL,NULL,NULL),
 (356,1753,104,NULL,NULL,NULL,NULL,'1','0','چک به شماره 380062 صادره از بانک سفته به نام شرکت اتوماسيون اداري حسيب به مبلغ  300000000 ريال ','NO',NULL,NULL,NULL),
 (356,1754,104,NULL,NULL,NULL,NULL,'1','0','چک به شماره 380061 صادره از بانک سفته به نام شرکت اتوماسيون اداري حسيب به مبلغ  300000000 ريال ','NO',NULL,NULL,NULL),
 (356,1755,104,NULL,NULL,NULL,NULL,'1','0','چک به شماره 380060 صادره از بانک سفته به نام شرکت اتوماسيون اداري حسيب به مبلغ  300000000 ريال ','NO',NULL,NULL,NULL),
 (356,1756,104,NULL,NULL,NULL,NULL,'1','0','چک به شماره 738798 صادره از بانک سفته به نام شرکت اتوماسيون اداري حسيب به مبلغ  20000000 ريال ','NO',NULL,NULL,NULL),
 (356,1757,104,NULL,NULL,NULL,NULL,'1','0','چک به شماره 738797 صادره از بانک سفته به نام شرکت اتوماسيون اداري حسيب به مبلغ  20000000 ريال ','NO',NULL,NULL,NULL),
 (356,1758,104,NULL,NULL,NULL,NULL,'1','0','چک به شماره 380063 صادره از بانک سفته به نام شرکت اتوماسيون اداري حسيب به مبلغ  300000000 ريال ','NO',NULL,NULL,NULL),
 (356,1759,104,NULL,NULL,NULL,NULL,'1','0','چک به شماره 336911 صادره از بانک تجارت اتوماسيون اداري به نام شرکت اتوماسيون اداري حسيب به مبلغ  132','NO',NULL,NULL,NULL),
 (356,1760,104,NULL,NULL,NULL,NULL,'1','0','چک به شماره 740452 صادره از بانک تجارت محمدهنرور به نام شرکت اتوماسيون اداري حسيب به مبلغ  132000000','NO',NULL,NULL,NULL),
 (356,1761,104,NULL,NULL,NULL,NULL,'1','0','چک به شماره 380064 صادره از بانک سفته به نام شرکت اتوماسيون اداري حسيب به مبلغ  300000000 ريال ','NO',NULL,NULL,NULL),
 (350,1762,105,NULL,NULL,NULL,NULL,'300000000','0','چک به شماره 765918 صادره از بانک سفته به نام شرکت سورن تک توس به مبلغ  300000000 ريال ','NO',NULL,NULL,NULL),
 (350,1763,105,NULL,NULL,NULL,NULL,'2000000000','0','چک به شماره 018014 صادره از بانک سفته به نام شرکت سورن تک توس به مبلغ  2000000000 ريال ','NO',NULL,NULL,NULL),
 (350,1764,105,NULL,NULL,NULL,NULL,'2000000000','0','چک به شماره 018013 صادره از بانک سفته به نام شرکت سورن تک توس به مبلغ  2000000000 ريال ','NO',NULL,NULL,NULL),
 (350,1765,105,NULL,NULL,NULL,NULL,'3940000000','0','چک به شماره 987613 صادره از بانک صادرات شرکت خاک و سنگ الماس به نام شرکت سورن تک توس به مبلغ  394000','NO',NULL,NULL,NULL),
 (350,1766,105,NULL,NULL,NULL,NULL,'3940000000','0','چک به شماره 910116 صادره از بانک ملي شرکت سورن تک توس به نام شرکت سورن تک توس به مبلغ  3940000000 ري','NO',NULL,NULL,NULL),
 (350,1767,105,NULL,NULL,NULL,NULL,'300000000','0','چک به شماره 765919 صادره از بانک سفته به نام شرکت سورن تک توس به مبلغ  300000000 ريال ','NO',NULL,NULL,NULL),
 (352,1768,105,NULL,NULL,NULL,NULL,'100000000','0','چک به شماره 645862 صادره از بانک سفته به نام سامان داروي هشتم  به مبلغ  100000000 ريال ','NO',NULL,NULL,NULL),
 (352,1769,105,NULL,NULL,NULL,NULL,'100000000','0','چک به شماره 645863 صادره از بانک سفته به نام سامان داروي هشتم  به مبلغ  100000000 ريال ','NO',NULL,NULL,NULL),
 (352,1770,105,NULL,NULL,NULL,NULL,'9600000000','0','چک به شماره 14552190 صادره از بانک سامان سامان داروي هشتم به نام سامان داروي هشتم  به مبلغ  96000000','NO',NULL,NULL,NULL),
 (352,1771,105,NULL,NULL,NULL,NULL,'1000000000','0','چک به شماره 024791 صادره از بانک سفته به نام سامان داروي هشتم  به مبلغ  1000000000 ريال ','NO',NULL,NULL,NULL),
 (352,1772,105,NULL,NULL,NULL,NULL,'10000000000','0','چک به شماره 014721 صادره از بانک سفته به نام سامان داروي هشتم  به مبلغ  10000000000 ريال ','NO',NULL,NULL,NULL),
 (356,1773,105,NULL,NULL,NULL,NULL,'300000000','0','چک به شماره 380062 صادره از بانک سفته به نام شرکت اتوماسيون اداري حسيب به مبلغ  300000000 ريال ','NO',NULL,NULL,NULL),
 (356,1774,105,NULL,NULL,NULL,NULL,'300000000','0','چک به شماره 380061 صادره از بانک سفته به نام شرکت اتوماسيون اداري حسيب به مبلغ  300000000 ريال ','NO',NULL,NULL,NULL),
 (356,1775,105,NULL,NULL,NULL,NULL,'300000000','0','چک به شماره 380060 صادره از بانک سفته به نام شرکت اتوماسيون اداري حسيب به مبلغ  300000000 ريال ','NO',NULL,NULL,NULL),
 (356,1776,105,NULL,NULL,NULL,NULL,'20000000','0','چک به شماره 738798 صادره از بانک سفته به نام شرکت اتوماسيون اداري حسيب به مبلغ  20000000 ريال ','NO',NULL,NULL,NULL),
 (356,1777,105,NULL,NULL,NULL,NULL,'20000000','0','چک به شماره 738797 صادره از بانک سفته به نام شرکت اتوماسيون اداري حسيب به مبلغ  20000000 ريال ','NO',NULL,NULL,NULL),
 (356,1778,105,NULL,NULL,NULL,NULL,'300000000','0','چک به شماره 380063 صادره از بانک سفته به نام شرکت اتوماسيون اداري حسيب به مبلغ  300000000 ريال ','NO',NULL,NULL,NULL),
 (356,1779,105,NULL,NULL,NULL,NULL,'1320000000','0','چک به شماره 336911 صادره از بانک تجارت اتوماسيون اداري به نام شرکت اتوماسيون اداري حسيب به مبلغ  132','NO',NULL,NULL,NULL),
 (356,1780,105,NULL,NULL,NULL,NULL,'1320000000','0','چک به شماره 740452 صادره از بانک تجارت محمدهنرور به نام شرکت اتوماسيون اداري حسيب به مبلغ  132000000','NO',NULL,NULL,NULL),
 (356,1781,105,NULL,NULL,NULL,NULL,'300000000','0','چک به شماره 380064 صادره از بانک سفته به نام شرکت اتوماسيون اداري حسيب به مبلغ  300000000 ريال ','NO',NULL,NULL,NULL),
 (350,1782,109,NULL,NULL,NULL,NULL,'0','6','بابت دريافت 6 فقره چک به مبلغ کل  12480000000 بابت وام  شرکت سورن تک توس','NO',NULL,NULL,NULL),
 (352,1783,109,NULL,NULL,NULL,NULL,'0','5','بابت دريافت 5 فقره چک به مبلغ کل  20800000000 بابت وام  سامان داروي هشتم ','NO',NULL,NULL,NULL),
 (356,1784,109,NULL,NULL,NULL,NULL,'0','9','بابت دريافت 9 فقره چک به مبلغ کل  4180000000 بابت وام  شرکت اتوماسيون اداري حسيب','NO',NULL,NULL,NULL),
 (350,1785,110,NULL,NULL,NULL,NULL,'0','12480000000','بابت دريافت 6 فقره چک به مبلغ کل  12480000000 بابت وام  شرکت سورن تک توس','NO',NULL,NULL,NULL),
 (352,1786,110,NULL,NULL,NULL,NULL,'0','20800000000','بابت دريافت 5 فقره چک به مبلغ کل  20800000000 بابت وام  سامان داروي هشتم ','NO',NULL,NULL,NULL),
 (356,1787,110,NULL,NULL,NULL,NULL,'0','4180000000','بابت دريافت 9 فقره چک به مبلغ کل  4180000000 بابت وام  شرکت اتوماسيون اداري حسيب','NO',NULL,NULL,NULL),
 (349,1788,125,1,1099,1,1003,'3280000000','0','پرداخت وام شماره  209 شرکت سورن تک توس','NO',NULL,NULL,NULL),
 (351,1789,125,1,1113,1,1003,'8000000000','0','پرداخت وام شماره  210 سامان داروي هشتم ','NO',NULL,NULL,NULL),
 (355,1790,125,1,1100,1,1003,'1100000000','0','پرداخت وام شماره  211 شرکت اتوماسيون اداري حسيب','NO',NULL,NULL,NULL),
 (333,1791,129,2,4,NULL,NULL,'20083005','0','برگشت کارمزد هاي سال 95و96جواد قرباني ','NO',NULL,NULL,NULL),
 (333,1792,129,2,4,NULL,NULL,'0','567945','واريز کارمزد توسط آقاي شريف زاده کارکشايي','NO',NULL,NULL,NULL),
 (333,1793,131,2,5,NULL,NULL,'0','19078855','بابت کارمزد سال 95تسهيلات پژوهشي جواد قرباني','NO',NULL,NULL,NULL),
 (333,1794,131,2,6,NULL,NULL,'0','1004150','بابت کارمزد سال 96تسهيلات پژوهشي جواد قرباني','NO',NULL,NULL,NULL),
 (359,1795,1,NULL,NULL,NULL,NULL,'1500000','0','دريافت اقساط','NO',NULL,NULL,NULL),
 (360,1796,1,NULL,NULL,NULL,NULL,'0','2000000','برداشت حساب پس انداز  -عليرضا سيديان عنبراني','NO',NULL,NULL,NULL),
 (365,1797,1,NULL,NULL,NULL,NULL,'0','223385000','برداشت حساب پس انداز  -سود سپرده مهدوي و ابراهيمي','NO',NULL,NULL,NULL),
 (366,1798,1,NULL,NULL,NULL,NULL,'223385000','0',' واريز به سپرده کوتاه مدت شماره 2 سود سپرده مهدوي و ابراهيمي','NO',NULL,NULL,NULL),
 (369,1799,1,NULL,NULL,NULL,NULL,'0','30628465',' برداشت از سپرده کوتاه مدت شماره 1 دانشگاه فردوسي مشهد','NO',NULL,NULL,NULL),
 (358,1800,1,NULL,NULL,NULL,NULL,'0','1500000','واريز قسط پور نوروزي خيرين از شعبه پارک ','NO',NULL,NULL,NULL),
 (154,1801,1,NULL,NULL,NULL,NULL,'0','4288000','کسر از حقوق بابت قسط خانم آديني و آقاي مسرور','NO',NULL,NULL,NULL),
 (154,1802,1,NULL,NULL,NULL,NULL,'0','55198030','پرداخت نقدي حقوق کارکنان بشرح ليست حقوق ارديبهشت ماه ','NO',NULL,NULL,NULL),
 (362,1803,2,3,1,NULL,NULL,'12730000','0','دريافت اقساط','NO',NULL,NULL,NULL),
 (363,1804,2,3,1,NULL,NULL,'223385000','0',' وصول چك 670650-94/03/25 دکتر مهدي نژاد نوري','NO',NULL,NULL,NULL),
 (367,1805,2,3,1,NULL,NULL,'0','29625000','پرداخت وام شماره  212 شرکت ايده پردازان جوان فالينوس  به شماره چک 757493','NO',NULL,NULL,NULL),
 (358,1806,2,3,1,NULL,NULL,'2713312','0','واريز 10% سپرده و کارمزد و هزينه صدور ضمانت نامه 80021 شرکت سماتوس ','NO',NULL,NULL,NULL),
 (358,1807,4,NULL,NULL,NULL,NULL,'0','10000','تمبر مالياتيث بابت ضمانت نامه 80021 شرکت سماتوس ','NO',NULL,NULL,NULL),
 (358,1808,14,NULL,NULL,NULL,NULL,'23850000','0','صدور ضمانت نامه 80021 شرکت سما توس ','NO',NULL,NULL,NULL),
 (358,1809,17,NULL,NULL,NULL,NULL,'1500000','0','واريز قسط پور نوروزي خيرين از شعبه پارک ','NO',NULL,NULL,NULL),
 (154,1810,17,NULL,NULL,NULL,NULL,'0','1735000','کسر از حقوق جهت قسط آقاي دوستخواه نزد شعبه پارک','NO',NULL,NULL,NULL),
 (154,1811,17,NULL,NULL,NULL,NULL,'0','2286656','ماليات حقوق پرسنل ارديبهشت94','NO',NULL,NULL,NULL),
 (358,1812,27,NULL,NULL,NULL,NULL,'0','23850000','صدور ضمانت نامه 80021 شرکت سما توس ','NO',NULL,NULL,NULL),
 (362,1813,46,1,1155,NULL,NULL,'0','12730000',' پرداخت قسط  6 وام شماره 158','NO',NULL,NULL,NULL),
 (359,1814,52,1,1057,NULL,NULL,'0','1500000',' پرداخت قسط  7 وام شماره 140','NO',NULL,NULL,NULL),
 (363,1815,65,1,1204,NULL,NULL,'0','223385000',' وصول چك 670650-94/03/25 دکتر مهدي نژاد نوري','NO',NULL,NULL,NULL),
 (365,1816,65,1,1204,NULL,NULL,'223385000','0','برداشت حساب پس انداز  -سود سپرده مهدوي و ابراهيمي','NO',NULL,NULL,NULL),
 (360,1817,65,1,1107,NULL,NULL,'2000000','0','برداشت حساب پس انداز  -عليرضا سيديان عنبراني','NO',NULL,NULL,NULL),
 (369,1818,66,1,1002,NULL,NULL,'30628465','0',' برداشت از سپرده کوتاه مدت شماره 1 دانشگاه فردوسي مشهد','NO',NULL,NULL,NULL),
 (366,1819,66,1,1203,NULL,NULL,'0','223385000',' واريز به سپرده کوتاه مدت شماره 2 سود سپرده مهدوي و ابراهيمي','NO',NULL,NULL,NULL),
 (154,1820,86,NULL,NULL,NULL,NULL,'0','7653487','هزينه بيمه سهم کارفرما ارديبهشت 94','NO',NULL,NULL,NULL),
 (154,1821,86,NULL,NULL,NULL,NULL,'0','2329322','بابت بيمه پرسنل سهم کارکنان اريبهشت 94 بشرح ليست ','NO',NULL,NULL,NULL),
 (358,1822,97,2,4,NULL,NULL,'0','318312','کارمزد صدور ضمانت نامه 80021 شرکت سما توس و هزينه صدور','NO',NULL,NULL,NULL),
 (361,1823,104,NULL,NULL,NULL,NULL,'1','0','چک به شماره 983213 صادره از بانک ملي شعبه پرديس به نام شرکت سما توس به مبلغ  29000000 ريال ','NO',NULL,NULL,NULL),
 (361,1824,104,NULL,NULL,NULL,NULL,'1','0','چک به شماره 68049 صادره از بانک سفته به نام شرکت سما توس به مبلغ  20000000 ريال ','NO',NULL,NULL,NULL),
 (361,1825,104,NULL,NULL,NULL,NULL,'1','0','چک به شماره 680489 صادره از بانک سفته به نام شرکت سما توس به مبلغ  20000000 ريال ','NO',NULL,NULL,NULL),
 (370,1826,104,NULL,NULL,NULL,NULL,'1','0','چک به شماره 603268 صادره از بانک تجارت به نام شرکت ايده پردازان جوان فالينوس  به مبلغ  36000000 ريال','NO',NULL,NULL,NULL),
 (370,1827,104,NULL,NULL,NULL,NULL,'1','0','چک به شماره 0334514 صادره از بانک سفته به نام شرکت ايده پردازان جوان فالينوس  به مبلغ  50000000 ريال','NO',NULL,NULL,NULL),
 (361,1828,105,NULL,NULL,NULL,NULL,'29000000','0','چک به شماره 983213 صادره از بانک ملي شعبه پرديس به نام شرکت سما توس به مبلغ  29000000 ريال ','NO',NULL,NULL,NULL),
 (361,1829,105,NULL,NULL,NULL,NULL,'20000000','0','چک به شماره 68049 صادره از بانک سفته به نام شرکت سما توس به مبلغ  20000000 ريال ','NO',NULL,NULL,NULL),
 (361,1830,105,NULL,NULL,NULL,NULL,'20000000','0','چک به شماره 680489 صادره از بانک سفته به نام شرکت سما توس به مبلغ  20000000 ريال ','NO',NULL,NULL,NULL),
 (370,1831,105,NULL,NULL,NULL,NULL,'36000000','0','چک به شماره 603268 صادره از بانک تجارت به نام شرکت ايده پردازان جوان فالينوس  به مبلغ  36000000 ريال','NO',NULL,NULL,NULL),
 (370,1832,105,NULL,NULL,NULL,NULL,'50000000','0','چک به شماره 0334514 صادره از بانک سفته به نام شرکت ايده پردازان جوان فالينوس  به مبلغ  50000000 ريال','NO',NULL,NULL,NULL),
 (357,1833,106,NULL,NULL,NULL,NULL,'1','0','چک به شماره 910145 صادره از بانک ملي-مرکزي به مبلغ  795321000 ريال ','NO',NULL,NULL,NULL),
 (357,1834,106,NULL,NULL,NULL,NULL,'1','0','چک به شماره 910146 صادره از بانک ملي-مرکزي به مبلغ  795321000 ريال ','NO',NULL,NULL,NULL),
 (357,1835,106,NULL,NULL,NULL,NULL,'1','0','چک به شماره 910147 صادره از بانک ملي-مرکزي به مبلغ  795321000 ريال ','NO',NULL,NULL,NULL),
 (357,1836,106,NULL,NULL,NULL,NULL,'1','0','چک به شماره 910148 صادره از بانک ملي-مرکزي به مبلغ  795321000 ريال ','NO',NULL,NULL,NULL),
 (357,1837,106,NULL,NULL,NULL,NULL,'1','0','چک به شماره 910149 صادره از بانک ملي-مرکزي به مبلغ  795321000 ريال ','NO',NULL,NULL,NULL),
 (357,1838,106,NULL,NULL,NULL,NULL,'1','0','چک به شماره 910150 صادره از بانک ملي-مرکزي به مبلغ  795304997 ريال ','NO',NULL,NULL,NULL),
 (364,1839,106,NULL,NULL,NULL,NULL,'0','1','چک به شماره 670650 صادره از بانک کشاورزي-مرکز به مبلغ   به نام دکتر مهدي نژاد نوري 223385000 ريال ','NO',NULL,NULL,NULL),
 (357,1840,107,NULL,NULL,NULL,NULL,'795321000','0','چک به شماره 910145 صادره از بانک ملي-مرکزي به مبلغ  795321000 ريال ','NO',NULL,NULL,NULL),
 (357,1841,107,NULL,NULL,NULL,NULL,'795321000','0','چک به شماره 910146 صادره از بانک ملي-مرکزي به مبلغ  795321000 ريال ','NO',NULL,NULL,NULL),
 (357,1842,107,NULL,NULL,NULL,NULL,'795321000','0','چک به شماره 910147 صادره از بانک ملي-مرکزي به مبلغ  795321000 ريال ','NO',NULL,NULL,NULL),
 (357,1843,107,NULL,NULL,NULL,NULL,'795321000','0','چک به شماره 910148 صادره از بانک ملي-مرکزي به مبلغ  795321000 ريال ','NO',NULL,NULL,NULL),
 (357,1844,107,NULL,NULL,NULL,NULL,'795321000','0','چک به شماره 910149 صادره از بانک ملي-مرکزي به مبلغ  795321000 ريال ','NO',NULL,NULL,NULL),
 (357,1845,107,NULL,NULL,NULL,NULL,'795304997','0','چک به شماره 910150 صادره از بانک ملي-مرکزي به مبلغ  795304997 ريال ','NO',NULL,NULL,NULL),
 (364,1846,107,NULL,NULL,NULL,NULL,'0','223385000','چک به شماره 670650 صادره از بانک کشاورزي-مرکز به مبلغ   به نام دکتر مهدي نژاد نوري 223385000 ريال ','NO',NULL,NULL,NULL),
 (361,1847,109,NULL,NULL,NULL,NULL,'0','3',' دريافت اسناد ضمانتي از شرکت سما توسدر تاريخ 94/03/25','NO',NULL,NULL,NULL),
 (370,1848,109,NULL,NULL,NULL,NULL,'0','2','بابت دريافت 2 فقره چک به مبلغ کل  86000000 بابت وام  شرکت ايده پردازان جوان فالينوس ','NO',NULL,NULL,NULL),
 (361,1849,110,NULL,NULL,NULL,NULL,'0','69000000',' دريافت اسناد ضمانتي از شرکت سما توسدر تاريخ 94/03/25','NO',NULL,NULL,NULL),
 (370,1850,110,NULL,NULL,NULL,NULL,'0','86000000','بابت دريافت 2 فقره چک به مبلغ کل  86000000 بابت وام  شرکت ايده پردازان جوان فالينوس ','NO',NULL,NULL,NULL),
 (357,1851,111,NULL,NULL,NULL,NULL,'0','6','بابت دريافت 6 فقره چک به مبلغ کل  4771909997','NO',NULL,NULL,NULL),
 (364,1852,111,NULL,NULL,NULL,NULL,'1','0','بابت وصول شده  فقره چک به مبلغ کل  223385000','NO',NULL,NULL,NULL),
 (357,1853,112,NULL,NULL,NULL,NULL,'0','4771909997','بابت دريافت 6 فقره چک به مبلغ کل  4771909997','NO',NULL,NULL,NULL),
 (364,1854,112,NULL,NULL,NULL,NULL,'223385000','0','بابت وصول شده  فقره چک به مبلغ کل  223385000','NO',NULL,NULL,NULL),
 (154,1855,114,NULL,NULL,NULL,NULL,'7653487','0','هزينه بيمه سهم کارفرما ارديبهشت 94','NO',NULL,NULL,NULL),
 (154,1856,115,NULL,NULL,NULL,NULL,'1600000','0','حق مسکن ارديبهشت ماه 94 پرسنل دانشگاه ','NO',NULL,NULL,NULL),
 (154,1857,116,NULL,NULL,NULL,NULL,'4400000','0','اقلام مصرفي پرداختي به کارکنان شعبه دانشگاه ارديبهشت ماه 94','NO',NULL,NULL,NULL),
 (154,1858,117,NULL,NULL,NULL,NULL,'11900335','0','اضافه کار پرسنل دانشگاه ارديبهشت 94','NO',NULL,NULL,NULL),
 (358,1859,120,NULL,NULL,NULL,NULL,'0','2385000','10% سپرده ضمانت نامه 80021 شرکت سما توس ','NO',NULL,NULL,NULL),
 (154,1860,122,NULL,NULL,NULL,NULL,'3687436','0','حق سنوات پرسنل دانشگاه ارديبهشت 94','NO',NULL,NULL,NULL),
 (367,1861,125,1,1114,1,1002,'30628465','0','پرداخت وام شماره  212 شرکت ايده پردازان جوان فالينوس  به شماره چک 757493','NO',NULL,NULL,NULL),
 (367,1862,133,2,4,1,1002,'0','628465','کارمزد سود دوره اي اقساط وام 212 شرکت ايده پردازان جوان فالينوس ','NO',NULL,NULL,NULL),
 (367,1863,133,2,4,1,1002,'0','375000',' کارمزد سود دوره تنفس 212 شرکت ايده پردازان جوان فالينوس ','NO',NULL,NULL,NULL),
 (154,1864,149,NULL,NULL,NULL,NULL,'42749237','0','حقوق ارديبهشت ماه پرسنل شعبه دانشگاه ','NO',NULL,NULL,NULL),
 (154,1865,149,NULL,NULL,NULL,NULL,'1500000','0','فوق العاده شغلي آقاي مسرور','NO',NULL,NULL,NULL),
 (372,1866,1,NULL,NULL,NULL,NULL,'175000','0','واريزي حساب پس انداز  -عليرضا سيديان عنبراني','NO',NULL,NULL,NULL),
 (373,1867,1,NULL,NULL,NULL,NULL,'104980','0','واريزي حساب پس انداز  -الهام افتخاري ','NO',NULL,NULL,NULL),
 (374,1868,1,NULL,NULL,NULL,NULL,'100476','0','واريزي حساب پس انداز  -آذر آديني','NO',NULL,NULL,NULL),
 (368,1869,1,NULL,NULL,NULL,NULL,'30628465','0','عملکرد صندوق دربرداشت از سپرده بابت تسهيلات 212 شرکت فالينوس ','NO',NULL,NULL,NULL),
 (368,1870,1,NULL,NULL,NULL,NULL,'0','380456','عملکرد صندوق در واريزمازاد ماليات بحساب هاي آديني و افتخاري و سيديان ','NO',NULL,NULL,NULL),
 (296,1871,1,NULL,NULL,NULL,NULL,'0','61715000','عملکرد صندوق در واريزقسط هواخورشيد بحساب تجارت ازطريق مرکز','NO',NULL,NULL,NULL),
 (377,1872,1,NULL,NULL,NULL,NULL,'15000000','0','عملکرد صندوق درواريزبه پس انداز50322آقاي دوستخواه ','NO',NULL,NULL,NULL),
 (377,1873,1,NULL,NULL,NULL,NULL,'0','15719451','پرداخت حق بيمه ارديبهشت 94 ','NO',NULL,NULL,NULL),
 (378,1874,1,NULL,NULL,NULL,NULL,'3400000','0','دريافت اقساط','NO',NULL,NULL,NULL),
 (380,1875,1,NULL,NULL,NULL,NULL,'3400000','0',' واريز به سپرده کوتاه مدت شماره 1 دانشگاه فردوسي مشهد','NO',NULL,NULL,NULL),
 (381,1876,1,NULL,NULL,NULL,NULL,'11550000','0',' واريز به سپرده کوتاه مدت شماره 1 دانشگاه فردوسي مشهد','NO',NULL,NULL,NULL),
 (382,1877,1,NULL,NULL,NULL,NULL,'1500000','0','واريزي حساب پس انداز  -هاشم مهذب','NO',NULL,NULL,NULL),
 (379,1878,1,NULL,NULL,NULL,NULL,'0','11550000','عملکردصندوق درواريز قسط 10شرکت دنا زيست آسيا وواريزبه سپرده دانشگاه ','NO',NULL,NULL,NULL),
 (379,1879,1,NULL,NULL,NULL,NULL,'0','3400000','عملکردصندوق در واريز قسط 1 شرکت بسپار پايش بسامد به سپرده عامليت دانشگاه ','NO',NULL,NULL,NULL),
 (379,1880,1,NULL,NULL,NULL,NULL,'0','1500000','عملکرد صندوق درواريز قسط 7 وام 140حجت پورنوروزي وام خيرين ','NO',NULL,NULL,NULL),
 (385,1881,1,NULL,NULL,NULL,NULL,'13763757','0','واريزي حساب پس انداز  -هادي مسرور','NO',NULL,NULL,NULL),
 (386,1882,1,NULL,NULL,NULL,NULL,'10372697','0','واريزي حساب پس انداز  -آذر آديني','NO',NULL,NULL,NULL),
 (387,1883,1,NULL,NULL,NULL,NULL,'9192174','0','واريزي حساب پس انداز  -عاطفه رشيدي زاده ','NO',NULL,NULL,NULL),
 (371,1884,2,3,1,NULL,NULL,'5559000','0','دريافت اقساط','NO',NULL,NULL,NULL),
 (368,1885,2,3,1,NULL,NULL,'10000000','0','واريزي شرکت سيگما پرداز نزدشعبه پارک به اقتصاد نوين ','NO',NULL,NULL,NULL),
 (296,1886,2,3,1,NULL,NULL,'15390251','0','واريز سود علي الحساب خردادماه بانک اقتصاد','NO',NULL,NULL,NULL),
 (376,1887,2,3,1,NULL,NULL,'0','15000000','برداشت حساب پس انداز  -عاطفه شريف','NO',NULL,NULL,NULL),
 (368,1888,17,NULL,NULL,NULL,NULL,'0','456000000','چک 238677بانک تجارت بابت پرداخت مرحله 2 شرکت نيرونماد رضوي ','NO',NULL,NULL,NULL),
 (368,1889,17,NULL,NULL,NULL,NULL,'0','10000000','واريزي شرکت سيگما پرداز نزدشعبه پارک به اقتصاد نوين ','NO',NULL,NULL,NULL),
 (368,1890,17,NULL,NULL,NULL,NULL,'0','13770000','چک شماره 238683 تجارت بابت هزينه پذيرائي مجمع بموجب فاکتور پيوست ','NO',NULL,NULL,NULL),
 (368,1891,17,NULL,NULL,NULL,NULL,'380456','0','عملکرد صندوق در واريزمازاد ماليات بحساب هاي آديني و افتخاري و سيديان ','NO',NULL,NULL,NULL),
 (296,1892,17,NULL,NULL,NULL,NULL,'61715000','0','عملکرد صندوق در واريزقسط هواخورشيد بحساب تجارت ازطريق مرکز','NO',NULL,NULL,NULL),
 (377,1893,17,NULL,NULL,NULL,NULL,'1338550','0','انتقال بيمه سهم مجري ارديبهشت 94 از شعبه پارک ','NO',NULL,NULL,NULL),
 (377,1894,17,NULL,NULL,NULL,NULL,'4398091','0','انتقال بيمه سهم کارفرما ارديبهشت 94 از شعبه پارک ','NO',NULL,NULL,NULL),
 (377,1895,17,NULL,NULL,NULL,NULL,'0','15000000','عملکرد صندوق درواريزبه پس انداز50322آقاي دوستخواه ','NO',NULL,NULL,NULL),
 (389,1896,45,1,1180,NULL,NULL,'0','830000',' پرداخت قسط  17 وام شماره 132','NO',NULL,NULL,NULL),
 (388,1897,45,1,1180,NULL,NULL,'0','1755000',' پرداخت قسط  3 وام شماره 190','NO',NULL,NULL,NULL),
 (371,1898,46,1,1093,NULL,NULL,'0','1853000',' پرداخت قسط  1 وام شماره 194','NO',NULL,NULL,NULL),
 (371,1899,46,1,1093,NULL,NULL,'0','1853000',' پرداخت قسط  2 وام شماره 194','NO',NULL,NULL,NULL),
 (371,1900,46,1,1093,NULL,NULL,'0','1853000',' پرداخت قسط  3 وام شماره 194','NO',NULL,NULL,NULL),
 (382,1901,65,1,1234,NULL,NULL,'0','1500000','واريزي حساب پس انداز  -هاشم مهذب','NO',NULL,NULL,NULL),
 (373,1902,65,1,1025,NULL,NULL,'0','104980','واريزي حساب پس انداز  -الهام افتخاري ','NO',NULL,NULL,NULL),
 (385,1903,65,1,1180,NULL,NULL,'0','13763757','واريزي حساب پس انداز  -هادي مسرور','NO',NULL,NULL,NULL),
 (388,1904,65,1,1180,NULL,NULL,'1755000','0','دريافت اقساط','NO',NULL,NULL,NULL),
 (389,1905,65,1,1180,NULL,NULL,'830000','0','دريافت اقساط','NO',NULL,NULL,NULL),
 (376,1906,65,1,1214,NULL,NULL,'15000000','0','برداشت حساب پس انداز  -عاطفه شريف','NO',NULL,NULL,NULL),
 (374,1907,65,1,1095,NULL,NULL,'0','100476','واريزي حساب پس انداز  -آذر آديني','NO',NULL,NULL,NULL),
 (386,1908,65,1,1095,NULL,NULL,'0','10372697','واريزي حساب پس انداز  -آذر آديني','NO',NULL,NULL,NULL),
 (372,1909,65,1,1107,NULL,NULL,'0','175000','واريزي حساب پس انداز  -عليرضا سيديان عنبراني','NO',NULL,NULL,NULL),
 (387,1910,65,NULL,NULL,NULL,NULL,'0','9192174','واريزي حساب پس انداز  -عاطفه رشيدي زاده ','NO',NULL,NULL,NULL),
 (380,1911,66,1,1002,NULL,NULL,'0','3400000',' واريز به سپرده کوتاه مدت شماره 1 دانشگاه فردوسي مشهد','NO',NULL,NULL,NULL),
 (381,1912,66,1,1002,NULL,NULL,'0','11550000',' واريز به سپرده کوتاه مدت شماره 1 دانشگاه فردوسي مشهد','NO',NULL,NULL,NULL),
 (368,1913,82,NULL,NULL,NULL,NULL,'13770000','0','چکشماره      تجارت بابت هزينه پذيرائي مجمع بموجب فاکتور پيوست ','NO',NULL,NULL,NULL),
 (377,1914,86,NULL,NULL,NULL,NULL,'15719451','0','پرداخت حق بيمه ارديبهشت 94 ','NO',NULL,NULL,NULL),
 (377,1915,86,NULL,NULL,NULL,NULL,'0','1338550','انتقال بيمه سهم مجري ارديبهشت 94 از شعبه پارک ','NO',NULL,NULL,NULL),
 (377,1916,86,NULL,NULL,NULL,NULL,'0','4398091','انتقال بيمه سهم کارفرما ارديبهشت 94 از شعبه پارک ','NO',NULL,NULL,NULL),
 (379,1917,88,NULL,NULL,NULL,NULL,'1500000','0','واريز قسط 7 وام 140حجت پورنوروزي وام خيرين بحساب جناب مهذب','NO',NULL,NULL,NULL),
 (368,1918,88,1,1002,NULL,NULL,'0','30628465','عملکرد صندوق دربرداشت از سپرده بابت تسهيلات 212 شرکت فالينوس ','NO',NULL,NULL,NULL),
 (379,1919,88,1,1002,NULL,NULL,'3400000','0','واريز قسط 1 شرکت بسپار پايش بسامد عامليت دانشگاه وواريز به سپرده دانشگاه','NO',NULL,NULL,NULL),
 (379,1920,88,1,1002,NULL,NULL,'11550000','0','واريز قسط 10شرکت دنا زيست آسيا وواريز به سپرده دانشگاه','NO',NULL,NULL,NULL),
 (296,1921,96,2,4,NULL,NULL,'0','15390251','واريز سود علي الحساب خردادماه بانک اقتصاد','NO',NULL,NULL,NULL),
 (375,1922,106,NULL,NULL,NULL,NULL,'1','0','چک به شماره 057117 صادره از بانک پاسارگاد-مرکز به مبلغ  4701675000 ريال ','NO',NULL,NULL,NULL),
 (375,1923,106,NULL,NULL,NULL,NULL,'1','0','چک به شماره 057118 صادره از بانک پاسارگاد-مرکز به مبلغ  4701675000 ريال ','NO',NULL,NULL,NULL),
 (383,1924,106,NULL,NULL,NULL,NULL,'1','0','چک به شماره 378860 صادره از بانک صادرات-مرکز به مبلغ  416666666 ريال ','NO',NULL,NULL,NULL),
 (375,1925,107,NULL,NULL,NULL,NULL,'4701675000','0','چک به شماره 057117 صادره از بانک پاسارگاد-مرکز به مبلغ  4701675000 ريال ','NO',NULL,NULL,NULL),
 (375,1926,107,NULL,NULL,NULL,NULL,'4701675000','0','چک به شماره 057118 صادره از بانک پاسارگاد-مرکز به مبلغ  4701675000 ريال ','NO',NULL,NULL,NULL),
 (383,1927,107,NULL,NULL,NULL,NULL,'416666666','0','چک به شماره 378860 صادره از بانک صادرات-مرکز به مبلغ  416666666 ريال ','NO',NULL,NULL,NULL),
 (375,1928,111,NULL,NULL,NULL,NULL,'0','2','بابت دريافت 2 فقره چک به مبلغ کل  9403350000','NO',NULL,NULL,NULL),
 (383,1929,111,NULL,NULL,NULL,NULL,'0','1','بابت دريافت 1 فقره چک به مبلغ کل  416666666','NO',NULL,NULL,NULL),
 (375,1930,112,NULL,NULL,NULL,NULL,'0','9403350000','بابت دريافت 2 فقره چک به مبلغ کل  9403350000','NO',NULL,NULL,NULL),
 (383,1931,112,NULL,NULL,NULL,NULL,'0','416666666','بابت دريافت 1 فقره چک به مبلغ کل  416666666','NO',NULL,NULL,NULL),
 (378,1932,125,1,1085,1,1002,'0','3400000',' پرداخت قسط  1 وام شماره 172','NO',NULL,NULL,NULL),
 (368,1933,128,2,4,NULL,NULL,'0','9500000','کارمزدسال 94 تسهيلات 200مرحله 2 نيرونماد رضوي ','NO',NULL,NULL,NULL),
 (368,1934,128,2,5,NULL,NULL,'0','9500000','کارمزدسال 95 تسهيلات 200مرحله 2 نيرونماد رضوي ','NO',NULL,NULL,NULL),
 (368,1935,133,2,4,1,1002,'83795','0','برگشت سود سال 95 تسهيلات 212 شرکت فالينوس ','NO',NULL,NULL,NULL),
 (368,1936,133,2,5,NULL,NULL,'0','83795','برگشت سود سال 95 تسهيلات 212 شرکت فالينوس ','NO',NULL,NULL,NULL),
 (368,1937,151,NULL,NULL,NULL,NULL,'475000000','0','پرداخت توديعي مرحله 2 شرکت نيرونمادرضوي ','NO',NULL,NULL,NULL),
 (384,1938,1,NULL,NULL,NULL,NULL,'28016613','0','واريز حقوق خردادماه آقاي دوستخواه به پس انداز ايشان درشعبه پارک','NO',NULL,NULL,NULL),
 (384,1939,1,NULL,NULL,NULL,NULL,'0','57057241','پرداخت نقدي حقوق پرسنل شعبه دانشگاه ','NO',NULL,NULL,NULL),
 (384,1940,1,NULL,NULL,NULL,NULL,'0','4288000','کسرحقوق بابت اقساط آقاي مسرور و خانم آديني ','NO',NULL,NULL,NULL),
 (147,1941,1,NULL,NULL,NULL,NULL,'100000000','0','چک 238676تجارت بابت حقوق پرسنل ارديبهشت ماه ','NO',NULL,NULL,NULL),
 (147,1942,1,NULL,NULL,NULL,NULL,'0','10000000','عملکردصندوق درواريز قسط مالداري وشفاعي ئبحسابهاي ابراهيمي ومهذب ','NO',NULL,NULL,NULL),
 (147,1943,1,NULL,NULL,NULL,NULL,'0','10168465','عملکرد صندوق درواريز قسط ابتکارگستر و امنيد صفري بحساب سپرده دانشگاه ','NO',NULL,NULL,NULL),
 (147,1944,1,NULL,NULL,NULL,NULL,'0','9000000','بابت پرداختي در جه آقاي دکتر بهارآرا حق الزحمه جهان انديشه ','NO',NULL,NULL,NULL),
 (147,1945,1,NULL,NULL,NULL,NULL,'0','2500000','عملکرد صندوق در واريز قسط مازاد آقاي شاطريان','NO',NULL,NULL,NULL),
 (147,1946,1,NULL,NULL,NULL,NULL,'0','28150000','حقوق آقاي دکتر حيدري ارديبهشت ماه 94','NO',NULL,NULL,NULL),
 (391,1947,1,NULL,NULL,NULL,NULL,'0','661000','عملکرد صندوق در واريز قسط شرکت رهپويان خردو انديشه به شعبه پارک ','NO',NULL,NULL,NULL),
 (392,1948,1,NULL,NULL,NULL,NULL,'661000','0','دريافت اقساط','NO',NULL,NULL,NULL),
 (395,1949,1,NULL,NULL,NULL,NULL,'1755000','0','دريافت اقساط','NO',NULL,NULL,NULL),
 (396,1950,1,NULL,NULL,NULL,NULL,'8686466','0','واريزي حساب پس انداز  -الهام افتخاري ','NO',NULL,NULL,NULL),
 (397,1951,1,NULL,NULL,NULL,NULL,'28150000','0','واريزي حساب پس انداز  -حيدر قلي حيدري مزرجي','NO',NULL,NULL,NULL),
 (398,1952,1,NULL,NULL,NULL,NULL,'9782435','0','واريزي حساب پس انداز  -عليرضا سيديان عنبراني','NO',NULL,NULL,NULL),
 (399,1953,1,NULL,NULL,NULL,NULL,'0','28150000','برداشت حساب پس انداز  -حيدر قلي حيدري مزرجي','NO',NULL,NULL,NULL),
 (400,1954,1,NULL,NULL,NULL,NULL,'0','8686466','برداشت حساب پس انداز  -الهام افتخاري ','NO',NULL,NULL,NULL),
 (401,1955,1,NULL,NULL,NULL,NULL,'0','9782435','برداشت حساب پس انداز  -عليرضا سيديان عنبراني','NO',NULL,NULL,NULL),
 (402,1956,1,NULL,NULL,NULL,NULL,'0','11178757','برداشت حساب پس انداز  -هادي مسرور','NO',NULL,NULL,NULL),
 (403,1957,1,NULL,NULL,NULL,NULL,'0','9192174','برداشت حساب پس انداز  -عاطفه رشيدي زاده ','NO',NULL,NULL,NULL),
 (404,1958,1,NULL,NULL,NULL,NULL,'0','8669697','برداشت حساب پس انداز  -آذر آديني','NO',NULL,NULL,NULL),
 (405,1959,1,NULL,NULL,NULL,NULL,'0','2250000','برداشت حساب پس انداز  -محمد باقر طباطبايي','NO',NULL,NULL,NULL),
 (406,1960,1,NULL,NULL,NULL,NULL,'1500000','0','واريزي حساب پس انداز  -حسن عاشوري چمن آبادي','NO',NULL,NULL,NULL),
 (147,1961,2,3,1,NULL,NULL,'4247','0','واريز بابت رسوب توسط بانک ','NO',NULL,NULL,NULL),
 (147,1962,2,3,1,NULL,NULL,'2500000','0','واريز آقاي شاطريان بابت اقساط وام ','NO',NULL,NULL,NULL),
 (391,1963,2,3,1,NULL,NULL,'4247','0','واريز بابت سود علي الحساب توسط بانک اقتصاد نوين ','NO',NULL,NULL,NULL),
 (408,1964,2,3,1,NULL,NULL,'306596','0','واريزي حساب پس انداز  -آذر آديني','NO',NULL,NULL,NULL),
 (410,1965,2,3,1,NULL,NULL,'5780000','0','دريافت اقساط','NO',NULL,NULL,NULL),
 (384,1966,17,NULL,NULL,NULL,NULL,'0','2391459','بابت ماليات حقوق پرسنل شعبه دانشگاه خردادماه 94','NO',NULL,NULL,NULL),
 (384,1967,17,NULL,NULL,NULL,NULL,'0','1735000','بابت کسرحقوق آقاي دوستخواه نزدشعبه پارک ','NO',NULL,NULL,NULL),
 (384,1968,17,NULL,NULL,NULL,NULL,'0','28016613','واريز حقوق خردادماه آقاي دوستخواه به پس انداز ايشان درشعبه پارک','NO',NULL,NULL,NULL),
 (147,1969,17,NULL,NULL,NULL,NULL,'9000000','0','بابت پرداختي در جه آقاي دکتر بهارآرا حق الزحمه جهان انديشه ','NO',NULL,NULL,NULL),
 (147,1970,17,NULL,NULL,NULL,NULL,'28150000','0','حقوق آقاي دکتر حيدري ارديبهشت ماه 94','NO',NULL,NULL,NULL),
 (147,1971,17,NULL,NULL,NULL,NULL,'0','100000000','چک 238676تجارت بابت حقوق پرسنل ارديبهشت ماه ','NO',NULL,NULL,NULL),
 (391,1972,17,NULL,NULL,NULL,NULL,'661000','0','واريز قسط شرکت رهپويان خردو انديشه به شعبه پارک ','NO',NULL,NULL,NULL),
 (393,1973,19,NULL,NULL,NULL,NULL,'34977281','0','جمع سود خردادماه 94','NO',NULL,NULL,NULL),
 (395,1974,45,1,1025,NULL,NULL,'0','1755000',' پرداخت قسط  3 وام شماره 189','NO',NULL,NULL,NULL),
 (390,1975,45,1,1095,NULL,NULL,'0','1703000',' پرداخت قسط  3 وام شماره 191','NO',NULL,NULL,NULL),
 (392,1976,46,1,1074,NULL,NULL,'0','661000',' پرداخت قسط  2 وام شماره 160','NO',NULL,NULL,NULL),
 (407,1977,46,1,1023,NULL,NULL,'0','1331507',' پرداخت قسط  17 وام شماره 95','NO',NULL,NULL,NULL),
 (406,1978,65,1,1023,NULL,NULL,'0','1500000','واريزي حساب پس انداز  -حسن عاشوري چمن آبادي','NO',NULL,NULL,NULL),
 (407,1979,65,1,1023,NULL,NULL,'1331507','0','دريافت اقساط','NO',NULL,NULL,NULL),
 (396,1980,65,1,1025,NULL,NULL,'0','8686466','واريزي حساب پس انداز  -الهام افتخاري ','NO',NULL,NULL,NULL),
 (400,1981,65,1,1025,NULL,NULL,'8686466','0','برداشت حساب پس انداز  -الهام افتخاري ','NO',NULL,NULL,NULL),
 (393,1982,65,1,1002,NULL,NULL,'0','34001381','سود خردادماه 94','NO',NULL,NULL,NULL),
 (402,1983,65,1,1180,NULL,NULL,'11178757','0','برداشت حساب پس انداز  -هادي مسرور','NO',NULL,NULL,NULL),
 (397,1984,65,1,1201,NULL,NULL,'0','28150000','واريزي حساب پس انداز  -حيدر قلي حيدري مزرجي','NO',NULL,NULL,NULL),
 (399,1985,65,1,1201,NULL,NULL,'28150000','0','برداشت حساب پس انداز  -حيدر قلي حيدري مزرجي','NO',NULL,NULL,NULL),
 (405,1986,65,1,1202,NULL,NULL,'2250000','0','برداشت حساب پس انداز  -محمد باقر طباطبايي','NO',NULL,NULL,NULL),
 (393,1987,65,1,1204,NULL,NULL,'0','975900','سود خردادماه 94','NO',NULL,NULL,NULL),
 (390,1988,65,1,1095,NULL,NULL,'1703000','0','دريافت اقساط','NO',NULL,NULL,NULL),
 (404,1989,65,1,1095,NULL,NULL,'8669697','0','برداشت حساب پس انداز  -آذر آديني','NO',NULL,NULL,NULL),
 (408,1990,65,1,1095,NULL,NULL,'0','306596','واريزي حساب پس انداز  -آذر آديني','NO',NULL,NULL,NULL),
 (398,1991,65,1,1107,NULL,NULL,'0','9782435','واريزي حساب پس انداز  -عليرضا سيديان عنبراني','NO',NULL,NULL,NULL),
 (401,1992,65,1,1107,NULL,NULL,'9782435','0','برداشت حساب پس انداز  -عليرضا سيديان عنبراني','NO',NULL,NULL,NULL),
 (403,1993,65,NULL,NULL,NULL,NULL,'9192174','0','برداشت حساب پس انداز  -عاطفه رشيدي زاده ','NO',NULL,NULL,NULL),
 (384,1994,86,NULL,NULL,NULL,NULL,'0','2388031','بابت حق بيمه سهم مجري شعبه دانشگاه خردادماه94','NO',NULL,NULL,NULL),
 (384,1995,86,NULL,NULL,NULL,NULL,'0','7846388','بابت حق بيمه سهم کارفرما شعبه دانشگاه خردادماه94','NO',NULL,NULL,NULL),
 (147,1996,88,NULL,NULL,NULL,NULL,'22000000','0','اصلاح وتفکيک اسنادپرداختني خيرين (مهذب و ابراهيمي )','NO',NULL,NULL,NULL),
 (147,1997,88,NULL,NULL,NULL,NULL,'8000000','0','واريز قسط شفاعي بحساب پس انداز آقاي مهذب ','NO',NULL,NULL,NULL),
 (147,1998,88,1,1002,NULL,NULL,'10168465','0','واريز قسط ابتکارگستر و امنيد صفري بحساب سپرده دانشگاه ','NO',NULL,NULL,NULL),
 (147,1999,88,NULL,NULL,NULL,NULL,'2000000','0','واريز قسط مالداري  بحساب پس انداز آقاي ابراهيمي ومهدوي ','NO',NULL,NULL,NULL),
 (147,2000,88,NULL,NULL,NULL,NULL,'0','22000000','اصلاح وتفکيک اسنادپرداختني خيرين (مهذب و ابراهيمي )','NO',NULL,NULL,NULL),
 (147,2001,96,2,4,NULL,NULL,'0','4247','واريز بابت رسوب توسط بانک ','NO',NULL,NULL,NULL),
 (391,2002,96,2,4,NULL,NULL,'0','4247','واريز بابت سود علي الحساب توسط بانک اقتصاد نوين ','NO',NULL,NULL,NULL),
 (384,2003,114,NULL,NULL,NULL,NULL,'7846388','0','بابت هزينه حق بيمه سهم کارفرما شعبه دانشگاه خردادماه 94','NO',NULL,NULL,NULL),
 (384,2004,115,NULL,NULL,NULL,NULL,'1600000','0','بابت حق مسکن پرسنل شعبه دانشگاه خرداد94','NO',NULL,NULL,NULL),
 (384,2005,116,NULL,NULL,NULL,NULL,'4400000','0','بابت هزينه اقلام مصرفي پرسنل شعبه دانشگاه خردادماه 94','NO',NULL,NULL,NULL),
 (384,2006,117,NULL,NULL,NULL,NULL,'13923058','0','بابت اضافه کاري پرسنل شعبه دانشگاه خردادماه 94','NO',NULL,NULL,NULL),
 (384,2007,122,NULL,NULL,NULL,NULL,'3687436','0','بابت حق سنوات پرسنل دانشگاه خردادماه 94','NO',NULL,NULL,NULL),
 (410,2008,125,1,1055,1,1002,'0','5780000',' پرداخت قسط  7 وام شماره 137','NO',NULL,NULL,NULL),
 (384,2009,149,NULL,NULL,NULL,NULL,'42749237','0','حقوق پرسنل شعبه دانشگاه خردادماه 94','NO',NULL,NULL,NULL),
 (384,2010,149,NULL,NULL,NULL,NULL,'1500000','0','بابت فوق العاده شغلي آقاي مسرور','NO',NULL,NULL,NULL),
 (411,2011,1,NULL,NULL,NULL,NULL,'5780000','0',' واريز به سپرده کوتاه مدت شماره 1 دانشگاه فردوسي مشهد','NO',NULL,NULL,NULL),
 (412,2012,1,NULL,NULL,NULL,NULL,'150000000','0',' واريز به سپرده کوتاه مدت شماره 2 سود سپرده مهدوي و ابراهيمي','NO',NULL,NULL,NULL),
 (394,2013,1,NULL,NULL,NULL,NULL,'28150000','0','عملکرد صندوق دربرداشت از پس انداز 8141دکتر حيدري طي چک تجارت ','NO',NULL,NULL,NULL),
 (394,2014,1,NULL,NULL,NULL,NULL,'8686466','0','عملکرد صندوق دربرداشت از پس انداز 8108 خانم افتخاري طي چک تجارت ','NO',NULL,NULL,NULL),
 (394,2015,1,NULL,NULL,NULL,NULL,'9782435','0','عملکرد صندوق دربرداشت از پس انداز8219 آقاي سيديان طي چک تجارت ','NO',NULL,NULL,NULL),
 (394,2016,1,NULL,NULL,NULL,NULL,'11178757','0','عملکردصندوق برداشت از پس انداز 8137آقاي مسرور طي چک تجارت ','NO',NULL,NULL,NULL),
 (394,2017,1,NULL,NULL,NULL,NULL,'9192174','0','عملکرد صندوق دربرداشت از پس انداز 8220 رشيدي زاده طي چک تجارت ','NO',NULL,NULL,NULL),
 (394,2018,1,NULL,NULL,NULL,NULL,'8669697','0','عملکرد صندوق در برداشت از پس انداز8192 خانم آديني طي چک تجارت ','NO',NULL,NULL,NULL),
 (394,2019,1,NULL,NULL,NULL,NULL,'0','9782435','عملکرد صندوق در واريز حقوق خرداد ماه 94 آقاي سيديان','NO',NULL,NULL,NULL),
 (394,2020,1,NULL,NULL,NULL,NULL,'0','28150000','عملکرد صندوق درواريز حقوق خرداد ماه 94 دکتر حيدري','NO',NULL,NULL,NULL),
 (394,2021,1,NULL,NULL,NULL,NULL,'0','8686466','عملکرد صندوق درواريز حقوق خرداد ماه 94 خانم افتخاري ','NO',NULL,NULL,NULL),
 (394,2022,1,NULL,NULL,NULL,NULL,'0','1755000','عملکردصندوق در واريز کسر حقوق خانم افتخاري بابت قسط تسهيلات ','NO',NULL,NULL,NULL),
 (394,2023,1,NULL,NULL,NULL,NULL,'0','1500000','عملکردصندوق در واريز چک کسر حقوق عاشوري و واريز به پس انداز ','NO',NULL,NULL,NULL),
 (409,2024,1,NULL,NULL,NULL,NULL,'0','5780000','عملکرد صندوق در واريز قسط 7 وام 137 شرکت تجهيز گستر پاز به سپرده ','NO',NULL,NULL,NULL),
 (409,2025,1,NULL,NULL,NULL,NULL,'0','150000000','واريزي به سپرده دکتر ابراهيمي به بانک تجارت ','NO',NULL,NULL,NULL),
 (417,2026,1,NULL,NULL,NULL,NULL,'0','21000000','اضافه شدن مبلغ به وام بابت کارمزد ','NO',NULL,NULL,NULL),
 (394,2027,2,3,1,NULL,NULL,'1500000','0',' واريز چک کسر حقوق عاشوري و واريز به پس انداز ','NO',NULL,NULL,NULL),
 (409,2028,2,3,1,NULL,NULL,'432000000','0','واريزي صندوق نوآوري شکوفايي به اقتصادنوين','NO',NULL,NULL,NULL),
 (409,2029,2,3,1,NULL,NULL,'6562500','0','واريزي آقاي اسکويي بابت کارمزد نزدشعبه پارک','NO',NULL,NULL,NULL),
 (413,2030,2,3,1,NULL,NULL,'0','63000000',' برداشت از سپرده کوتاه مدت شماره 2 سود سپرده مهدوي و ابراهيمي','NO',NULL,NULL,NULL),
 (414,2031,2,3,1,NULL,NULL,'0','250000000',' برداشت از سپرده کوتاه مدت شماره 2 سود سپرده مهدوي و ابراهيمي','NO',NULL,NULL,NULL),
 (415,2032,9,NULL,NULL,NULL,NULL,'350000','0','خريد ساعت بشرح فاکتور پيوست','NO',NULL,NULL,NULL),
 (415,2033,9,NULL,NULL,NULL,NULL,'370000','0','خريد ماشين حساب کاسيو مدل dr-2130tw','NO',NULL,NULL,NULL),
 (394,2034,17,NULL,NULL,NULL,NULL,'8686466','0','واريز حقوق خرداد ماه 94 خانم افتخاري ','NO',NULL,NULL,NULL),
 (394,2035,17,NULL,NULL,NULL,NULL,'1755000','0','واريز کسر حقوق خانم افتخاري بابت قسط تسهيلات ','NO',NULL,NULL,NULL),
 (394,2036,17,NULL,NULL,NULL,NULL,'28150000','0','واريز حقوق خرداد ماه 94 دکتر حيدري ','NO',NULL,NULL,NULL),
 (394,2037,17,NULL,NULL,NULL,NULL,'9782435','0','واريز حقوق خرداد ماه 94 آقاي سيديان','NO',NULL,NULL,NULL),
 (394,2038,17,NULL,NULL,NULL,NULL,'0','28150000','برداشت از پس انداز 8141دکتر حيدري طي چک تجارت ','NO',NULL,NULL,NULL),
 (394,2039,17,NULL,NULL,NULL,NULL,'0','11178757','برداشت از پس انداز 8137آقاي مسرور طي چک تجارت ','NO',NULL,NULL,NULL),
 (394,2040,17,NULL,NULL,NULL,NULL,'0','9782435','برداشت از پس انداز8219 آقاي سيديان طي چک تجارت ','NO',NULL,NULL,NULL),
 (394,2041,17,NULL,NULL,NULL,NULL,'0','8669697','برداشت از پس انداز 8192خانم آديني طي چک تجارت ','NO',NULL,NULL,NULL),
 (394,2042,17,NULL,NULL,NULL,NULL,'0','8686466','برداشت از پس انداز 8108 خانم افتخاري طي چک تجارت ','NO',NULL,NULL,NULL),
 (394,2043,17,NULL,NULL,NULL,NULL,'0','9192174','برداشت از پس انداز 8220 رشيدي زاده طي چک تجارت ','NO',NULL,NULL,NULL),
 (409,2044,17,NULL,NULL,NULL,NULL,'150000000','0','واريزي به سپرده دکتر ابراهيمي به بانک تجارت ','NO',NULL,NULL,NULL),
 (409,2045,17,NULL,NULL,NULL,NULL,'0','6562500','واريزي آقاي اسکويي بابت کارمزد نزدشعبه پارک','NO',NULL,NULL,NULL),
 (409,2046,28,1,1003,NULL,NULL,'0','432000000','واريزي صندوق نوآوري شکوفايي به اقتصادنوين','NO',NULL,NULL,NULL),
 (411,2047,66,1,1002,NULL,NULL,'0','5780000',' واريز به سپرده کوتاه مدت شماره 1 دانشگاه فردوسي مشهد','NO',NULL,NULL,NULL),
 (412,2048,66,1,1203,NULL,NULL,'0','150000000',' واريز به سپرده کوتاه مدت شماره 2 سود سپرده مهدوي و ابراهيمي','NO',NULL,NULL,NULL),
 (413,2049,66,1,1203,NULL,NULL,'63000000','0',' برداشت از سپرده کوتاه مدت شماره 2 سود سپرده مهدوي و ابراهيمي','NO',NULL,NULL,NULL),
 (414,2050,66,1,1203,NULL,NULL,'250000000','0',' برداشت از سپرده کوتاه مدت شماره 2 سود سپرده مهدوي و ابراهيمي','NO',NULL,NULL,NULL),
 (415,2051,71,NULL,NULL,NULL,NULL,'50000','0','خريد باتري قلمي بزرگ و کوچک ','NO',NULL,NULL,NULL),
 (415,2052,71,NULL,NULL,NULL,NULL,'30000','0','خريد چسب ماژيکي ','NO',NULL,NULL,NULL),
 (415,2053,71,NULL,NULL,NULL,NULL,'500000','0','خريد تابلو امام و رهبري ','NO',NULL,NULL,NULL),
 (415,2054,71,NULL,NULL,NULL,NULL,'50000','0','خريد سي دي خام 10 عدد بشرح فاکتور ','NO',NULL,NULL,NULL),
 (415,2055,71,NULL,NULL,NULL,NULL,'205000','0','خريد داکت و چسب برق و سه راهي بشرح فاکتور پيوست','NO',NULL,NULL,NULL),
 (415,2056,71,NULL,NULL,NULL,NULL,'206000','0','خريد کاغذ A4 دوبسته بشرح فاکتور پيوست ','NO',NULL,NULL,NULL),
 (415,2057,71,NULL,NULL,NULL,NULL,'100000','0','خريد چسب دوطرفه و پيچ گوشتي بشرح فاکتور پيوست ','NO',NULL,NULL,NULL),
 (415,2058,71,NULL,NULL,NULL,NULL,'195000','0','خريد زنگ بيسيم و باتري قلمي بشرح فاکتور پيوست ','NO',NULL,NULL,NULL),
 (415,2059,71,NULL,NULL,NULL,NULL,'50000','0','خريد ديوايدر 12 عددي بشرح فاکتور پيوست ','NO',NULL,NULL,NULL),
 (415,2060,71,NULL,NULL,NULL,NULL,'310000','0','خريد کاغذ و ذونکن بشرح فاکتور پيوست ','NO',NULL,NULL,NULL),
 (415,2061,71,NULL,NULL,NULL,NULL,'200000','0','خريد کاغذ A4 دوبسته ','NO',NULL,NULL,NULL),
 (415,2062,71,NULL,NULL,NULL,NULL,'1147000','0','خريد پنل و کابل و چسب و... بشرح فاکتور پيوست ','NO',NULL,NULL,NULL),
 (415,2063,71,NULL,NULL,NULL,NULL,'90000','0','خريد چسب دوطرفه بشرح فاکتور پيوست ','NO',NULL,NULL,NULL),
 (415,2064,71,NULL,NULL,NULL,NULL,'200000','0','خريد 2 عدد کارتابل بشرح فاکتور پيوست ','NO',NULL,NULL,NULL),
 (415,2065,71,NULL,NULL,NULL,NULL,'20000','0','خريد 4عدد روزنامه خراسان بابت آگهي مجمع','NO',NULL,NULL,NULL),
 (415,2066,71,NULL,NULL,NULL,NULL,'375000','0','خريد يک باکس خودکار بشرح فاکتور ','NO',NULL,NULL,NULL),
 (415,2067,71,NULL,NULL,NULL,NULL,'231000','0','خريد سوزن دوخت کوچک و بزرگ و دوخت آلماني بشرح فاکتور','NO',NULL,NULL,NULL),
 (415,2068,72,NULL,NULL,NULL,NULL,'550000','0','هزينه آژانس بشرح فاکتور  پيوست  ','NO',NULL,NULL,NULL),
 (415,2069,72,NULL,NULL,NULL,NULL,'90000','0','هزينه آژانس بشرح فاکتور  پيوست  ','NO',NULL,NULL,NULL),
 (415,2070,72,NULL,NULL,NULL,NULL,'450000','0','هزينه آژانس بابت دعوتنامه هاي مجمع  بشرح فاکتور  پيوست  ','NO',NULL,NULL,NULL),
 (415,2071,72,NULL,NULL,NULL,NULL,'150000','0','هزينه آژانس بشرح فاکتور  پيوست  ','NO',NULL,NULL,NULL),
 (415,2072,72,NULL,NULL,NULL,NULL,'260000','0','هزينه آژانس بشرح فاکتور  پيوست  ','NO',NULL,NULL,NULL),
 (415,2073,72,NULL,NULL,NULL,NULL,'550000','0','هزينه هاي اياب ذهاب دکتر بهارآرا به تهران ','NO',NULL,NULL,NULL),
 (415,2074,72,NULL,NULL,NULL,NULL,'160000','0','هزينه آژانس بشرح فاکتور  پيوست  ','NO',NULL,NULL,NULL),
 (415,2075,72,NULL,NULL,NULL,NULL,'175000','0','هزينه آژانس بشرح فاکتور  پيوست  ','NO',NULL,NULL,NULL),
 (415,2076,72,NULL,NULL,NULL,NULL,'220000','0','هزينه آژانس بشرح فاکتور  پيوست  ','NO',NULL,NULL,NULL),
 (415,2077,72,NULL,NULL,NULL,NULL,'155000','0','هزينه آژانس بشرح فاکتور  پيوست  ','NO',NULL,NULL,NULL),
 (415,2078,72,NULL,NULL,NULL,NULL,'60000','0','هزينه آژانس بشرح فاکتور  پيوست  ','NO',NULL,NULL,NULL),
 (415,2079,72,NULL,NULL,NULL,NULL,'60000','0','هزينه آژانس به مجتمع تک  بشرح فاکتور  پيوست  ','NO',NULL,NULL,NULL),
 (415,2080,72,NULL,NULL,NULL,NULL,'160000','0','هزينه آژانس بشرح فاکتور  پيوست  ','NO',NULL,NULL,NULL),
 (415,2081,72,NULL,NULL,NULL,NULL,'100000','0','هزينه آژانس بشرح فاکتور  پيوست  ','NO',NULL,NULL,NULL),
 (415,2082,72,NULL,NULL,NULL,NULL,'80000','0','هزينه آژانس بشرح فاکتور  پيوست  ','NO',NULL,NULL,NULL),
 (415,2083,72,NULL,NULL,NULL,NULL,'130000','0','هزينه آژانس به دفترخانه 110بشرح فاکتور  پيوست  ','NO',NULL,NULL,NULL),
 (415,2084,72,NULL,NULL,NULL,NULL,'430000','0','هزينه آژانس بشرح فاکتور  پيوست  ','NO',NULL,NULL,NULL),
 (415,2085,72,NULL,NULL,NULL,NULL,'60000','0','هزينه آژانس از دارايي به دانشگاه بشرح فاکتور  پيوست  ','NO',NULL,NULL,NULL),
 (415,2086,72,NULL,NULL,NULL,NULL,'30000','0','هزينه آژانس حمل کيس از ميدان پارک به دانشگاه بشرح فاکتور  پيوست  ','NO',NULL,NULL,NULL),
 (415,2087,72,NULL,NULL,NULL,NULL,'60000','0','هزينه آژانس بشرح فاکتور  پيوست  ','NO',NULL,NULL,NULL),
 (415,2088,72,NULL,NULL,NULL,NULL,'80000','0','هزينه آژانس بشرح فاکتور  پيوست  ','NO',NULL,NULL,NULL),
 (415,2089,72,NULL,NULL,NULL,NULL,'140000','0','هزينه آژانس بشرح فاکتور  پيوست  ','NO',NULL,NULL,NULL),
 (415,2090,72,NULL,NULL,NULL,NULL,'70000','0','هزينه آژانس بشرح فاکتور  پيوست  ','NO',NULL,NULL,NULL),
 (415,2091,72,NULL,NULL,NULL,NULL,'120000','0','هزينه آژانس بشرح فاکتور  پيوست  ','NO',NULL,NULL,NULL),
 (415,2092,72,NULL,NULL,NULL,NULL,'120000','0','هزينه آژانس از پارک به دانشگاه بشرح فاکتور  پيوست  ','NO',NULL,NULL,NULL),
 (415,2093,72,NULL,NULL,NULL,NULL,'260000','0','هزينه آژانس بشرح فاکتور  پيوست  ','NO',NULL,NULL,NULL),
 (415,2094,72,NULL,NULL,NULL,NULL,'340000','0','هزينه آژانس بشرح فاکتور  پيوست  ','NO',NULL,NULL,NULL),
 (415,2095,72,NULL,NULL,NULL,NULL,'100000','0','هزينه آژانس به پليس فتا بشرح فاکتور  پيوست  ','NO',NULL,NULL,NULL),
 (415,2096,72,NULL,NULL,NULL,NULL,'220000','0','هزينه آژانس بشرح فاکتور  پيوست  ','NO',NULL,NULL,NULL),
 (415,2097,72,NULL,NULL,NULL,NULL,'120000','0','هزينه آژانس براي خريد تابلو بشرح فاکتور پيوست ','NO',NULL,NULL,NULL),
 (415,2098,72,NULL,NULL,NULL,NULL,'150000','0','هزينه آژانس بشرح فاکتور  پيوست  ','NO',NULL,NULL,NULL),
 (415,2099,72,NULL,NULL,NULL,NULL,'50000','0','هزينه آژانس بشرح فاکتور  پيوست  ','NO',NULL,NULL,NULL),
 (415,2100,72,NULL,NULL,NULL,NULL,'90000','0','هزينه آژانس بشرح فاکتور  پيوست  ','NO',NULL,NULL,NULL),
 (415,2101,72,NULL,NULL,NULL,NULL,'150000','0','هزينه آژانس بشرح فاکتور  پيوست  ','NO',NULL,NULL,NULL),
 (415,2102,72,NULL,NULL,NULL,NULL,'120000','0','هزينه آژانس براي خريد زعفران بشرح فاکتور  پيوست  ','NO',NULL,NULL,NULL),
 (415,2103,72,NULL,NULL,NULL,NULL,'70000','0','هزينه پيک موتوري بشرح فاکتور  پيوست  ','NO',NULL,NULL,NULL),
 (415,2104,72,NULL,NULL,NULL,NULL,'70000','0','هزينه آژانس بشرح فاکتور  پيوست  ','NO',NULL,NULL,NULL),
 (415,2105,72,NULL,NULL,NULL,NULL,'45000','0','هزينه آژانس بشرح فاکتور پيوست ','NO',NULL,NULL,NULL),
 (415,2106,72,NULL,NULL,NULL,NULL,'500000','0','هزينه آژانس بشرح فاکتور پيوست ','NO',NULL,NULL,NULL),
 (415,2107,73,NULL,NULL,NULL,NULL,'140000','0','خريد سطل پدالي سرويس بهداشتي بشرح فاکتور پيوست ','NO',NULL,NULL,NULL),
 (415,2108,74,NULL,NULL,NULL,NULL,'410000','0','خريد چاي و بيسکوييت و سفيد کننده و صابون و پادرازي ','NO',NULL,NULL,NULL),
 (415,2109,74,NULL,NULL,NULL,NULL,'230000','0','خريد پرتقال و موز بشرح فاکتورپيوست ','NO',NULL,NULL,NULL),
 (415,2110,74,NULL,NULL,NULL,NULL,'458000','0','خريد پرتقال و موز بشرح فاکتورپيوست ','NO',NULL,NULL,NULL),
 (415,2111,74,NULL,NULL,NULL,NULL,'102000','0','خريد دستمال نخي و دستمال رولي بشرح فاکتورپيوست ','NO',NULL,NULL,NULL),
 (415,2112,74,NULL,NULL,NULL,NULL,'351000','0','خريد سيب و موز بشرح فاکتورپيوست ','NO',NULL,NULL,NULL),
 (415,2113,74,NULL,NULL,NULL,NULL,'402050','0','خريد سيب و موز بشرح فاکتورپيوست ','NO',NULL,NULL,NULL),
 (415,2114,74,NULL,NULL,NULL,NULL,'260000','0','خريد آب معدني بزرگ و کوچک و کيسه زباله بشرح فاکتور پيوست ','NO',NULL,NULL,NULL),
 (415,2115,74,NULL,NULL,NULL,NULL,'94500','0','خريد گردو و پنير وچاي بشرح فاکتور پيوست ','NO',NULL,NULL,NULL),
 (415,2116,74,NULL,NULL,NULL,NULL,'813000','0','خريد بيسکوييت دستمال بشرح فاکتور پيوست','NO',NULL,NULL,NULL),
 (415,2117,74,NULL,NULL,NULL,NULL,'63000','0','خريد نان و گوجه و خيار بشرح فاکتور پيوست','NO',NULL,NULL,NULL),
 (415,2118,74,NULL,NULL,NULL,NULL,'250000','0','خريد نان و گوجه و خيار و گردو وشيربرنج و شيره انگوربشرح فاکتور پيوست','NO',NULL,NULL,NULL),
 (415,2119,74,NULL,NULL,NULL,NULL,'336500','0','خريد موز توت فرنگي بشرح فاکتور پيوست ','NO',NULL,NULL,NULL),
 (415,2120,74,NULL,NULL,NULL,NULL,'180800','0','خريد پنير و کره و محافظ غذا بشرح فاکتور پيوست ','NO',NULL,NULL,NULL),
 (415,2121,74,NULL,NULL,NULL,NULL,'60000','0','خريد مربا تک نفره ','NO',NULL,NULL,NULL),
 (415,2122,74,NULL,NULL,NULL,NULL,'263000','0','خريد قندو کافي ميکس و آبليمو و کشمش ','NO',NULL,NULL,NULL),
 (415,2123,74,NULL,NULL,NULL,NULL,'274000','0','خريد کيوي و موز بشرح فاکتورپيوست ','NO',NULL,NULL,NULL);
INSERT INTO `ACC_DocItems` (`DocID`,`ItemID`,`CostID`,`TafsiliType`,`TafsiliID`,`TafsiliType2`,`TafsiliID2`,`DebtorAmount`,`CreditorAmount`,`details`,`locked`,`SourceType`,`SourceID`,`SourceID2`) VALUES 
 (415,2124,74,NULL,NULL,NULL,NULL,'80000','0','خريد گل گاوزبان و آويشن بشرح فاکتور ','NO',NULL,NULL,NULL),
 (415,2125,74,NULL,NULL,NULL,NULL,'285000','0','خريد کيوي و موز بشرح فاکتورپيوست ','NO',NULL,NULL,NULL),
 (409,2126,88,1,1002,NULL,NULL,'5780000','0','واريز قسط 7 وام 137 شرکت تجهيز گستر پاز به سپرده ','NO',NULL,NULL,NULL),
 (418,2127,106,NULL,NULL,NULL,NULL,'1','0','چک به شماره 847300 صادره از بانک سپه-مرکز به مبلغ  21000000 ريال ','NO',NULL,NULL,NULL),
 (418,2128,107,NULL,NULL,NULL,NULL,'21000000','0','چک به شماره 847300 صادره از بانک سپه-مرکز به مبلغ  21000000 ريال ','NO',NULL,NULL,NULL),
 (418,2129,111,NULL,NULL,NULL,NULL,'0','1','بابت دريافت 1 فقره چک به مبلغ کل  21000000','NO',NULL,NULL,NULL),
 (418,2130,112,NULL,NULL,NULL,NULL,'0','21000000','بابت دريافت 1 فقره چک به مبلغ کل  21000000','NO',NULL,NULL,NULL),
 (417,2131,125,1,1106,1,1003,'21000000','0','اضافه شدن مبلغ به وام بابت کارمزد ','NO',NULL,NULL,NULL),
 (409,2132,142,NULL,NULL,NULL,NULL,'3800000000','0','برگشت واصلاح عملکرد مربوط به چکهاي ارايه شده به صندوق فناوريهاي نوين ','NO',NULL,NULL,NULL),
 (409,2133,155,NULL,NULL,NULL,NULL,'0','3800000000','برگشت واصلاح عملکرد مربوط به چکهاي ارايه شده به صندوق فناوريهاي نوين ','NO',NULL,NULL,NULL),
 (415,2134,1,NULL,NULL,NULL,NULL,'0','102000','خريد دستمال نخي و دستمال رولي بشرح فاکتورپيوست ','NO',NULL,NULL,NULL),
 (415,2135,1,NULL,NULL,NULL,NULL,'0','160500','هزينه پست به صندوق نوآوري شکوفايي و پاکت ','NO',NULL,NULL,NULL),
 (415,2136,1,NULL,NULL,NULL,NULL,'0','126900','خريد توت خشک و نبات بشرح فاکتور','NO',NULL,NULL,NULL),
 (415,2137,1,NULL,NULL,NULL,NULL,'0','70000','خريد آب معدني بزرگ بشرح فاکتور پيوست ','NO',NULL,NULL,NULL),
 (415,2138,1,NULL,NULL,NULL,NULL,'0','104650','خريد شکلات و خرما و..بشرح فاکتور ','NO',NULL,NULL,NULL),
 (415,2139,1,NULL,NULL,NULL,NULL,'0','237810','هزينه پست به اداره ثبت بشرح فاکتور ','NO',NULL,NULL,NULL),
 (415,2140,1,NULL,NULL,NULL,NULL,'0','5175000','هزينه آگهي دعوت مجمع روزنامه خراسان ','NO',NULL,NULL,NULL),
 (415,2141,1,NULL,NULL,NULL,NULL,'0','150000','هزينه آژانس بشرح فاکتور  پيوست  ','NO',NULL,NULL,NULL),
 (415,2142,1,NULL,NULL,NULL,NULL,'0','350000','خريد يک جلد قرآن بشرح فاکتور پيوست ','NO',NULL,NULL,NULL),
 (415,2143,1,NULL,NULL,NULL,NULL,'0','20000','خريد 4عدد روزنامه خراسان بابت آگهي مجمع','NO',NULL,NULL,NULL),
 (415,2144,1,NULL,NULL,NULL,NULL,'0','60000','خريد 2 عدد رساله حقوق امام سجاد','NO',NULL,NULL,NULL),
 (415,2145,1,NULL,NULL,NULL,NULL,'0','375000','خريد يک باکس خودکار بشرح فاکتور ','NO',NULL,NULL,NULL),
 (415,2146,1,NULL,NULL,NULL,NULL,'0','1022500','هزينه هاي بجنورد آقاي سيديان بشرح فاکتورها ','NO',NULL,NULL,NULL),
 (415,2147,1,NULL,NULL,NULL,NULL,'0','450000','هزينه آژانس بابت دعوتنامه هاي مجمع  بشرح فاکتور  پيوست  ','NO',NULL,NULL,NULL),
 (415,2148,1,NULL,NULL,NULL,NULL,'0','80000','هزينه آژانس بشرح فاکتور  پيوست  ','NO',NULL,NULL,NULL),
 (415,2149,1,NULL,NULL,NULL,NULL,'0','60000','هزينه آژانس بشرح فاکتور  پيوست  ','NO',NULL,NULL,NULL),
 (415,2150,1,NULL,NULL,NULL,NULL,'0','50000','خريد شارژ ايرانسل براي گوشي صندوق ','NO',NULL,NULL,NULL),
 (415,2151,1,NULL,NULL,NULL,NULL,'0','180800','خريد پنير و کره و محافظ غذا بشرح فاکتور پيوست ','NO',NULL,NULL,NULL),
 (415,2152,1,NULL,NULL,NULL,NULL,'0','120000','هزينه آژانس براي خريد تابلو بشرح فاکتور پيوست ','NO',NULL,NULL,NULL),
 (415,2153,1,NULL,NULL,NULL,NULL,'0','350000','خريد ساعت بشرح فاکتور پيوست','NO',NULL,NULL,NULL),
 (415,2154,1,NULL,NULL,NULL,NULL,'0','274000','خريد کيوي و موز بشرح فاکتورپيوست ','NO',NULL,NULL,NULL),
 (415,2155,1,NULL,NULL,NULL,NULL,'0','300000','شارژ کارتريج و هزينه سرويس بشرح فاکتورپيوست ','NO',NULL,NULL,NULL),
 (415,2156,1,NULL,NULL,NULL,NULL,'0','150000','هزينه آژانس بشرح فاکتور  پيوست  ','NO',NULL,NULL,NULL),
 (415,2157,1,NULL,NULL,NULL,NULL,'0','336500','خريد موز توت فرنگي بشرح فاکتور پيوست ','NO',NULL,NULL,NULL),
 (415,2158,1,NULL,NULL,NULL,NULL,'0','700000','هزينه سرويس کولر بشرح فاکتور پيوست ','NO',NULL,NULL,NULL),
 (415,2159,1,NULL,NULL,NULL,NULL,'0','220000','هزينه آژانس بشرح فاکتور  پيوست  ','NO',NULL,NULL,NULL),
 (415,2160,1,NULL,NULL,NULL,NULL,'0','60000','خريد مربا تک نفره ','NO',NULL,NULL,NULL),
 (415,2161,1,NULL,NULL,NULL,NULL,'0','500000','خريد تابلو امام و رهبري ','NO',NULL,NULL,NULL),
 (415,2162,1,NULL,NULL,NULL,NULL,'0','100000','هزينه آژانس به پليس فتا بشرح فاکتور  پيوست  ','NO',NULL,NULL,NULL),
 (415,2163,1,NULL,NULL,NULL,NULL,'0','50000','خريد سي دي خام 10 عدد بشرح فاکتور ','NO',NULL,NULL,NULL),
 (415,2164,1,NULL,NULL,NULL,NULL,'0','530000','سرويس و تعمير پرينترو تعويض پورت پرينتر بشرح فاکتورپيوست ','NO',NULL,NULL,NULL),
 (415,2165,1,NULL,NULL,NULL,NULL,'0','458000','خريد پرتقال و موز بشرح فاکتورپيوست ','NO',NULL,NULL,NULL),
 (415,2166,1,NULL,NULL,NULL,NULL,'0','280000','شارژ کارتريج  بشرح فاکتورپيوست ','NO',NULL,NULL,NULL),
 (415,2167,1,NULL,NULL,NULL,NULL,'0','263000','خريد قندو کافي ميکس و آبليمو و کشمش ','NO',NULL,NULL,NULL),
 (415,2168,1,NULL,NULL,NULL,NULL,'0','160000','هزينه آژانس بشرح فاکتور  پيوست  ','NO',NULL,NULL,NULL),
 (415,2169,1,NULL,NULL,NULL,NULL,'0','285000','خريد کيوي و موز بشرح فاکتورپيوست ','NO',NULL,NULL,NULL),
 (415,2170,1,NULL,NULL,NULL,NULL,'0','94500','خريد گردو و پنير وچاي بشرح فاکتور پيوست ','NO',NULL,NULL,NULL),
 (415,2171,1,NULL,NULL,NULL,NULL,'0','260000','خريد آب معدني بزرگ و کوچک و کيسه زباله بشرح فاکتور پيوست ','NO',NULL,NULL,NULL),
 (415,2172,1,NULL,NULL,NULL,NULL,'0','402050','خريد سيب و موز بشرح فاکتورپيوست ','NO',NULL,NULL,NULL),
 (415,2173,1,NULL,NULL,NULL,NULL,'0','100000','خريد چسب دوطرفه و پيچ گوشتي بشرح فاکتور پيوست ','NO',NULL,NULL,NULL),
 (415,2174,1,NULL,NULL,NULL,NULL,'0','206000','خريد کاغذ A4 دوبسته بشرح فاکتور پيوست ','NO',NULL,NULL,NULL),
 (415,2175,1,NULL,NULL,NULL,NULL,'0','997500','خريد 3 جلد قرآن ','NO',NULL,NULL,NULL),
 (415,2176,1,NULL,NULL,NULL,NULL,'0','205000','خريد داکت و چسب برق و سه راهي بشرح فاکتور پيوست','NO',NULL,NULL,NULL),
 (415,2177,1,NULL,NULL,NULL,NULL,'0','30000','هزينه آژانس حمل کيس از ميدان پارک به دانشگاه بشرح فاکتور  پيوست  ','NO',NULL,NULL,NULL),
 (415,2178,1,NULL,NULL,NULL,NULL,'0','60000','هزينه آژانس از دارايي به دانشگاه بشرح فاکتور  پيوست  ','NO',NULL,NULL,NULL),
 (415,2179,1,NULL,NULL,NULL,NULL,'0','340000','هزينه آژانس بشرح فاکتور  پيوست  ','NO',NULL,NULL,NULL),
 (415,2180,1,NULL,NULL,NULL,NULL,'0','260000','هزينه آژانس بشرح فاکتور  پيوست  ','NO',NULL,NULL,NULL),
 (415,2181,1,NULL,NULL,NULL,NULL,'0','120000','هزينه آژانس از پارک به دانشگاه بشرح فاکتور  پيوست  ','NO',NULL,NULL,NULL),
 (415,2182,1,NULL,NULL,NULL,NULL,'0','120000','هزينه آژانس بشرح فاکتور  پيوست  ','NO',NULL,NULL,NULL),
 (415,2183,1,NULL,NULL,NULL,NULL,'0','70000','هزينه آژانس بشرح فاکتور  پيوست  ','NO',NULL,NULL,NULL),
 (415,2184,1,NULL,NULL,NULL,NULL,'0','140000','هزينه آژانس بشرح فاکتور  پيوست  ','NO',NULL,NULL,NULL),
 (415,2185,1,NULL,NULL,NULL,NULL,'0','80000','خريد گل گاوزبان و آويشن بشرح فاکتور ','NO',NULL,NULL,NULL),
 (415,2186,1,NULL,NULL,NULL,NULL,'0','550000','هزينه هاي اياب ذهاب دکتر بهارآرا به تهران ','NO',NULL,NULL,NULL),
 (415,2187,1,NULL,NULL,NULL,NULL,'0','260000','هزينه آژانس بشرح فاکتور  پيوست  ','NO',NULL,NULL,NULL),
 (415,2188,1,NULL,NULL,NULL,NULL,'0','164672','هزينه پست دو عدد پاکت بشرح فاکتور پيوست ','NO',NULL,NULL,NULL),
 (415,2189,1,NULL,NULL,NULL,NULL,'0','195000','خريد زنگ بيسيم و باتري قلمي بشرح فاکتور پيوست ','NO',NULL,NULL,NULL),
 (415,2190,1,NULL,NULL,NULL,NULL,'0','175000','هزينه آژانس بشرح فاکتور  پيوست  ','NO',NULL,NULL,NULL),
 (415,2191,1,NULL,NULL,NULL,NULL,'0','200000','خريد 2 عدد کارتابل بشرح فاکتور پيوست ','NO',NULL,NULL,NULL),
 (415,2192,1,NULL,NULL,NULL,NULL,'0','90000','خريد چسب دوطرفه بشرح فاکتور پيوست ','NO',NULL,NULL,NULL),
 (415,2193,1,NULL,NULL,NULL,NULL,'0','1147000','خريد پنل و کابل و چسب و... بشرح فاکتور پيوست ','NO',NULL,NULL,NULL),
 (415,2194,1,NULL,NULL,NULL,NULL,'0','155000','هزينه آژانس بشرح فاکتور  پيوست  ','NO',NULL,NULL,NULL),
 (415,2195,1,NULL,NULL,NULL,NULL,'0','220000','هزينه آژانس بشرح فاکتور  پيوست  ','NO',NULL,NULL,NULL),
 (415,2196,1,NULL,NULL,NULL,NULL,'0','351000','خريد سيب و موز بشرح فاکتورپيوست ','NO',NULL,NULL,NULL),
 (415,2197,1,NULL,NULL,NULL,NULL,'0','430000','هزينه آژانس بشرح فاکتور  پيوست  ','NO',NULL,NULL,NULL),
 (415,2198,1,NULL,NULL,NULL,NULL,'0','130000','هزينه آژانس به دفترخانه 110بشرح فاکتور  پيوست  ','NO',NULL,NULL,NULL),
 (415,2199,1,NULL,NULL,NULL,NULL,'0','80000','هزينه آژانس بشرح فاکتور  پيوست  ','NO',NULL,NULL,NULL),
 (415,2200,1,NULL,NULL,NULL,NULL,'0','100000','هزينه آژانس بشرح فاکتور  پيوست  ','NO',NULL,NULL,NULL),
 (415,2201,1,NULL,NULL,NULL,NULL,'0','160000','هزينه آژانس بشرح فاکتور  پيوست  ','NO',NULL,NULL,NULL),
 (415,2202,1,NULL,NULL,NULL,NULL,'0','60000','هزينه آژانس به مجتمع تک  بشرح فاکتور  پيوست  ','NO',NULL,NULL,NULL),
 (415,2203,1,NULL,NULL,NULL,NULL,'0','60000','هزينه آژانس بشرح فاکتور  پيوست  ','NO',NULL,NULL,NULL),
 (415,2204,1,NULL,NULL,NULL,NULL,'0','230000','خريد پرتقال و موز بشرح فاکتورپيوست ','NO',NULL,NULL,NULL),
 (415,2205,1,NULL,NULL,NULL,NULL,'0','410000','خريد چاي و بيسکوييت و سفيد کننده و صابون و پادرازي ','NO',NULL,NULL,NULL),
 (415,2206,1,NULL,NULL,NULL,NULL,'0','310000','خريد کاغذ و ذونکن بشرح فاکتور پيوست ','NO',NULL,NULL,NULL),
 (415,2207,1,NULL,NULL,NULL,NULL,'0','50000','خريد ديوايدر 12 عددي بشرح فاکتور پيوست ','NO',NULL,NULL,NULL),
 (415,2208,1,NULL,NULL,NULL,NULL,'0','150000','خريد پچ کابل شبکه کامپيوتر ','NO',NULL,NULL,NULL),
 (415,2209,1,NULL,NULL,NULL,NULL,'0','220000','خريد موس کامپيوتر ','NO',NULL,NULL,NULL),
 (415,2210,1,NULL,NULL,NULL,NULL,'0','10000','کپي A4سياه و سفيد يکرو ','NO',NULL,NULL,NULL),
 (415,2211,1,NULL,NULL,NULL,NULL,'0','200000','خريد کاغذ A4 دوبسته ','NO',NULL,NULL,NULL),
 (415,2212,1,NULL,NULL,NULL,NULL,'0','190000','خريد انبردست و ميخ دوپاو فازمتر بشرح فاکتورپيوست ','NO',NULL,NULL,NULL),
 (415,2213,1,NULL,NULL,NULL,NULL,'0','140000','خريد سطل پدالي سرويس بهداشتي بشرح فاکتور پيوست ','NO',NULL,NULL,NULL),
 (415,2214,1,NULL,NULL,NULL,NULL,'0','250000','خريد نان و گوجه و خيار و گردو وشيربرنج و شيره انگوربشرح فاکتور پيوست','NO',NULL,NULL,NULL),
 (415,2215,1,NULL,NULL,NULL,NULL,'0','63000','خريد نان و گوجه و خيار بشرح فاکتور پيوست','NO',NULL,NULL,NULL),
 (415,2216,1,NULL,NULL,NULL,NULL,'0','813000','خريد بيسکوييت دستمال بشرح فاکتور پيوست','NO',NULL,NULL,NULL),
 (415,2217,7,NULL,NULL,NULL,NULL,'0','50000','خريد شارژ ايرانسل براي گوشي صندوق ','NO',NULL,NULL,NULL),
 (415,2218,7,NULL,NULL,NULL,NULL,'0','260000','هزينه آژانس بشرح فاکتور پيوست ','NO',NULL,NULL,NULL),
 (415,2219,7,NULL,NULL,NULL,NULL,'0','450000','خريد پک پذيرايي بهمراه کاردو چنگال ','NO',NULL,NULL,NULL),
 (415,2220,7,NULL,NULL,NULL,NULL,'0','175000','خريد جاناني بعنوان صندوق راي ','NO',NULL,NULL,NULL),
 (415,2221,7,NULL,NULL,NULL,NULL,'0','75000','خريد کاسه يکبارمصرف ','NO',NULL,NULL,NULL),
 (415,2222,7,NULL,NULL,NULL,NULL,'0','140150','خريد ماست براي ناهار روز مجمع ','NO',NULL,NULL,NULL),
 (415,2223,7,NULL,NULL,NULL,NULL,'0','150000','خريد پادري بشرح فاکتور ','NO',NULL,NULL,NULL),
 (415,2224,7,NULL,NULL,NULL,NULL,'0','50000','هزينه خريد شارژ ايرانسل براي صندوق ','NO',NULL,NULL,NULL),
 (415,2225,7,NULL,NULL,NULL,NULL,'0','6600000','خريد زعفران و نبات و.... براي ميهمانان از دانشگاه آزاد تهران ','NO',NULL,NULL,NULL),
 (415,2226,7,NULL,NULL,NULL,NULL,'0','290000','خريد موز و کيوي ','NO',NULL,NULL,NULL),
 (415,2227,7,NULL,NULL,NULL,NULL,'0','137500','خريد شيريني ميلاد امام زمام ','NO',NULL,NULL,NULL),
 (415,2228,7,NULL,NULL,NULL,NULL,'0','150000','چاپ وطراحي آرم صندوق برروي برگ گلاسه ','NO',NULL,NULL,NULL),
 (415,2229,7,NULL,NULL,NULL,NULL,'0','150000','هزينه آژانس بشرح فاکتور  پيوست  ','NO',NULL,NULL,NULL),
 (415,2230,7,NULL,NULL,NULL,NULL,'0','90000','هزينه آژانس بشرح فاکتور  پيوست  ','NO',NULL,NULL,NULL),
 (415,2231,7,NULL,NULL,NULL,NULL,'0','30000','خريد چسب ماژيکي ','NO',NULL,NULL,NULL),
 (415,2232,7,NULL,NULL,NULL,NULL,'0','50000','هزينه آژانس بشرح فاکتور  پيوست  ','NO',NULL,NULL,NULL),
 (415,2233,74,NULL,NULL,NULL,NULL,'126900','0','خريد توت خشک و نبات بشرح فاکتور','NO',NULL,NULL,NULL),
 (415,2234,74,NULL,NULL,NULL,NULL,'104650','0','خريد شکلات و خرما و..بشرح فاکتور ','NO',NULL,NULL,NULL),
 (415,2235,74,NULL,NULL,NULL,NULL,'70000','0','خريد آب معدني بزرگ بشرح فاکتور پيوست ','NO',NULL,NULL,NULL),
 (415,2236,74,NULL,NULL,NULL,NULL,'170000','0','هزينه صبحانه پنير و نان و گوجه وخيار بشرح فاکتور ','NO',NULL,NULL,NULL),
 (415,2237,74,NULL,NULL,NULL,NULL,'38020','0','خريد شکر ','NO',NULL,NULL,NULL),
 (415,2238,74,NULL,NULL,NULL,NULL,'85000','0','خريد يک دست ليوان کاوه ','NO',NULL,NULL,NULL),
 (415,2239,74,NULL,NULL,NULL,NULL,'137500','0','خريد شيريني ميلاد امام زمام ','NO',NULL,NULL,NULL),
 (415,2240,74,NULL,NULL,NULL,NULL,'290000','0','خريد موز و کيوي ','NO',NULL,NULL,NULL),
 (415,2241,74,NULL,NULL,NULL,NULL,'6600000','0','خريد زعفران و نبات و.... براي ميهمانان از دانشگاه آزاد تهران ','NO',NULL,NULL,NULL),
 (415,2242,78,NULL,NULL,NULL,NULL,'150000','0','چاپ وطراحي آرم صندوق برروي برگ گلاسه ','NO',NULL,NULL,NULL),
 (415,2243,78,NULL,NULL,NULL,NULL,'150000','0','خريد پادري بشرح فاکتور ','NO',NULL,NULL,NULL),
 (415,2244,78,NULL,NULL,NULL,NULL,'62000','0','خريد ليوان لومينارک و ليوان ايراني ','NO',NULL,NULL,NULL),
 (415,2245,78,NULL,NULL,NULL,NULL,'350000','0','خريد يک جلد قرآن بشرح فاکتور پيوست ','NO',NULL,NULL,NULL),
 (415,2246,78,NULL,NULL,NULL,NULL,'1022500','0','هزينه هاي بجنورد آقاي سيديان بشرح فاکتورها ','NO',NULL,NULL,NULL),
 (415,2247,78,NULL,NULL,NULL,NULL,'60000','0','خريد 2 عدد رساله حقوق امام سجاد','NO',NULL,NULL,NULL),
 (415,2248,78,NULL,NULL,NULL,NULL,'700000','0','هزينه سرويس کولر بشرح فاکتور پيوست ','NO',NULL,NULL,NULL),
 (415,2249,78,NULL,NULL,NULL,NULL,'997500','0','خريد 3 جلد قرآن ','NO',NULL,NULL,NULL),
 (415,2250,78,NULL,NULL,NULL,NULL,'190000','0','خريد انبردست و ميخ دوپاو فازمتر بشرح فاکتورپيوست ','NO',NULL,NULL,NULL),
 (415,2251,78,NULL,NULL,NULL,NULL,'10000','0','کپي A4سياه و سفيد يکرو ','NO',NULL,NULL,NULL),
 (415,2252,79,NULL,NULL,NULL,NULL,'220000','0','خريد موس کامپيوتر ','NO',NULL,NULL,NULL),
 (415,2253,79,NULL,NULL,NULL,NULL,'150000','0','خريد پچ کابل شبکه کامپيوتر ','NO',NULL,NULL,NULL),
 (415,2254,79,NULL,NULL,NULL,NULL,'280000','0','شارژ کارتريج  بشرح فاکتورپيوست ','NO',NULL,NULL,NULL),
 (415,2255,79,NULL,NULL,NULL,NULL,'530000','0','سرويس و تعمير پرينترو تعويض پورت پرينتر بشرح فاکتورپيوست ','NO',NULL,NULL,NULL),
 (415,2256,79,NULL,NULL,NULL,NULL,'300000','0','شارژ کارتريج و هزينه سرويس بشرح فاکتورپيوست ','NO',NULL,NULL,NULL),
 (415,2257,79,NULL,NULL,NULL,NULL,'550000','0','تعمير و سرويس پرينترو تعويض کارتريج ','NO',NULL,NULL,NULL),
 (415,2258,82,NULL,NULL,NULL,NULL,'560000','0','خريد 4عددصحيفه سجاديه ','NO',NULL,NULL,NULL),
 (415,2259,82,NULL,NULL,NULL,NULL,'380000','0','هزينه آژانس بشرح فاکتور  پيوست  ','NO',NULL,NULL,NULL),
 (415,2260,82,NULL,NULL,NULL,NULL,'810000','0','هزينه ناهار روز مجمع بشرح فاکتور پيوست ','NO',NULL,NULL,NULL),
 (415,2261,82,NULL,NULL,NULL,NULL,'5175000','0','هزينه آگهي دعوت مجمع روزنامه خراسان ','NO',NULL,NULL,NULL),
 (415,2262,82,NULL,NULL,NULL,NULL,'140150','0','خريد ماست براي ناهار روز مجمع ','NO',NULL,NULL,NULL),
 (415,2263,82,NULL,NULL,NULL,NULL,'75000','0','خريد کاسه يکبارمصرف ','NO',NULL,NULL,NULL),
 (415,2264,82,NULL,NULL,NULL,NULL,'175000','0','خريد جاناني بعنوان صندوق راي ','NO',NULL,NULL,NULL),
 (415,2265,82,NULL,NULL,NULL,NULL,'450000','0','خريد پک پذيرايي بهمراه کاردو چنگال ','NO',NULL,NULL,NULL),
 (415,2266,82,NULL,NULL,NULL,NULL,'260000','0','هزينه آژانس بشرح فاکتور پيوست ','NO',NULL,NULL,NULL),
 (415,2267,82,NULL,NULL,NULL,NULL,'180000','0','آب معدني کوچک 36 عدد','NO',NULL,NULL,NULL),
 (415,2268,82,NULL,NULL,NULL,NULL,'785000','0','خريد موز و کيوي براي مجمع ','NO',NULL,NULL,NULL),
 (415,2269,82,NULL,NULL,NULL,NULL,'720000','0','سفارش بنر براي مجمع ','NO',NULL,NULL,NULL),
 (415,2270,82,NULL,NULL,NULL,NULL,'46300','0','خريد گوجه فرنگي و خيار ','NO',NULL,NULL,NULL),
 (415,2271,82,NULL,NULL,NULL,NULL,'1240000','0','خريد لوح تقدير و کارتابل و کاغذ و کاغذکادو بشرح فاکتور','NO',NULL,NULL,NULL),
 (415,2272,83,NULL,NULL,NULL,NULL,'237810','0','هزينه پست به اداره ثبت بشرح فاکتور ','NO',NULL,NULL,NULL),
 (415,2273,83,NULL,NULL,NULL,NULL,'160500','0','هزينه پست به صندوق نوآوري شکوفايي و پاکت ','NO',NULL,NULL,NULL),
 (415,2274,83,NULL,NULL,NULL,NULL,'50000','0','خريد شارژ ايرانسل براي گوشي صندوق ','NO',NULL,NULL,NULL),
 (415,2275,83,NULL,NULL,NULL,NULL,'164672','0','هزينه پست دو عدد پاکت بشرح فاکتور پيوست ','NO',NULL,NULL,NULL),
 (415,2276,83,NULL,NULL,NULL,NULL,'50000','0','خريد شارژ ايرانسل براي گوشي صندوق ','NO',NULL,NULL,NULL),
 (415,2277,83,NULL,NULL,NULL,NULL,'50000','0','هزينه خريد شارژ ايرانسل براي صندوق ','NO',NULL,NULL,NULL),
 (415,2278,7,NULL,NULL,NULL,NULL,'0','810000','هزينه ناهار روز مجمع بشرح فاکتور پيوست ','NO',NULL,NULL,NULL),
 (415,2279,7,NULL,NULL,NULL,NULL,'0','785000','خريد موز و کيوي براي مجمع ','NO',NULL,NULL,NULL),
 (415,2280,7,NULL,NULL,NULL,NULL,'0','500000','هزينه آژانس بشرح فاکتور پيوست ','NO',NULL,NULL,NULL),
 (415,2281,7,NULL,NULL,NULL,NULL,'0','550000','تعمير و سرويس پرينترو تعويض کارتريج ','NO',NULL,NULL,NULL),
 (415,2282,7,NULL,NULL,NULL,NULL,'0','38020','خريد شکر ','NO',NULL,NULL,NULL),
 (415,2283,7,NULL,NULL,NULL,NULL,'0','85000','خريد يک دست ليوان کاوه ','NO',NULL,NULL,NULL),
 (415,2284,7,NULL,NULL,NULL,NULL,'0','50000','خريد باتري قلمي بزرگ و کوچک ','NO',NULL,NULL,NULL),
 (415,2285,7,NULL,NULL,NULL,NULL,'0','180000','آب معدني کوچک 36 عدد','NO',NULL,NULL,NULL),
 (415,2286,7,NULL,NULL,NULL,NULL,'0','45000','هزينه آژانس بشرح فاکتور پيوست ','NO',NULL,NULL,NULL),
 (415,2287,7,NULL,NULL,NULL,NULL,'0','120000','هزينه آژانس براي خريد زعفران بشرح فاکتور  پيوست  ','NO',NULL,NULL,NULL),
 (415,2288,7,NULL,NULL,NULL,NULL,'0','370000','خريد ماشين حساب کاسيو مدل dr-2130tw','NO',NULL,NULL,NULL),
 (415,2289,7,NULL,NULL,NULL,NULL,'0','380000','هزينه آژانس بشرح فاکتور  پيوست  ','NO',NULL,NULL,NULL),
 (415,2290,7,NULL,NULL,NULL,NULL,'0','70000','هزينه آژانس بشرح فاکتور  پيوست  ','NO',NULL,NULL,NULL),
 (415,2291,7,NULL,NULL,NULL,NULL,'0','231000','خريد سوزن دوخت کوچک و بزرگ و دوخت آلماني بشرح فاکتور','NO',NULL,NULL,NULL),
 (415,2292,7,NULL,NULL,NULL,NULL,'0','170000','هزينه صبحانه پنير و نان و گوجه وخيار بشرح فاکتور ','NO',NULL,NULL,NULL),
 (415,2293,7,NULL,NULL,NULL,NULL,'0','90000','هزينه آژانس بشرح فاکتور  پيوست  ','NO',NULL,NULL,NULL),
 (415,2294,7,NULL,NULL,NULL,NULL,'0','550000','هزينه آژانس بشرح فاکتور  پيوست  ','NO',NULL,NULL,NULL),
 (415,2295,7,NULL,NULL,NULL,NULL,'0','62000','خريد ليوان لومينارک و ليوان ايراني ','NO',NULL,NULL,NULL),
 (415,2296,7,NULL,NULL,NULL,NULL,'0','1240000','خريد لوح تقدير و کارتابل و کاغذ و کاغذکادو بشرح فاکتور','NO',NULL,NULL,NULL),
 (415,2297,7,NULL,NULL,NULL,NULL,'0','46300','خريد گوجه فرنگي و خيار ','NO',NULL,NULL,NULL),
 (415,2298,7,NULL,NULL,NULL,NULL,'0','720000','سفارش بنر براي مجمع ','NO',NULL,NULL,NULL),
 (415,2299,7,NULL,NULL,NULL,NULL,'0','560000','خريد 4عددصحيفه سجاديه ','NO',NULL,NULL,NULL),
 (415,2300,7,NULL,NULL,NULL,NULL,'0','70000','هزينه پيک موتوري بشرح فاکتور  پيوست  ','NO',NULL,NULL,NULL),
 (419,2301,47,1,1068,NULL,NULL,'0','1670000',' پرداخت قسط  6 وام شماره 154','NO',NULL,NULL,NULL),
 (419,2302,1,NULL,NULL,NULL,NULL,'3340000','0','دريافت اقساط','NO',NULL,NULL,NULL),
 (421,2303,1,NULL,NULL,NULL,NULL,'4538000','0','دريافت اقساط','NO',NULL,NULL,NULL),
 (422,2304,1,NULL,NULL,NULL,NULL,'0','1164000','برداشت حساب پس انداز  -احمدي','NO',NULL,NULL,NULL),
 (423,2305,1,NULL,NULL,NULL,NULL,'5600000','0','دريافت اقساط','NO',NULL,NULL,NULL),
 (426,2306,1,NULL,NULL,NULL,NULL,'4538000','0',' واريز به سپرده کوتاه مدت شماره 1 دانشگاه فردوسي مشهد','NO',NULL,NULL,NULL),
 (427,2307,1,NULL,NULL,NULL,NULL,'0','600000000','برداشت حساب پس انداز  -شرکت اتوماسيون اداري حسيب','NO',NULL,NULL,NULL),
 (425,2308,1,NULL,NULL,NULL,NULL,'0','4538000','عملکرد صندوق درواريز قسط 1 وام 186 شرکت پيشتاز نانو فناور ','NO',NULL,NULL,NULL),
 (425,2309,1,NULL,NULL,NULL,NULL,'600000000','0','عملکرد صندوق دربرداشت از پس انداز8212شرکت اتوماسيون حسيب طي چک تجارت ','NO',NULL,NULL,NULL),
 (428,2310,1,NULL,NULL,NULL,NULL,'0','677325','برداشت حساب پس انداز  -محمد حيدري پور','NO',NULL,NULL,NULL),
 (429,2311,1,NULL,NULL,NULL,NULL,'0','3600687','برداشت حساب پس انداز  -شرکت اتوماسيون اداري حسيب','NO',NULL,NULL,NULL),
 (430,2312,1,NULL,NULL,NULL,NULL,'0','29628704','برداشت حساب پس انداز  -شرکت اتوماسيون اداري حسيب','NO',NULL,NULL,NULL),
 (431,2313,1,NULL,NULL,NULL,NULL,'0','1383000','برداشت حساب پس انداز  -شرکت اتوماسيون اداري حسيب','NO',NULL,NULL,NULL),
 (432,2314,1,NULL,NULL,NULL,NULL,'34612391','0','عملکردصندوق دربرداشت از پس انداز 8212 شرکت اتوماسيون حسيب بابت صدور ضمانت نامه هاي 80106و80107و80108شعبه پارک','NO',NULL,NULL,NULL),
 (435,2315,1,NULL,NULL,NULL,NULL,'1500000','0','دريافت اقساط','NO',NULL,NULL,NULL),
 (436,2316,1,NULL,NULL,NULL,NULL,'3410000','0',' واريز به سپرده کوتاه مدت شماره 1 دانشگاه فردوسي مشهد','NO',NULL,NULL,NULL),
 (434,2317,1,NULL,NULL,NULL,NULL,'0','400000','خريد 40عدد تمبر مالياتي براي شعبه پارک ','NO',NULL,NULL,NULL),
 (434,2318,1,NULL,NULL,NULL,NULL,'0','6000','هزينه وصول چک556668ملي کسرحقوق بخشنده ','NO',NULL,NULL,NULL),
 (434,2319,1,NULL,NULL,NULL,NULL,'0','100000','خريد 10عدد تمبر مالياتي ','NO',NULL,NULL,NULL),
 (437,2320,1,NULL,NULL,NULL,NULL,'0','3410000','عملکردصندوق درواريز قسط3 وام 161 اميدصفري ','NO',NULL,NULL,NULL),
 (10,2321,1,NULL,NULL,NULL,NULL,'0','3410000','عملکرد صندوق در واريزي به حساب دانشگاه بابت قسط ش 3 شرکت داده کاوي پرهون','NO',NULL,NULL,NULL),
 (10,2322,1,NULL,NULL,NULL,NULL,'0','5780000','عملکرد صندوق در واريزي به حساب دانشگاه بابت قسط ش 4 شرکت تجهيز گستر','NO',NULL,NULL,NULL),
 (416,2323,1,NULL,NULL,NULL,NULL,'21000000','0','عملکردصندوق در اضافه نمودن به تسهيلات نوآوري شکوفايي شرکت مانا پليمر آرمان ','NO',NULL,NULL,NULL),
 (424,2324,2,3,1,NULL,NULL,'5000000','0','دريافت اقساط','NO',NULL,NULL,NULL),
 (433,2325,2,3,1,NULL,NULL,'3410000','0','دريافت اقساط','NO',NULL,NULL,NULL),
 (434,2326,2,3,1,NULL,NULL,'720000000','0','واريزي صندوق نوآوري شکوفايي به اقتصادنوين ','NO',NULL,NULL,NULL),
 (434,2327,2,3,1,NULL,NULL,'0','230000000','چک757498بابت پرداخت مرحله 2 تسهيلات آرتا هوشمندپردازان نوآوري شکوفايي','NO',NULL,NULL,NULL),
 (437,2328,2,3,1,NULL,NULL,'0','260000000','چک 757499اقتصاد بابت پرداخت باقيمانده تسهيلات مرحله2شرکت حجازيان نوآوري شکوفايي پس از کسر کارمزد','NO',NULL,NULL,NULL),
 (10,2329,2,3,1,NULL,NULL,'0','712000000','چک 757464 مرحله دوم پرداخت وام شماره  188 شرکت پرنيان ادمان آفرين ','NO',NULL,NULL,NULL),
 (416,2330,2,3,1,NULL,NULL,'0','20000','بابت صدوردسته چک بانک اقتصادنوين ','NO',NULL,NULL,NULL),
 (416,2331,2,3,1,NULL,NULL,'0','432000000','چک 757495اقتصادنوين بابت پرداخت مرحله 2 تسهيلات نوآوري شکوفايي شرکت ماناپليمر آرمان ','NO',NULL,NULL,NULL),
 (438,2332,2,3,1,NULL,NULL,'31888118','0','سودعلي الحساب بانک اقتصادنوين تيرماه 94','NO',NULL,NULL,NULL),
 (434,2333,4,NULL,NULL,NULL,NULL,'100000','0','خريد 10عدد تمبر مالياتي ','NO',NULL,NULL,NULL),
 (284,2334,7,NULL,NULL,NULL,NULL,'0','3320000','هزينه هاي حسابرسان جناب وکيليان و احمدي ','NO',NULL,NULL,NULL),
 (425,2335,17,NULL,NULL,NULL,NULL,'0','600000000','برداشت از پس انداز8212شرکت اتوماسيون حسيب طي چک 275971تجارت ','NO',NULL,NULL,NULL),
 (432,2336,17,NULL,NULL,NULL,NULL,'0','34612391','برداشت از پس انداز 8212 شرکت اتوماسيون حسيب بابت صدور ضمانت نامه هاي 80106و80107و80108شعبه پارک','NO',NULL,NULL,NULL),
 (434,2337,17,NULL,NULL,NULL,NULL,'400000','0','خريد 40عدد تمبر مالياتي براي شعبه پارک ','NO',NULL,NULL,NULL),
 (284,2338,17,NULL,NULL,NULL,NULL,'3320000','0','هزينه هاي حسابرسان جناب وکيليان و احمدي ','NO',NULL,NULL,NULL),
 (284,2339,17,NULL,NULL,NULL,NULL,'0','684000000','چک تجارت بابت وام مرحله 2 شرکت دنا پارس آژند ','NO',NULL,NULL,NULL),
 (420,2340,17,NULL,NULL,NULL,NULL,'3340000','0','واريز قسط وامهاي 154و155 به تجارت ','NO',NULL,NULL,NULL),
 (420,2341,17,NULL,NULL,NULL,NULL,'5600000','0',' واريز قسط هواخورشيد به تجارت ','NO',NULL,NULL,NULL),
 (10,2342,25,NULL,NULL,NULL,NULL,'0','200000000','بابت قسمتي از ضمانت وام شماره  188 شرکت پرنيان ادمان آفرين ','NO',NULL,NULL,NULL),
 (434,2343,28,1,1003,NULL,NULL,'0','720000000','واريزي صندوق نوآوري شکوفايي به اقتصادنوين ','NO',NULL,NULL,NULL),
 (434,2344,28,1,1003,NULL,NULL,'0','10000000','کارمزدکسرشده مرحله 2تسهيلات آرتا هوشمندپردازان نوآوري شکوفايي','NO',NULL,NULL,NULL),
 (437,2345,28,1,1003,NULL,NULL,'0','20000000','کارمزد کسر شده  تسهيلات مرحله2شرکت حجازيان نوآوري شکوفايي','NO',NULL,NULL,NULL),
 (416,2346,28,1,1003,NULL,NULL,'0','18000000','کارمزد مرحله 2 تسهيلات نوآوري شکوفايي شرکت ماناپليمر آرمان ','NO',NULL,NULL,NULL),
 (423,2347,46,1,1054,NULL,NULL,'0','5600000',' پرداخت قسط  4 وام شماره 178','NO',NULL,NULL,NULL),
 (435,2348,46,1,1134,NULL,NULL,'0','1500000',' پرداخت قسط  14 وام شماره 9','NO',NULL,NULL,NULL),
 (419,2349,47,1,1069,NULL,NULL,'0','1670000',' پرداخت قسط  6 وام شماره 155','NO',NULL,NULL,NULL),
 (424,2350,48,1,1136,NULL,NULL,'0','2500000',' پرداخت قسط  3 وام شماره 15','NO',NULL,NULL,NULL),
 (424,2351,48,1,1136,NULL,NULL,'0','2500000',' پرداخت قسط  4 وام شماره 15','NO',NULL,NULL,NULL),
 (434,2352,62,NULL,NULL,NULL,NULL,'0','10000000','کارمزد مرحله 1تسهيلات آرتا هوشمندپردازان نوآوري شکوفايي','NO',NULL,NULL,NULL),
 (437,2353,62,NULL,NULL,NULL,NULL,'0','20000000','کارمزد مرحله 1کارمزد کسر شده  تسهيلات مرحله2شرکت حجازيان نوآوري شکوفايي','NO',NULL,NULL,NULL),
 (434,2354,63,1,1003,NULL,NULL,'250000000','0','پرداخت مرحله 2 تسهيلات آرتا هوشمندپردازان نوآوري شکوفايي','NO',NULL,NULL,NULL),
 (437,2355,63,1,1003,NULL,NULL,'300000000','0','پرداخت باقيمانده تسهيلات مرحله2شرکت حجازيان نوآوري شکوفايي','NO',NULL,NULL,NULL),
 (10,2356,63,1,1003,NULL,NULL,'0','300000000','انتقال کارمزد ارزيابي و نظارت واريزي نوآوري شکوفايي','NO',NULL,NULL,NULL),
 (416,2357,63,1,1003,NULL,NULL,'450000000','0','پرداخت مرحله 2 تسهيلات نوآوري شکوفايي شرکت ماناپليمر آرمان ','NO',NULL,NULL,NULL),
 (428,2358,65,1,1048,NULL,NULL,'677325','0','برداشت حساب پس انداز  -محمد حيدري پور','NO',NULL,NULL,NULL),
 (422,2359,65,1,1225,NULL,NULL,'1164000','0','برداشت حساب پس انداز  -احمدي','NO',NULL,NULL,NULL),
 (427,2360,65,1,1100,NULL,NULL,'600000000','0','برداشت حساب پس انداز  -شرکت اتوماسيون اداري حسيب','NO',NULL,NULL,NULL),
 (429,2361,65,1,1100,NULL,NULL,'3600687','0','برداشت حساب پس انداز  -شرکت اتوماسيون اداري حسيب','NO',NULL,NULL,NULL),
 (430,2362,65,1,1100,NULL,NULL,'29628704','0','برداشت حساب پس انداز  -شرکت اتوماسيون اداري حسيب','NO',NULL,NULL,NULL),
 (431,2363,65,1,1100,NULL,NULL,'1383000','0','برداشت حساب پس انداز  -شرکت اتوماسيون اداري حسيب','NO',NULL,NULL,NULL),
 (426,2364,66,1,1002,NULL,NULL,'0','4538000',' واريز به سپرده کوتاه مدت شماره 1 دانشگاه فردوسي مشهد','NO',NULL,NULL,NULL),
 (436,2365,66,1,1002,NULL,NULL,'0','3410000',' واريز به سپرده کوتاه مدت شماره 1 دانشگاه فردوسي مشهد','NO',NULL,NULL,NULL),
 (434,2366,67,NULL,NULL,NULL,NULL,'6000','0','هزينه وصول چک556668ملي کسرحقوق بخشنده ','NO',NULL,NULL,NULL),
 (416,2367,67,NULL,NULL,NULL,NULL,'20000','0','بابت صدوردسته چک بانک اقتصادنوين ','NO',NULL,NULL,NULL),
 (425,2368,88,1,1002,NULL,NULL,'4538000','0','واريز قسط 1 وام 186 شرکت پيشتاز نانو فناور ','NO',NULL,NULL,NULL),
 (437,2369,88,1,1002,NULL,NULL,'3410000','0','واريز قسط3 وام 161 اميدصفري به سپرده ','NO',NULL,NULL,NULL),
 (10,2370,88,1,1002,NULL,NULL,'3410000','0','واريزي به حساب دانشگاه بابت قسط ش 3 شرکت داده کاوي پرهون','NO',NULL,NULL,NULL),
 (10,2371,88,1,1002,NULL,NULL,'5780000','0','واريزي به حساب دانشگاه بابت قسط ش 4 شرکت تجهيز گستر','NO',NULL,NULL,NULL),
 (438,2372,96,2,4,NULL,NULL,'0','31888118','سودعلي الحساب بانک اقتصادنوين تيرماه 94','NO',NULL,NULL,NULL),
 (433,2373,125,1,1076,1,1002,'0','3410000',' پرداخت قسط  3 وام شماره 161','NO',NULL,NULL,NULL),
 (421,2374,125,1,1081,1,1002,'0','4538000',' پرداخت قسط  1 وام شماره 186','NO',NULL,NULL,NULL),
 (10,2375,128,2,4,NULL,NULL,'0','19000000','کارمزد مرحله دوم  وام شماره  188 شرکت پرنيان ادمان آفرين ','NO',NULL,NULL,NULL),
 (10,2376,128,2,5,NULL,NULL,'0','19000000','کارمزد مرحله دوم  وام شماره  188 شرکت پرنيان ادمان آفرين ','NO',NULL,NULL,NULL),
 (416,2377,133,2,5,1,1003,'0','21000000','کارمزد دوران تقسيط  تسهيلات نوآوري شکوفايي شرکت مانا پليمر آرمان ','NO',NULL,NULL,NULL),
 (284,2378,148,2,4,NULL,NULL,'0','28500000','کارمزد 4% مرحله 2 شرکت دناپارس آژند','NO',NULL,NULL,NULL),
 (10,2379,151,NULL,NULL,NULL,NULL,'950000000','0','پرداخت مرحله دوم پرداخت وام شماره  188 شرکت پرنيان ادمان آفرين ','NO',NULL,NULL,NULL),
 (10,2380,151,NULL,NULL,NULL,NULL,'300000000','0','انتقال کارمزد ارزيابي و نظارت واريزي نوآوري شکوفايي','NO',NULL,NULL,NULL),
 (284,2381,151,NULL,NULL,NULL,NULL,'712500000','0','وام مرحله 2 شرکت دنا پارس آزند','NO',NULL,NULL,NULL),
 (420,2382,1,NULL,NULL,NULL,NULL,'0','5600000','عملکرد صندوق در واريز قسط هواخورشيد به تجارت ','NO',NULL,NULL,NULL),
 (420,2383,1,NULL,NULL,NULL,NULL,'0','3340000','عملکرد صندوق درواريز قسط وامهاي 154و155 به تجارت ','NO',NULL,NULL,NULL),
 (440,2384,1,NULL,NULL,NULL,NULL,'100000000','0','عملکرد صندوق در برداشت از پس انداز8212شرکت حسيب طي چک 275974تجارت ','NO',NULL,NULL,NULL),
 (441,2385,1,NULL,NULL,NULL,NULL,'0','100000000','برداشت حساب پس انداز  -شرکت اتوماسيون اداري حسيب','NO',NULL,NULL,NULL),
 (454,2386,1,NULL,NULL,NULL,NULL,'0','3410000','قسط 5وام 149 شرکت فراانديشان رشد ','NO',NULL,NULL,NULL),
 (454,2387,1,NULL,NULL,NULL,NULL,'0','34800000','قسط 3 وام 118 شرکت نوين کامپوزيت آرين ','NO',NULL,NULL,NULL),
 (455,2388,1,NULL,NULL,NULL,NULL,'3410000','0',' واريز به سپرده کوتاه مدت شماره 1 دانشگاه فردوسي مشهد','NO',NULL,NULL,NULL),
 (456,2389,1,NULL,NULL,NULL,NULL,'34800000','0',' واريز به سپرده کوتاه مدت شماره 1 دانشگاه فردوسي مشهد','NO',NULL,NULL,NULL),
 (459,2390,1,NULL,NULL,NULL,NULL,'6820000','0',' واريز به سپرده کوتاه مدت شماره 1 دانشگاه فردوسي مشهد','NO',NULL,NULL,NULL),
 (460,2391,1,NULL,NULL,NULL,NULL,'10570000','0','دريافت اقساط','NO',NULL,NULL,NULL),
 (457,2392,1,NULL,NULL,NULL,NULL,'8654145','0','وصول چک 275981تجارت بابت تقويت صندوق جهت پرداخت بيمه و ماليات','NO',NULL,NULL,NULL),
 (457,2393,1,NULL,NULL,NULL,NULL,'0','6820000','عملکرد صندوق در واريز اقساط 6و7وام 147شرکت پارس شيمي به سپرده','NO',NULL,NULL,NULL),
 (457,2394,1,NULL,NULL,NULL,NULL,'0','10570000','واريز قسط 4وام177 آقاي احد ضابط به تجارت ','NO',NULL,NULL,NULL),
 (457,2395,1,NULL,NULL,NULL,NULL,'0','10234419','پرداخت حق بيمه پرسنل شعبه دانشگاه بموجب قسمتي از فيش خردادماه 94 ','NO',NULL,NULL,NULL),
 (461,2396,1,NULL,NULL,NULL,NULL,'1164000','0','برداشت از پس انداز8197 دکتر احمدي از طريق شعبه پارک ','NO',NULL,NULL,NULL),
 (439,2397,2,3,1,NULL,NULL,'34800000','0','دريافت اقساط','NO',NULL,NULL,NULL),
 (449,2398,2,3,1,NULL,NULL,'3410000','0','دريافت اقساط','NO',NULL,NULL,NULL),
 (450,2399,2,3,1,NULL,NULL,'416666666','0',' وصول چك 378860-93/11/15 حميدرضا نداف سنگاني','NO',NULL,NULL,NULL),
 (452,2400,2,3,1,NULL,NULL,'30000000','0','واريز اميدزنده دل به اقتصاد مربوط به شعبه پارک ','NO',NULL,NULL,NULL),
 (453,2401,2,3,1,NULL,NULL,'500000','0','واريزي آقاي خرسند بابت افتتاح حساب درشعبه پارک ','NO',NULL,NULL,NULL),
 (458,2402,2,3,1,NULL,NULL,'6820000','0','دريافت اقساط','NO',NULL,NULL,NULL),
 (462,2403,2,3,1,NULL,NULL,'12730000','0','دريافت اقساط','NO',NULL,NULL,NULL),
 (420,2404,17,NULL,NULL,NULL,NULL,'0','1000000','چک 275969تجارت هزينه اياب ذهاب اعضاي مجمع به محل شام ','NO',NULL,NULL,NULL),
 (440,2405,17,NULL,NULL,NULL,NULL,'0','100000000','عملکرد صندوق در برداشت از پس انداز8212شرکت حسيب طي چک 275974تجارت ','NO',NULL,NULL,NULL),
 (452,2406,17,NULL,NULL,NULL,NULL,'0','30000000','واريز اميدزنده دل به اقتصاد مربوط به شعبه پارک ','NO',NULL,NULL,NULL),
 (453,2407,17,NULL,NULL,NULL,NULL,'0','500000','واريزي آقاي خرسند بابت افتتاح حساب درشعبه پارک ','NO',NULL,NULL,NULL),
 (457,2408,17,NULL,NULL,NULL,NULL,'10570000','0','واريز قسط 4وام177 آقاي احد ضابط به تجارت ','NO',NULL,NULL,NULL),
 (457,2409,17,NULL,NULL,NULL,NULL,'0','8654145','وصول چک 275981تجارت بابت تقويت صندوق جهت پرداخت بيمه و ماليات','NO',NULL,NULL,NULL),
 (461,2410,17,NULL,NULL,NULL,NULL,'0','1164000','برداشت از پس انداز 8197دکتر احمدي از طريق شعبه پارک ','NO',NULL,NULL,NULL),
 (462,2411,46,1,1155,NULL,NULL,'0','12730000',' پرداخت قسط  7 وام شماره 158','NO',NULL,NULL,NULL),
 (460,2412,46,1,1052,NULL,NULL,'0','10570000',' پرداخت قسط  4 وام شماره 177','NO',NULL,NULL,NULL),
 (450,2413,50,1,1153,NULL,NULL,'0','416666666',' وصول چك 378860-93/11/15 حميدرضا نداف سنگاني','NO',NULL,NULL,NULL),
 (441,2414,65,1,1100,NULL,NULL,'100000000','0','برداشت حساب پس انداز  -شرکت اتوماسيون اداري حسيب','NO',NULL,NULL,NULL),
 (455,2415,66,1,1002,NULL,NULL,'0','3410000',' واريز به سپرده کوتاه مدت شماره 1 دانشگاه فردوسي مشهد','NO',NULL,NULL,NULL),
 (456,2416,66,1,1002,NULL,NULL,'0','34800000',' واريز به سپرده کوتاه مدت شماره 1 دانشگاه فردوسي مشهد','NO',NULL,NULL,NULL),
 (459,2417,66,1,1002,NULL,NULL,'0','6820000',' واريز به سپرده کوتاه مدت شماره 1 دانشگاه فردوسي مشهد','NO',NULL,NULL,NULL),
 (420,2418,82,NULL,NULL,NULL,NULL,'1000000','0','هزينه اياب ذهاب اعضاي مجمع به محل شام ','NO',NULL,NULL,NULL),
 (457,2419,86,NULL,NULL,NULL,NULL,'10234419','0','پرداخت حق بيمه پرسنل شعبه دانشگاه بموجب قسمتي از فيش خردادماه 94 ','NO',NULL,NULL,NULL),
 (454,2420,88,1,1002,NULL,NULL,'3410000','0','قسط 5وام 149 شرکت فراانديشان رشد ','NO',NULL,NULL,NULL),
 (454,2421,88,1,1002,NULL,NULL,'34800000','0','قسط 3 وام 118 شرکت نوين کامپوزيت آرين ','NO',NULL,NULL,NULL),
 (457,2422,88,1,1002,NULL,NULL,'6820000','0','واريز اقساط 6و7وام 147شرکت پارس شيمي به سپرده','NO',NULL,NULL,NULL),
 (442,2423,104,NULL,NULL,NULL,NULL,'0','1','چک به شماره 625299 صادره از بانک ملي به نام شرکت ح','NO',NULL,NULL,NULL),
 (443,2424,104,NULL,NULL,NULL,NULL,'0','1','چک به شماره 5695409 صادره از بانک توسعه تعاون به ن','NO',NULL,NULL,NULL),
 (444,2425,104,NULL,NULL,NULL,NULL,'0','1','چک به شماره 182998 صادره از بانک ملي. محمدباقر نقي','NO',NULL,NULL,NULL),
 (445,2426,104,NULL,NULL,NULL,NULL,'0','1','چک به شماره 732518 صادره از بانک سفته به نام شرکت ','NO',NULL,NULL,NULL),
 (446,2427,104,NULL,NULL,NULL,NULL,'0','1','چک به شماره 732519 صادره از بانک سفته به نام شرکت ','NO',NULL,NULL,NULL),
 (447,2428,104,NULL,NULL,NULL,NULL,'0','1','چک به شماره 580542 صادره از بانک سفته به نام شرکت ','NO',NULL,NULL,NULL),
 (448,2429,104,NULL,NULL,NULL,NULL,'0','1','چک به شماره 580541 صادره از بانک سفته به نام شرکت ','NO',NULL,NULL,NULL),
 (442,2430,105,NULL,NULL,NULL,NULL,'0','50000000','چک به شماره 625299 صادره از بانک ملي به نام شرکت ح','NO',NULL,NULL,NULL),
 (443,2431,105,NULL,NULL,NULL,NULL,'0','50000000','چک به شماره 5695409 صادره از بانک توسعه تعاون به ن','NO',NULL,NULL,NULL),
 (444,2432,105,NULL,NULL,NULL,NULL,'0','36000000','چک به شماره 182998 صادره از بانک ملي. محمدباقر نقي','NO',NULL,NULL,NULL),
 (445,2433,105,NULL,NULL,NULL,NULL,'0','1000000','چک به شماره 732518 صادره از بانک سفته به نام شرکت ','NO',NULL,NULL,NULL),
 (446,2434,105,NULL,NULL,NULL,NULL,'0','1000000','چک به شماره 732519 صادره از بانک سفته به نام شرکت ','NO',NULL,NULL,NULL),
 (447,2435,105,NULL,NULL,NULL,NULL,'0','20000000','چک به شماره 580542 صادره از بانک سفته به نام شرکت ','NO',NULL,NULL,NULL),
 (448,2436,105,NULL,NULL,NULL,NULL,'0','20000000','چک به شماره 580541 صادره از بانک سفته به نام شرکت ','NO',NULL,NULL,NULL),
 (451,2437,106,NULL,NULL,NULL,NULL,'0','1','چک به شماره 378860 صادره از بانک صادرات-مرکز به مبلغ   به نام حميدرضا نداف سنگاني 416666666 ريال ','NO',NULL,NULL,NULL),
 (451,2438,107,NULL,NULL,NULL,NULL,'0','416666666','چک به شماره 378860 صادره از بانک صادرات-مرکز به مبلغ   به نام حميدرضا نداف سنگاني 416666666 ريال ','NO',NULL,NULL,NULL),
 (442,2439,109,NULL,NULL,NULL,NULL,'1','0','بابت برگشت  يک فقره چک به مبلغ کل  50000000 بابت و','NO',NULL,NULL,NULL),
 (443,2440,109,NULL,NULL,NULL,NULL,'1','0','بابت برگشت  يک فقره چک به مبلغ کل  50000000 بابت و','NO',NULL,NULL,NULL),
 (444,2441,109,NULL,NULL,NULL,NULL,'1','0','بابت برگشت  يک فقره چک به مبلغ کل  36000000 بابت و','NO',NULL,NULL,NULL),
 (445,2442,109,NULL,NULL,NULL,NULL,'1','0','بابت برگشت  يک فقره چک به مبلغ کل  1000000 بابت وا','NO',NULL,NULL,NULL),
 (446,2443,109,NULL,NULL,NULL,NULL,'1','0','بابت برگشت  يک فقره چک به مبلغ کل  1000000 بابت وا','NO',NULL,NULL,NULL),
 (447,2444,109,NULL,NULL,NULL,NULL,'1','0','بابت برگشت  يک فقره چک به مبلغ کل  20000000 بابت و','NO',NULL,NULL,NULL),
 (448,2445,109,NULL,NULL,NULL,NULL,'1','0','بابت برگشت  يک فقره چک به مبلغ کل  20000000 بابت و','NO',NULL,NULL,NULL),
 (442,2446,110,NULL,NULL,NULL,NULL,'50000000','0','بابت برگشت  يک فقره چک به مبلغ کل  50000000 بابت و','NO',NULL,NULL,NULL),
 (443,2447,110,NULL,NULL,NULL,NULL,'50000000','0','بابت برگشت  يک فقره چک به مبلغ کل  50000000 بابت و','NO',NULL,NULL,NULL),
 (444,2448,110,NULL,NULL,NULL,NULL,'36000000','0','بابت برگشت  يک فقره چک به مبلغ کل  36000000 بابت و','NO',NULL,NULL,NULL),
 (445,2449,110,NULL,NULL,NULL,NULL,'1000000','0','بابت برگشت  يک فقره چک به مبلغ کل  1000000 بابت وا','NO',NULL,NULL,NULL),
 (446,2450,110,NULL,NULL,NULL,NULL,'1000000','0','بابت برگشت  يک فقره چک به مبلغ کل  1000000 بابت وا','NO',NULL,NULL,NULL),
 (447,2451,110,NULL,NULL,NULL,NULL,'20000000','0','بابت برگشت  يک فقره چک به مبلغ کل  20000000 بابت و','NO',NULL,NULL,NULL),
 (448,2452,110,NULL,NULL,NULL,NULL,'20000000','0','بابت برگشت  يک فقره چک به مبلغ کل  20000000 بابت و','NO',NULL,NULL,NULL),
 (463,2453,110,NULL,NULL,NULL,NULL,'300000000','0','خروج چک 167893شرکت کهکشان بدليل عدم خروج از حسابهاي انتظامي که در تاريخ 92/10/26وصول شده ','NO',NULL,NULL,NULL),
 (451,2454,111,NULL,NULL,NULL,NULL,'1','0','بابت وصول شده  فقره چک به مبلغ کل  416666666','NO',NULL,NULL,NULL),
 (451,2455,112,NULL,NULL,NULL,NULL,'416666666','0','بابت وصول شده  فقره چک به مبلغ کل  416666666','NO',NULL,NULL,NULL),
 (439,2456,125,1,1037,1,1002,'0','34800000',' پرداخت قسط  3 وام شماره 118','NO',NULL,NULL,NULL),
 (458,2457,125,1,1064,1,1002,'0','3410000',' پرداخت قسط  6 وام شماره 147','NO',NULL,NULL,NULL),
 (458,2458,125,1,1064,1,1002,'0','3410000',' پرداخت قسط  7 وام شماره 147','NO',NULL,NULL,NULL),
 (449,2459,125,1,1065,1,1002,'0','3410000',' پرداخت قسط  5 وام شماره 149','NO',NULL,NULL,NULL),
 (466,2460,1,NULL,NULL,NULL,NULL,'3400000','0','دريافت اقساط','NO',NULL,NULL,NULL),
 (468,2461,1,NULL,NULL,NULL,NULL,'3400000','0',' واريز به سپرده کوتاه مدت شماره 1 دانشگاه فردوسي مشهد','NO',NULL,NULL,NULL),
 (469,2462,1,NULL,NULL,NULL,NULL,'0','20000000','برداشت حساب پس انداز  -شرکت اتوماسيون اداري حسيب','NO',NULL,NULL,NULL),
 (467,2463,1,NULL,NULL,NULL,NULL,'20000000','0','عملکردصندوق در برداشت از پس انداز8212اتوماسيون حسيب طي چک 275990تجارت ','NO',NULL,NULL,NULL),
 (467,2464,1,NULL,NULL,NULL,NULL,'0','3400000','واريز قسط 2وام 172شرکت بسپار پايش پارس ','NO',NULL,NULL,NULL),
 (471,2465,1,NULL,NULL,NULL,NULL,'0','53457796','پرداخت نقدي حقوق تيرماه 94 پرسنل ','NO',NULL,NULL,NULL),
 (471,2466,1,NULL,NULL,NULL,NULL,'0','4288000','بابت کسرحقوق اقساط خانم آديني و آقاي مسرور','NO',NULL,NULL,NULL),
 (473,2467,1,NULL,NULL,NULL,NULL,'8883447','0','واريزي حساب پس انداز  -هادي مسرور','NO',NULL,NULL,NULL),
 (474,2468,1,NULL,NULL,NULL,NULL,'8854881','0','واريزي حساب پس انداز  -عاطفه رشيدي زاده ','NO',NULL,NULL,NULL),
 (475,2469,1,NULL,NULL,NULL,NULL,'7151881','0','واريزي حساب پس انداز  -آذر آديني','NO',NULL,NULL,NULL),
 (476,2470,1,NULL,NULL,NULL,NULL,'0','7000000','برداشت حساب پس انداز  -آذر آديني','NO',NULL,NULL,NULL),
 (477,2471,1,NULL,NULL,NULL,NULL,'0','8900000','برداشت حساب پس انداز  -هادي مسرور','NO',NULL,NULL,NULL),
 (478,2472,1,NULL,NULL,NULL,NULL,'0','8850000','برداشت حساب پس انداز  -عاطفه رشيدي زاده ','NO',NULL,NULL,NULL),
 (467,2473,2,3,1,NULL,NULL,'4262','0','بابت سود علي الحساب تيرماه94','NO',NULL,NULL,NULL),
 (467,2474,2,3,1,NULL,NULL,'1013','0','بابت امتحان دستگاه پاز','NO',NULL,NULL,NULL),
 (467,2475,17,NULL,NULL,NULL,NULL,'0','20000000','عملکردصندوق در برداشت از پس انداز8212اتوماسيون حسيب طي چک 275990تجارت ','NO',NULL,NULL,NULL),
 (467,2476,17,NULL,NULL,NULL,NULL,'0','3000000','بابت استرداد هزينه ارزيابي پرداختي شرکت منشورفناوري فرداايرانيان','NO',NULL,NULL,NULL),
 (471,2477,17,NULL,NULL,NULL,NULL,'0','1983357','بابت ماليات حقوق پرسنل شعبه دانشگاه تيرماه 94','NO',NULL,NULL,NULL),
 (470,2478,19,NULL,NULL,NULL,NULL,'34756596','0','جمع سود تيرماه 94','NO',NULL,NULL,NULL),
 (470,2479,65,1,1002,NULL,NULL,'0','33926201','سود تيرماه 94','NO',NULL,NULL,NULL),
 (473,2480,65,1,1180,NULL,NULL,'0','8883447','واريزي حساب پس انداز  -هادي مسرور','NO',NULL,NULL,NULL),
 (477,2481,65,1,1180,NULL,NULL,'8900000','0','برداشت حساب پس انداز  -هادي مسرور','NO',NULL,NULL,NULL),
 (470,2482,65,1,1204,NULL,NULL,'0','830395','سود تيرماه 94','NO',NULL,NULL,NULL),
 (475,2483,65,1,1095,NULL,NULL,'0','7151881','واريزي حساب پس انداز  -آذر آديني','NO',NULL,NULL,NULL),
 (476,2484,65,1,1095,NULL,NULL,'7000000','0','برداشت حساب پس انداز  -آذر آديني','NO',NULL,NULL,NULL),
 (469,2485,65,1,1100,NULL,NULL,'20000000','0','برداشت حساب پس انداز  -شرکت اتوماسيون اداري حسيب','NO',NULL,NULL,NULL),
 (474,2486,65,NULL,NULL,NULL,NULL,'0','8854881','واريزي حساب پس انداز  -عاطفه رشيدي زاده ','NO',NULL,NULL,NULL),
 (478,2487,65,NULL,NULL,NULL,NULL,'8850000','0','برداشت حساب پس انداز  -عاطفه رشيدي زاده ','NO',NULL,NULL,NULL),
 (468,2488,66,1,1002,NULL,NULL,'0','3400000',' واريز به سپرده کوتاه مدت شماره 1 دانشگاه فردوسي مشهد','NO',NULL,NULL,NULL),
 (467,2489,84,NULL,NULL,NULL,NULL,'3000000','0','بابت استرداد هزينه ارزيابي پرداختي شرکت منشورفناوري فرداايرانيان','NO',NULL,NULL,NULL),
 (471,2490,86,NULL,NULL,NULL,NULL,'0','2054819','بابت حق بيمه سهم مجري تيرماه94 ','NO',NULL,NULL,NULL),
 (471,2491,86,NULL,NULL,NULL,NULL,'0','6751548','حق بيمه پرسنل سهم کارفرماتيرماه 94 شعبه دانشگاه فردوسي','NO',NULL,NULL,NULL),
 (467,2492,88,1,1002,NULL,NULL,'3400000','0','واريز قسط 2وام 172شرکت بسپار پايش پارس ','NO',NULL,NULL,NULL),
 (467,2493,96,2,4,NULL,NULL,'0','4262','بابت سود علي الحساب تيرماه94','NO',NULL,NULL,NULL),
 (467,2494,98,2,4,NULL,NULL,'0','1013','بابت امتحان دستگاه پاز','NO',NULL,NULL,NULL),
 (463,2495,104,NULL,NULL,NULL,NULL,'0','1','خروج چک 167893شرکت کهکشان بدليل عدم خروج از حسابهاي انتظامي که در تاريخ 20/11/92وصول شده ','NO',NULL,NULL,NULL),
 (463,2496,104,NULL,NULL,NULL,NULL,'0','1','خروج چک 167894شرکت کهکشان بدليل عدم خروج از حسابهاي انتظامي که در تاريخ 20/11/92وصول شده ','NO',NULL,NULL,NULL),
 (464,2497,104,NULL,NULL,NULL,NULL,'1','0','چک به شماره 796603 صادره از بانک تجارت دانشگاه فردوسي به نام شرکت صنايع هوا خورشيد (شهريار صابر ) به','NO',NULL,NULL,NULL),
 (464,2498,104,NULL,NULL,NULL,NULL,'1','0','چک به شماره 760375 صادره از بانک تجارت دانشگاه فردوسي به نام شرکت صنايع هوا خورشيد (شهريار صابر ) به','NO',NULL,NULL,NULL),
 (464,2499,104,NULL,NULL,NULL,NULL,'1','0','چک به شماره 559774 صادره از بانک ملي به نام شرکت صنايع هوا خورشيد (شهريار صابر ) به مبلغ  240000000 ','NO',NULL,NULL,NULL),
 (464,2500,104,NULL,NULL,NULL,NULL,'1','0','چک به شماره 333822 صادره از بانک ملي پرديس به نام شرکت صنايع هوا خورشيد (شهريار صابر ) به مبلغ  2400','NO',NULL,NULL,NULL),
 (464,2501,104,NULL,NULL,NULL,NULL,'1','0','چک به شماره 889231 صادره از بانک تجارت دانشگاه شاهرود به نام شرکت صنايع هوا خورشيد (شهريار صابر ) به','NO',NULL,NULL,NULL),
 (465,2502,104,NULL,NULL,NULL,NULL,'1','0','چک به شماره 738369 صادره از بانک سفته به نام محمد طباطبايي. شرکت انگاره فيزيک به مبلغ  50000000 ريال','NO',NULL,NULL,NULL),
 (465,2503,104,NULL,NULL,NULL,NULL,'1','0','چک به شماره 876117 صادره از بانک تجارت به نام محمد طباطبايي. شرکت انگاره فيزيک به مبلغ  120000000 ري','NO',NULL,NULL,NULL),
 (465,2504,104,NULL,NULL,NULL,NULL,'1','0','چک به شماره 738367 صادره از بانک سفته به نام محمد طباطبايي. شرکت انگاره فيزيک به مبلغ  50000000 ريال','NO',NULL,NULL,NULL),
 (465,2505,104,NULL,NULL,NULL,NULL,'1','0','چک به شماره 738368 صادره از بانک سفته به نام محمد طباطبايي. شرکت انگاره فيزيک به مبلغ  50000000 ريال','NO',NULL,NULL,NULL),
 (463,2506,105,NULL,NULL,NULL,NULL,'0','200000000','خروج چک 167894شرکت کهکشان بدليل عدم خروج از حسابهاي انتظامي که در تاريخ 20/11/92وصول شده ','NO',NULL,NULL,NULL),
 (463,2507,105,NULL,NULL,NULL,NULL,'0','300000000','خروج چک 167893شرکت کهکشان بدليل عدم خروج از حسابهاي انتظامي که در تاريخ 92/10/26وصول شده ','NO',NULL,NULL,NULL),
 (464,2508,105,NULL,NULL,NULL,NULL,'1200000000','0','چک به شماره 796603 صادره از بانک تجارت دانشگاه فردوسي به نام شرکت صنايع هوا خورشيد (شهريار صابر ) به','NO',NULL,NULL,NULL),
 (464,2509,105,NULL,NULL,NULL,NULL,'240000000','0','چک به شماره 760375 صادره از بانک تجارت دانشگاه فردوسي به نام شرکت صنايع هوا خورشيد (شهريار صابر ) به','NO',NULL,NULL,NULL),
 (464,2510,105,NULL,NULL,NULL,NULL,'240000000','0','چک به شماره 559774 صادره از بانک ملي به نام شرکت صنايع هوا خورشيد (شهريار صابر ) به مبلغ  240000000 ','NO',NULL,NULL,NULL),
 (464,2511,105,NULL,NULL,NULL,NULL,'240000000','0','چک به شماره 333822 صادره از بانک ملي پرديس به نام شرکت صنايع هوا خورشيد (شهريار صابر ) به مبلغ  2400','NO',NULL,NULL,NULL),
 (464,2512,105,NULL,NULL,NULL,NULL,'240000000','0','چک به شماره 889231 صادره از بانک تجارت دانشگاه شاهرود به نام شرکت صنايع هوا خورشيد (شهريار صابر ) به','NO',NULL,NULL,NULL),
 (465,2513,105,NULL,NULL,NULL,NULL,'50000000','0','چک به شماره 738369 صادره از بانک سفته به نام محمد طباطبايي. شرکت انگاره فيزيک به مبلغ  50000000 ريال','NO',NULL,NULL,NULL),
 (465,2514,105,NULL,NULL,NULL,NULL,'120000000','0','چک به شماره 876117 صادره از بانک تجارت به نام محمد طباطبايي. شرکت انگاره فيزيک به مبلغ  120000000 ري','NO',NULL,NULL,NULL),
 (465,2515,105,NULL,NULL,NULL,NULL,'50000000','0','چک به شماره 738367 صادره از بانک سفته به نام محمد طباطبايي. شرکت انگاره فيزيک به مبلغ  50000000 ريال','NO',NULL,NULL,NULL),
 (465,2516,105,NULL,NULL,NULL,NULL,'50000000','0','چک به شماره 738368 صادره از بانک سفته به نام محمد طباطبايي. شرکت انگاره فيزيک به مبلغ  50000000 ريال','NO',NULL,NULL,NULL),
 (464,2517,109,NULL,NULL,NULL,NULL,'0','5','بابت دريافت 5 فقره چک به مبلغ کل  2160000000 بابت وام  شرکت صنايع هوا خورشيد (شهريار صابر )','NO',NULL,NULL,NULL),
 (465,2518,109,NULL,NULL,NULL,NULL,'0','4','بابت دريافت 4 فقره چک به مبلغ کل  270000000 بابت وام  محمد طباطبايي. شرکت انگاره فيزيک','NO',NULL,NULL,NULL),
 (463,2519,110,NULL,NULL,NULL,NULL,'200000000','0','خروج چک 167894شرکت کهکشان بدليل عدم خروج از حسابهاي انتظامي که در تاريخ 20/11/92وصول شده ','NO',NULL,NULL,NULL),
 (464,2520,110,NULL,NULL,NULL,NULL,'0','2160000000','بابت دريافت 5 فقره چک به مبلغ کل  2160000000 بابت وام  شرکت صنايع هوا خورشيد (شهريار صابر )','NO',NULL,NULL,NULL),
 (465,2521,110,NULL,NULL,NULL,NULL,'0','270000000','بابت دريافت 4 فقره چک به مبلغ کل  270000000 بابت وام  محمد طباطبايي. شرکت انگاره فيزيک','NO',NULL,NULL,NULL),
 (463,2522,111,NULL,NULL,NULL,NULL,'1','0','خروج چک 167894شرکت کهکشان بدليل عدم خروج از حسابهاي انتظامي که در تاريخ 20/11/92وصول شده ','NO',NULL,NULL,NULL),
 (463,2523,111,NULL,NULL,NULL,NULL,'1','0','خروج چک 167893شرکت کهکشان بدليل عدم خروج از حسابهاي انتظامي که در تاريخ 20/11/92وصول شده ','NO',NULL,NULL,NULL),
 (471,2524,114,NULL,NULL,NULL,NULL,'6751548','0','حق بيمه پرسنل سهم کارفرماتيرماه 94 شعبه دانشگاه فردوسي','NO',NULL,NULL,NULL),
 (471,2525,115,NULL,NULL,NULL,NULL,'1600000','0','حق مسکن پرسنل شعبه دانشگاه تيرماه 94','NO',NULL,NULL,NULL),
 (471,2526,116,NULL,NULL,NULL,NULL,'4400000','0','هزينه اقلام مصرفي پرسنل شعبه دانشگاه تيرماه 94','NO',NULL,NULL,NULL),
 (471,2527,117,NULL,NULL,NULL,NULL,'7847299','0','هزينه اضافه کار آقاي مسرورو آقاي دوستخواه تيرماه 94','NO',NULL,NULL,NULL),
 (471,2528,122,NULL,NULL,NULL,NULL,'3687436','0','هزينه سنوات پرسنل شعبه دانشگاه فردوسي تيرماه94','NO',NULL,NULL,NULL),
 (466,2529,125,1,1085,1,1002,'0','3400000',' پرداخت قسط  2 وام شماره 172','NO',NULL,NULL,NULL),
 (471,2530,149,NULL,NULL,NULL,NULL,'42749237','0','حقوق پرسنل شعبه دانشگاه تيرماه 94','NO',NULL,NULL,NULL),
 (471,2531,149,NULL,NULL,NULL,NULL,'1500000','0','فوق العاده شغلي آقاي مسرور ','NO',NULL,NULL,NULL),
 (479,2532,1,NULL,NULL,NULL,NULL,'4288000','0','دريافت اقساط','NO',NULL,NULL,NULL),
 (472,2533,1,NULL,NULL,NULL,NULL,'50000000','0','واريز بابت حقوق تيرماه94 پرسنل شعبه پارک ','NO',NULL,NULL,NULL),
 (482,2534,1,NULL,NULL,NULL,NULL,'0','1755000','واريز قسط خانم افتخاري کسر حقوق ايشان از شعبه پارک','NO',NULL,NULL,NULL),
 (483,2535,1,NULL,NULL,NULL,NULL,'1755000','0','دريافت اقساط','NO',NULL,NULL,NULL),
 (485,2536,1,NULL,NULL,NULL,NULL,'2000000','0','دريافت اقساط','NO',NULL,NULL,NULL),
 (486,2537,1,NULL,NULL,NULL,NULL,'21000000','0','دريافت اقساط','NO',NULL,NULL,NULL),
 (487,2538,1,NULL,NULL,NULL,NULL,'5780000','0','دريافت اقساط','NO',NULL,NULL,NULL),
 (488,2539,1,NULL,NULL,NULL,NULL,'4538000','0','دريافت اقساط','NO',NULL,NULL,NULL),
 (491,2540,1,NULL,NULL,NULL,NULL,'2500000','0','دريافت اقساط','NO',NULL,NULL,NULL),
 (493,2541,1,NULL,NULL,NULL,NULL,'0','10000000000','پرداخت وام شماره  213 پارک علم و فناوري خراسان','NO',NULL,NULL,NULL),
 (494,2542,1,NULL,NULL,NULL,NULL,'1500000','0','دريافت اقساط','NO',NULL,NULL,NULL),
 (497,2543,1,NULL,NULL,NULL,NULL,'0','50000000',' برداشت از سپرده کوتاه مدت شماره 2 سود سپرده مهدوي و ابراهيمي','NO',NULL,NULL,NULL),
 (500,2544,1,NULL,NULL,NULL,NULL,'0','90000000','برداشت حساب پس انداز  -مرتضي شريف زاده','NO',NULL,NULL,NULL),
 (501,2545,1,NULL,NULL,NULL,NULL,'0','100000000','برداشت حساب پس انداز  -شرکت اتوماسيون اداري حسيب','NO',NULL,NULL,NULL),
 (498,2546,1,NULL,NULL,NULL,NULL,'50000000','0','برداشت ازسپرده ابراهيمي طي چک 787578 بانک ملي پارک ','NO',NULL,NULL,NULL),
 (498,2547,1,NULL,NULL,NULL,NULL,'90000000','0','برداشت از پس انداز8131مرتضي شريف زاده طي چک 275996 تجارت پارک ','NO',NULL,NULL,NULL),
 (498,2548,1,NULL,NULL,NULL,NULL,'100000000','0','برداشت از پس انداز 8212اتوماسيون حسيب طي چک 275997تجارت پارک ','NO',NULL,NULL,NULL),
 (503,2549,1,NULL,NULL,NULL,NULL,'5000000','0','دريافت اقساط','NO',NULL,NULL,NULL),
 (481,2550,2,3,1,NULL,NULL,'6820000','0','دريافت اقساط','NO',NULL,NULL,NULL),
 (490,2551,2,3,1,NULL,NULL,'2900000','0','دريافت اقساط','NO',NULL,NULL,NULL),
 (489,2552,2,3,1,NULL,NULL,'30000000','0','واريزي ادمان آفرين به اقتصادبابت اقساط شعبه پارک ','NO',NULL,NULL,NULL),
 (489,2553,2,3,1,NULL,NULL,'3000000','0','واريزطي چک252791 کسر حقوق مريدي بابت قسط شعبه پارک ','NO',NULL,NULL,NULL),
 (495,2554,2,3,1,NULL,NULL,'5000000','0','دريافت اقساط','NO',NULL,NULL,NULL),
 (496,2555,2,3,1,NULL,NULL,'3410000','0','دريافت اقساط','NO',NULL,NULL,NULL),
 (499,2556,2,3,1,NULL,NULL,'3340000','0','دريافت اقساط','NO',NULL,NULL,NULL),
 (472,2557,7,NULL,NULL,NULL,NULL,'0','400000','هزينه آژانس براي امضا گرفتن براي ثبت ','NO',NULL,NULL,NULL);
INSERT INTO `ACC_DocItems` (`DocID`,`ItemID`,`CostID`,`TafsiliType`,`TafsiliID`,`TafsiliType2`,`TafsiliID2`,`DebtorAmount`,`CreditorAmount`,`details`,`locked`,`SourceType`,`SourceID`,`SourceID2`) VALUES 
 (472,2558,7,NULL,NULL,NULL,NULL,'0','110000','هزينه آژانس بابت خريد ملزومات','NO',NULL,NULL,NULL),
 (472,2559,7,NULL,NULL,NULL,NULL,'0','60000','هزينه آژانس بابت ارسال بسته به آقاي دکتر بهارآرا','NO',NULL,NULL,NULL),
 (472,2560,7,NULL,NULL,NULL,NULL,'0','95000','هزينه آژانس بابت پست مدارک ','NO',NULL,NULL,NULL),
 (472,2561,7,NULL,NULL,NULL,NULL,'0','85000','هزينه آژانس بابت محضر جهت توکن امضا','NO',NULL,NULL,NULL),
 (472,2562,7,NULL,NULL,NULL,NULL,'0','90000','هزينه آژانس جهت امضابه آقاي دکتر بهارآرا','NO',NULL,NULL,NULL),
 (472,2563,7,NULL,NULL,NULL,NULL,'0','211650','هزينه پست بابت مدارک مجمع ','NO',NULL,NULL,NULL),
 (472,2564,7,NULL,NULL,NULL,NULL,'0','1210000','خريد ملزومات ذونکن و گيره و.. طي فاکتور071','NO',NULL,NULL,NULL),
 (472,2565,7,NULL,NULL,NULL,NULL,'0','650000','بابت تنظيم وکالت و صدور گواهي الکترونيک','NO',NULL,NULL,NULL),
 (472,2566,7,NULL,NULL,NULL,NULL,'0','1370000','بابت رفع اشکال تلفن و خريد اسپليترو نصب اکس پوينت طي فاکتور 633','NO',NULL,NULL,NULL),
 (472,2567,17,NULL,NULL,NULL,NULL,'0','50000000','واريز نقدي بابت حقوق تيرماه94 پرسنل شعبه پارک ','NO',NULL,NULL,NULL),
 (482,2568,17,NULL,NULL,NULL,NULL,'1755000','0','واريز قسط خانم افتخاري کسر حقوق ايشان از شعبه پارک','NO',NULL,NULL,NULL),
 (489,2569,17,NULL,NULL,NULL,NULL,'0','30000000','واريزي ادمان آفرين به اقتصادبابت اقساط شعبه پارک ','NO',NULL,NULL,NULL),
 (489,2570,17,NULL,NULL,NULL,NULL,'0','3000000','واريزطي چک252791 کسر حقوق مريدي بابت قسط شعبه پارک ','NO',NULL,NULL,NULL),
 (498,2571,17,NULL,NULL,NULL,NULL,'0','100000000','برداشت از پس انداز 8212اتوماسيون حسيب طي چک 275997تجارت پارک ','NO',NULL,NULL,NULL),
 (498,2572,17,NULL,NULL,NULL,NULL,'0','90000000','برداشت از پس انداز8131مرتضي شريف زاده طي چک 275996 تجارت پارک ','NO',NULL,NULL,NULL),
 (498,2573,17,NULL,NULL,NULL,NULL,'0','50000000','برداشت ازسپرده ابراهيمي طي چک 787578 بانک ملي پارک ','NO',NULL,NULL,NULL),
 (498,2574,28,1,1003,NULL,NULL,'0','7940000000','بابت تسهيلات توديع شده از محل وجوه صندوق نوآوري شکوفايي','NO',NULL,NULL,NULL),
 (498,2575,33,NULL,NULL,NULL,NULL,'7940000000','0','بابت تسهيلات توديع شده از محل وجوه صندوق نوآوري شکوفايي','NO',NULL,NULL,NULL),
 (479,2576,45,1,1180,NULL,NULL,'0','830000',' پرداخت قسط  18 وام شماره 132','NO',NULL,NULL,NULL),
 (483,2577,45,1,1025,NULL,NULL,'0','1755000',' پرداخت قسط  4 وام شماره 189','NO',NULL,NULL,NULL),
 (479,2578,45,1,1180,NULL,NULL,'0','1755000',' پرداخت قسط  4 وام شماره 190','NO',NULL,NULL,NULL),
 (479,2579,45,1,1095,NULL,NULL,'0','1703000',' پرداخت قسط  4 وام شماره 191','NO',NULL,NULL,NULL),
 (493,2580,45,1,1001,NULL,NULL,'10000000000','0','پرداخت وام شماره  213 پارک علم و فناوري خراسان','NO',NULL,NULL,NULL),
 (490,2581,46,1,1137,NULL,NULL,'0','1500000',' پرداخت قسط  18 وام شماره 17','NO',NULL,NULL,NULL),
 (490,2582,46,1,1005,NULL,NULL,'0','1400000',' پرداخت قسط  16 وام شماره 73','NO',NULL,NULL,NULL),
 (494,2583,46,1,1134,NULL,NULL,'0','1500000',' پرداخت قسط  15 وام شماره 9','NO',NULL,NULL,NULL),
 (499,2584,47,1,1068,NULL,NULL,'0','1670000',' پرداخت قسط  7 وام شماره 154','NO',NULL,NULL,NULL),
 (499,2585,47,1,1069,NULL,NULL,'0','1670000',' پرداخت قسط  7 وام شماره 155','NO',NULL,NULL,NULL),
 (495,2586,48,1,1136,NULL,NULL,'0','2500000',' پرداخت قسط  5 وام شماره 15','NO',NULL,NULL,NULL),
 (495,2587,48,1,1136,NULL,NULL,'0','2500000',' پرداخت قسط  6 وام شماره 15','NO',NULL,NULL,NULL),
 (485,2588,52,1,1163,NULL,NULL,'0','2000000',' پرداخت قسط  16 وام شماره 38','NO',NULL,NULL,NULL),
 (500,2589,65,1,1046,NULL,NULL,'90000000','0','برداشت حساب پس انداز  -مرتضي شريف زاده','NO',NULL,NULL,NULL),
 (501,2590,65,1,1100,NULL,NULL,'100000000','0','برداشت حساب پس انداز  -شرکت اتوماسيون اداري حسيب','NO',NULL,NULL,NULL),
 (497,2591,66,1,1203,NULL,NULL,'50000000','0',' برداشت از سپرده کوتاه مدت شماره 2 سود سپرده مهدوي و ابراهيمي','NO',NULL,NULL,NULL),
 (472,2592,71,NULL,NULL,NULL,NULL,'1210000','0','خريد ملزومات ذونکن و گيره و.. طي فاکتور071','NO',NULL,NULL,NULL),
 (472,2593,72,NULL,NULL,NULL,NULL,'400000','0','هزينه آژانس براي امضا گرفتن براي ثبت ','NO',NULL,NULL,NULL),
 (472,2594,72,NULL,NULL,NULL,NULL,'110000','0','هزينه آژانس بابت خريد ملزومات','NO',NULL,NULL,NULL),
 (472,2595,72,NULL,NULL,NULL,NULL,'60000','0','هزينه آژانس بابت ارسال بسته به آقاي دکتر بهارآرا','NO',NULL,NULL,NULL),
 (472,2596,72,NULL,NULL,NULL,NULL,'95000','0','هزينه آژانس بابت پست مدارک ','NO',NULL,NULL,NULL),
 (472,2597,72,NULL,NULL,NULL,NULL,'85000','0','هزينه آژانس بابت محضر جهت توکن امضا','NO',NULL,NULL,NULL),
 (472,2598,72,NULL,NULL,NULL,NULL,'90000','0','هزينه آژانس جهت امضابه آقاي دکتر بهارآرا','NO',NULL,NULL,NULL),
 (472,2599,76,NULL,NULL,NULL,NULL,'650000','0','بابت تنظيم وکالت و صدور گواهي الکترونيک','NO',NULL,NULL,NULL),
 (472,2600,78,NULL,NULL,NULL,NULL,'1370000','0','بابت رفع اشکال تلفن و خريد اسپليترو نصب اکس پوينت طي فاکتور 633','NO',NULL,NULL,NULL),
 (472,2601,83,NULL,NULL,NULL,NULL,'211650','0','هزينه پست بابت مدارک مجمع ','NO',NULL,NULL,NULL),
 (503,2602,125,1,1042,1,1002,'0','5000000',' پرداخت قسط  11 وام شماره 121','NO',NULL,NULL,NULL),
 (491,2603,125,1,1050,1,1002,'0','2500000',' پرداخت قسط  12 وام شماره 130','NO',NULL,NULL,NULL),
 (487,2604,125,1,1055,1,1002,'0','5780000',' پرداخت قسط  8 وام شماره 137','NO',NULL,NULL,NULL),
 (481,2605,125,1,1063,1,1002,'0','3410000',' پرداخت قسط  6 وام شماره 148','NO',NULL,NULL,NULL),
 (481,2606,125,1,1063,1,1002,'0','3410000',' پرداخت قسط  7 وام شماره 148','NO',NULL,NULL,NULL),
 (496,2607,125,1,1076,1,1002,'0','3410000',' پرداخت قسط  4 وام شماره 161','NO',NULL,NULL,NULL),
 (488,2608,125,1,1081,1,1002,'0','4538000',' پرداخت قسط  2 وام شماره 186','NO',NULL,NULL,NULL),
 (486,2609,125,1,1106,1,1003,'0','21000000',' پرداخت قسط  1 وام شماره 201','NO',NULL,NULL,NULL),
 (472,2610,154,NULL,NULL,NULL,NULL,'0','833333336','بابت دوفقره قسط واريزي نوين دلسا درتاريخ94/2/15و94/4/16','NO',NULL,NULL,NULL),
 (472,2611,154,NULL,NULL,NULL,NULL,'833333336','0','بابت دوفقره قسط واريزي نوين دلسا درتاريخ94/2/15و94/4/16','NO',NULL,NULL,NULL),
 (514,2612,1,NULL,NULL,NULL,NULL,'500000','0','افتتاح حساب پس انداز','NO',NULL,NULL,NULL),
 (502,2613,1,NULL,NULL,NULL,NULL,'0','500000','عملکرد صندوق در افتتاح حساب 8227 عليرضا حداد طوسي','NO',NULL,NULL,NULL),
 (502,2614,1,NULL,NULL,NULL,NULL,'0','250000','برداشت از پس انداز50360 رشيدي زاده از شعبه پارک ','NO',NULL,NULL,NULL),
 (492,2615,1,NULL,NULL,NULL,NULL,'10000000000','0','واريز صندوق توسعه فناوري بابت زير ساخت پارک علم و فناوري ','NO',NULL,NULL,NULL),
 (492,2616,1,NULL,NULL,NULL,NULL,'0','6000','هزينه وصول چک 556870بانک ملي کسرحقوق جمال الدين بخشنده ','NO',NULL,NULL,NULL),
 (484,2617,1,NULL,NULL,NULL,NULL,'0','21000000','برگشت کارمزد اضافه شده به تسهيلات ماناپليمر ','NO',NULL,NULL,NULL),
 (484,2618,1,NULL,NULL,NULL,NULL,'0','2000000','واريز قسط وام38 خيرين شفاعي از شعبه پارک','NO',NULL,NULL,NULL),
 (517,2619,1,NULL,NULL,NULL,NULL,'5600000','0','دريافت اقساط','NO',NULL,NULL,NULL),
 (518,2620,1,NULL,NULL,NULL,NULL,'0','5600000','واريز هوا خورشيد به تجارت بابت وام 178 کارگشايي','NO',NULL,NULL,NULL),
 (502,2621,2,3,1,NULL,NULL,'550000','0','بابت کارمزد تاخير وام 121شهرام قادري ','NO',NULL,NULL,NULL),
 (502,2622,2,3,1,NULL,NULL,'500000','0','عملکرد صندوق در افتتاح حساب 8227 عليرضا حداد طوسي','NO',NULL,NULL,NULL),
 (515,2623,2,3,1,NULL,NULL,'33639765','0','واريزي سود علي الحساب مردادماه 94اقتصاد نوين ','NO',NULL,NULL,NULL),
 (516,2624,2,3,1,NULL,NULL,'10000000','0','واريز به اقتصاد نوين شرکت ادمان آفرين بابت قسط شعبه پارک ','NO',NULL,NULL,NULL),
 (518,2625,2,3,1,NULL,NULL,'500000','0','واريزي آقاي مرتضي شريعت نيا بابت افتتاح حساب در شعبه پارک به اقتصاد نوين','NO',NULL,NULL,NULL),
 (520,2626,2,3,1,NULL,NULL,'30916566','0','دريافت اقساط','NO',NULL,NULL,NULL),
 (521,2627,2,3,1,NULL,NULL,'0','29500000','پرداخت وام شماره  214 مرتضي شريف زاده به شماره چک 822301','NO',NULL,NULL,NULL),
 (502,2628,17,NULL,NULL,NULL,NULL,'250000','0','برداشت از پس انداز50360 رشيدي زاده از شعبه پارک ','NO',NULL,NULL,NULL),
 (492,2629,17,NULL,NULL,NULL,NULL,'0','10000000000','چکشماره             87576 7 بانک ملي به پارک بابت زير ساخت ','NO',NULL,NULL,NULL),
 (484,2630,17,NULL,NULL,NULL,NULL,'2000000','0','واريز قسط وام38 خيرين شفاعي از شعبه پارک','NO',NULL,NULL,NULL),
 (484,2631,17,NULL,NULL,NULL,NULL,'10000000000','0','واريزي صندوق فناوريهاي نوين بحساب بانک ملي (مرکز)','NO',NULL,NULL,NULL),
 (516,2632,17,NULL,NULL,NULL,NULL,'0','10000000','واريز به اقتصاد نوين شرکت ادمان آفرين بابت قسط شعبه پارک ','NO',NULL,NULL,NULL),
 (518,2633,17,NULL,NULL,NULL,NULL,'5600000','0','واريز هوا خورشيد به تجارت بابت وام 178 کارگشايي','NO',NULL,NULL,NULL),
 (518,2634,17,NULL,NULL,NULL,NULL,'0','500000','واريزي آقاي مرتضي شريعت نيا بابت افتتاح حساب در شعبه پارک به اقتصاد نوين','NO',NULL,NULL,NULL),
 (492,2635,37,NULL,NULL,NULL,NULL,'0','10000000000','واريز صندوق توسعه فناوري بابت زير ساخت پارک علم و فناوري ','NO',NULL,NULL,NULL),
 (492,2636,37,NULL,NULL,NULL,NULL,'10000000000','0','چکشماره           787576    بانک ملي به پارک بابت زير ساخت ','NO',NULL,NULL,NULL),
 (521,2637,45,1,1046,NULL,NULL,'30744845','0','پرداخت وام شماره  214 مرتضي شريف زاده به شماره چک 822301','NO',NULL,NULL,NULL),
 (517,2638,46,1,1054,NULL,NULL,'0','5600000',' پرداخت قسط  5 وام شماره 178','NO',NULL,NULL,NULL),
 (520,2639,48,1,1078,NULL,NULL,'0','30916566',' پرداخت قسط  1 وام شماره 165','NO',NULL,NULL,NULL),
 (484,2640,64,NULL,NULL,NULL,NULL,'0','237500000','انتقال تسهيلات توديعي شرکت پردازش گسترراتااز(200-01)','NO',NULL,NULL,NULL),
 (484,2641,64,NULL,NULL,NULL,NULL,'0','950000000','انتقال تسهيلات توديعي شرکت سازه گسترآرين پارس از(200-01)','NO',NULL,NULL,NULL),
 (514,2642,65,1,1115,NULL,NULL,'0','500000','افتتاح حساب پس انداز-عليرضا حداد طوسي ','NO',NULL,NULL,NULL),
 (492,2643,67,NULL,NULL,NULL,NULL,'6000','0','هزينه وصول چک 556870بانک ملي کسرحقوق جمال الدين بخشنده ','NO',NULL,NULL,NULL),
 (492,2644,87,NULL,NULL,NULL,NULL,'0','10000000000','واريز صندوق توسعه فناوري بابت زير ساخت پارک علم و فناوري ','NO',NULL,NULL,NULL),
 (515,2645,96,2,4,NULL,NULL,'0','33639765','واريزي سود علي الحساب مردادماه 94اقتصاد نوين ','NO',NULL,NULL,NULL),
 (504,2646,104,NULL,NULL,NULL,NULL,'0','1','چک به شماره 895982 صادره از بانک رفاه کارگران به ن','NO',NULL,NULL,NULL),
 (505,2647,104,NULL,NULL,NULL,NULL,'0','1','چک به شماره 417024 صادره از بانک سفته به نام شهرام','NO',NULL,NULL,NULL),
 (506,2648,104,NULL,NULL,NULL,NULL,'0','1','چک به شماره 903854 صادره از بانک سفته به نام شهرام','NO',NULL,NULL,NULL),
 (507,2649,104,NULL,NULL,NULL,NULL,'0','1','چک به شماره 903852 صادره از بانک سفته به نام شهرام','NO',NULL,NULL,NULL),
 (508,2650,104,NULL,NULL,NULL,NULL,'0','1','چک به شماره 903857 صادره از بانک سفته به نام شهرام','NO',NULL,NULL,NULL),
 (509,2651,104,NULL,NULL,NULL,NULL,'0','1','چک به شماره 903855 صادره از بانک سفته به نام شهرام','NO',NULL,NULL,NULL),
 (510,2652,104,NULL,NULL,NULL,NULL,'0','1','چک به شماره 903859 صادره از بانک سفته به نام شهرام','NO',NULL,NULL,NULL),
 (511,2653,104,NULL,NULL,NULL,NULL,'0','1','چک به شماره 903858 صادره از بانک سفته به نام شهرام','NO',NULL,NULL,NULL),
 (512,2654,104,NULL,NULL,NULL,NULL,'0','1','چک به شماره 903856 صادره از بانک سفته به نام شهرام','NO',NULL,NULL,NULL),
 (513,2655,104,NULL,NULL,NULL,NULL,'0','1','چک به شماره 903853 صادره از بانک سفته به نام شهرام','NO',NULL,NULL,NULL),
 (504,2656,105,NULL,NULL,NULL,NULL,'0','36000000','چک به شماره 895982 صادره از بانک رفاه کارگران به ن','NO',NULL,NULL,NULL),
 (505,2657,105,NULL,NULL,NULL,NULL,'0','2000000','چک به شماره 417024 صادره از بانک سفته به نام شهرام','NO',NULL,NULL,NULL),
 (506,2658,105,NULL,NULL,NULL,NULL,'0','5000000','چک به شماره 903854 صادره از بانک سفته به نام شهرام','NO',NULL,NULL,NULL),
 (507,2659,105,NULL,NULL,NULL,NULL,'0','5000000','چک به شماره 903852 صادره از بانک سفته به نام شهرام','NO',NULL,NULL,NULL),
 (508,2660,105,NULL,NULL,NULL,NULL,'0','5000000','چک به شماره 903857 صادره از بانک سفته به نام شهرام','NO',NULL,NULL,NULL),
 (509,2661,105,NULL,NULL,NULL,NULL,'0','5000000','چک به شماره 903855 صادره از بانک سفته به نام شهرام','NO',NULL,NULL,NULL),
 (510,2662,105,NULL,NULL,NULL,NULL,'0','5000000','چک به شماره 903859 صادره از بانک سفته به نام شهرام','NO',NULL,NULL,NULL),
 (511,2663,105,NULL,NULL,NULL,NULL,'0','5000000','چک به شماره 903858 صادره از بانک سفته به نام شهرام','NO',NULL,NULL,NULL),
 (512,2664,105,NULL,NULL,NULL,NULL,'0','5000000','چک به شماره 903856 صادره از بانک سفته به نام شهرام','NO',NULL,NULL,NULL),
 (513,2665,105,NULL,NULL,NULL,NULL,'0','5000000','چک به شماره 903853 صادره از بانک سفته به نام شهرام','NO',NULL,NULL,NULL),
 (504,2666,109,NULL,NULL,NULL,NULL,'1','0','بابت برگشت  يک فقره چک به مبلغ کل  36000000 بابت و','NO',NULL,NULL,NULL),
 (505,2667,109,NULL,NULL,NULL,NULL,'1','0','بابت برگشت  يک فقره چک به مبلغ کل  2000000 بابت وا','NO',NULL,NULL,NULL),
 (506,2668,109,NULL,NULL,NULL,NULL,'1','0','بابت برگشت  يک فقره چک به مبلغ کل  5000000 بابت وا','NO',NULL,NULL,NULL),
 (507,2669,109,NULL,NULL,NULL,NULL,'1','0','بابت برگشت  يک فقره چک به مبلغ کل  5000000 بابت وا','NO',NULL,NULL,NULL),
 (508,2670,109,NULL,NULL,NULL,NULL,'1','0','بابت برگشت  يک فقره چک به مبلغ کل  5000000 بابت وا','NO',NULL,NULL,NULL),
 (509,2671,109,NULL,NULL,NULL,NULL,'1','0','بابت برگشت  يک فقره چک به مبلغ کل  5000000 بابت وا','NO',NULL,NULL,NULL),
 (510,2672,109,NULL,NULL,NULL,NULL,'1','0','بابت برگشت  يک فقره چک به مبلغ کل  5000000 بابت وا','NO',NULL,NULL,NULL),
 (511,2673,109,NULL,NULL,NULL,NULL,'1','0','بابت برگشت  يک فقره چک به مبلغ کل  5000000 بابت وا','NO',NULL,NULL,NULL),
 (512,2674,109,NULL,NULL,NULL,NULL,'1','0','بابت برگشت  يک فقره چک به مبلغ کل  5000000 بابت وا','NO',NULL,NULL,NULL),
 (513,2675,109,NULL,NULL,NULL,NULL,'1','0','بابت برگشت  يک فقره چک به مبلغ کل  5000000 بابت وا','NO',NULL,NULL,NULL),
 (504,2676,110,NULL,NULL,NULL,NULL,'36000000','0','بابت برگشت  يک فقره چک به مبلغ کل  36000000 بابت و','NO',NULL,NULL,NULL),
 (505,2677,110,NULL,NULL,NULL,NULL,'2000000','0','بابت برگشت  يک فقره چک به مبلغ کل  2000000 بابت وا','NO',NULL,NULL,NULL),
 (506,2678,110,NULL,NULL,NULL,NULL,'5000000','0','بابت برگشت  يک فقره چک به مبلغ کل  5000000 بابت وا','NO',NULL,NULL,NULL),
 (507,2679,110,NULL,NULL,NULL,NULL,'5000000','0','بابت برگشت  يک فقره چک به مبلغ کل  5000000 بابت وا','NO',NULL,NULL,NULL),
 (508,2680,110,NULL,NULL,NULL,NULL,'5000000','0','بابت برگشت  يک فقره چک به مبلغ کل  5000000 بابت وا','NO',NULL,NULL,NULL),
 (509,2681,110,NULL,NULL,NULL,NULL,'5000000','0','بابت برگشت  يک فقره چک به مبلغ کل  5000000 بابت وا','NO',NULL,NULL,NULL),
 (510,2682,110,NULL,NULL,NULL,NULL,'5000000','0','بابت برگشت  يک فقره چک به مبلغ کل  5000000 بابت وا','NO',NULL,NULL,NULL),
 (511,2683,110,NULL,NULL,NULL,NULL,'5000000','0','بابت برگشت  يک فقره چک به مبلغ کل  5000000 بابت وا','NO',NULL,NULL,NULL),
 (512,2684,110,NULL,NULL,NULL,NULL,'5000000','0','بابت برگشت  يک فقره چک به مبلغ کل  5000000 بابت وا','NO',NULL,NULL,NULL),
 (513,2685,110,NULL,NULL,NULL,NULL,'5000000','0','بابت برگشت  يک فقره چک به مبلغ کل  5000000 بابت وا','NO',NULL,NULL,NULL),
 (502,2686,133,2,4,NULL,NULL,'0','550000','بابت کارمزد تاخير وام 121شهرام قادري ','NO',NULL,NULL,NULL),
 (484,2687,133,2,4,1,1003,'21000000','0','برگشت کارمزد اضافه شده به تسهيلات ماناپليمر ','NO',NULL,NULL,NULL),
 (492,2688,143,NULL,NULL,NULL,NULL,'10000000000','0','واريز صندوق توسعه فناوري بابت زير ساخت پارک علم و فناوري ','NO',NULL,NULL,NULL),
 (484,2689,143,NULL,NULL,NULL,NULL,'0','10000000000','واريزي صندوق فناوريهاي نوين بحساب بانک ملي (مرکز)','NO',NULL,NULL,NULL),
 (484,2690,151,NULL,NULL,NULL,NULL,'237500000','0','انتقال تسهيلات توديعي شرکت پردازش گسترراتابه(200-04)','NO',NULL,NULL,NULL),
 (484,2691,151,NULL,NULL,NULL,NULL,'950000000','0','انتقال تسهيلات توديعي شرکت سازه گسترآرين پارس به(200-04)','NO',NULL,NULL,NULL),
 (522,2692,1,NULL,NULL,NULL,NULL,'0','20000000','برداشت حساب پس انداز  -شرکت اتوماسيون اداري حسيب','NO',NULL,NULL,NULL),
 (523,2693,1,NULL,NULL,NULL,NULL,'20000000','0','واريزي حساب پس انداز  -شرکت اتوماسيون اداري حسيب','NO',NULL,NULL,NULL),
 (524,2694,1,NULL,NULL,NULL,NULL,'100000000','0','واريزي حساب پس انداز  -شرکت اتوماسيون اداري حسيب','NO',NULL,NULL,NULL),
 (525,2695,1,NULL,NULL,NULL,NULL,'20000000','0','برداشت از حساب 8212اتوماسيون حسيب طي چک 302752تجارت ','NO',NULL,NULL,NULL),
 (525,2696,1,NULL,NULL,NULL,NULL,'0','100000000','واريزي شرکت حسيب به پس انداز 8212از طريق تجارت','NO',NULL,NULL,NULL),
 (525,2697,1,NULL,NULL,NULL,NULL,'0','20000000','واريز بحساب 8212اتوماسيون حسيب طي چک 302752تجارت ','NO',NULL,NULL,NULL),
 (534,2698,1,NULL,NULL,NULL,NULL,'61715000','0','دريافت اقساط','NO',NULL,NULL,NULL),
 (533,2699,1,NULL,NULL,NULL,NULL,'0','61715000','عملکرد صندوق در واريز قسط هواخورشيد از شعبه پارک ','NO',NULL,NULL,NULL),
 (536,2700,1,NULL,NULL,NULL,NULL,'0','30000000','پرداخت وام شماره  215 محمد مستعلي ','NO',NULL,NULL,NULL),
 (537,2701,1,NULL,NULL,NULL,NULL,'18000000','0','دريافت اقساط','NO',NULL,NULL,NULL),
 (540,2702,1,NULL,NULL,NULL,NULL,'0','1000000','برداشت حساب پس انداز  -فرخ سادات کلالي','NO',NULL,NULL,NULL),
 (538,2703,1,NULL,NULL,NULL,NULL,'12000000','0','عملکرد صندوق در پرداخت وام215 مستعلي از طي چک 302757تجارت ','NO',NULL,NULL,NULL),
 (527,2704,2,3,1,NULL,NULL,'0','5500000','چک 822302اقتصادبابت بهاي بليط ماموريت تهران جلسه دفاعيه ادمان آفرين ','NO',NULL,NULL,NULL),
 (528,2705,2,3,1,NULL,NULL,'52020000','0','دريافت اقساط','NO',NULL,NULL,NULL),
 (525,2706,2,3,1,NULL,NULL,'0','1820000','چک 822303اقتصادبابت هاست و دامنه سايت جديد','NO',NULL,NULL,NULL),
 (529,2707,2,3,1,NULL,NULL,'100000000','0','دريافت اقساط','NO',NULL,NULL,NULL),
 (531,2708,2,3,1,NULL,NULL,'6820000','0','دريافت اقساط','NO',NULL,NULL,NULL),
 (533,2709,2,3,1,NULL,NULL,'3399000','0','برگشت مبلغ پرداختي بابت هزينه بليط آقاي مظلوم زاده از طرف پارک','NO',NULL,NULL,NULL),
 (532,2710,7,NULL,NULL,NULL,NULL,'0','175000','هزينه پست جهت شرکت فراگامان ','NO',NULL,NULL,NULL),
 (532,2711,7,NULL,NULL,NULL,NULL,'0','150000','هزينه آژانس به اداره ثبت طي فاکتور پيوست','NO',NULL,NULL,NULL),
 (532,2712,7,NULL,NULL,NULL,NULL,'0','165000','خريد 3شل آب معدني کوچک ','NO',NULL,NULL,NULL),
 (532,2713,7,NULL,NULL,NULL,NULL,'0','710000','خريد ملزومات اداري طي فاکتور پيوست ','NO',NULL,NULL,NULL),
 (532,2714,7,NULL,NULL,NULL,NULL,'0','405000','پرداخت قبض تلفن 38846150','NO',NULL,NULL,NULL),
 (532,2715,7,NULL,NULL,NULL,NULL,'0','137000','هزينه هاي اياب ذهاب خانم آديني ','NO',NULL,NULL,NULL),
 (532,2716,7,NULL,NULL,NULL,NULL,'0','210000','هزينه آژانس خريد ملزومات سيديان ','NO',NULL,NULL,NULL),
 (532,2717,7,NULL,NULL,NULL,NULL,'0','467000','هزينه خريد پذيرايي طي فاکتور پيوست ','NO',NULL,NULL,NULL),
 (530,2718,7,NULL,NULL,NULL,NULL,'0','175000','هزينه اياب ذهاب طي ف 10125 به محضر و بانک اقتصاد','NO',NULL,NULL,NULL),
 (527,2719,17,NULL,NULL,NULL,NULL,'0','10197000','چک 787580بانک ملي بابت بهاي بليط ماموريت تهران جلسه دفاعيه نوژن پارس ','NO',NULL,NULL,NULL),
 (525,2720,17,NULL,NULL,NULL,NULL,'20000000','0','واريز بحساب 8212اتوماسيون حسيب طي چک 302752تجارت ','NO',NULL,NULL,NULL),
 (525,2721,17,NULL,NULL,NULL,NULL,'100000000','0','واريزي شرکت حسيب به پس انداز 8212از طريق تجارت','NO',NULL,NULL,NULL),
 (525,2722,17,NULL,NULL,NULL,NULL,'0','20000000','برداشت از حساب 8212اتوماسيون حسيب طي چک 302752تجارت ','NO',NULL,NULL,NULL),
 (533,2723,17,NULL,NULL,NULL,NULL,'61715000','0','عملکرد صندوق در واريز قسط هواخورشيد از شعبه پارک ','NO',NULL,NULL,NULL),
 (538,2724,17,NULL,NULL,NULL,NULL,'0','8806367','پرداخت حق بيمه مردادماه پرسنل شعبه دانشگاه از طريق تجارت پارک ','NO',NULL,NULL,NULL),
 (538,2725,17,NULL,NULL,NULL,NULL,'0','12000000','عملکرد صندوق در پرداخت وام215 مستعلي از طي چک 302757تجارت ','NO',NULL,NULL,NULL),
 (529,2726,48,1,1187,NULL,NULL,'0','100000000',' پرداخت قسط  3 وام شماره 100','NO',NULL,NULL,NULL),
 (534,2727,48,1,1054,NULL,NULL,'0','61715000',' پرداخت قسط  9 وام شماره 135','NO',NULL,NULL,NULL),
 (528,2728,48,1,1067,NULL,NULL,'0','17340000',' پرداخت قسط  1 وام شماره 151','NO',NULL,NULL,NULL),
 (528,2729,48,1,1067,NULL,NULL,'0','17340000',' پرداخت قسط  2 وام شماره 151','NO',NULL,NULL,NULL),
 (528,2730,48,1,1067,NULL,NULL,'0','17340000',' پرداخت قسط  3 وام شماره 151','NO',NULL,NULL,NULL),
 (537,2731,52,1,1038,NULL,NULL,'0','18000000',' پرداخت قسط  9 وام شماره 138','NO',NULL,NULL,NULL),
 (536,2732,52,1,1038,NULL,NULL,'30000000','0','پرداخت وام شماره  215 محمد مستعلي ','NO',NULL,NULL,NULL),
 (540,2733,65,1,1198,NULL,NULL,'1000000','0','برداشت حساب پس انداز  -فرخ سادات کلالي','NO',NULL,NULL,NULL),
 (522,2734,65,1,1100,NULL,NULL,'20000000','0','برداشت حساب پس انداز  -شرکت اتوماسيون اداري حسيب','NO',NULL,NULL,NULL),
 (523,2735,65,1,1100,NULL,NULL,'0','20000000','واريزي حساب پس انداز  -شرکت اتوماسيون اداري حسيب','NO',NULL,NULL,NULL),
 (524,2736,65,1,1100,NULL,NULL,'0','100000000','واريزي حساب پس انداز  -شرکت اتوماسيون اداري حسيب','NO',NULL,NULL,NULL),
 (532,2737,71,NULL,NULL,NULL,NULL,'710000','0','خريد ملزومات اداري طي فاکتور پيوست ','NO',NULL,NULL,NULL),
 (532,2738,72,NULL,NULL,NULL,NULL,'150000','0','هزينه آژانس به اداره ثبت طي فاکتور پيوست','NO',NULL,NULL,NULL),
 (532,2739,72,NULL,NULL,NULL,NULL,'137000','0','هزينه هاي اياب ذهاب خانم آديني ','NO',NULL,NULL,NULL),
 (532,2740,72,NULL,NULL,NULL,NULL,'210000','0','هزينه آژانس خريد ملزومات سيديان ','NO',NULL,NULL,NULL),
 (530,2741,72,NULL,NULL,NULL,NULL,'175000','0','هزينه اياب ذهاب طي ف 10125 به محضر و بانک اقتصاد','NO',NULL,NULL,NULL),
 (532,2742,74,NULL,NULL,NULL,NULL,'165000','0','خريد 3شل آب معدني کوچک ','NO',NULL,NULL,NULL),
 (532,2743,74,NULL,NULL,NULL,NULL,'467000','0','هزينه خريد پذيرايي طي فاکتور پيوست ','NO',NULL,NULL,NULL),
 (532,2744,77,NULL,NULL,NULL,NULL,'405000','0','پرداخت قبض تلفن 38846150','NO',NULL,NULL,NULL),
 (525,2745,81,NULL,NULL,NULL,NULL,'1820000','0','چک 822303اقتصادبابت هاست و دامنه سايت جديد','NO',NULL,NULL,NULL),
 (532,2746,83,NULL,NULL,NULL,NULL,'175000','0','هزينه پست جهت شرکت فراگامان ','NO',NULL,NULL,NULL),
 (538,2747,86,NULL,NULL,NULL,NULL,'8806367','0','پرداخت حق بيمه مردادماه پرسنل شعبه دانشگاه از طريق تجارت پارک ','NO',NULL,NULL,NULL),
 (526,2748,104,NULL,NULL,NULL,NULL,'1','0','چک به شماره 810650 صادره از بانک تجارت دانشگاه فردوسي به نام مرتضي شريف زاده به مبلغ  35400000 ريال ','NO',NULL,NULL,NULL),
 (526,2749,104,NULL,NULL,NULL,NULL,'1','0','چک به شماره 537357 صادره از بانک سفته به نام مرتضي شريف زاده به مبلغ  50000000 ريال ','NO',NULL,NULL,NULL),
 (539,2750,104,NULL,NULL,NULL,NULL,'1','0','چک به شماره 788014 صادره از بانک تجارت سيادتي به نام محمد مستعلي  به مبلغ  36000000 ريال ','NO',NULL,NULL,NULL),
 (526,2751,105,NULL,NULL,NULL,NULL,'35400000','0','چک به شماره 810650 صادره از بانک تجارت دانشگاه فردوسي به نام مرتضي شريف زاده به مبلغ  35400000 ريال ','NO',NULL,NULL,NULL),
 (526,2752,105,NULL,NULL,NULL,NULL,'50000000','0','چک به شماره 537357 صادره از بانک سفته به نام مرتضي شريف زاده به مبلغ  50000000 ريال ','NO',NULL,NULL,NULL),
 (539,2753,105,NULL,NULL,NULL,NULL,'36000000','0','چک به شماره 788014 صادره از بانک تجارت سيادتي به نام محمد مستعلي  به مبلغ  36000000 ريال ','NO',NULL,NULL,NULL),
 (535,2754,106,NULL,NULL,NULL,NULL,'1','0','چک به شماره 983249 صادره از بانک ملي-مرکزي به مبلغ  70697226 ريال ','NO',NULL,NULL,NULL),
 (535,2755,106,NULL,NULL,NULL,NULL,'1','0','چک به شماره 983250 صادره از بانک ملي-مرکزي به مبلغ  65000000 ريال ','NO',NULL,NULL,NULL),
 (535,2756,107,NULL,NULL,NULL,NULL,'70697226','0','چک به شماره 983249 صادره از بانک ملي-مرکزي به مبلغ  70697226 ريال ','NO',NULL,NULL,NULL),
 (535,2757,107,NULL,NULL,NULL,NULL,'65000000','0','چک به شماره 983250 صادره از بانک ملي-مرکزي به مبلغ  65000000 ريال ','NO',NULL,NULL,NULL),
 (526,2758,109,NULL,NULL,NULL,NULL,'0','2','بابت دريافت 2 فقره چک به مبلغ کل  85400000 بابت وام  مرتضي شريف زاده','NO',NULL,NULL,NULL),
 (539,2759,109,NULL,NULL,NULL,NULL,'0','1','بابت دريافت 1 فقره چک به مبلغ کل  36000000 بابت وام  محمد مستعلي ','NO',NULL,NULL,NULL),
 (526,2760,110,NULL,NULL,NULL,NULL,'0','85400000','بابت دريافت 2 فقره چک به مبلغ کل  85400000 بابت وام  مرتضي شريف زاده','NO',NULL,NULL,NULL),
 (539,2761,110,NULL,NULL,NULL,NULL,'0','36000000','بابت دريافت 1 فقره چک به مبلغ کل  36000000 بابت وام  محمد مستعلي ','NO',NULL,NULL,NULL),
 (535,2762,111,NULL,NULL,NULL,NULL,'0','2','بابت دريافت 2 فقره چک به مبلغ کل  135697226','NO',NULL,NULL,NULL),
 (535,2763,112,NULL,NULL,NULL,NULL,'0','135697226','بابت دريافت 2 فقره چک به مبلغ کل  135697226','NO',NULL,NULL,NULL),
 (531,2764,125,1,1065,1,1002,'0','3410000',' پرداخت قسط  6 وام شماره 149','NO',NULL,NULL,NULL),
 (531,2765,125,1,1065,1,1002,'0','3410000',' پرداخت قسط  7 وام شماره 149','NO',NULL,NULL,NULL),
 (521,2766,128,2,4,NULL,NULL,'0','1244845','کارمزد سود دوره اي اقساط وام 214 مرتضي شريف زاده','NO',NULL,NULL,NULL),
 (527,2767,152,NULL,NULL,NULL,NULL,'10197000','0','چک 787580بانک ملي بابت بهاي بليط ماموريت تهران جلسه دفاعيه نوژن پارس ','NO',NULL,NULL,NULL),
 (527,2768,152,NULL,NULL,NULL,NULL,'5500000','0','چک 822302اقتصادبابت بهاي بليط ماموريت تهران جلسه دفاعيه ادمان آفرين ','NO',NULL,NULL,NULL),
 (533,2769,152,NULL,NULL,NULL,NULL,'0','3399000','برگشت مبلغ پرداختي بابت هزينه بليط آقاي مظلوم زاده از طرف پارک','NO',NULL,NULL,NULL),
 (480,2770,1,NULL,NULL,NULL,NULL,'0','2000000','پرداخت علي الحساب به آقاي اسماعيل زاده کارگزار ثبت ','NO',NULL,NULL,NULL),
 (541,2771,1,NULL,NULL,NULL,NULL,'0','6820000','واريز قسط 6و 7 وام 148 شرکت داده کاوي پرهون به سپرده','NO',NULL,NULL,NULL),
 (541,2772,1,NULL,NULL,NULL,NULL,'0','5780000','واريز قسط 8 وام 137شرکت تجهيزگستر پاژ به سپرده','NO',NULL,NULL,NULL),
 (541,2773,1,NULL,NULL,NULL,NULL,'0','4538000','واريز قسط2وام 186شرکت پيشتاز نانو به سپرده','NO',NULL,NULL,NULL),
 (541,2774,1,NULL,NULL,NULL,NULL,'0','2500000','واريز قسط12 وام 130شرکت سنگ آب به سپرده','NO',NULL,NULL,NULL),
 (541,2775,1,NULL,NULL,NULL,NULL,'0','3410000','واريز قسط4 وام 161 اميد صفري به سپرده','NO',NULL,NULL,NULL),
 (541,2776,1,NULL,NULL,NULL,NULL,'0','5000000','واريز قسط11 وام 121 شهرام قادري به سپرده','NO',NULL,NULL,NULL),
 (541,2777,1,NULL,NULL,NULL,NULL,'0','6820000','واريز قسط6 وام 149شرکت فراانديشان رشد به سپرده','NO',NULL,NULL,NULL),
 (542,2778,1,NULL,NULL,NULL,NULL,'6820000','0',' واريز به سپرده کوتاه مدت شماره 1 دانشگاه فردوسي مشهد','NO',NULL,NULL,NULL),
 (543,2779,1,NULL,NULL,NULL,NULL,'5780000','0',' واريز به سپرده کوتاه مدت شماره 1 دانشگاه فردوسي مشهد','NO',NULL,NULL,NULL),
 (544,2780,1,NULL,NULL,NULL,NULL,'4538000','0',' واريز به سپرده کوتاه مدت شماره 1 دانشگاه فردوسي مشهد','NO',NULL,NULL,NULL),
 (545,2781,1,NULL,NULL,NULL,NULL,'2500000','0',' واريز به سپرده کوتاه مدت شماره 1 دانشگاه فردوسي مشهد','NO',NULL,NULL,NULL),
 (546,2782,1,NULL,NULL,NULL,NULL,'3410000','0',' واريز به سپرده کوتاه مدت شماره 1 دانشگاه فردوسي مشهد','NO',NULL,NULL,NULL),
 (547,2783,1,NULL,NULL,NULL,NULL,'5000000','0',' واريز به سپرده کوتاه مدت شماره 1 دانشگاه فردوسي مشهد','NO',NULL,NULL,NULL),
 (548,2784,1,NULL,NULL,NULL,NULL,'6820000','0',' واريز به سپرده کوتاه مدت شماره 1 دانشگاه فردوسي مشهد','NO',NULL,NULL,NULL),
 (550,2785,1,NULL,NULL,NULL,NULL,'0','100000','برداشت حساب پس انداز  -عاطفه رشيدي زاده ','NO',NULL,NULL,NULL),
 (553,2786,1,NULL,NULL,NULL,NULL,'21140000','0','دريافت اقساط','NO',NULL,NULL,NULL),
 (556,2787,1,NULL,NULL,NULL,NULL,'3400000','0','دريافت اقساط','NO',NULL,NULL,NULL),
 (549,2788,2,3,1,NULL,NULL,'100000','0','واريزي حساب پس انداز  -عاطفه رشيدي زاده ','NO',NULL,NULL,NULL),
 (551,2789,2,3,1,NULL,NULL,'0','20000000','پرداخت وام شماره  216 عليرضا حداد طوسي  به شماره چک 822304','NO',NULL,NULL,NULL),
 (554,2790,2,3,1,NULL,NULL,'2900000','0','دريافت اقساط','NO',NULL,NULL,NULL),
 (557,2791,9,NULL,NULL,NULL,NULL,'740000','0','خريد کيبوردو موس وايرلس xpw4900','NO',NULL,NULL,NULL),
 (554,2792,46,1,1137,NULL,NULL,'0','1500000',' پرداخت قسط  19 وام شماره 17','NO',NULL,NULL,NULL),
 (553,2793,46,1,1052,NULL,NULL,'0','10570000',' پرداخت قسط  5 وام شماره 177','NO',NULL,NULL,NULL),
 (553,2794,46,1,1052,NULL,NULL,'0','10570000',' پرداخت قسط  6 وام شماره 177','NO',NULL,NULL,NULL),
 (554,2795,46,1,1005,NULL,NULL,'0','1400000',' پرداخت قسط  17 وام شماره 73','NO',NULL,NULL,NULL),
 (551,2796,47,1,1115,NULL,NULL,'20545796','0','پرداخت وام شماره  216 عليرضا حداد طوسي  به شماره چک 822304','NO',NULL,NULL,NULL),
 (549,2797,65,NULL,NULL,NULL,NULL,'0','100000','واريزي حساب پس انداز  -عاطفه رشيدي زاده ','NO',NULL,NULL,NULL),
 (550,2798,65,NULL,NULL,NULL,NULL,'100000','0','برداشت حساب پس انداز  -عاطفه رشيدي زاده ','NO',NULL,NULL,NULL),
 (542,2799,66,1,1002,NULL,NULL,'0','6820000',' واريز به سپرده کوتاه مدت شماره 1 دانشگاه فردوسي مشهد','NO',NULL,NULL,NULL),
 (543,2800,66,1,1002,NULL,NULL,'0','5780000',' واريز به سپرده کوتاه مدت شماره 1 دانشگاه فردوسي مشهد','NO',NULL,NULL,NULL),
 (544,2801,66,1,1002,NULL,NULL,'0','4538000',' واريز به سپرده کوتاه مدت شماره 1 دانشگاه فردوسي مشهد','NO',NULL,NULL,NULL),
 (545,2802,66,1,1002,NULL,NULL,'0','2500000',' واريز به سپرده کوتاه مدت شماره 1 دانشگاه فردوسي مشهد','NO',NULL,NULL,NULL),
 (546,2803,66,1,1002,NULL,NULL,'0','3410000',' واريز به سپرده کوتاه مدت شماره 1 دانشگاه فردوسي مشهد','NO',NULL,NULL,NULL),
 (547,2804,66,1,1002,NULL,NULL,'0','5000000',' واريز به سپرده کوتاه مدت شماره 1 دانشگاه فردوسي مشهد','NO',NULL,NULL,NULL),
 (548,2805,66,1,1002,NULL,NULL,'0','6820000',' واريز به سپرده کوتاه مدت شماره 1 دانشگاه فردوسي مشهد','NO',NULL,NULL,NULL),
 (557,2806,71,NULL,NULL,NULL,NULL,'15000','0','هزينه خريد جوهر استامپ ','NO',NULL,NULL,NULL),
 (557,2807,71,NULL,NULL,NULL,NULL,'630000','0','هزينه خريد ملزومات اداري ','NO',NULL,NULL,NULL),
 (557,2808,72,NULL,NULL,NULL,NULL,'85000','0','هزينه آژانس به بانک اقتصادطي ف 2231','NO',NULL,NULL,NULL),
 (557,2809,72,NULL,NULL,NULL,NULL,'85000','0','هزينه آژانس به اداره ثبت طي ف 2264','NO',NULL,NULL,NULL),
 (557,2810,72,NULL,NULL,NULL,NULL,'155000','0','هزينه آژانس به اداره ثبت طي ف 2241','NO',NULL,NULL,NULL),
 (557,2811,72,NULL,NULL,NULL,NULL,'180000','0','هزينه آژانس به اداره ثبت طي ف 1042','NO',NULL,NULL,NULL),
 (557,2812,72,NULL,NULL,NULL,NULL,'120000','0','هزينه آژانس به دانشگاه آزاد','NO',NULL,NULL,NULL),
 (557,2813,72,NULL,NULL,NULL,NULL,'120000','0','هزينه هاي اياب ذهاب خانم آديني ','NO',NULL,NULL,NULL),
 (557,2814,72,NULL,NULL,NULL,NULL,'70000','0','هزينه آژانس به جهانباني ','NO',NULL,NULL,NULL),
 (557,2815,72,NULL,NULL,NULL,NULL,'80000','0','هزينه آژانس طي ف 1648','NO',NULL,NULL,NULL),
 (557,2816,72,NULL,NULL,NULL,NULL,'120000','0','هزينه آژانس به پست ','NO',NULL,NULL,NULL),
 (557,2817,72,NULL,NULL,NULL,NULL,'150000','0','هزينه آژانس طي ف 9086','NO',NULL,NULL,NULL),
 (557,2818,72,NULL,NULL,NULL,NULL,'210000','0','هزينه آژانس ','NO',NULL,NULL,NULL),
 (557,2819,72,NULL,NULL,NULL,NULL,'120000','0','هزينه آژانس طي ف 3098','NO',NULL,NULL,NULL),
 (557,2820,72,NULL,NULL,NULL,NULL,'180000','0','هزينه آژانس به اداره اسناد مرکزي دارايي','NO',NULL,NULL,NULL),
 (557,2821,72,NULL,NULL,NULL,NULL,'175000','0','هزينه آژانس طي ف 2271','NO',NULL,NULL,NULL),
 (557,2822,72,NULL,NULL,NULL,NULL,'85000','0','هزينه آژانس به اداره ثبت طي ف 2253','NO',NULL,NULL,NULL),
 (557,2823,72,NULL,NULL,NULL,NULL,'160000','0','هزينه آژانس  طي ف 1841','NO',NULL,NULL,NULL),
 (557,2824,72,NULL,NULL,NULL,NULL,'120000','0','هزينه آژانس طي ف 155655','NO',NULL,NULL,NULL),
 (557,2825,72,NULL,NULL,NULL,NULL,'64000','0','هزينه اياب ذهاب اداره ثبت به دانشگاه ','NO',NULL,NULL,NULL),
 (557,2826,72,NULL,NULL,NULL,NULL,'95000','0','هزينه آژانس به اداره ثبت ','NO',NULL,NULL,NULL),
 (557,2827,72,NULL,NULL,NULL,NULL,'175000','0','هزينه آژانس به اداره پست و سپس به پارک ','NO',NULL,NULL,NULL),
 (557,2828,72,NULL,NULL,NULL,NULL,'128000','0','هزينه اياب ذهاب به خ راهنمايي و برگشت ','NO',NULL,NULL,NULL),
 (557,2829,72,NULL,NULL,NULL,NULL,'75000','0','هزينه آژانس به سنابادطي ف 1585','NO',NULL,NULL,NULL),
 (557,2830,72,NULL,NULL,NULL,NULL,'90000','0','هزينه برگشت از شرکت نوژن ','NO',NULL,NULL,NULL),
 (557,2831,72,NULL,NULL,NULL,NULL,'135000','0','هزينه آژانس به خ راهنمايي طي ف 1561','NO',NULL,NULL,NULL),
 (557,2832,72,NULL,NULL,NULL,NULL,'165000','0','هزينه آژانس طي ف 1628','NO',NULL,NULL,NULL),
 (557,2833,72,NULL,NULL,NULL,NULL,'70000','0','هزينه آژانس به پست طي ف 1574','NO',NULL,NULL,NULL),
 (557,2834,73,NULL,NULL,NULL,NULL,'100000','0','هزينه خريد دستمال آشپزخانه ','NO',NULL,NULL,NULL),
 (557,2835,74,NULL,NULL,NULL,NULL,'345000','0','هزينه غذاي ميهمان هاي آقاي مروي ','NO',NULL,NULL,NULL),
 (557,2836,74,NULL,NULL,NULL,NULL,'440000','0','هزينه خريد استکان جهت پذيرايي','NO',NULL,NULL,NULL),
 (557,2837,74,NULL,NULL,NULL,NULL,'36000','0','هزينه خريد پذيرايي نبات طي ف 48291','NO',NULL,NULL,NULL),
 (557,2838,74,NULL,NULL,NULL,NULL,'254910','0','هزينه خريد ميوه جلسه طي ف 40','NO',NULL,NULL,NULL),
 (557,2839,74,NULL,NULL,NULL,NULL,'110000','0','هزينه خريد دوشل آب معدني ','NO',NULL,NULL,NULL),
 (557,2840,74,NULL,NULL,NULL,NULL,'458000','0','هزينه خريد پذيرايي شعبه ','NO',NULL,NULL,NULL),
 (557,2841,74,NULL,NULL,NULL,NULL,'20000','0','هزينه خريد نان صبحانه ','NO',NULL,NULL,NULL),
 (557,2842,74,NULL,NULL,NULL,NULL,'115000','0','هزينه خريد پنيرو گردو صبحانه جلسه ','NO',NULL,NULL,NULL),
 (557,2843,74,NULL,NULL,NULL,NULL,'434000','0','هزينه خريد ميوه جلسات ','NO',NULL,NULL,NULL),
 (557,2844,74,NULL,NULL,NULL,NULL,'70000','0','هزينه خريد نان و خياروگوجه فرنگي جهت صبحانه ','NO',NULL,NULL,NULL),
 (557,2845,74,NULL,NULL,NULL,NULL,'126000','0','هزينه خريد پنير بابت پذيرايي ','NO',NULL,NULL,NULL),
 (557,2846,77,NULL,NULL,NULL,NULL,'1256000','0','پرداخت قبوض تلفن 38837393و 38846150و 38837392','NO',NULL,NULL,NULL),
 (557,2847,78,NULL,NULL,NULL,NULL,'100000','0','خريد شارژ ايرانسل ','NO',NULL,NULL,NULL),
 (557,2848,78,NULL,NULL,NULL,NULL,'50000','0','هزينه خريد شارژ ايرانسل','NO',NULL,NULL,NULL),
 (557,2849,79,NULL,NULL,NULL,NULL,'400000','0','هزينه شارژ کارتريج ','NO',NULL,NULL,NULL),
 (541,2850,88,1,1002,NULL,NULL,'6820000','0','واريز قسط 6و 7 وام 148 شرکت داده کاوي پرهون به سپرده','NO',NULL,NULL,NULL),
 (541,2851,88,1,1002,NULL,NULL,'5780000','0','واريز قسط 8 وام 137شرکت تجهيزگستر پاژ به سپرده','NO',NULL,NULL,NULL),
 (541,2852,88,1,1002,NULL,NULL,'4538000','0','واريز قسط2وام 186شرکت پيشتاز نانو به سپرده','NO',NULL,NULL,NULL),
 (541,2853,88,1,1002,NULL,NULL,'2500000','0','واريز قسط12 وام 130شرکت سنگ آب به سپرده','NO',NULL,NULL,NULL),
 (541,2854,88,1,1002,NULL,NULL,'3410000','0','واريز قسط4 وام 161 اميد صفري به سپرده','NO',NULL,NULL,NULL),
 (541,2855,88,1,1002,NULL,NULL,'5000000','0','واريز قسط11 وام 121 شهرام قادري به سپرده','NO',NULL,NULL,NULL),
 (541,2856,88,1,1002,NULL,NULL,'6820000','0','واريز قسط6 وام 149شرکت فراانديشان رشد به سپرده','NO',NULL,NULL,NULL),
 (552,2857,104,NULL,NULL,NULL,NULL,'1','0','چک به شماره 807361 صادره از بانک ملي پرديس به نام عليرضا حداد طوسي  به مبلغ  24000000 ريال ','NO',NULL,NULL,NULL),
 (552,2858,104,NULL,NULL,NULL,NULL,'1','0','چک به شماره 296054 صادره از بانک ملي پرديس به نام عليرضا حداد طوسي  به مبلغ  24000000 ريال ','NO',NULL,NULL,NULL),
 (552,2859,105,NULL,NULL,NULL,NULL,'24000000','0','چک به شماره 807361 صادره از بانک ملي پرديس به نام عليرضا حداد طوسي  به مبلغ  24000000 ريال ','NO',NULL,NULL,NULL),
 (552,2860,105,NULL,NULL,NULL,NULL,'24000000','0','چک به شماره 296054 صادره از بانک ملي پرديس به نام عليرضا حداد طوسي  به مبلغ  24000000 ريال ','NO',NULL,NULL,NULL),
 (552,2861,109,NULL,NULL,NULL,NULL,'0','2','بابت دريافت 2 فقره چک به مبلغ کل  48000000 بابت وام  عليرضا حداد طوسي ','NO',NULL,NULL,NULL),
 (552,2862,110,NULL,NULL,NULL,NULL,'0','48000000','بابت دريافت 2 فقره چک به مبلغ کل  48000000 بابت وام  عليرضا حداد طوسي ','NO',NULL,NULL,NULL),
 (556,2863,125,1,1085,1,1002,'0','3400000',' پرداخت قسط  3 وام شماره 172','NO',NULL,NULL,NULL),
 (551,2864,130,2,4,NULL,NULL,'0','545796','کارمزد سود دوره اي اقساط وام 216 عليرضا حداد طوسي ','NO',NULL,NULL,NULL),
 (480,2865,152,NULL,NULL,NULL,NULL,'2000000','0','پرداخت علي الحساب به آقاي اسماعيل زاده کارگزار ثبت ','NO',NULL,NULL,NULL),
 (557,2866,1,NULL,NULL,NULL,NULL,'0','93890','هزينه پست به دکتر شاهوردي صندوق نوآوري ','NO',NULL,NULL,NULL),
 (557,2867,1,NULL,NULL,NULL,NULL,'0','70000','هزينه آژانس به پست طي ف 1574','NO',NULL,NULL,NULL),
 (557,2868,1,NULL,NULL,NULL,NULL,'0','120000','هزينه هاي اياب ذهاب خانم آديني ','NO',NULL,NULL,NULL),
 (557,2869,1,NULL,NULL,NULL,NULL,'0','50000','هزينه خريد شارژ ايرانسل','NO',NULL,NULL,NULL),
 (557,2870,1,NULL,NULL,NULL,NULL,'0','740000','خريد کيبوردو موس وايرلس xpw4900','NO',NULL,NULL,NULL),
 (557,2871,1,NULL,NULL,NULL,NULL,'0','85000','هزينه آژانس به بانک اقتصادطي ف 2231','NO',NULL,NULL,NULL),
 (557,2872,1,NULL,NULL,NULL,NULL,'0','120000','هزينه آژانس به دانشگاه آزاد','NO',NULL,NULL,NULL),
 (557,2873,1,NULL,NULL,NULL,NULL,'0','110000','هزينه خريد دوشل آب معدني ','NO',NULL,NULL,NULL),
 (557,2874,1,NULL,NULL,NULL,NULL,'0','400000','هزينه شارژ کارتريج ','NO',NULL,NULL,NULL),
 (557,2875,1,NULL,NULL,NULL,NULL,'0','254910','هزينه خريد ميوه جلسه طي ف 40','NO',NULL,NULL,NULL),
 (557,2876,1,NULL,NULL,NULL,NULL,'0','155000','هزينه آژانس به اداره ثبت طي ف 2241','NO',NULL,NULL,NULL),
 (557,2877,1,NULL,NULL,NULL,NULL,'0','85000','هزينه آژانس به اداره ثبت طي ف 2264','NO',NULL,NULL,NULL),
 (557,2878,1,NULL,NULL,NULL,NULL,'0','630000','هزينه خريد ملزومات اداري ','NO',NULL,NULL,NULL),
 (557,2879,1,NULL,NULL,NULL,NULL,'0','440000','هزينه خريد استکان جهت پذيرايي','NO',NULL,NULL,NULL),
 (557,2880,1,NULL,NULL,NULL,NULL,'0','36000','هزينه خريد پذيرايي نبات طي ف 48291','NO',NULL,NULL,NULL),
 (557,2881,1,NULL,NULL,NULL,NULL,'0','100000','هزينه خريد دستمال آشپزخانه ','NO',NULL,NULL,NULL),
 (557,2882,1,NULL,NULL,NULL,NULL,'0','120000','هزينه آژانس به پست ','NO',NULL,NULL,NULL),
 (557,2883,1,NULL,NULL,NULL,NULL,'0','210000','هزينه آژانس ','NO',NULL,NULL,NULL),
 (557,2884,1,NULL,NULL,NULL,NULL,'0','100000','خريد شارژ ايرانسل ','NO',NULL,NULL,NULL),
 (557,2885,1,NULL,NULL,NULL,NULL,'0','120000','هزينه آژانس طي ف 3098','NO',NULL,NULL,NULL),
 (557,2886,1,NULL,NULL,NULL,NULL,'0','80000','هزينه آژانس طي ف 1648','NO',NULL,NULL,NULL),
 (557,2887,1,NULL,NULL,NULL,NULL,'0','71000','هزينه پست ثبت شرکت ها ','NO',NULL,NULL,NULL),
 (557,2888,1,NULL,NULL,NULL,NULL,'0','150000','هزينه آژانس طي ف 9086','NO',NULL,NULL,NULL),
 (557,2889,1,NULL,NULL,NULL,NULL,'0','70000','هزينه آژانس به جهانباني ','NO',NULL,NULL,NULL),
 (557,2890,1,NULL,NULL,NULL,NULL,'0','160000','هزينه آژانس  طي ف 1841','NO',NULL,NULL,NULL),
 (557,2891,1,NULL,NULL,NULL,NULL,'0','85000','هزينه آژانس به اداره ثبت طي ف 2253','NO',NULL,NULL,NULL),
 (557,2892,1,NULL,NULL,NULL,NULL,'0','175000','هزينه آژانس طي ف 2271','NO',NULL,NULL,NULL),
 (557,2893,1,NULL,NULL,NULL,NULL,'0','115000','هزينه خريد پنيرو گردو صبحانه جلسه ','NO',NULL,NULL,NULL),
 (557,2894,1,NULL,NULL,NULL,NULL,'0','20000','هزينه خريد نان صبحانه ','NO',NULL,NULL,NULL),
 (557,2895,1,NULL,NULL,NULL,NULL,'0','345000','هزينه غذاي ميهمان هاي آقاي مروي ','NO',NULL,NULL,NULL),
 (557,2896,1,NULL,NULL,NULL,NULL,'0','180000','هزينه آژانس به اداره اسناد مرکزي دارايي','NO',NULL,NULL,NULL),
 (557,2897,1,NULL,NULL,NULL,NULL,'0','59595','هزينه پست به ناحيه يک ','NO',NULL,NULL,NULL),
 (557,2898,1,NULL,NULL,NULL,NULL,'0','128000','هزينه اياب ذهاب به خ راهنمايي و برگشت ','NO',NULL,NULL,NULL),
 (557,2899,1,NULL,NULL,NULL,NULL,'0','458000','هزينه خريد پذيرايي شعبه ','NO',NULL,NULL,NULL),
 (557,2900,1,NULL,NULL,NULL,NULL,'0','200750','هزينه پست به صندوق نوآوري شکوفايي','NO',NULL,NULL,NULL),
 (557,2901,1,NULL,NULL,NULL,NULL,'0','175000','هزينه آژانس به اداره پست و سپس به پارک ','NO',NULL,NULL,NULL),
 (557,2902,1,NULL,NULL,NULL,NULL,'0','95000','هزينه آژانس به اداره ثبت ','NO',NULL,NULL,NULL),
 (557,2903,1,NULL,NULL,NULL,NULL,'0','64000','هزينه اياب ذهاب اداره ثبت به دانشگاه ','NO',NULL,NULL,NULL),
 (557,2904,1,NULL,NULL,NULL,NULL,'0','120000','هزينه آژانس طي ف 155655','NO',NULL,NULL,NULL),
 (557,2905,1,NULL,NULL,NULL,NULL,'0','15000','هزينه خريد جوهر استامپ ','NO',NULL,NULL,NULL),
 (557,2906,1,NULL,NULL,NULL,NULL,'0','126000','هزينه خريد پنير بابت پذيرايي ','NO',NULL,NULL,NULL),
 (557,2907,1,NULL,NULL,NULL,NULL,'0','70000','هزينه خريد نان و خياروگوجه فرنگي جهت صبحانه ','NO',NULL,NULL,NULL),
 (557,2908,1,NULL,NULL,NULL,NULL,'0','1256000','پرداخت قبوض تلفن 38837393و 38846150و 38837392','NO',NULL,NULL,NULL),
 (557,2909,1,NULL,NULL,NULL,NULL,'0','90000','هزينه برگشت از شرکت نوژن ','NO',NULL,NULL,NULL),
 (557,2910,1,NULL,NULL,NULL,NULL,'0','75000','هزينه آژانس به سنابادطي ف 1585','NO',NULL,NULL,NULL),
 (557,2911,1,NULL,NULL,NULL,NULL,'0','135000','هزينه آژانس به خ راهنمايي طي ف 1561','NO',NULL,NULL,NULL),
 (557,2912,1,NULL,NULL,NULL,NULL,'0','434000','هزينه خريد ميوه جلسات ','NO',NULL,NULL,NULL),
 (557,2913,1,NULL,NULL,NULL,NULL,'0','165000','هزينه آژانس طي ف 1628','NO',NULL,NULL,NULL),
 (557,2914,1,NULL,NULL,NULL,NULL,'0','180000','هزينه آژانس به اداره ثبت طي ف 1042','NO',NULL,NULL,NULL),
 (557,2915,1,NULL,NULL,NULL,NULL,'0','233450','هزينه پست به صندوق نوآوري شکوفايي','NO',NULL,NULL,NULL),
 (558,2916,1,NULL,NULL,NULL,NULL,'3400000','0',' واريز به سپرده کوتاه مدت شماره 1 دانشگاه فردوسي مشهد','NO',NULL,NULL,NULL),
 (559,2917,1,NULL,NULL,NULL,NULL,'18000000','0','واريزي حساب پس انداز  -هاشم مهذب','NO',NULL,NULL,NULL),
 (560,2918,1,NULL,NULL,NULL,NULL,'2000000','0','واريزي حساب پس انداز  -هاشم مهذب','NO',NULL,NULL,NULL),
 (561,2919,1,NULL,NULL,NULL,NULL,'0','30000000','برداشت حساب پس انداز  -هاشم مهذب','NO',NULL,NULL,NULL),
 (555,2920,1,NULL,NULL,NULL,NULL,'0','3400000','عملکرد صندوق در واريز قسط 3وام 172شرکت بسپار پايش پارس','NO',NULL,NULL,NULL),
 (555,2921,1,NULL,NULL,NULL,NULL,'0','18000000','تسويه حساب محمد مستعلي وام خيرين','NO',NULL,NULL,NULL),
 (555,2922,1,NULL,NULL,NULL,NULL,'0','2000000','واريز قسط حسين شفاعي وام خيرين ','NO',NULL,NULL,NULL),
 (555,2923,1,NULL,NULL,NULL,NULL,'30000000','0','عملکرد صندوق در پرداخت وام محمد مستعلي ','NO',NULL,NULL,NULL),
 (555,2924,2,3,1,NULL,NULL,'3000000','0','چک تجارت 252955کسرحقوق مريدي بابت وام پارک ','NO',NULL,NULL,NULL),
 (555,2925,2,3,1,NULL,NULL,'4282','0','واريز سود علي الحساب بانک اقتصاد نوين مردادماه94','NO',NULL,NULL,NULL),
 (555,2926,17,NULL,NULL,NULL,NULL,'0','3000000','چک تجارت 252955کسرحقوق مريدي بابت وام پارک ','NO',NULL,NULL,NULL),
 (562,2927,19,NULL,NULL,NULL,NULL,'34630376','0','جمع واريز سود مردادماه 94','NO',NULL,NULL,NULL),
 (559,2928,65,1,1234,NULL,NULL,'0','18000000','واريزي حساب پس انداز  -هاشم مهذب','NO',NULL,NULL,NULL),
 (560,2929,65,1,1234,NULL,NULL,'0','2000000','واريزي حساب پس انداز  -هاشم مهذب','NO',NULL,NULL,NULL),
 (561,2930,65,1,1234,NULL,NULL,'30000000','0','برداشت حساب پس انداز  -هاشم مهذب','NO',NULL,NULL,NULL),
 (562,2931,65,1,1002,NULL,NULL,'0','34235324','واريز سود مردادماه 94','NO',NULL,NULL,NULL),
 (562,2932,65,1,1204,NULL,NULL,'0','395052','واريز سود مردادماه 94','NO',NULL,NULL,NULL),
 (558,2933,66,1,1002,NULL,NULL,'0','3400000',' واريز به سپرده کوتاه مدت شماره 1 دانشگاه فردوسي مشهد','NO',NULL,NULL,NULL),
 (557,2934,83,NULL,NULL,NULL,NULL,'71000','0','هزينه پست ثبت شرکت ها ','NO',NULL,NULL,NULL),
 (557,2935,83,NULL,NULL,NULL,NULL,'233450','0','هزينه پست به صندوق نوآوري شکوفايي','NO',NULL,NULL,NULL),
 (557,2936,83,NULL,NULL,NULL,NULL,'200750','0','هزينه پست به صندوق نوآوري شکوفايي','NO',NULL,NULL,NULL),
 (557,2937,83,NULL,NULL,NULL,NULL,'59595','0','هزينه پست به ناحيه يک ','NO',NULL,NULL,NULL),
 (557,2938,83,NULL,NULL,NULL,NULL,'93890','0','هزينه پست به دکتر شاهوردي صندوق نوآوري ','NO',NULL,NULL,NULL),
 (555,2939,88,NULL,NULL,NULL,NULL,'18000000','0','تسويه حساب محمد مستعلي وام خيرين','NO',NULL,NULL,NULL),
 (555,2940,88,NULL,NULL,NULL,NULL,'2000000','0','واريز قسط حسين شفاعي وام خيرين ','NO',NULL,NULL,NULL),
 (555,2941,88,NULL,NULL,NULL,NULL,'0','30000000','عملکرد صندوق در پرداخت وام محمد مستعلي ','NO',NULL,NULL,NULL),
 (555,2942,88,1,1002,NULL,NULL,'3400000','0','عملکرد صندوق در واريز قسط 3وام 172شرکت بسپار پايش پارس','NO',NULL,NULL,NULL),
 (555,2943,96,2,4,NULL,NULL,'0','4282','واريز سود علي الحساب بانک اقتصاد نوين مردادماه94','NO',NULL,NULL,NULL),
 (563,2944,1,NULL,NULL,NULL,NULL,'0','100000000','برداشت حساب پس انداز  -شرکت اتوماسيون اداري حسيب','NO',NULL,NULL,NULL),
 (565,2945,1,NULL,NULL,NULL,NULL,'4288000','0','دريافت اقساط','NO',NULL,NULL,NULL),
 (564,2946,1,NULL,NULL,NULL,NULL,'100000000','0','برداشت از پس انداز 8212اتوماسيون حسيب طي چک 302772تجارت ','NO',NULL,NULL,NULL),
 (567,2947,1,NULL,NULL,NULL,NULL,'1','0','دريافت اقساط','NO',NULL,NULL,NULL),
 (569,2948,1,NULL,NULL,NULL,NULL,'450360000','0',' واريز به سپرده کوتاه مدت شماره 2 سود سپرده مهدوي و ابراهيمي','NO',NULL,NULL,NULL),
 (570,2949,1,NULL,NULL,NULL,NULL,'0','33517500',' برداشت از سپرده کوتاه مدت شماره 2 سود سپرده مهدوي و ابراهيمي','NO',NULL,NULL,NULL),
 (568,2950,1,NULL,NULL,NULL,NULL,'0','6076593','تفاوت حقوق فروردين و عيدي 5 ماهه خانم آديني ','NO',NULL,NULL,NULL),
 (568,2951,1,NULL,NULL,NULL,NULL,'0','450360000','وصول چک 495897بانک سپه آقاي دکتر ابراهيمي در بانک تجارت ','NO',NULL,NULL,NULL),
 (568,2952,1,NULL,NULL,NULL,NULL,'33517500','0','برداشت از سپرده دکتر ابراهيمي جهت واريز به حساب شرکت نولان','NO',NULL,NULL,NULL),
 (572,2953,1,NULL,NULL,NULL,NULL,'1755000','0','دريافت اقساط','NO',NULL,NULL,NULL),
 (573,2954,1,NULL,NULL,NULL,NULL,'9975689','0','واريزي حساب پس انداز  -هادي مسرور','NO',NULL,NULL,NULL),
 (574,2955,1,NULL,NULL,NULL,NULL,'8854882','0','واريزي حساب پس انداز  -عاطفه رشيدي زاده ','NO',NULL,NULL,NULL),
 (575,2956,1,NULL,NULL,NULL,NULL,'8163759','0','واريزي حساب پس انداز  -آذر آديني','NO',NULL,NULL,NULL),
 (576,2957,1,NULL,NULL,NULL,NULL,'0','8000000','برداشت حساب پس انداز  -آذر آديني','NO',NULL,NULL,NULL),
 (577,2958,1,NULL,NULL,NULL,NULL,'0','221991000',' برداشت از سپرده کوتاه مدت شماره 2 سود سپرده مهدوي و ابراهيمي','NO',NULL,NULL,NULL),
 (578,2959,1,NULL,NULL,NULL,NULL,'221991000','0','عملکرد صندوق در برداشت از سپرده دکتر ابراهيمي طي چک 302781تجارت در وجه اميرحسين تنباکوچي ','NO',NULL,NULL,NULL),
 (578,2960,1,NULL,NULL,NULL,NULL,'51417830','0','وصول چک 302783بانک تجارت بابت حقوق مردادماه ','NO',NULL,NULL,NULL),
 (579,2961,1,NULL,NULL,NULL,NULL,'0','9975689','برداشت حساب پس انداز  -هادي مسرور','NO',NULL,NULL,NULL),
 (580,2962,1,NULL,NULL,NULL,NULL,'0','8854882','برداشت حساب پس انداز  -عاطفه رشيدي زاده ','NO',NULL,NULL,NULL),
 (571,2963,1,NULL,NULL,NULL,NULL,'0','51417830','پرداخت نقدي حقوق پرسنل شعبه دانشگاه مرداد ماه 94','NO',NULL,NULL,NULL),
 (571,2964,1,NULL,NULL,NULL,NULL,'0','1755000','واريز قسط خانم افتخاري از شعبه پارک ','NO',NULL,NULL,NULL),
 (571,2965,1,NULL,NULL,NULL,NULL,'0','4288000','بابت کسر اقساط ازحقوق خانم آديني و آقاي مسرور','NO',NULL,NULL,NULL),
 (585,2966,1,NULL,NULL,NULL,NULL,'0','300000','برداشت حساب پس انداز  -عاطفه رشيدي زاده ','NO',NULL,NULL,NULL),
 (586,2967,1,NULL,NULL,NULL,NULL,'5780000','0','دريافت اقساط','NO',NULL,NULL,NULL),
 (566,2968,2,3,1,NULL,NULL,'11551000','0','دريافت اقساط','NO',NULL,NULL,NULL),
 (581,2969,2,3,1,NULL,NULL,'12730000','0','دريافت اقساط','NO',NULL,NULL,NULL),
 (582,2970,2,3,1,NULL,NULL,'70697226','0',' وصول چك 983249-94/06/04 دکتر مهدي نژاد نوري','NO',NULL,NULL,NULL),
 (584,2971,2,3,1,NULL,NULL,'300000','0','واريزي حساب پس انداز  -عاطفه رشيدي زاده ','NO',NULL,NULL,NULL),
 (587,2972,2,3,1,NULL,NULL,'3340000','0','دريافت اقساط','NO',NULL,NULL,NULL),
 (564,2973,17,NULL,NULL,NULL,NULL,'0','100000000','برداشت از پس انداز 8212اتوماسيون حسيب طي چک 302772تجارت ','NO',NULL,NULL,NULL),
 (568,2974,17,NULL,NULL,NULL,NULL,'450360000','0','وصول چک 495897بانک سپه آقاي دکتر ابراهيمي در بانک تجارت ','NO',NULL,NULL,NULL),
 (568,2975,17,NULL,NULL,NULL,NULL,'0','33517500','برداشت از سپرده دکتر ابراهيمي جهت واريز به حساب شرکت نولان','NO',NULL,NULL,NULL),
 (578,2976,17,NULL,NULL,NULL,NULL,'0','51417830','وصول چک 302783بانک تجارت بابت حقوق مردادماه ','NO',NULL,NULL,NULL),
 (578,2977,17,NULL,NULL,NULL,NULL,'0','221991000','عملکرد صندوق در برداشت از سپرده دکتر ابراهيمي طي چک 302781تجارت در وجه اميرحسين تنباکوچي ','NO',NULL,NULL,NULL),
 (571,2978,17,NULL,NULL,NULL,NULL,'1755000','0','واريز قسط خانم افتخاري از شعبه پارک ','NO',NULL,NULL,NULL),
 (571,2979,17,NULL,NULL,NULL,NULL,'0','1654498','بابت ماليات حقوق پرسنل شعبه دانشگاه مردادماه 94','NO',NULL,NULL,NULL),
 (565,2980,45,1,1180,NULL,NULL,'0','830000',' پرداخت قسط  19 وام شماره 132','NO',NULL,NULL,NULL),
 (572,2981,45,1,1025,NULL,NULL,'0','1755000',' پرداخت قسط  5 وام شماره 189','NO',NULL,NULL,NULL),
 (565,2982,45,1,1180,NULL,NULL,'0','1755000',' پرداخت قسط  5 وام شماره 190','NO',NULL,NULL,NULL),
 (565,2983,45,1,1095,NULL,NULL,'0','1703000',' پرداخت قسط  5 وام شماره 191','NO',NULL,NULL,NULL),
 (581,2984,46,1,1155,NULL,NULL,'0','12730000',' پرداخت قسط  8 وام شماره 158','NO',NULL,NULL,NULL),
 (587,2985,47,1,1068,NULL,NULL,'0','1670000',' پرداخت قسط  8 وام شماره 154','NO',NULL,NULL,NULL),
 (587,2986,47,1,1069,NULL,NULL,'0','1670000',' پرداخت قسط  8 وام شماره 155','NO',NULL,NULL,NULL),
 (582,2987,48,1,1187,NULL,NULL,'0','70697226',' وصول چك 983249-94/06/04 دکتر مهدي نژاد نوري','NO',NULL,NULL,NULL),
 (567,2988,50,1,1153,NULL,NULL,'0','1',' پرداخت قسط  4 وام شماره 69','NO',NULL,NULL,NULL),
 (568,2989,57,NULL,NULL,NULL,NULL,'3009208','0','تفاوت حقوق فروردين ماه 94 خانم آديني ','NO',NULL,NULL,NULL),
 (568,2990,57,NULL,NULL,NULL,NULL,'3067385','0','عيدي سال 94 براي 5 ماه خانم آديني ','NO',NULL,NULL,NULL),
 (573,2991,65,1,1180,NULL,NULL,'0','9975689','واريزي حساب پس انداز  -هادي مسرور','NO',NULL,NULL,NULL),
 (579,2992,65,1,1180,NULL,NULL,'9975689','0','برداشت حساب پس انداز  -هادي مسرور','NO',NULL,NULL,NULL),
 (575,2993,65,1,1095,NULL,NULL,'0','8163759','واريزي حساب پس انداز  -آذر آديني','NO',NULL,NULL,NULL),
 (576,2994,65,1,1095,NULL,NULL,'8000000','0','برداشت حساب پس انداز  -آذر آديني','NO',NULL,NULL,NULL),
 (563,2995,65,1,1100,NULL,NULL,'100000000','0','برداشت حساب پس انداز  -شرکت اتوماسيون اداري حسيب','NO',NULL,NULL,NULL),
 (574,2996,65,NULL,NULL,NULL,NULL,'0','8854882','واريزي حساب پس انداز  -عاطفه رشيدي زاده ','NO',NULL,NULL,NULL),
 (580,2997,65,NULL,NULL,NULL,NULL,'8854882','0','برداشت حساب پس انداز  -عاطفه رشيدي زاده ','NO',NULL,NULL,NULL),
 (584,2998,65,NULL,NULL,NULL,NULL,'0','300000','واريزي حساب پس انداز  -عاطفه رشيدي زاده ','NO',NULL,NULL,NULL),
 (585,2999,65,NULL,NULL,NULL,NULL,'300000','0','برداشت حساب پس انداز  -عاطفه رشيدي زاده ','NO',NULL,NULL,NULL),
 (569,3000,66,1,1203,NULL,NULL,'0','450360000',' واريز به سپرده کوتاه مدت شماره 2 سود سپرده مهدوي و ابراهيمي','NO',NULL,NULL,NULL),
 (570,3001,66,1,1203,NULL,NULL,'33517500','0',' برداشت از سپرده کوتاه مدت شماره 2 سود سپرده مهدوي و ابراهيمي','NO',NULL,NULL,NULL),
 (577,3002,66,1,1203,NULL,NULL,'221991000','0',' برداشت از سپرده کوتاه مدت شماره 2 سود سپرده مهدوي و ابراهيمي','NO',NULL,NULL,NULL),
 (571,3003,86,NULL,NULL,NULL,NULL,'0','2223100','بابت حق بيمه سهم مجري مرداد ماه 94 پرسنل شعبه دانشگاه ','NO',NULL,NULL,NULL),
 (571,3004,86,NULL,NULL,NULL,NULL,'0','7304467','بابت حق بيمه سهم کارفرمامرداد ماه 94 پرسنل شعبه دانشگاه ','NO',NULL,NULL,NULL),
 (583,3005,106,NULL,NULL,NULL,NULL,'0','1','چک به شماره 983249 صادره از بانک ملي-مرکزي به مبلغ   به نام دکتر مهدي نژاد نوري 70697226 ريال ','NO',NULL,NULL,NULL),
 (583,3006,107,NULL,NULL,NULL,NULL,'0','70697226','چک به شماره 983249 صادره از بانک ملي-مرکزي به مبلغ   به نام دکتر مهدي نژاد نوري 70697226 ريال ','NO',NULL,NULL,NULL),
 (583,3007,111,NULL,NULL,NULL,NULL,'1','0','بابت وصول شده  فقره چک به مبلغ کل  70697226','NO',NULL,NULL,NULL),
 (583,3008,112,NULL,NULL,NULL,NULL,'70697226','0','بابت وصول شده  فقره چک به مبلغ کل  70697226','NO',NULL,NULL,NULL);
INSERT INTO `ACC_DocItems` (`DocID`,`ItemID`,`CostID`,`TafsiliType`,`TafsiliID`,`TafsiliType2`,`TafsiliID2`,`DebtorAmount`,`CreditorAmount`,`details`,`locked`,`SourceType`,`SourceID`,`SourceID2`) VALUES 
 (571,3009,114,NULL,NULL,NULL,NULL,'7304467','0','حق بيمه پرسنل سهم کارفرما مردادماه 94','NO',NULL,NULL,NULL),
 (571,3010,115,NULL,NULL,NULL,NULL,'1600000','0','حق مسکن پرسنل دانشگاه مردادماه 94','NO',NULL,NULL,NULL),
 (571,3011,116,NULL,NULL,NULL,NULL,'4400000','0','هزينه اقلام مصرفي پرسنل شعبه دانشگاه مرداد94','NO',NULL,NULL,NULL),
 (571,3012,117,NULL,NULL,NULL,NULL,'5646751','0','اضافه کار پرسنل شعبه دانشگاه مردادماه 94','NO',NULL,NULL,NULL),
 (571,3013,122,NULL,NULL,NULL,NULL,'3687440','0','سنوات خدمت پرسنل دانشگاه مرداد ماه 94','NO',NULL,NULL,NULL),
 (566,3014,125,1,1123,1,1002,'0','11551000',' پرداخت قسط  11 وام شماره 119','NO',NULL,NULL,NULL),
 (586,3015,125,1,1055,1,1002,'0','5780000',' پرداخت قسط  9 وام شماره 137','NO',NULL,NULL,NULL),
 (571,3016,149,NULL,NULL,NULL,NULL,'42749237','0','حقوق پرسنل شعبه دانشگاه مردادماه 94','NO',NULL,NULL,NULL),
 (571,3017,149,NULL,NULL,NULL,NULL,'1500000','0','فوق العاده شغلي آقاي مسرور مردادماه 94','NO',NULL,NULL,NULL),
 (588,3018,1,NULL,NULL,NULL,NULL,'15460000','0','دريافت اقساط','NO',NULL,NULL,NULL),
 (590,3019,1,NULL,NULL,NULL,NULL,'4538000','0','دريافت اقساط','NO',NULL,NULL,NULL),
 (593,3020,1,NULL,NULL,NULL,NULL,'0','70000000','اضافه شدن مبلغ به وام بابت کارمزد ','NO',NULL,NULL,NULL),
 (594,3021,1,NULL,NULL,NULL,NULL,'0','50000000','برداشت حساب پس انداز  -شرکت اتوماسيون اداري حسيب','NO',NULL,NULL,NULL),
 (596,3022,1,NULL,NULL,NULL,NULL,'0','6125000','اضافه شدن مبلغ به وام بابت کارمزد ','NO',NULL,NULL,NULL),
 (597,3023,1,NULL,NULL,NULL,NULL,'1','0','افتتاح حساب پس انداز','NO',NULL,NULL,NULL),
 (598,3024,1,NULL,NULL,NULL,NULL,'8000000','0','دريافت اقساط','NO',NULL,NULL,NULL),
 (600,3025,1,NULL,NULL,NULL,NULL,'4812582','0','واريزي حساب پس انداز  -آذر آديني','NO',NULL,NULL,NULL),
 (305,3026,1,NULL,NULL,NULL,NULL,'0','8400000','واريز 10%سپرده نقدي ضمانت نامه 80003 شرکت سماتوس ','NO',NULL,NULL,NULL),
 (305,3027,1,NULL,NULL,NULL,NULL,'0','500000','بابت فاکتور خريد پوشه براي شعبه پارک توسط خانم اکبرالسادات ','NO',NULL,NULL,NULL),
 (599,3028,1,NULL,NULL,NULL,NULL,'0','4812582','عملکرد صندوق بابت واريز بحساب پس اندازخانم آديني بابت مابه التفاوت کليه مطالبات ','NO',NULL,NULL,NULL),
 (601,3029,1,NULL,NULL,NULL,NULL,'0','100000000',' برداشت از سپرده کوتاه مدت شماره 2 سود سپرده مهدوي و ابراهيمي','NO',NULL,NULL,NULL),
 (602,3030,1,NULL,NULL,NULL,NULL,'100000000','0','عملکرد صندوق دربرداشت ازحساب سپرده دکترابراهيمي ','NO',NULL,NULL,NULL),
 (603,3031,1,NULL,NULL,NULL,NULL,'100000000','0','واريزي حساب پس انداز  -شرکت اتوماسيون اداري حسيب','NO',NULL,NULL,NULL),
 (605,3032,1,NULL,NULL,NULL,NULL,'0','100000000','عملکرد صندوق درواريز بحساب پس انداز شرکت اتوماسيون حسيب ','NO',NULL,NULL,NULL),
 (606,3033,1,NULL,NULL,NULL,NULL,'0','31097113','پرداخت نقدي به کارکنان بابت تفاوت قراردادهاي آنها','NO',NULL,NULL,NULL),
 (606,3034,1,NULL,NULL,NULL,NULL,'31097113','0','عملکرد صندوق درپرداخت تفاوت قراردادکارکنان ','NO',NULL,NULL,NULL),
 (589,3035,2,3,1,NULL,NULL,'3410000','0','دريافت اقساط','NO',NULL,NULL,NULL),
 (592,3036,2,3,1,NULL,NULL,'0','250000000','پرداخت وام شماره  217 جواد  بهارآراء به شماره چک 67822305','NO',NULL,NULL,NULL),
 (595,3037,2,3,1,NULL,NULL,'0','139500000','پرداخت وام شماره  218 انتفاع صنعت پايا  به شماره چک 9467/82230','NO',NULL,NULL,NULL),
 (305,3038,2,3,1,NULL,NULL,'40000000','0','واريزي شرکت ادمان آفرين بابت تسهيلات شعبه پارک ','NO',NULL,NULL,NULL),
 (604,3039,2,3,1,NULL,NULL,'3000000','0','دريافت اقساط','NO',NULL,NULL,NULL),
 (607,3040,2,3,1,NULL,NULL,'30960000','0','دريافت اقساط','NO',NULL,NULL,NULL),
 (608,3041,2,3,1,NULL,NULL,'0','232500000','پرداخت وام شماره  219 عليرضا ايرانبخش به شماره چک 822307','NO',NULL,NULL,NULL),
 (305,3042,17,NULL,NULL,NULL,NULL,'500000','0','بابت فاکتور خريد پوشه براي شعبه پارک توسط خانم اکبرالسادات ','NO',NULL,NULL,NULL),
 (305,3043,17,NULL,NULL,NULL,NULL,'0','40000000','واريزي شرکت ادمان آفرين بابت تسهيلات شعبه پارک ','NO',NULL,NULL,NULL),
 (602,3044,17,NULL,NULL,NULL,NULL,'0','100000000','چک302791بانک تجارت دروجه حساب 600871352رمضان حسين زاده به درخواست دکترابراهيمي ','NO',NULL,NULL,NULL),
 (605,3045,17,NULL,NULL,NULL,NULL,'100000000','0','واريزي شرکت اتوماسيون اداري حسيب بحساب بانک تجارت (0مرکز)','NO',NULL,NULL,NULL),
 (606,3046,17,NULL,NULL,NULL,NULL,'0','2707401','واريز تفاوت ماليات کارکنان جهت واريز بحساب دارائي','NO',NULL,NULL,NULL),
 (606,3047,17,NULL,NULL,NULL,NULL,'0','31097113','پرداختيمرکز ازمحل چک تجارت دروجه آقاي مسرور ','NO',NULL,NULL,NULL),
 (599,3048,25,NULL,NULL,NULL,NULL,'0','33742640','بابت ضمانتنامه هاي 8005و8006و8009و80011سماتوس بعلت انقضامدت وابطال توسط حسابرس','NO',NULL,NULL,NULL),
 (599,3049,25,NULL,NULL,NULL,NULL,'0','8250000','بابت ضمانتنامه 8004محققان ياسين بعلت انقضائ مدت وابطال توسط حسابرس','NO',NULL,NULL,NULL),
 (604,3050,46,1,1181,NULL,NULL,'0','3000000',' پرداخت قسط  1 وام شماره 184','NO',NULL,NULL,NULL),
 (588,3051,48,1,1072,NULL,NULL,'0','6180000',' پرداخت قسط  1 وام شماره 157','NO',NULL,NULL,NULL),
 (588,3052,48,1,1072,NULL,NULL,'0','6180000',' پرداخت قسط  2 وام شماره 157','NO',NULL,NULL,NULL),
 (607,3053,48,1,1078,NULL,NULL,'0','30960000',' پرداخت قسط  2 وام شماره 165','NO',NULL,NULL,NULL),
 (588,3054,48,1,1072,NULL,NULL,'0','3100000',' پرداخت قسط  1 وام شماره 167','NO',NULL,NULL,NULL),
 (592,3055,48,1,1017,NULL,NULL,'250000000','0','پرداخت وام شماره  217 جواد  بهارآراء به شماره چک 67822305','NO',NULL,NULL,NULL),
 (593,3056,48,1,1017,NULL,NULL,'70000000','0','اضافه شدن مبلغ به وام بابت کارمزد ','NO',NULL,NULL,NULL),
 (595,3057,48,1,1116,NULL,NULL,'150000000','0','پرداخت وام شماره  218 انتفاع صنعت پايا  به شماره چک 9467/82230','NO',NULL,NULL,NULL),
 (596,3058,48,1,1116,NULL,NULL,'6125000','0','اضافه شدن مبلغ به وام بابت کارمزد ','NO',NULL,NULL,NULL),
 (608,3059,48,1,1117,NULL,NULL,'278618283','0','پرداخت وام شماره  219 عليرضا ايرانبخش به شماره چک 822307','NO',NULL,NULL,NULL),
 (598,3060,48,1,1008,NULL,NULL,'0','8000000',' پرداخت قسط  4 وام شماره 99','NO',NULL,NULL,NULL),
 (599,3061,57,NULL,NULL,NULL,NULL,'0','6076593','برگشت علي الحساب دريافتي خانم آديني ','NO',NULL,NULL,NULL),
 (600,3062,65,1,1095,NULL,NULL,'0','4812582','واريزي حساب پس انداز  -آذر آديني','NO',NULL,NULL,NULL),
 (594,3063,65,1,1100,NULL,NULL,'50000000','0','برداشت حساب پس انداز  -شرکت اتوماسيون اداري حسيب','NO',NULL,NULL,NULL),
 (603,3064,65,1,1100,NULL,NULL,'0','100000000','واريزي حساب پس انداز  -شرکت اتوماسيون اداري حسيب','NO',NULL,NULL,NULL),
 (597,3065,65,1,1116,NULL,NULL,'0','1','افتتاح حساب پس انداز-انتفاع صنعت پايا ','NO',NULL,NULL,NULL),
 (601,3066,66,1,1203,NULL,NULL,'100000000','0',' برداشت از سپرده کوتاه مدت شماره 2 سود سپرده مهدوي و ابراهيمي','NO',NULL,NULL,NULL),
 (606,3067,86,NULL,NULL,NULL,NULL,'0','1243162','واريز تفاوت حق بيمه کارکنان سهم کارفرماو مجري','NO',NULL,NULL,NULL),
 (606,3068,114,NULL,NULL,NULL,NULL,'929757','0','بابت تفاوت حق بيمه سهم کارفرما  قراردادکارکنان بشرح ليست پيوست ','NO',NULL,NULL,NULL),
 (606,3069,115,NULL,NULL,NULL,NULL,'800000','0','بابت تفاوت حق مسکن  قراردادکارکنان بشرح ليست پيوست ','NO',NULL,NULL,NULL),
 (606,3070,116,NULL,NULL,NULL,NULL,'1700000','0','بابت تفاوت کمکهاي غيرنقدي قراردادکارکنان بشرح ليست پيوست ','NO',NULL,NULL,NULL),
 (606,3071,117,NULL,NULL,NULL,NULL,'7538069','0','بابت تفاوت اضافه کار قراردادکارکنان بشرح ليست پيوست ','NO',NULL,NULL,NULL),
 (305,3072,120,NULL,NULL,NULL,NULL,'8400000','0','برگشت 10% سپرده نقدي ضمانت نامه 80003شرکت سما توس ','NO',NULL,NULL,NULL),
 (599,3073,120,NULL,NULL,NULL,NULL,'41992640','0','برگشت 10%سپردهضمانتنامه هاي8004 و8005و8006و8009و80011بحساب ضمانتنامه هاي نقدي بعلت ابطال توسطحسابرس وانقضامدت','NO',NULL,NULL,NULL),
 (606,3074,122,NULL,NULL,NULL,NULL,'1666321','0','بابت تفاوت سنوات خدمت   قراردادکارکنان بشرح ليست پيوست ','NO',NULL,NULL,NULL),
 (599,3075,123,NULL,NULL,NULL,NULL,'5936750','0','بابت عيدي دوماه نسبت به کارکرد خانم آديني ','NO',NULL,NULL,NULL),
 (606,3076,124,NULL,NULL,NULL,NULL,'2417696','0','بابت ماموريت کارکنان ازابتداي سال تااين تاريخ ','NO',NULL,NULL,NULL),
 (589,3077,125,1,1076,1,1002,'0','3410000',' پرداخت قسط  5 وام شماره 161','NO',NULL,NULL,NULL),
 (590,3078,125,1,1081,1,1002,'0','4538000',' پرداخت قسط  3 وام شماره 186','NO',NULL,NULL,NULL),
 (595,3079,131,2,4,NULL,NULL,'0','10500000',' کارمزد سود دوره تنفس 218 انتفاع صنعت پايا ','NO',NULL,NULL,NULL),
 (608,3080,131,2,4,NULL,NULL,'0','17500000',' کارمزد سود دوره تنفس 219 عليرضا ايرانبخش','NO',NULL,NULL,NULL),
 (608,3081,131,2,5,NULL,NULL,'0','28618283','کارمزد سود دوره اي اقساط وام 219 عليرضا ايرانبخش','NO',NULL,NULL,NULL),
 (606,3082,131,2,5,NULL,NULL,'3514526','0','برگشت سود سال 96ازحساب سود سال 95تسهيلات عليرضا ايرانبخش','NO',NULL,NULL,NULL),
 (606,3083,131,2,6,NULL,NULL,'0','3514526','برگشت سود سال 96ازحساب سود سال 95تسهيلات عليرضا ايرانبخش','NO',NULL,NULL,NULL),
 (599,3084,149,NULL,NULL,NULL,NULL,'2815195','0','بابت تفاوت حقوق فروردين خانم آذر آديني بموجب دستور پيوست ','NO',NULL,NULL,NULL),
 (599,3085,149,NULL,NULL,NULL,NULL,'1662290','0','بابت حقوق هفت روز مرخصي آذر آديني بموجب دستور پيوست ','NO',NULL,NULL,NULL),
 (599,3086,149,NULL,NULL,NULL,NULL,'474940','0','بابت حقوق دوروز کارکرد خانم آديني بموجب دستور پيوست ','NO',NULL,NULL,NULL),
 (606,3087,149,NULL,NULL,NULL,NULL,'19995833','0','بابت تفاوت حقوق قراردادکارکنان بشرح ليست پيوست ','NO',NULL,NULL,NULL),
 (609,3088,1,NULL,NULL,NULL,NULL,'2796382','0','واريزي حساب پس انداز  -عاطفه رشيدي زاده ','NO',NULL,NULL,NULL),
 (591,3089,1,NULL,NULL,NULL,NULL,'70000000','0','عملکرد صندوق دراضافه نمودن کارمزد تسهيلات دکتر بهار آرائ','NO',NULL,NULL,NULL),
 (591,3090,1,NULL,NULL,NULL,NULL,'50000000','0','عملکرد صندوق دربرداشت ازحساب اتوماسيون حسيب جهت حواله بحساب 425053299نزد بانک تجارت ','NO',NULL,NULL,NULL),
 (591,3091,1,NULL,NULL,NULL,NULL,'6125000','0','عملکرد صندوق دراضافه نمودن کارمزد سال 95تسهيلات پژوهشي 218انتفاع صنعت پايا ','NO',NULL,NULL,NULL),
 (591,3092,1,NULL,NULL,NULL,NULL,'0','220000','تهيه کپي رنگي توسط آقاي مسرور بموجب فاکتور پيوست ','NO',NULL,NULL,NULL),
 (591,3093,1,NULL,NULL,NULL,NULL,'0','15460000','عملکرد صندوق درپرداخت اقساط شرکت علم وفناوري آرام درپارک (مرکز)','NO',NULL,NULL,NULL),
 (591,3094,1,NULL,NULL,NULL,NULL,'0','31922700','عملکرد صندوق دربرگشت سود بحساب تسهيلات دکتر بهارآرائ ','NO',NULL,NULL,NULL),
 (610,3095,1,NULL,NULL,NULL,NULL,'31922700','0','دريافت اقساط','NO',NULL,NULL,NULL),
 (614,3096,1,NULL,NULL,NULL,NULL,'0','15419445','اضافه شدن مبلغ به وام بابت کارمزد ','NO',NULL,NULL,NULL),
 (616,3097,1,NULL,NULL,NULL,NULL,'0','10500000','اضافه شدن مبلغ به وام بابت کارمزد ','NO',NULL,NULL,NULL),
 (615,3098,1,NULL,NULL,NULL,NULL,'15419445','0','عملکرد صندوق دراضافه نمودن کارمزد بحساب سماتوس','NO',NULL,NULL,NULL),
 (615,3099,1,NULL,NULL,NULL,NULL,'10500000','0','عملکرد صندوق دراضافه نمودن کارمزد تسهيلات کارگشايي نشاط مشکين فام ','NO',NULL,NULL,NULL),
 (621,3100,1,NULL,NULL,NULL,NULL,'0','6000000','برداشت حساب پس انداز  -آذر آديني','NO',NULL,NULL,NULL),
 (623,3101,1,NULL,NULL,NULL,NULL,'500000','0','افتتاح حساب پس انداز','NO',NULL,NULL,NULL),
 (622,3102,1,NULL,NULL,NULL,NULL,'1591791','0','انتقال مانده تنخواه بحساب صندوق بابت پرداخت فاکتورهاي فوق ','NO',NULL,NULL,NULL),
 (622,3103,1,NULL,NULL,NULL,NULL,'0','895000','پرداختي صندوق بابت هزينه هاي ليست شماره 2بشرح فاکتورهاي پيوست ','NO',NULL,NULL,NULL),
 (622,3104,1,NULL,NULL,NULL,NULL,'0','35053500','پرداختي صندوق بابت هزينه هاي ليست شماره يک ','NO',NULL,NULL,NULL),
 (622,3105,1,NULL,NULL,NULL,NULL,'0','2264000','پرداختي صندوق به آقاي شيباني بشرح دستور پيوست ','NO',NULL,NULL,NULL),
 (622,3106,1,NULL,NULL,NULL,NULL,'0','220000','بابت هزينه هاي ليست شماره 4آقاي مسرور بشرح فاکتورهاودستور پيوست ','NO',NULL,NULL,NULL),
 (612,3107,2,3,1,NULL,NULL,'65000000','0',' وصول چك 983250-94/06/19 دکتر مهدي نژاد نوري','NO',NULL,NULL,NULL),
 (617,3108,2,3,1,NULL,NULL,'6700000','0','دريافت اقساط','NO',NULL,NULL,NULL),
 (615,3109,2,3,1,NULL,NULL,'35835967','0','سودعلي الحساب واريزي بانک اقتصادنوين بحساب صندوق ','NO',NULL,NULL,NULL),
 (618,3110,2,3,1,NULL,NULL,'10000000','0','دريافت اقساط','NO',NULL,NULL,NULL),
 (619,3111,2,3,1,NULL,NULL,'4297','0','واريز بابت سود سپرده توسط بانک اقتصاد نوين ','NO',NULL,NULL,NULL),
 (620,3112,2,3,1,NULL,NULL,'5000000','0','دريافت اقساط','NO',NULL,NULL,NULL),
 (624,3113,2,3,1,NULL,NULL,'0','29625000','پرداخت وام شماره  220 موئسسه غير تجاري صهبا رسانه موعود به شماره چک 822308','NO',NULL,NULL,NULL),
 (622,3114,7,NULL,NULL,NULL,NULL,'0','1591791','انتقال مانده تنخواه بحساب صندوق بابت پرداخت فاکتورهاي فوق ','NO',NULL,NULL,NULL),
 (591,3115,17,NULL,NULL,NULL,NULL,'15460000','0','دريافت ازآقاي مهران رحماني بابت اقساط علم وفناوري آرام درمرکز ','NO',NULL,NULL,NULL),
 (591,3116,17,NULL,NULL,NULL,NULL,'0','50000000',' برداشت ازحساب اتوماسيون حسيب جهت حواله بحساب425053299بموجب چک 302788تجارت   ','NO',NULL,NULL,NULL),
 (618,3117,46,1,1020,NULL,NULL,'0','5000000',' پرداخت قسط  1 وام شماره 126','NO',NULL,NULL,NULL),
 (618,3118,46,1,1053,NULL,NULL,'0','5000000',' پرداخت قسط  1 وام شماره 134','NO',NULL,NULL,NULL),
 (616,3119,46,1,1137,NULL,NULL,'10500000','0','اضافه شدن مبلغ به وام بابت کارمزد ','NO',NULL,NULL,NULL),
 (617,3120,46,1,1137,NULL,NULL,'0','1500000',' پرداخت قسط  20 وام شماره 17','NO',NULL,NULL,NULL),
 (617,3121,46,1,1005,NULL,NULL,'0','1400000',' پرداخت قسط  18 وام شماره 73','NO',NULL,NULL,NULL),
 (617,3122,46,1,1024,NULL,NULL,'0','3800000',' پرداخت قسط  1 وام شماره 97','NO',NULL,NULL,NULL),
 (612,3123,48,1,1187,NULL,NULL,'0','65000000',' وصول چك 983250-94/06/19 دکتر مهدي نژاد نوري','NO',NULL,NULL,NULL),
 (614,3124,48,1,1187,NULL,NULL,'15419445','0','اضافه شدن مبلغ به وام بابت کارمزد ','NO',NULL,NULL,NULL),
 (620,3125,48,1,1136,NULL,NULL,'0','5000000',' پرداخت قسط  7 وام شماره 15','NO',NULL,NULL,NULL),
 (610,3126,48,1,1017,NULL,NULL,'0','31922700',' پرداخت قسط  1 وام شماره 217','NO',NULL,NULL,NULL),
 (621,3127,65,1,1095,NULL,NULL,'6000000','0','برداشت حساب پس انداز  -آذر آديني','NO',NULL,NULL,NULL),
 (609,3128,65,NULL,NULL,NULL,NULL,'0','2796382','واريزي حساب پس انداز  -عاطفه رشيدي زاده ','NO',NULL,NULL,NULL),
 (623,3129,65,1,1118,NULL,NULL,'0','500000','افتتاح حساب پس انداز-موئسسه غير تجاري صهبا رسانه موعود','NO',NULL,NULL,NULL),
 (591,3130,71,NULL,NULL,NULL,NULL,'220000','0','تهيه کپي رنگي توسط آقاي مسرور بموجب فاکتور پيوست ','NO',NULL,NULL,NULL),
 (622,3131,71,NULL,NULL,NULL,NULL,'14620000','0','آگهي روزنامه وخريد روزنامه وخريد قندان رديف 7و10و12ليست شماره يک ','NO',NULL,NULL,NULL),
 (622,3132,71,NULL,NULL,NULL,NULL,'240000','0','کاغذa4رديف 5ليست شماره 2بشرح فاکتور پيوست ','NO',NULL,NULL,NULL),
 (622,3133,72,NULL,NULL,NULL,NULL,'235000','0','هزينه هاي رديف 4و11و13ازليست شماره يک بابت آژانس بشرح فاکتورهاي پيوست ','NO',NULL,NULL,NULL),
 (622,3134,72,NULL,NULL,NULL,NULL,'160000','0','هزينه پيک وهزينه آژانسرديف 1و2ليست شماره 2بشرح فاکتور هاي پيوست ','NO',NULL,NULL,NULL),
 (622,3135,73,NULL,NULL,NULL,NULL,'192500','0','هزينه نظافت بشرح فاکتور رديف 8ليست شماره يک ','NO',NULL,NULL,NULL),
 (622,3136,74,NULL,NULL,NULL,NULL,'878000','0','هزينه هاي رديف 1و2و3و5ازليست شماره 1بابت بيسکويت وقندوشکلات وغيره ','NO',NULL,NULL,NULL),
 (622,3137,74,NULL,NULL,NULL,NULL,'315000','0','بابت آب معدني وبيسکويتونبات رديف 4و6ليست شماره 2بشرح فاکتور پيوست ','NO',NULL,NULL,NULL),
 (622,3138,78,NULL,NULL,NULL,NULL,'15000000','0','خريدکارت هديه جهت فرايند مستند سازي رديف 10ليست شماره يک ','NO',NULL,NULL,NULL),
 (622,3139,79,NULL,NULL,NULL,NULL,'180000','0','شارژکارتريج رديف 3ليست شماره 2بشرح فاکتور پيوست ','NO',NULL,NULL,NULL),
 (615,3140,96,2,4,NULL,NULL,'0','35835967','سودعلي الحساب واريزي بانک اقتصادنوين بحساب صندوق ','NO',NULL,NULL,NULL),
 (619,3141,96,2,4,NULL,NULL,'0','4297','واريز بابت سود سپرده توسط بانک اقتصاد نوين ','NO',NULL,NULL,NULL),
 (611,3142,106,NULL,NULL,NULL,NULL,'1','0','چک به شماره 921487 صادره از بانک کشاورزي-مرکز به مبلغ  107600000 ريال ','NO',NULL,NULL,NULL),
 (611,3143,106,NULL,NULL,NULL,NULL,'1','0','چک به شماره 353702 صادره از بانک ملت-مرکز به مبلغ  83000000 ريال ','NO',NULL,NULL,NULL),
 (611,3144,106,NULL,NULL,NULL,NULL,'1','0','چک به شماره 375193 صادره از بانک صادرات-مرکز به مبلغ  271451000 ريال ','NO',NULL,NULL,NULL),
 (611,3145,106,NULL,NULL,NULL,NULL,'1','0','چک به شماره 375198 صادره از بانک صادرات-مرکز به مبلغ  94148600 ريال ','NO',NULL,NULL,NULL),
 (613,3146,106,NULL,NULL,NULL,NULL,'0','1','چک به شماره 983250 صادره از بانک ملي-مرکزي به مبلغ   به نام دکتر مهدي نژاد نوري 65000000 ريال ','NO',NULL,NULL,NULL),
 (611,3147,107,NULL,NULL,NULL,NULL,'107600000','0','چک به شماره 921487 صادره از بانک کشاورزي-مرکز به مبلغ  107600000 ريال ','NO',NULL,NULL,NULL),
 (611,3148,107,NULL,NULL,NULL,NULL,'83000000','0','چک به شماره 353702 صادره از بانک ملت-مرکز به مبلغ  83000000 ريال ','NO',NULL,NULL,NULL),
 (611,3149,107,NULL,NULL,NULL,NULL,'271451000','0','چک به شماره 375193 صادره از بانک صادرات-مرکز به مبلغ  271451000 ريال ','NO',NULL,NULL,NULL),
 (611,3150,107,NULL,NULL,NULL,NULL,'94148600','0','چک به شماره 375198 صادره از بانک صادرات-مرکز به مبلغ  94148600 ريال ','NO',NULL,NULL,NULL),
 (613,3151,107,NULL,NULL,NULL,NULL,'0','65000000','چک به شماره 983250 صادره از بانک ملي-مرکزي به مبلغ   به نام دکتر مهدي نژاد نوري 65000000 ريال ','NO',NULL,NULL,NULL),
 (611,3152,111,NULL,NULL,NULL,NULL,'0','4','بابت دريافت 4 فقره چک به مبلغ کل  556199600','NO',NULL,NULL,NULL),
 (613,3153,111,NULL,NULL,NULL,NULL,'1','0','بابت وصول شده  فقره چک به مبلغ کل  65000000','NO',NULL,NULL,NULL),
 (611,3154,112,NULL,NULL,NULL,NULL,'0','556199600','بابت دريافت 4 فقره چک به مبلغ کل  556199600','NO',NULL,NULL,NULL),
 (613,3155,112,NULL,NULL,NULL,NULL,'65000000','0','بابت وصول شده  فقره چک به مبلغ کل  65000000','NO',NULL,NULL,NULL),
 (622,3156,124,NULL,NULL,NULL,NULL,'4128000','0','بابت ماموريت آقاي شيباني رديف 9ازليست شماره يک ','NO',NULL,NULL,NULL),
 (622,3157,124,NULL,NULL,NULL,NULL,'2264000','0','بابت هزينه هاي بليط وغيره آقاي شيباني بشرح درخواست وفاکتورهاي ضميمه ','NO',NULL,NULL,NULL),
 (624,3158,125,1,1118,1,1002,'30628465','0','پرداخت وام شماره  220 موئسسه غير تجاري صهبا رسانه موعود به شماره چک 822308','NO',NULL,NULL,NULL),
 (615,3159,129,2,4,NULL,NULL,'0','10500000','عملکرد صندوق دراضافه نمودن کارمزد تسهيلات کارگشايي نشاط مشکين فام ','NO',NULL,NULL,NULL),
 (591,3160,131,2,4,NULL,NULL,'0','16373239','بابت کارمزد تسهيلات پژوهشي دکتر بهار آرائ درسال 94','NO',NULL,NULL,NULL),
 (615,3161,131,2,4,NULL,NULL,'0','15419445','اضافه نمودن کارمزد بحساب تسهيلات پژوهشي شماره 100سمائ توس','NO',NULL,NULL,NULL),
 (591,3162,131,2,5,NULL,NULL,'0','19038650','بابت کارمزد تسهيلات پژوهشي دکتر بهار آرائ درسال 95','NO',NULL,NULL,NULL),
 (591,3163,131,2,5,NULL,NULL,'0','6125000','اضافه نمودن کارمزد سال 95تسهيلات پژوهشي 218انتفاع صنعت پايا ','NO',NULL,NULL,NULL),
 (591,3164,131,2,6,NULL,NULL,'0','2665411','بابت کارمزد تسهيلات پژوهشي دکتر بهار آرائ درسال 96','NO',NULL,NULL,NULL),
 (624,3165,133,2,4,1,1002,'0','628465','کارمزد سود دوره اي اقساط وام 220 موئسسه غير تجاري صهبا رسانه موعود','NO',NULL,NULL,NULL),
 (624,3166,133,2,4,1,1002,'0','375000',' کارمزد سود دوره تنفس 220 موئسسه غير تجاري صهبا رسانه موعود','NO',NULL,NULL,NULL),
 (626,3167,1,NULL,NULL,NULL,NULL,'0','1000000000','پرداخت وام شماره  221 شرکت دنا پارس آژند','NO',NULL,NULL,NULL),
 (628,3168,1,NULL,NULL,NULL,NULL,'0','61535','اضافه شدن مبلغ به وام بابت کارمزد ','NO',NULL,NULL,NULL),
 (630,3169,1,NULL,NULL,NULL,NULL,'6820000','0','دريافت اقساط','NO',NULL,NULL,NULL),
 (631,3170,1,NULL,NULL,NULL,NULL,'0','100000000','برداشت حساب پس انداز  -شرکت اتوماسيون اداري حسيب','NO',NULL,NULL,NULL),
 (625,3171,1,NULL,NULL,NULL,NULL,'1000000000','0','عملکرد صندوق درپرداخت تسهيلات نوآوري وشکوفائي دناپارس آژند','NO',NULL,NULL,NULL),
 (632,3172,1,NULL,NULL,NULL,NULL,'0','1000000000','پرداخت وام شماره  222 حسام دهقاني-شرکت دنازيست آسيا','NO',NULL,NULL,NULL),
 (635,3173,1,NULL,NULL,NULL,NULL,'61715000','0','دريافت اقساط','NO',NULL,NULL,NULL),
 (636,3174,1,NULL,NULL,NULL,NULL,'5600000','0','دريافت اقساط','NO',NULL,NULL,NULL),
 (519,3175,2,3,1,NULL,NULL,'38000000','0','واريز به اقتصاد نوين چمن افروز بابت قسط شعبه پارک ','NO',NULL,NULL,NULL),
 (519,3176,2,3,1,NULL,NULL,'1013','0','بابت امتحان دستگاه پاز ','NO',NULL,NULL,NULL),
 (625,3177,2,3,1,NULL,NULL,'1000000000','0','واريز بحساب بانک اقتصاد نوين جهت پرداخت تسهيلات ','NO',NULL,NULL,NULL),
 (625,3178,2,3,1,NULL,NULL,'0','480000000','چک 822311دروجه دناپارس آژند بابت مرحله اول تسهيلات ','NO',NULL,NULL,NULL),
 (637,3179,2,3,1,NULL,NULL,'0','40000000','پرداخت وام شماره  223 عليرضا سيديان عنبراني به شماره چک 822309','NO',NULL,NULL,NULL),
 (519,3180,17,NULL,NULL,NULL,NULL,'6650000000','0','واريز صندوق توسعه فناوري هاي نوين بابت قراردادسه جانبه 213به بانک ملي ','NO',NULL,NULL,NULL),
 (519,3181,17,NULL,NULL,NULL,NULL,'0','38000000','واريز به اقتصاد نوين چمن افروز بابت قسط شعبه پارک ','NO',NULL,NULL,NULL),
 (625,3182,28,1,1003,NULL,NULL,'500000000','0','پرداخت به دناپارس آژندبابت تسهيلات مرحله اول ','NO',NULL,NULL,NULL),
 (625,3183,28,1,1003,NULL,NULL,'0','1000000000','واريز بحساب بانک اقتصاد نوين جهت پرداخت تسهيلات ','NO',NULL,NULL,NULL),
 (625,3184,33,NULL,NULL,NULL,NULL,'0','500000000','پرداخت به دناپارس آژندبابت تسهيلات ','NO',NULL,NULL,NULL),
 (637,3185,45,1,1107,NULL,NULL,'42099902','0','پرداخت وام شماره  223 عليرضا سيديان عنبراني به شماره چک 822309','NO',NULL,NULL,NULL),
 (636,3186,46,1,1054,NULL,NULL,'0','5600000',' پرداخت قسط  6 وام شماره 178','NO',NULL,NULL,NULL),
 (635,3187,48,1,1054,NULL,NULL,'0','61715000',' پرداخت قسط  10 وام شماره 135','NO',NULL,NULL,NULL),
 (625,3188,62,NULL,NULL,NULL,NULL,'0','20000000','بابت کارمزد 4%تسهيلات دنا پارس آژنددرسال 94','NO',NULL,NULL,NULL),
 (625,3189,63,1,1003,NULL,NULL,'0','500000000','بابت تسهيلات توديع شده دناپارس آژند','NO',NULL,NULL,NULL),
 (631,3190,65,1,1100,NULL,NULL,'100000000','0','برداشت حساب پس انداز  -شرکت اتوماسيون اداري حسيب','NO',NULL,NULL,NULL),
 (622,3191,72,NULL,NULL,NULL,NULL,'170000','0','بابت فاکتور آژانس وپيک بشرح ليست شماره 4','NO',NULL,NULL,NULL),
 (622,3192,77,NULL,NULL,NULL,NULL,'50000','0','بابت هزينه شارژموبايل صندوق ','NO',NULL,NULL,NULL),
 (519,3193,98,2,4,NULL,NULL,'0','1013','بابت امتحان دستگاه پاز ','NO',NULL,NULL,NULL),
 (627,3194,104,NULL,NULL,NULL,NULL,'1','0','چک به شماره 855309 صادره از بانک سفته به نام شرکت دنا پارس آژند به مبلغ  300000000 ريال ','NO',NULL,NULL,NULL),
 (627,3195,104,NULL,NULL,NULL,NULL,'1','0','چک به شماره 789552 صادره از بانک سفته به نام شرکت دنا پارس آژند به مبلغ  100000000 ريال ','NO',NULL,NULL,NULL),
 (627,3196,104,NULL,NULL,NULL,NULL,'1','0','چک به شماره 855307 صادره از بانک سفته به نام شرکت دنا پارس آژند به مبلغ  300000000 ريال ','NO',NULL,NULL,NULL),
 (627,3197,104,NULL,NULL,NULL,NULL,'1','0','چک به شماره 855308 صادره از بانک سفته به نام شرکت دنا پارس آژند به مبلغ  300000000 ريال ','NO',NULL,NULL,NULL),
 (627,3198,104,NULL,NULL,NULL,NULL,'1','0','چک به شماره 831950 صادره از بانک پاسارگاد به نام شرکت دنا پارس آژند به مبلغ  1200000000 ريال ','NO',NULL,NULL,NULL),
 (627,3199,104,NULL,NULL,NULL,NULL,'1','0','چک به شماره 789553 صادره از بانک سفته به نام شرکت دنا پارس آژند به مبلغ  100000000 ريال ','NO',NULL,NULL,NULL),
 (627,3200,104,NULL,NULL,NULL,NULL,'1','0','چک به شماره 855306 صادره از بانک سفته به نام شرکت دنا پارس آژند به مبلغ  300000000 ريال ','NO',NULL,NULL,NULL),
 (634,3201,104,NULL,NULL,NULL,NULL,'1','0','چک به شماره 516217 صادره از بانک سفته به نام حسام دهقاني-شرکت دنازيست آسيا به مبلغ  100000000 ريال ','NO',NULL,NULL,NULL),
 (634,3202,104,NULL,NULL,NULL,NULL,'1','0','چک به شماره 268840 صادره از بانک سفته به نام حسام دهقاني-شرکت دنازيست آسيا به مبلغ  300000000 ريال ','NO',NULL,NULL,NULL),
 (634,3203,104,NULL,NULL,NULL,NULL,'1','0','چک به شماره 268841 صادره از بانک سفته به نام حسام دهقاني-شرکت دنازيست آسيا به مبلغ  300000000 ريال ','NO',NULL,NULL,NULL),
 (634,3204,104,NULL,NULL,NULL,NULL,'1','0','چک به شماره 516216 صادره از بانک سفته به نام حسام دهقاني-شرکت دنازيست آسيا به مبلغ  100000000 ريال ','NO',NULL,NULL,NULL),
 (634,3205,104,NULL,NULL,NULL,NULL,'1','0','چک به شماره 835256 صادره از بانک ملي به نام حسام دهقاني-شرکت دنازيست آسيا به مبلغ  1200000000 ريال ','NO',NULL,NULL,NULL),
 (634,3206,104,NULL,NULL,NULL,NULL,'1','0','چک به شماره 268838 صادره از بانک سفته به نام حسام دهقاني-شرکت دنازيست آسيا به مبلغ  300000000 ريال ','NO',NULL,NULL,NULL),
 (634,3207,104,NULL,NULL,NULL,NULL,'1','0','چک به شماره 268839 صادره از بانک سفته به نام حسام دهقاني-شرکت دنازيست آسيا به مبلغ  300000000 ريال ','NO',NULL,NULL,NULL),
 (627,3208,105,NULL,NULL,NULL,NULL,'300000000','0','چک به شماره 855309 صادره از بانک سفته به نام شرکت دنا پارس آژند به مبلغ  300000000 ريال ','NO',NULL,NULL,NULL),
 (627,3209,105,NULL,NULL,NULL,NULL,'100000000','0','چک به شماره 789552 صادره از بانک سفته به نام شرکت دنا پارس آژند به مبلغ  100000000 ريال ','NO',NULL,NULL,NULL),
 (627,3210,105,NULL,NULL,NULL,NULL,'300000000','0','چک به شماره 855307 صادره از بانک سفته به نام شرکت دنا پارس آژند به مبلغ  300000000 ريال ','NO',NULL,NULL,NULL),
 (627,3211,105,NULL,NULL,NULL,NULL,'300000000','0','چک به شماره 855308 صادره از بانک سفته به نام شرکت دنا پارس آژند به مبلغ  300000000 ريال ','NO',NULL,NULL,NULL),
 (627,3212,105,NULL,NULL,NULL,NULL,'1200000000','0','چک به شماره 831950 صادره از بانک پاسارگاد به نام شرکت دنا پارس آژند به مبلغ  1200000000 ريال ','NO',NULL,NULL,NULL),
 (627,3213,105,NULL,NULL,NULL,NULL,'100000000','0','چک به شماره 789553 صادره از بانک سفته به نام شرکت دنا پارس آژند به مبلغ  100000000 ريال ','NO',NULL,NULL,NULL),
 (627,3214,105,NULL,NULL,NULL,NULL,'300000000','0','چک به شماره 855306 صادره از بانک سفته به نام شرکت دنا پارس آژند به مبلغ  300000000 ريال ','NO',NULL,NULL,NULL),
 (634,3215,105,NULL,NULL,NULL,NULL,'100000000','0','چک به شماره 516217 صادره از بانک سفته به نام حسام دهقاني-شرکت دنازيست آسيا به مبلغ  100000000 ريال ','NO',NULL,NULL,NULL),
 (634,3216,105,NULL,NULL,NULL,NULL,'300000000','0','چک به شماره 268840 صادره از بانک سفته به نام حسام دهقاني-شرکت دنازيست آسيا به مبلغ  300000000 ريال ','NO',NULL,NULL,NULL),
 (634,3217,105,NULL,NULL,NULL,NULL,'300000000','0','چک به شماره 268841 صادره از بانک سفته به نام حسام دهقاني-شرکت دنازيست آسيا به مبلغ  300000000 ريال ','NO',NULL,NULL,NULL),
 (634,3218,105,NULL,NULL,NULL,NULL,'100000000','0','چک به شماره 516216 صادره از بانک سفته به نام حسام دهقاني-شرکت دنازيست آسيا به مبلغ  100000000 ريال ','NO',NULL,NULL,NULL),
 (634,3219,105,NULL,NULL,NULL,NULL,'1200000000','0','چک به شماره 835256 صادره از بانک ملي به نام حسام دهقاني-شرکت دنازيست آسيا به مبلغ  1200000000 ريال ','NO',NULL,NULL,NULL),
 (634,3220,105,NULL,NULL,NULL,NULL,'300000000','0','چک به شماره 268838 صادره از بانک سفته به نام حسام دهقاني-شرکت دنازيست آسيا به مبلغ  300000000 ريال ','NO',NULL,NULL,NULL),
 (634,3221,105,NULL,NULL,NULL,NULL,'300000000','0','چک به شماره 268839 صادره از بانک سفته به نام حسام دهقاني-شرکت دنازيست آسيا به مبلغ  300000000 ريال ','NO',NULL,NULL,NULL),
 (627,3222,109,NULL,NULL,NULL,NULL,'0','7','بابت دريافت 7 فقره چک به مبلغ کل  2600000000 بابت وام  شرکت دنا پارس آژند','NO',NULL,NULL,NULL),
 (634,3223,109,NULL,NULL,NULL,NULL,'0','7','بابت دريافت 7 فقره چک به مبلغ کل  2600000000 بابت وام  حسام دهقاني-شرکت دنازيست آسيا','NO',NULL,NULL,NULL),
 (627,3224,110,NULL,NULL,NULL,NULL,'0','2600000000','بابت دريافت 7 فقره چک به مبلغ کل  2600000000 بابت وام  شرکت دنا پارس آژند','NO',NULL,NULL,NULL),
 (634,3225,110,NULL,NULL,NULL,NULL,'0','2600000000','بابت دريافت 7 فقره چک به مبلغ کل  2600000000 بابت وام  حسام دهقاني-شرکت دنازيست آسيا','NO',NULL,NULL,NULL),
 (628,3226,125,1,1064,1,1002,'61535','0','اضافه شدن مبلغ به وام بابت کارمزد ','NO',NULL,NULL,NULL),
 (630,3227,125,1,1064,1,1002,'0','3410000',' پرداخت قسط  8 وام شماره 147','NO',NULL,NULL,NULL),
 (630,3228,125,1,1064,1,1002,'0','3410000',' پرداخت قسط  9 وام شماره 147','NO',NULL,NULL,NULL),
 (638,3229,125,1,1085,1,1002,'0','3400000',' پرداخت قسط  4 وام شماره 172','NO',NULL,NULL,NULL),
 (626,3230,125,1,1078,1,1003,'1000000000','0','پرداخت وام شماره  221 شرکت دنا پارس آژند','NO',NULL,NULL,NULL),
 (632,3231,125,1,1123,1,1003,'1000000000','0','پرداخت وام شماره  222 حسام دهقاني-شرکت دنازيست آسيا','NO',NULL,NULL,NULL),
 (637,3232,128,2,4,NULL,NULL,'0','2099902','کارمزد سود دوره اي اقساط وام 223 عليرضا سيديان عنبراني','NO',NULL,NULL,NULL),
 (625,3233,133,2,4,1,1002,'293284','0','بابت برگشت کارمزد سال 95ازسال جاري تسهيلات موسسه صهبا رسانه موعود ','NO',NULL,NULL,NULL),
 (625,3234,133,2,5,NULL,NULL,'0','293284','بابت برگشت کارمزد سال 95ازسال جاري تسهيلات موسسه صهبا رسانه موعود ','NO',NULL,NULL,NULL),
 (519,3235,155,NULL,NULL,NULL,NULL,'0','6650000000','واريز صندوق توسعه فناوري هاي نوين بابت قراردادسه جانبه 213به بانک ملي ','NO',NULL,NULL,NULL),
 (646,3236,1,NULL,NULL,NULL,NULL,'0','640808400','برداشت حساب پس انداز  -سود سپرده مهدوي و ابراهيمي','NO',NULL,NULL,NULL),
 (647,3237,1,NULL,NULL,NULL,NULL,'640808400','0',' واريز به سپرده کوتاه مدت شماره 2 سود سپرده مهدوي و ابراهيمي','NO',NULL,NULL,NULL),
 (633,3238,1,NULL,NULL,NULL,NULL,'1000000000','0','عملکرد صندوق درپرداخت تسهيلات نواوري وشکوفائي شرکت دنا زيست آسيا ','NO',NULL,NULL,NULL),
 (633,3239,1,NULL,NULL,NULL,NULL,'0','61715000','عملکرد صندوق درواريز قسط هوا خورشيد ازمحل حساب مرکز ','NO',NULL,NULL,NULL),
 (633,3240,1,NULL,NULL,NULL,NULL,'0','5600000','عملکرد صندوق درواريز قسط هوا خورشيد ازمحل حساب مرکز ','NO',NULL,NULL,NULL),
 (629,3241,1,NULL,NULL,NULL,NULL,'61535','0','عملکردصندوق دراضافه نمودن کارمزد به تسهيلات 147پارس شيمي ابتکار','NO',NULL,NULL,NULL),
 (629,3242,1,NULL,NULL,NULL,NULL,'100000000','0','عملکردصندوق دربرداشت ازحساتب پس اندازاتوماسيون اداري حسيب ','NO',NULL,NULL,NULL),
 (654,3243,1,NULL,NULL,NULL,NULL,'0','855000','پرداختي صندوق بابت هزينه هاي   ليست شماره 5','NO',NULL,NULL,NULL),
 (638,3244,2,3,1,NULL,NULL,'3400000','0','دريافت اقساط','NO',NULL,NULL,NULL),
 (639,3245,2,3,1,NULL,NULL,'83000000','0',' وصول چك 353702-94/06/25 دکتر مهدي نژاد نوري','NO',NULL,NULL,NULL),
 (641,3246,2,3,1,NULL,NULL,'107600000','0',' وصول چك 921487-94/06/18 دکتر مهدي نژاد نوري','NO',NULL,NULL,NULL),
 (643,3247,2,3,1,NULL,NULL,'413928000','0','واريزي حساب پس انداز  -سود سپرده مهدوي و ابراهيمي','NO',NULL,NULL,NULL),
 (644,3248,2,3,1,NULL,NULL,'9000000','0','واريزي حساب پس انداز  -سود سپرده مهدوي و ابراهيمي','NO',NULL,NULL,NULL),
 (645,3249,2,3,1,NULL,NULL,'27280400','0','واريزي حساب پس انداز  -سود سپرده مهدوي و ابراهيمي','NO',NULL,NULL,NULL),
 (648,3250,2,3,1,NULL,NULL,'3410000','0','دريافت اقساط','NO',NULL,NULL,NULL),
 (649,3251,2,3,1,NULL,NULL,'0','50000000',' برداشت از سپرده کوتاه مدت شماره 2 سود سپرده مهدوي و ابراهيمي','NO',NULL,NULL,NULL),
 (650,3252,2,3,1,NULL,NULL,'0','600000000',' برداشت از سپرده کوتاه مدت شماره 2 سود سپرده مهدوي و ابراهيمي','NO',NULL,NULL,NULL),
 (633,3253,2,3,1,NULL,NULL,'0','480000000','چک822310دروجه شرکت دنازيست آسيا بابت مرحله اول ','NO',NULL,NULL,NULL),
 (651,3254,2,3,1,NULL,NULL,'0','250000000','پرداخت وام شماره  224 شرکت کاوش صنعت توس به شماره چک 822314','NO',NULL,NULL,NULL),
 (653,3255,2,3,1,NULL,NULL,'12730000','0','دريافت اقساط','NO',NULL,NULL,NULL),
 (629,3256,2,3,1,NULL,NULL,'1013','0','واريزي شاپرک بحساب اقتصادنوين در94/06/25','NO',NULL,NULL,NULL),
 (633,3257,17,NULL,NULL,NULL,NULL,'61715000','0','واريز قسط هوا خورشيد ازمحل حساب مرکز ','NO',NULL,NULL,NULL),
 (633,3258,17,NULL,NULL,NULL,NULL,'5600000','0','واريز قسط هوا خورشيد ازمحل حساب مرکز ','NO',NULL,NULL,NULL),
 (633,3259,17,NULL,NULL,NULL,NULL,'0','10770728','انتقال بيمه سهم کارفرماومجري بحساب شعبه پارک جهت انتقال بحساب سازمان تامين اجتماعي ','NO',NULL,NULL,NULL),
 (629,3260,17,NULL,NULL,NULL,NULL,'0','100000000','چک 331054جهت برداشت ازحساب پس اندازاتوماسيون اداري حسيب ','NO',NULL,NULL,NULL),
 (654,3261,17,NULL,NULL,NULL,NULL,'0','2990685','بابت ماليات کارکنان صندوق درشهريور ماه 94بشرح ليست پيوست ','NO',NULL,NULL,NULL),
 (654,3262,17,NULL,NULL,NULL,NULL,'0','48708875','مانده حقوق کارکنان جهت پرداخت درشعبه مرکزي ','NO',NULL,NULL,NULL),
 (633,3263,28,1,1003,NULL,NULL,'500000000','0','پرداخت تسهيلات شرکت دنا زيست آسيا ازصندوق نوآوري وشکوفايي','NO',NULL,NULL,NULL),
 (633,3264,33,NULL,NULL,NULL,NULL,'0','500000000','پرداخت تسهيلات شرکت دنا زيست آسيا ازصندوق نوآوري وشکوفايي','NO',NULL,NULL,NULL),
 (653,3265,46,1,1155,NULL,NULL,'0','12730000',' پرداخت قسط  9 وام شماره 158','NO',NULL,NULL,NULL),
 (651,3266,55,1,1152,NULL,NULL,'250000000','0','پرداخت وام شماره  224 شرکت کاوش صنعت توس به شماره چک 822314','NO',NULL,NULL,NULL),
 (633,3267,62,NULL,NULL,NULL,NULL,'0','20000000','بابت کارمزد کسر شده ازشرکت دنازيست آسيا براساس 4%','NO',NULL,NULL,NULL),
 (633,3268,63,1,1003,NULL,NULL,'0','500000000','توديع باقيمانده تسهيلات نوآوري وشکوفائيشرکت دنازيست آسيا ','NO',NULL,NULL,NULL),
 (639,3269,65,1,1204,NULL,NULL,'0','83000000',' وصول چك 353702-94/06/25 دکتر مهدي نژاد نوري','NO',NULL,NULL,NULL),
 (641,3270,65,1,1204,NULL,NULL,'0','107600000',' وصول چك 921487-94/06/18 دکتر مهدي نژاد نوري','NO',NULL,NULL,NULL),
 (643,3271,65,1,1204,NULL,NULL,'0','413928000','واريزي حساب پس انداز  -سود سپرده مهدوي و ابراهيمي','NO',NULL,NULL,NULL),
 (644,3272,65,1,1204,NULL,NULL,'0','9000000','واريزي حساب پس انداز  -سود سپرده مهدوي و ابراهيمي','NO',NULL,NULL,NULL),
 (645,3273,65,1,1204,NULL,NULL,'0','27280400','واريزي حساب پس انداز  -سود سپرده مهدوي و ابراهيمي','NO',NULL,NULL,NULL),
 (646,3274,65,1,1204,NULL,NULL,'640808400','0','برداشت حساب پس انداز  -سود سپرده مهدوي و ابراهيمي','NO',NULL,NULL,NULL),
 (647,3275,66,1,1203,NULL,NULL,'0','640808400',' واريز به سپرده کوتاه مدت شماره 2 سود سپرده مهدوي و ابراهيمي','NO',NULL,NULL,NULL),
 (649,3276,66,1,1203,NULL,NULL,'50000000','0',' برداشت از سپرده کوتاه مدت شماره 2 سود سپرده مهدوي و ابراهيمي','NO',NULL,NULL,NULL),
 (650,3277,66,1,1203,NULL,NULL,'600000000','0',' برداشت از سپرده کوتاه مدت شماره 2 سود سپرده مهدوي و ابراهيمي','NO',NULL,NULL,NULL),
 (654,3278,72,NULL,NULL,NULL,NULL,'95000','0','بابت اياب ذهاب آقاي سيديان بشرح قبض پيوست ليست شماره 5','NO',NULL,NULL,NULL),
 (654,3279,72,NULL,NULL,NULL,NULL,'125000','0','بابت اياب ذهاب آقاي مروي  بشرح قبض پيوست ليست شماره5','NO',NULL,NULL,NULL),
 (654,3280,72,NULL,NULL,NULL,NULL,'60000','0','بابت اياب ذهاب آقاي مسرور   بشرح قبض پيوست ليست شماره5','NO',NULL,NULL,NULL),
 (654,3281,72,NULL,NULL,NULL,NULL,'170000','0','بابت رفت وبرگشت آقاي سيديان جهت امضاقرارداپارس بهبود آسيا','NO',NULL,NULL,NULL),
 (654,3282,73,NULL,NULL,NULL,NULL,'330000','0','پرداختي به آقاي رخي جهت نظافت شعبه دانشگاه ليست شماره 5','NO',NULL,NULL,NULL),
 (654,3283,83,NULL,NULL,NULL,NULL,'75000','0','بابت ارسال قراردادهاي پارس بهبود آسيا به تهران صندوق شکوفايي','NO',NULL,NULL,NULL),
 (633,3284,86,NULL,NULL,NULL,NULL,'10770728','0','انتقال بيمه سهم کارفرماومجري بحساب شعبه پارک جهت انتقال بحساب سازمان تامين اجتماعي ','NO',NULL,NULL,NULL),
 (654,3285,86,NULL,NULL,NULL,NULL,'0','3966794','بابت حق بيمه سهم کارفرماکارکنان صندوق در شهريور ماه 94بشرح ليست پيوست ','NO',NULL,NULL,NULL),
 (654,3286,86,NULL,NULL,NULL,NULL,'0','1207285','بابت حق بيمه سهم کارکنان صندوق در شهريور ماه 94بشرح ليست پيوست ','NO',NULL,NULL,NULL),
 (629,3287,98,2,4,NULL,NULL,'0','1013','واريزي شاپرک بحساب اقتصادنوين در94/06/25','NO',NULL,NULL,NULL),
 (652,3288,104,NULL,NULL,NULL,NULL,'1','0','چک به شماره سهام شرکت از صندوق صادره از بانک صندوق پزوهش به نام شرکت کاوش صنعت توس به مبلغ  25000000','NO',NULL,NULL,NULL),
 (652,3289,105,NULL,NULL,NULL,NULL,'250000000','0','چک به شماره سهام شرکت از صندوق صادره از بانک صندوق پزوهش به نام شرکت کاوش صنعت توس به مبلغ  25000000','NO',NULL,NULL,NULL),
 (640,3290,106,NULL,NULL,NULL,NULL,'0','1','چک به شماره 353702 صادره از بانک ملت-مرکز به مبلغ   به نام دکتر مهدي نژاد نوري 83000000 ريال ','NO',NULL,NULL,NULL),
 (642,3291,106,NULL,NULL,NULL,NULL,'0','1','چک به شماره 921487 صادره از بانک کشاورزي-مرکز به مبلغ   به نام دکتر مهدي نژاد نوري 107600000 ريال ','NO',NULL,NULL,NULL),
 (640,3292,107,NULL,NULL,NULL,NULL,'0','83000000','چک به شماره 353702 صادره از بانک ملت-مرکز به مبلغ   به نام دکتر مهدي نژاد نوري 83000000 ريال ','NO',NULL,NULL,NULL),
 (642,3293,107,NULL,NULL,NULL,NULL,'0','107600000','چک به شماره 921487 صادره از بانک کشاورزي-مرکز به مبلغ   به نام دکتر مهدي نژاد نوري 107600000 ريال ','NO',NULL,NULL,NULL),
 (652,3294,109,NULL,NULL,NULL,NULL,'0','1','بابت دريافت 1 فقره چک به مبلغ کل  250000000 بابت وام  شرکت کاوش صنعت توس','NO',NULL,NULL,NULL),
 (652,3295,110,NULL,NULL,NULL,NULL,'0','250000000','بابت دريافت 1 فقره چک به مبلغ کل  250000000 بابت وام  شرکت کاوش صنعت توس','NO',NULL,NULL,NULL),
 (640,3296,111,NULL,NULL,NULL,NULL,'1','0','بابت وصول شده  فقره چک به مبلغ کل  83000000','NO',NULL,NULL,NULL),
 (642,3297,111,NULL,NULL,NULL,NULL,'1','0','بابت وصول شده  فقره چک به مبلغ کل  107600000','NO',NULL,NULL,NULL),
 (640,3298,112,NULL,NULL,NULL,NULL,'83000000','0','بابت وصول شده  فقره چک به مبلغ کل  83000000','NO',NULL,NULL,NULL),
 (642,3299,112,NULL,NULL,NULL,NULL,'107600000','0','بابت وصول شده  فقره چک به مبلغ کل  107600000','NO',NULL,NULL,NULL),
 (654,3300,114,NULL,NULL,NULL,NULL,'3966794','0','بابت حق بيمه سهم کارفرماکارکنان صندوق در شهريور ماه 94بشرح ليست پيوست ','NO',NULL,NULL,NULL),
 (654,3301,115,NULL,NULL,NULL,NULL,'800000','0','بابت حق مسکن   کارکنان صندوق در شهريور ماه 94بشرح ليست پيوست ','NO',NULL,NULL,NULL),
 (654,3302,116,NULL,NULL,NULL,NULL,'2200000','0','بابت کمکهاي غيرنقدي  کارکنان صندوق در شهريور ماه 94بشرح ليست پيوست ','NO',NULL,NULL,NULL),
 (654,3303,117,NULL,NULL,NULL,NULL,'10173479','0','بابت اضافه کاري    کارکنان صندوق در شهريور ماه 94بشرح ليست پيوست ','NO',NULL,NULL,NULL),
 (654,3304,122,NULL,NULL,NULL,NULL,'3056413','0','بابت سنوات خدمت کارکنان صندوق در شهريور ماه 94بشرح ليست پيوست ','NO',NULL,NULL,NULL),
 (648,3305,125,1,1065,1,1002,'0','3410000',' پرداخت قسط  8 وام شماره 149','NO',NULL,NULL,NULL),
 (633,3306,128,2,4,NULL,NULL,'1354776','0','انتقال بحساب سود سالهاي آينده ','NO',NULL,NULL,NULL),
 (633,3307,128,2,5,NULL,NULL,'0','1002534','انتقال ازسود سال جاري تسهيلات 223آقاي سيديان ','NO',NULL,NULL,NULL),
 (633,3308,128,2,6,NULL,NULL,'0','352242','انتقال ازسود سال جاري تسهيلات 223آقاي سيديان ','NO',NULL,NULL,NULL),
 (629,3309,133,2,4,1,1002,'0','61535','بابت تفاوت کارمزد شرکت پارس شيمي ابتکارشماره 147','NO',NULL,NULL,NULL),
 (654,3310,149,NULL,NULL,NULL,NULL,'36676953','0','بابت حقوق کارکنان صندوق در شهريور ماه 94بشرح ليست پيوست ','NO',NULL,NULL,NULL),
 (655,3311,1,NULL,NULL,NULL,NULL,'0','890000','بابت هزينه هاي ماموريت آقاي شيباني بابت ماموريت بيرجند ','NO',NULL,NULL,NULL),
 (655,3312,1,NULL,NULL,NULL,NULL,'0','3735157','پرداختي دروجه آقاي مسرور بابت هزينه هاي ارائه شده بشرح ليست ودستور پيوست ','NO',NULL,NULL,NULL),
 (660,3313,1,NULL,NULL,NULL,NULL,'25000000','0','واريزي حساب پس انداز  -پارک علم و فناوري خراسان','NO',NULL,NULL,NULL),
 (661,3314,1,NULL,NULL,NULL,NULL,'2585000','0','دريافت اقساط','NO',NULL,NULL,NULL),
 (657,3315,1,NULL,NULL,NULL,NULL,'475000000','0','عملکرد صندوق درپرداخت تسهيلات داروسازي دکتر رجبي ','NO',NULL,NULL,NULL),
 (657,3316,1,NULL,NULL,NULL,NULL,'0','25000000','عملکرد صندوق درواريز حق نظارت داروسازي دکتررجبي ','NO',NULL,NULL,NULL),
 (657,3317,1,NULL,NULL,NULL,NULL,'0','2585000','عملکرد صندوق درپرداخت اقساط آقاي مسرور ازمحل حقوق شهريور ','NO',NULL,NULL,NULL),
 (665,3318,1,NULL,NULL,NULL,NULL,'5780000','0','دريافت اقساط','NO',NULL,NULL,NULL),
 (666,3319,1,NULL,NULL,NULL,NULL,'3400000','0','دريافت اقساط','NO',NULL,NULL,NULL),
 (668,3320,1,NULL,NULL,NULL,NULL,'1500000','0','دريافت اقساط','NO',NULL,NULL,NULL),
 (669,3321,1,NULL,NULL,NULL,NULL,'0','500000','برداشت حساب پس انداز  -مجيد جمشيديان مجاور','NO',NULL,NULL,NULL),
 (656,3322,2,3,1,NULL,NULL,'6180000','0','دريافت اقساط','NO',NULL,NULL,NULL),
 (657,3323,2,3,1,NULL,NULL,'0','456000000','چک822316دروجه شرکت داروسازي دکتر رجبي بابت تسهيلات تجاري سازي ','NO',NULL,NULL,NULL),
 (664,3324,2,3,1,NULL,NULL,'3340000','0','دريافت اقساط','NO',NULL,NULL,NULL),
 (670,3325,2,3,1,NULL,NULL,'6820000','0','دريافت اقساط','NO',NULL,NULL,NULL),
 (671,3326,2,3,1,NULL,NULL,'6700000','0','دريافت اقساط','NO',NULL,NULL,NULL),
 (655,3327,17,NULL,NULL,NULL,NULL,'0','9955540','چک 331058تجارت دروجه آقاي سيباني بابت حقوق مردادماه 94','NO',NULL,NULL,NULL),
 (657,3328,17,NULL,NULL,NULL,NULL,'2585000','0','حواله شعبه مرکزي جهت اقساط آقاي مسرور ','NO',NULL,NULL,NULL),
 (662,3329,19,NULL,NULL,NULL,NULL,'35606258','0','جمع سود شهريور ماه 94','NO',NULL,NULL,NULL),
 (661,3330,45,1,1180,NULL,NULL,'0','830000',' پرداخت قسط  20 وام شماره 132','NO',NULL,NULL,NULL),
 (661,3331,45,1,1180,NULL,NULL,'0','1755000',' پرداخت قسط  6 وام شماره 190','NO',NULL,NULL,NULL),
 (671,3332,46,1,1137,NULL,NULL,'0','1500000',' پرداخت قسط  21 وام شماره 17','NO',NULL,NULL,NULL),
 (671,3333,46,1,1005,NULL,NULL,'0','1400000',' پرداخت قسط  19 وام شماره 73','NO',NULL,NULL,NULL),
 (668,3334,46,1,1134,NULL,NULL,'0','1500000',' پرداخت قسط  16 وام شماره 9','NO',NULL,NULL,NULL),
 (671,3335,46,1,1024,NULL,NULL,'0','3800000',' پرداخت قسط  2 وام شماره 97','NO',NULL,NULL,NULL),
 (664,3336,47,1,1068,NULL,NULL,'0','1670000',' پرداخت قسط  9 وام شماره 154','NO',NULL,NULL,NULL),
 (664,3337,47,1,1069,NULL,NULL,'0','1670000',' پرداخت قسط  9 وام شماره 155','NO',NULL,NULL,NULL),
 (656,3338,48,1,1072,NULL,NULL,'0','6180000',' پرداخت قسط  3 وام شماره 157','NO',NULL,NULL,NULL),
 (662,3339,65,1,1002,NULL,NULL,'0','34491772','سود شهريور ماه 94','NO',NULL,NULL,NULL),
 (669,3340,65,1,1196,NULL,NULL,'500000','0','برداشت حساب پس انداز  -مجيد جمشيديان مجاور','NO',NULL,NULL,NULL),
 (662,3341,65,1,1204,NULL,NULL,'0','1114486','سود شهريور ماه 94','NO',NULL,NULL,NULL),
 (660,3342,65,1,1001,NULL,NULL,'0','25000000','واريزي حساب پس انداز  -پارک علم و فناوري خراسان','NO',NULL,NULL,NULL),
 (655,3343,71,NULL,NULL,NULL,NULL,'50000','0','بابت خريد cdتوسط آقاي مسرور بشرح لست پيوست ','NO',NULL,NULL,NULL),
 (655,3344,72,NULL,NULL,NULL,NULL,'220000','0','بابت اياب ذهاب آقاي مسرور بشرح قبوض صميمه ','NO',NULL,NULL,NULL),
 (655,3345,74,NULL,NULL,NULL,NULL,'320000','0','بابت غذا براي آقاي مسرور وشيباني روز94/6/31','NO',NULL,NULL,NULL),
 (655,3346,74,NULL,NULL,NULL,NULL,'300000','0','ميوه جلسه هيئت مديره ','NO',NULL,NULL,NULL),
 (655,3347,86,NULL,NULL,NULL,NULL,'663870','0','برگشت بيمه سهم شيباني جهت پرداخت به مسرور ','NO',NULL,NULL,NULL),
 (655,3348,86,NULL,NULL,NULL,NULL,'0','663870','بابت بيمه سهم مجري کسر شده  از آقاي شيباني درمدت کارکرد مردادماه 94','NO',NULL,NULL,NULL),
 (658,3349,104,NULL,NULL,NULL,NULL,'1','0','چک به شماره 1437/779034/62 صادره از بانک ملت به نام شرکت داروسازي دکتررجبي  به مبلغ  600000000 ريال ','NO',NULL,NULL,NULL),
 (658,3350,104,NULL,NULL,NULL,NULL,'1','0','چک به شماره 967582 صادره از بانک ملي به نام شرکت داروسازي دکتررجبي  به مبلغ  600000000 ريال ','NO',NULL,NULL,NULL),
 (658,3351,105,NULL,NULL,NULL,NULL,'600000000','0','چک به شماره 1437/779034/62 صادره از بانک ملت به نام شرکت داروسازي دکتررجبي  به مبلغ  600000000 ريال ','NO',NULL,NULL,NULL),
 (658,3352,105,NULL,NULL,NULL,NULL,'600000000','0','چک به شماره 967582 صادره از بانک ملي به نام شرکت داروسازي دکتررجبي  به مبلغ  600000000 ريال ','NO',NULL,NULL,NULL),
 (659,3353,106,NULL,NULL,NULL,NULL,'1','0','چک به شماره 779031 صادره از بانک ملت-مرکز به مبلغ  125000000 ريال ','NO',NULL,NULL,NULL),
 (659,3354,106,NULL,NULL,NULL,NULL,'1','0','چک به شماره 779032 صادره از بانک ملت-مرکز به مبلغ  125000000 ريال ','NO',NULL,NULL,NULL),
 (659,3355,106,NULL,NULL,NULL,NULL,'1','0','چک به شماره 779033 صادره از بانک ملت-مرکز به مبلغ  125000000 ريال ','NO',NULL,NULL,NULL),
 (659,3356,106,NULL,NULL,NULL,NULL,'1','0','چک به شماره 779030 صادره از بانک ملت-مرکز به مبلغ  125000000 ريال ','NO',NULL,NULL,NULL),
 (659,3357,107,NULL,NULL,NULL,NULL,'125000000','0','چک به شماره 779031 صادره از بانک ملت-مرکز به مبلغ  125000000 ريال ','NO',NULL,NULL,NULL),
 (659,3358,107,NULL,NULL,NULL,NULL,'125000000','0','چک به شماره 779032 صادره از بانک ملت-مرکز به مبلغ  125000000 ريال ','NO',NULL,NULL,NULL),
 (659,3359,107,NULL,NULL,NULL,NULL,'125000000','0','چک به شماره 779033 صادره از بانک ملت-مرکز به مبلغ  125000000 ريال ','NO',NULL,NULL,NULL),
 (659,3360,107,NULL,NULL,NULL,NULL,'125000000','0','چک به شماره 779030 صادره از بانک ملت-مرکز به مبلغ  125000000 ريال ','NO',NULL,NULL,NULL),
 (658,3361,109,NULL,NULL,NULL,NULL,'0','2','بابت دريافت 2 فقره چک به مبلغ کل  1200000000 بابت وام  شرکت داروسازي دکتررجبي ','NO',NULL,NULL,NULL),
 (658,3362,110,NULL,NULL,NULL,NULL,'0','1200000000','بابت دريافت 2 فقره چک به مبلغ کل  1200000000 بابت وام  شرکت داروسازي دکتررجبي ','NO',NULL,NULL,NULL),
 (659,3363,111,NULL,NULL,NULL,NULL,'0','4','بابت دريافت 4 فقره چک به مبلغ کل  500000000','NO',NULL,NULL,NULL),
 (659,3364,112,NULL,NULL,NULL,NULL,'0','500000000','بابت دريافت 4 فقره چک به مبلغ کل  500000000','NO',NULL,NULL,NULL),
 (655,3365,114,NULL,NULL,NULL,NULL,'2181287','0','بابت بيمه سهم کارفرما پرداختي توسط آقاي مسرور بشرح ليست ','NO',NULL,NULL,NULL),
 (655,3366,117,NULL,NULL,NULL,NULL,'1591633','0','بابت اضافه کاري 20ساعت مردادماه 94به تعدادايام کارکرد آقاي شيباني ','NO',NULL,NULL,NULL),
 (655,3367,122,NULL,NULL,NULL,NULL,'694444','0','بابت سنوات خدمت آقاي شيباني درمردادماه 94بمدت 20روز','NO',NULL,NULL,NULL),
 (655,3368,124,NULL,NULL,NULL,NULL,'890000','0','بابت هزينه هاي ماموريت آقاي شيباني بابت ماموريت بيرجند ','NO',NULL,NULL,NULL),
 (665,3369,125,1,1055,1,1002,'0','5780000',' پرداخت قسط  10 وام شماره 137','NO',NULL,NULL,NULL),
 (670,3370,125,1,1063,1,1002,'0','6820000',' پرداخت قسط  8 وام شماره 148','NO',NULL,NULL,NULL),
 (666,3371,125,1,1076,1,1002,'0','3400000',' پرداخت قسط  6 وام شماره 161','NO',NULL,NULL,NULL),
 (657,3372,128,2,4,NULL,NULL,'0','19000000','کارمزد 4%تسهيلات تجاري سازي دکتر رجبي ','NO',NULL,NULL,NULL),
 (657,3373,142,NULL,NULL,NULL,NULL,'0','475000000','بابت تسهيلات تجاري سازي دکتر رجبي ','NO',NULL,NULL,NULL),
 (655,3374,149,NULL,NULL,NULL,NULL,'8333333','0','بابت حقوق مردادماه 94به تعدادايام کارکرد آقاي شيباني ','NO',NULL,NULL,NULL),
 (657,3375,155,NULL,NULL,NULL,NULL,'500000000','0','بابت تسهيلات داروسازي دکتر رجبي ','NO',NULL,NULL,NULL),
 (673,3376,1,NULL,NULL,NULL,NULL,'0','1990000','بابت پرداخت ليست هزينه شماره 2','NO',NULL,NULL,NULL),
 (667,3377,1,NULL,NULL,NULL,NULL,'0','1517500','بابت پرداخت هزينه هاي فوق','NO',NULL,NULL,NULL),
 (674,3378,1,NULL,NULL,NULL,NULL,'1500000','0','دريافت اقساط','NO',NULL,NULL,NULL),
 (675,3379,1,NULL,NULL,NULL,NULL,'0','12737500','بابت پرداخت هزينه هاي فوق','NO',NULL,NULL,NULL),
 (677,3380,1,NULL,NULL,NULL,NULL,'0','3530000','پرداخت هزينه هاي مراسم آقاي سيديان و نهار آقاي شيباني','NO',NULL,NULL,NULL),
 (679,3381,1,NULL,NULL,NULL,NULL,'0','50000000','برداشت حساب پس انداز  -شرکت اتوماسيون اداري حسيب','NO',NULL,NULL,NULL),
 (680,3382,1,NULL,NULL,NULL,NULL,'0','50000000','برداشت حساب پس انداز  -شرکت اتوماسيون اداري حسيب','NO',NULL,NULL,NULL),
 (682,3383,1,NULL,NULL,NULL,NULL,'170000000','0','بابت وام شرکت اکسير گل سرخ','NO',NULL,NULL,NULL),
 (683,3384,1,NULL,NULL,NULL,NULL,'41096000','0','دريافت اقساط','NO',NULL,NULL,NULL),
 (681,3385,1,NULL,NULL,NULL,NULL,'100000000','0','عملکرد صندوق دربرداشت ازحساب اتوماسيون اداري حسيب دردومرحله ','NO',NULL,NULL,NULL),
 (681,3386,1,NULL,NULL,NULL,NULL,'0','4538000','عملکرد صندوق درواريز قسط پيشتاز نانو ','NO',NULL,NULL,NULL),
 (681,3387,1,NULL,NULL,NULL,NULL,'0','5600000','عملکرد صندوق درواريز قسط صنايع هواخورشيد بحساب مرکز ','NO',NULL,NULL,NULL),
 (681,3388,1,NULL,NULL,NULL,NULL,'0','15479000','عملکردصندوق درواريز قسطمسعودنوروزيان بحساب تجارت توسط مرکز دريافت شده ','NO',NULL,NULL,NULL),
 (681,3389,1,NULL,NULL,NULL,NULL,'0','170000000','عملکرد صندوق درواريز قسطاکسير گل سرخ بحساب تجارت توسط مرکز دريافت شده ','NO',NULL,NULL,NULL),
 (681,3390,1,NULL,NULL,NULL,NULL,'0','15479000','عملکردواريز قسطفريدون رهنماي رودپشتي بحساب تجارت توسط مرکز دريافت شده ','NO',NULL,NULL,NULL),
 (693,3391,1,NULL,NULL,NULL,NULL,'0','22000000','برداشت حساب پس انداز  -محمد طباطبايي. شرکت انگاره فيزيک','NO',NULL,NULL,NULL),
 (672,3392,2,3,1,NULL,NULL,'10000000','0','دريافت اقساط','NO',NULL,NULL,NULL),
 (676,3393,2,3,1,NULL,NULL,'271451000','0',' واريز به سپرده کوتاه مدت شماره 2 سود سپرده مهدوي و ابراهيمي','NO',NULL,NULL,NULL),
 (678,3394,2,3,1,NULL,NULL,'12384000','0','دريافت اقساط','NO',NULL,NULL,NULL),
 (684,3395,2,3,1,NULL,NULL,'50000000','0','دريافت اقساط','NO',NULL,NULL,NULL),
 (685,3396,2,3,1,NULL,NULL,'50000000','0','دريافت اقساط','NO',NULL,NULL,NULL),
 (687,3397,2,3,1,NULL,NULL,'5000000','0','دريافت اقساط','NO',NULL,NULL,NULL),
 (690,3398,2,3,1,NULL,NULL,'94148600','0',' واريز به سپرده کوتاه مدت شماره 2 سود سپرده مهدوي و ابراهيمي','NO',NULL,NULL,NULL),
 (692,3399,2,3,1,NULL,NULL,'10000000','0','واريزي حساب پس انداز  -محمد طباطبايي. شرکت انگاره فيزيک','NO',NULL,NULL,NULL),
 (681,3400,17,NULL,NULL,NULL,NULL,'4538000','0','واريز قسط پيشتلزنانو بحساب تجارت توسط مرکز دريافت شده ','NO',NULL,NULL,NULL),
 (681,3401,17,NULL,NULL,NULL,NULL,'15479000','0','واريز قسطفريدون رهنماي رودپشتي بحساب تجارت توسط مرکز دريافت شده ','NO',NULL,NULL,NULL),
 (681,3402,17,NULL,NULL,NULL,NULL,'15479000','0','واريز قسطمسعودنوروزيان بحساب تجارت توسط مرکز دريافت شده ','NO',NULL,NULL,NULL),
 (681,3403,17,NULL,NULL,NULL,NULL,'170000000','0','واريز قسطاکسير گل سرخ بحساب تجارت توسط مرکز دريافت شده ','NO',NULL,NULL,NULL),
 (681,3404,17,NULL,NULL,NULL,NULL,'5600000','0','واريز قسطصنايع هواخورشيد بحساب تجارت توسط مرکز دريافت شده ','NO',NULL,NULL,NULL),
 (681,3405,17,NULL,NULL,NULL,NULL,'0','50000000','چک331062دروجه اتوماسيون اداري حسيب توسط مرکز','NO',NULL,NULL,NULL),
 (681,3406,17,NULL,NULL,NULL,NULL,'0','50000000','چک331060دروجه اتوماسيون اداري حسيب توسط مرکز','NO',NULL,NULL,NULL),
 (672,3407,46,1,1020,NULL,NULL,'0','5000000',' پرداخت قسط  2 وام شماره 126','NO',NULL,NULL,NULL),
 (672,3408,46,1,1053,NULL,NULL,'0','5000000',' پرداخت قسط  2 وام شماره 134','NO',NULL,NULL,NULL),
 (683,3409,46,1,1054,NULL,NULL,'0','5600000',' پرداخت قسط  7 وام شماره 178','NO',NULL,NULL,NULL);
INSERT INTO `ACC_DocItems` (`DocID`,`ItemID`,`CostID`,`TafsiliType`,`TafsiliID`,`TafsiliType2`,`TafsiliID2`,`DebtorAmount`,`CreditorAmount`,`details`,`locked`,`SourceType`,`SourceID`,`SourceID2`) VALUES 
 (674,3410,46,1,1134,NULL,NULL,'0','1500000',' پرداخت قسط  17 وام شماره 9','NO',NULL,NULL,NULL),
 (687,3411,48,1,1136,NULL,NULL,'0','5000000',' پرداخت قسط  8 وام شماره 15','NO',NULL,NULL,NULL),
 (684,3412,48,1,1086,NULL,NULL,'0','50000000',' پرداخت قسط  3 وام شماره 173','NO',NULL,NULL,NULL),
 (685,3413,48,1,1086,NULL,NULL,'0','50000000',' پرداخت قسط  4 وام شماره 173','NO',NULL,NULL,NULL),
 (683,3414,48,1,1096,NULL,NULL,'0','15479000',' پرداخت قسط  1 وام شماره 192','NO',NULL,NULL,NULL),
 (683,3415,48,1,1097,NULL,NULL,'0','15479000',' پرداخت قسط  1 وام شماره 193','NO',NULL,NULL,NULL),
 (678,3416,48,1,1087,NULL,NULL,'0','12384000',' پرداخت قسط  1 وام شماره 195','NO',NULL,NULL,NULL),
 (682,3417,50,1,1062,NULL,NULL,'0','170000000','بابت وام شرکت اکسير گل سرخ','NO',NULL,NULL,NULL),
 (692,3418,65,NULL,NULL,NULL,NULL,'0','10000000','واريزي حساب پس انداز  -محمد طباطبايي. شرکت انگاره فيزيک','NO',NULL,NULL,NULL),
 (679,3419,65,1,1100,NULL,NULL,'50000000','0','برداشت حساب پس انداز  -شرکت اتوماسيون اداري حسيب','NO',NULL,NULL,NULL),
 (680,3420,65,1,1100,NULL,NULL,'50000000','0','برداشت حساب پس انداز  -شرکت اتوماسيون اداري حسيب','NO',NULL,NULL,NULL),
 (676,3421,66,1,1203,NULL,NULL,'0','271451000',' واريز به سپرده کوتاه مدت شماره 2 سود سپرده مهدوي و ابراهيمي','NO',NULL,NULL,NULL),
 (690,3422,66,1,1203,NULL,NULL,'0','94148600',' واريز به سپرده کوتاه مدت شماره 2 سود سپرده مهدوي و ابراهيمي','NO',NULL,NULL,NULL),
 (673,3423,72,NULL,NULL,NULL,NULL,'520000','0','بابت 3 فاکتور هزينه اياب و ذهاب','NO',NULL,NULL,NULL),
 (667,3424,72,NULL,NULL,NULL,NULL,'80000','0','اياب و ذهاب آقاي سيديان','NO',NULL,NULL,NULL),
 (675,3425,72,NULL,NULL,NULL,NULL,'490000','0','بابت 4 مورد اياب و ذهاب','NO',NULL,NULL,NULL),
 (673,3426,73,NULL,NULL,NULL,NULL,'605000','0','پرداختي به سعيد رخي بابت نظافت روز پنج شنبه','NO',NULL,NULL,NULL),
 (667,3427,73,NULL,NULL,NULL,NULL,'357500','0','بابت همکاري سعيد رخي روز 31 شهريور به مدت 6.5 ساعت','NO',NULL,NULL,NULL),
 (675,3428,73,NULL,NULL,NULL,NULL,'632500','0','بابت پرداختي به آقاي رخي جهت نظافت روز پنج شنبه 16 مهر','NO',NULL,NULL,NULL),
 (673,3429,74,NULL,NULL,NULL,NULL,'565000','0','بابت هزينه پذيرايي صبحانه ','NO',NULL,NULL,NULL),
 (673,3430,74,NULL,NULL,NULL,NULL,'300000','0','بابت نهار روز يکشنبه','NO',NULL,NULL,NULL),
 (667,3431,74,NULL,NULL,NULL,NULL,'1080000','0','پذيرايي نهار 4 روز ','NO',NULL,NULL,NULL),
 (675,3432,74,NULL,NULL,NULL,NULL,'720000','0','بابت 3 وعده نهار پرسنل ','NO',NULL,NULL,NULL),
 (675,3433,74,NULL,NULL,NULL,NULL,'895000','0','بابت خريد ليوان ، اسکاچ، نبات، آب معدني و ميوه. 5 فاکتور','NO',NULL,NULL,NULL),
 (677,3434,74,NULL,NULL,NULL,NULL,'130000','0','بابت هزينه نهار آقاي شيباني روز شنبه','NO',NULL,NULL,NULL),
 (677,3435,78,NULL,NULL,NULL,NULL,'2600000','0','بابت خريد ربع سکه بهارآزادي براي مراسم آقاي سيديان','NO',NULL,NULL,NULL),
 (677,3436,78,NULL,NULL,NULL,NULL,'800000','0','بابت خريد سبد گل جهت مراسم آقاي سيديان','NO',NULL,NULL,NULL),
 (675,3437,82,NULL,NULL,NULL,NULL,'10000000','0','پرداختي به صورت علي الحساب به آقاي سالاري بابت اگهي مجمع ','NO',NULL,NULL,NULL),
 (682,3438,104,NULL,NULL,NULL,NULL,'0','1','چک به شماره 398287 صادره از بانک کشاورزي به نام شر','NO',NULL,NULL,NULL),
 (682,3439,105,NULL,NULL,NULL,NULL,'0','170000000','چک به شماره 398287 صادره از بانک کشاورزي به نام شر','NO',NULL,NULL,NULL),
 (688,3440,106,NULL,NULL,NULL,NULL,'0','1','چک به شماره 375193 صادره از بانک صادرات-مرکز به مبلغ   به نام دکتر مهدي نژاد نوري 271451000 ريال ','NO',NULL,NULL,NULL),
 (689,3441,106,NULL,NULL,NULL,NULL,'0','1','چک به شماره 375198 صادره از بانک صادرات-مرکز به مبلغ   به نام دکتر مهدي نژاد نوري 94148600 ريال ','NO',NULL,NULL,NULL),
 (688,3442,107,NULL,NULL,NULL,NULL,'0','271451000','چک به شماره 375193 صادره از بانک صادرات-مرکز به مبلغ   به نام دکتر مهدي نژاد نوري 271451000 ريال ','NO',NULL,NULL,NULL),
 (689,3443,107,NULL,NULL,NULL,NULL,'0','94148600','چک به شماره 375198 صادره از بانک صادرات-مرکز به مبلغ   به نام دکتر مهدي نژاد نوري 94148600 ريال ','NO',NULL,NULL,NULL),
 (682,3444,109,NULL,NULL,NULL,NULL,'1','0','بابت برگشت  يک فقره چک به مبلغ کل  170000000 بابت ','NO',NULL,NULL,NULL),
 (682,3445,110,NULL,NULL,NULL,NULL,'170000000','0','بابت برگشت  يک فقره چک به مبلغ کل  170000000 بابت ','NO',NULL,NULL,NULL),
 (688,3446,111,NULL,NULL,NULL,NULL,'1','0','بابت وصول شده  فقره چک به مبلغ کل  271451000','NO',NULL,NULL,NULL),
 (689,3447,111,NULL,NULL,NULL,NULL,'1','0','بابت وصول شده  فقره چک به مبلغ کل  94148600','NO',NULL,NULL,NULL),
 (688,3448,112,NULL,NULL,NULL,NULL,'271451000','0','بابت وصول شده  فقره چک به مبلغ کل  271451000','NO',NULL,NULL,NULL),
 (689,3449,112,NULL,NULL,NULL,NULL,'94148600','0','بابت وصول شده  فقره چک به مبلغ کل  94148600','NO',NULL,NULL,NULL),
 (683,3450,125,1,1081,1,1002,'0','4538000',' پرداخت قسط  4 وام شماره 186','NO',NULL,NULL,NULL),
 (694,3451,1,NULL,NULL,NULL,NULL,'24000000','0','واريزي حساب پس انداز  -پارک علم و فناوري خراسان','NO',NULL,NULL,NULL),
 (691,3452,1,NULL,NULL,NULL,NULL,'475000000','0','عملکردصندوق درپرداخت تسهيلات شرکت انگاره فيزيک صندوق توسعه فناوريهاي نوين ','NO',NULL,NULL,NULL),
 (691,3453,1,NULL,NULL,NULL,NULL,'22000000','0','عملکرد صندوق دربرداشت ازحساب انگاره فيزيک ','NO',NULL,NULL,NULL),
 (691,3454,1,NULL,NULL,NULL,NULL,'0','24000000','برداشت حق نظارت پارک 5%بابت تسهيلات شرکت انگاره فيزيک ','NO',NULL,NULL,NULL),
 (696,3455,1,NULL,NULL,NULL,NULL,'11551000','0',' واريز به سپرده کوتاه مدت شماره 1 دانشگاه فردوسي مشهد','NO',NULL,NULL,NULL),
 (697,3456,1,NULL,NULL,NULL,NULL,'11560000','0',' واريز به سپرده کوتاه مدت شماره 1 دانشگاه فردوسي مشهد','NO',NULL,NULL,NULL),
 (698,3457,1,NULL,NULL,NULL,NULL,'6758465','0',' واريز به سپرده کوتاه مدت شماره 1 دانشگاه فردوسي مشهد','NO',NULL,NULL,NULL),
 (699,3458,1,NULL,NULL,NULL,NULL,'6820000','0',' واريز به سپرده کوتاه مدت شماره 1 دانشگاه فردوسي مشهد','NO',NULL,NULL,NULL),
 (700,3459,1,NULL,NULL,NULL,NULL,'3410000','0',' واريز به سپرده کوتاه مدت شماره 1 دانشگاه فردوسي مشهد','NO',NULL,NULL,NULL),
 (701,3460,1,NULL,NULL,NULL,NULL,'6810000','0',' واريز به سپرده کوتاه مدت شماره 1 دانشگاه فردوسي مشهد','NO',NULL,NULL,NULL),
 (702,3461,1,NULL,NULL,NULL,NULL,'3400000','0',' واريز به سپرده کوتاه مدت شماره 1 دانشگاه فردوسي مشهد','NO',NULL,NULL,NULL),
 (703,3462,1,NULL,NULL,NULL,NULL,'9076000','0',' واريز به سپرده کوتاه مدت شماره 1 دانشگاه فردوسي مشهد','NO',NULL,NULL,NULL),
 (704,3463,1,NULL,NULL,NULL,NULL,'0','30628465',' برداشت از سپرده کوتاه مدت شماره 1 دانشگاه فردوسي مشهد','NO',NULL,NULL,NULL),
 (686,3464,1,NULL,NULL,NULL,NULL,'30628465','0','عملکردصندوق دربرداشت ازسپرده دانشگاه بابت تسهيلات صهبارسانه موعود','NO',NULL,NULL,NULL),
 (686,3465,1,NULL,NULL,NULL,NULL,'0','11551000','عملکردصندوق درواريزقسط حسام دهقاني به سپرده دانشگاه فردوسي ','NO',NULL,NULL,NULL),
 (686,3466,1,NULL,NULL,NULL,NULL,'0','11560000','عملکردصندوق درواريزقسط تجهيزگستر پاژ به سپرده دانشگاه فردوسي ','NO',NULL,NULL,NULL),
 (686,3467,1,NULL,NULL,NULL,NULL,'0','6758465','عملکردصندوق درواريزقسط پارس شيمي ابتکارگستر به سپرده دانشگاه فردوسي ','NO',NULL,NULL,NULL),
 (686,3468,1,NULL,NULL,NULL,NULL,'0','6820000','عملکردصندوق درواريزقسط داده کاوي پرهون  به سپرده دانشگاه فردوسي ','NO',NULL,NULL,NULL),
 (686,3469,1,NULL,NULL,NULL,NULL,'0','3410000','عملکردصندوق درواريزقسط فراانديشان رشدخراسان  به سپرده دانشگاه فردوسي ','NO',NULL,NULL,NULL),
 (686,3470,1,NULL,NULL,NULL,NULL,'0','19286000','عملکردصندوق درواريزقسط اميدصفري وبسپارپايش ونانوفناورتوس  به سپرده دانشگاه فردوسي ','NO',NULL,NULL,NULL),
 (705,3471,1,NULL,NULL,NULL,NULL,'0','475000000','پرداخت وام شماره  226 محمد طباطبايي. شرکت انگاره فيزيک','NO',NULL,NULL,NULL),
 (663,3472,1,NULL,NULL,NULL,NULL,'0','475000000','پرداخت وام شماره  225 شرکت داروسازي دکتررجبي ','NO',NULL,NULL,NULL),
 (706,3473,1,NULL,NULL,NULL,NULL,'0','2300000000','پرداخت وام شماره  227 ايستاارتباط کاوشگر','NO',NULL,NULL,NULL),
 (707,3474,1,NULL,NULL,NULL,NULL,'0','7500000000','پرداخت وام شماره  228 پارس بهبود آسيا','NO',NULL,NULL,NULL),
 (691,3475,2,3,1,NULL,NULL,'0','250000000','چک 822317دروجه شرکت انگاره فيزيک بابت تسهيلات تجاري سازي ','NO',NULL,NULL,NULL),
 (686,3476,2,3,1,NULL,NULL,'500000000','0','واريزي صندوق نوآوري وشکوفائي بحساب جهت پرداخت تسهيلات کارگزاري ','NO',NULL,NULL,NULL),
 (686,3477,2,3,1,NULL,NULL,'37307510','0','واريزي بانک اقتصاد نوين بابت سود علي الحساب ','NO',NULL,NULL,NULL),
 (686,3478,2,3,1,NULL,NULL,'6540000000','0','واريزي صندوق نوآوري وشکوفائي بحساب جهت پرداخت تسهيلات کارگزاري ','NO',NULL,NULL,NULL),
 (686,3479,28,1,1003,NULL,NULL,'0','6540000000','واريزي صندوق نوآوري وشکوفائي بحساب جهت پرداخت تسهيلات کارگزاري ','NO',NULL,NULL,NULL),
 (686,3480,28,1,1003,NULL,NULL,'0','500000000','واريزي صندوق نوآوري وشکوفائي بحساب جهت پرداخت تسهيلات کارگزاري ','NO',NULL,NULL,NULL),
 (663,3481,54,1,1104,NULL,NULL,'475000000','0','پرداخت وام شماره  225 شرکت داروسازي دکتررجبي ','NO',NULL,NULL,NULL),
 (705,3482,54,1,1016,NULL,NULL,'475000000','0','پرداخت وام شماره  226 محمد طباطبايي. شرکت انگاره فيزيک','NO',NULL,NULL,NULL),
 (691,3483,64,NULL,NULL,NULL,NULL,'0','237500000','توديع 50%ازتسهيلات شرکت انگاره فيزيک بدون کسرکارمزد4%','NO',NULL,NULL,NULL),
 (693,3484,65,NULL,NULL,NULL,NULL,'22000000','0','برداشت حساب پس انداز  -محمد طباطبايي. شرکت انگاره فيزيک','NO',NULL,NULL,NULL),
 (694,3485,65,1,1001,NULL,NULL,'0','24000000','واريزي حساب پس انداز  -پارک علم و فناوري خراسان','NO',NULL,NULL,NULL),
 (696,3486,66,1,1002,NULL,NULL,'0','11551000',' واريز به سپرده کوتاه مدت شماره 1 دانشگاه فردوسي مشهد','NO',NULL,NULL,NULL),
 (697,3487,66,1,1002,NULL,NULL,'0','11560000',' واريز به سپرده کوتاه مدت شماره 1 دانشگاه فردوسي مشهد','NO',NULL,NULL,NULL),
 (698,3488,66,1,1002,NULL,NULL,'0','6758465',' واريز به سپرده کوتاه مدت شماره 1 دانشگاه فردوسي مشهد','NO',NULL,NULL,NULL),
 (699,3489,66,1,1002,NULL,NULL,'0','6820000',' واريز به سپرده کوتاه مدت شماره 1 دانشگاه فردوسي مشهد','NO',NULL,NULL,NULL),
 (700,3490,66,1,1002,NULL,NULL,'0','3410000',' واريز به سپرده کوتاه مدت شماره 1 دانشگاه فردوسي مشهد','NO',NULL,NULL,NULL),
 (701,3491,66,1,1002,NULL,NULL,'0','6810000',' واريز به سپرده کوتاه مدت شماره 1 دانشگاه فردوسي مشهد','NO',NULL,NULL,NULL),
 (702,3492,66,1,1002,NULL,NULL,'0','3400000',' واريز به سپرده کوتاه مدت شماره 1 دانشگاه فردوسي مشهد','NO',NULL,NULL,NULL),
 (703,3493,66,1,1002,NULL,NULL,'0','9076000',' واريز به سپرده کوتاه مدت شماره 1 دانشگاه فردوسي مشهد','NO',NULL,NULL,NULL),
 (704,3494,66,1,1002,NULL,NULL,'30628465','0',' برداشت از سپرده کوتاه مدت شماره 1 دانشگاه فردوسي مشهد','NO',NULL,NULL,NULL),
 (686,3495,88,1,1002,NULL,NULL,'0','30628465','برداشت ازسپرده دانشگاه بابت تسهيلات صهبارسانه موعود','NO',NULL,NULL,NULL),
 (686,3496,88,1,1002,NULL,NULL,'11551000','0','واريزقسط حسام دهقاني به سپرده دانشگاه فردوسي ','NO',NULL,NULL,NULL),
 (686,3497,88,1,1002,NULL,NULL,'11560000','0','واريزقسط تجهيزگستر پاژ به سپرده دانشگاه فردوسي ','NO',NULL,NULL,NULL),
 (686,3498,88,1,1002,NULL,NULL,'6758465','0','واريزقسط پارس شيمي ابتکارگستر به سپرده دانشگاه فردوسي ','NO',NULL,NULL,NULL),
 (686,3499,88,1,1002,NULL,NULL,'6820000','0','واريزقسط داده کاوي پرهون  به سپرده دانشگاه فردوسي ','NO',NULL,NULL,NULL),
 (686,3500,88,1,1002,NULL,NULL,'3410000','0','واريزقسط فراانديشان رشدخراسان  به سپرده دانشگاه فردوسي ','NO',NULL,NULL,NULL),
 (686,3501,88,1,1002,NULL,NULL,'19286000','0','واريزقسط اميدصفري وبسپارپايش ونانوفناورتوس  به سپرده دانشگاه فردوسي ','NO',NULL,NULL,NULL),
 (686,3502,96,2,4,NULL,NULL,'0','37307510','واريزي بانک اقتصاد نوين بابت سود علي الحساب ','NO',NULL,NULL,NULL),
 (695,3503,104,NULL,NULL,NULL,NULL,'1','0','چک به شماره 484857 صادره از بانک سفته به نام محمد طباطبايي. شرکت انگاره فيزيک به مبلغ  300000000 ريا','NO',NULL,NULL,NULL),
 (695,3504,104,NULL,NULL,NULL,NULL,'1','0','چک به شماره 1950720 صادره از بانک توسعه تعاون به نام محمد طباطبايي. شرکت انگاره فيزيک به مبلغ  60000','NO',NULL,NULL,NULL),
 (695,3505,104,NULL,NULL,NULL,NULL,'1','0','چک به شماره 0692972 صادره از بانک سفته به نام محمد طباطبايي. شرکت انگاره فيزيک به مبلغ  100000000 ري','NO',NULL,NULL,NULL),
 (695,3506,104,NULL,NULL,NULL,NULL,'1','0','چک به شماره 484846 صادره از بانک سفته به نام محمد طباطبايي. شرکت انگاره فيزيک به مبلغ  300000000 ريا','NO',NULL,NULL,NULL),
 (709,3507,104,NULL,NULL,NULL,NULL,'1','0','چک به شماره 20090 صادره از بانک دفتراسناد110مشهد به نام ايستاارتباط کاوشگر به مبلغ  2600000000 ريال ','NO',NULL,NULL,NULL),
 (709,3508,104,NULL,NULL,NULL,NULL,'1','0','چک به شماره 370395 صادره از بانک ملي به نام ايستاارتباط کاوشگر به مبلغ  192000000 ريال ','NO',NULL,NULL,NULL),
 (709,3509,104,NULL,NULL,NULL,NULL,'1','0','چک به شماره 539279 صادره از بانک سفته به نام ايستاارتباط کاوشگر به مبلغ  100000000 ريال ','NO',NULL,NULL,NULL),
 (709,3510,104,NULL,NULL,NULL,NULL,'1','0','چک به شماره 539280 صادره از بانک سفته به نام ايستاارتباط کاوشگر به مبلغ  100000000 ريال ','NO',NULL,NULL,NULL),
 (695,3511,105,NULL,NULL,NULL,NULL,'300000000','0','چک به شماره 484857 صادره از بانک سفته به نام محمد طباطبايي. شرکت انگاره فيزيک به مبلغ  300000000 ريا','NO',NULL,NULL,NULL),
 (695,3512,105,NULL,NULL,NULL,NULL,'600000000','0','چک به شماره 1950720 صادره از بانک توسعه تعاون به نام محمد طباطبايي. شرکت انگاره فيزيک به مبلغ  60000','NO',NULL,NULL,NULL),
 (695,3513,105,NULL,NULL,NULL,NULL,'100000000','0','چک به شماره 0692972 صادره از بانک سفته به نام محمد طباطبايي. شرکت انگاره فيزيک به مبلغ  100000000 ري','NO',NULL,NULL,NULL),
 (695,3514,105,NULL,NULL,NULL,NULL,'300000000','0','چک به شماره 484846 صادره از بانک سفته به نام محمد طباطبايي. شرکت انگاره فيزيک به مبلغ  300000000 ريا','NO',NULL,NULL,NULL),
 (709,3515,105,NULL,NULL,NULL,NULL,'2600000000','0','چک به شماره 20090 صادره از بانک دفتراسناد110مشهد به نام ايستاارتباط کاوشگر به مبلغ  2600000000 ريال ','NO',NULL,NULL,NULL),
 (709,3516,105,NULL,NULL,NULL,NULL,'192000000','0','چک به شماره 370395 صادره از بانک ملي به نام ايستاارتباط کاوشگر به مبلغ  192000000 ريال ','NO',NULL,NULL,NULL),
 (709,3517,105,NULL,NULL,NULL,NULL,'100000000','0','چک به شماره 539279 صادره از بانک سفته به نام ايستاارتباط کاوشگر به مبلغ  100000000 ريال ','NO',NULL,NULL,NULL),
 (709,3518,105,NULL,NULL,NULL,NULL,'100000000','0','چک به شماره 539280 صادره از بانک سفته به نام ايستاارتباط کاوشگر به مبلغ  100000000 ريال ','NO',NULL,NULL,NULL),
 (695,3519,109,NULL,NULL,NULL,NULL,'0','4','بابت دريافت 4 فقره چک به مبلغ کل  1300000000 بابت وام  محمد طباطبايي. شرکت انگاره فيزيک','NO',NULL,NULL,NULL),
 (709,3520,109,NULL,NULL,NULL,NULL,'0','4','بابت دريافت 4 فقره چک به مبلغ کل  2992000000 بابت وام  ايستاارتباط کاوشگر','NO',NULL,NULL,NULL),
 (695,3521,110,NULL,NULL,NULL,NULL,'0','1300000000','بابت دريافت 4 فقره چک به مبلغ کل  1300000000 بابت وام  محمد طباطبايي. شرکت انگاره فيزيک','NO',NULL,NULL,NULL),
 (709,3522,110,NULL,NULL,NULL,NULL,'0','2992000000','بابت دريافت 4 فقره چک به مبلغ کل  2992000000 بابت وام  ايستاارتباط کاوشگر','NO',NULL,NULL,NULL),
 (706,3523,125,1,1119,1,1003,'2300000000','0','پرداخت وام شماره  227 ايستاارتباط کاوشگر','NO',NULL,NULL,NULL),
 (707,3524,125,1,1120,1,1003,'7500000000','0','پرداخت وام شماره  228 پارس بهبود آسيا','NO',NULL,NULL,NULL),
 (691,3525,128,2,4,NULL,NULL,'0','1000000','بابت 4%از5%حق نظارت سهم صندوق ','NO',NULL,NULL,NULL),
 (691,3526,128,2,4,NULL,NULL,'0','9500000','بابت کارمزد 4%سهم صندوق از50%تسهيلات انگاره فيزيک ','NO',NULL,NULL,NULL),
 (691,3527,142,NULL,NULL,NULL,NULL,'0','475000000','پرداخت تسهيلات شرکت انگاره فيزيک ازمحل قراردادسه جانبه ','NO',NULL,NULL,NULL),
 (691,3528,144,NULL,NULL,NULL,NULL,'170000000','0','برگشت قسط واريزي شرکت اکسير گل سرخ ','NO',NULL,NULL,NULL),
 (691,3529,145,NULL,NULL,NULL,NULL,'0','170000000',' قسط واريزي شرکت اکسير گل سرخ جهت ارسال به حساب تهران ','NO',NULL,NULL,NULL),
 (691,3530,155,NULL,NULL,NULL,NULL,'500000000','0','بابت برداشت تسهيلات شرکت انگاره فيزيک ازمحل قراردادسه جانبه وواريزي صندوق نوآوري وشکوفائي  ','NO',NULL,NULL,NULL),
 (708,3531,1,NULL,NULL,NULL,NULL,'2300000000','0','عملکرد صندوق درپرداخت تسهيلات 227ايستاارتباط کاوشگر ','NO',NULL,NULL,NULL),
 (708,3532,1,NULL,NULL,NULL,NULL,'7500000000','0','عملکرد صندوق درپرداخت تسهيلات228پارس بهبود آسيا ','NO',NULL,NULL,NULL),
 (711,3533,1,NULL,NULL,NULL,NULL,'500000','0','افتتاح حساب پس انداز','NO',NULL,NULL,NULL),
 (715,3534,1,NULL,NULL,NULL,NULL,'340000000','0','بابت وام پايش بسامد پارسا','NO',NULL,NULL,NULL),
 (716,3535,1,NULL,NULL,NULL,NULL,'0','688310','اضافه شدن مبلغ به وام بابت کارمزد ','NO',NULL,NULL,NULL),
 (717,3536,1,NULL,NULL,NULL,NULL,'81544977','0','دريافت اقساط','NO',NULL,NULL,NULL),
 (714,3537,1,NULL,NULL,NULL,NULL,'0','340000000','عملکرد صندوق درواريز قسط شرکت پايش بسامد بحساب مرکز ','NO',NULL,NULL,NULL),
 (714,3538,1,NULL,NULL,NULL,NULL,'688310','0','عملکرد صندوق دراضافه نمودن کارمزد بحساب وام 119شرکت دنا زيست ','NO',NULL,NULL,NULL),
 (714,3539,1,NULL,NULL,NULL,NULL,'0','81544977','عملکرد صندوق درواريز بدهي تسهيلات 119شرکت دنازيست بحساب مرکزطي چک 835263','NO',NULL,NULL,NULL),
 (718,3540,1,NULL,NULL,NULL,NULL,'350000000','0','واريزي حساب پس انداز  -شرکت اتوماسيون اداري حسيب','NO',NULL,NULL,NULL),
 (721,3541,1,NULL,NULL,NULL,NULL,'80856667','0',' واريز به سپرده کوتاه مدت شماره 1 دانشگاه فردوسي مشهد','NO',NULL,NULL,NULL),
 (722,3542,1,NULL,NULL,NULL,NULL,'0','320000000',' برداشت از سپرده کوتاه مدت شماره 2 سود سپرده مهدوي و ابراهيمي','NO',NULL,NULL,NULL),
 (719,3543,1,NULL,NULL,NULL,NULL,'10000000','0','چک822322جهت تامين پرداختيهاي صندوق ','NO',NULL,NULL,NULL),
 (719,3544,1,NULL,NULL,NULL,NULL,'320000000','0','عملکرد صندوق دربرداشت ازحساب سپرده ابراهيمي حواله رمضان حسين زاده توسط مرکز','NO',NULL,NULL,NULL),
 (719,3545,1,NULL,NULL,NULL,NULL,'0','350000000','عملکردصندوق درواريزفيش 815876اتوماسيون اداري حسيب بحساب بانک تجارت ','NO',NULL,NULL,NULL),
 (719,3546,1,NULL,NULL,NULL,NULL,'0','80856667','عملکردصندوق درواريز شرکت دنازيست بحساب سپرده پارک ','NO',NULL,NULL,NULL),
 (708,3547,2,3,1,NULL,NULL,'0','3750000000','چک شماره 822320دروجه شرکت پارس بهبود آسيا  بموجب رونوشت نامه 94/5/003174صندوق نوآوري وشکوفائي ','NO',NULL,NULL,NULL),
 (708,3548,2,3,1,NULL,NULL,'0','1150000000','چک شماره 822321دروجه شرکت ايستا ارتباط کاوشگر بموجب رونوشت نامه 94/5/003174صندوق نوآوري وشکوفائي ','NO',NULL,NULL,NULL),
 (708,3549,2,3,1,NULL,NULL,'0','460000000','چک 822318دروجه شرکت پايا فناوران فردوسي بموجب رونوشت نامه 94/5/002981','NO',NULL,NULL,NULL),
 (719,3550,2,3,1,NULL,NULL,'0','1640000000','چک822319دروجه شرکت سورن تک توس بابت مرحله 2تسهيلات نوآوري وشکوفائي ','NO',NULL,NULL,NULL),
 (719,3551,2,3,1,NULL,NULL,'0','10000000','چک822322جهت تامين پرداختيهاي صندوق ','NO',NULL,NULL,NULL),
 (720,3552,7,NULL,NULL,NULL,NULL,'1000000','0','پرداختي دروجه آقاي رخي جهت تنخواه خريد بموجب دستور پيوست ','NO',NULL,NULL,NULL),
 (714,3553,17,NULL,NULL,NULL,NULL,'340000000','0','واريز قسط شرکت پايش بسامد بحساب مرکز تسهيلات 142بموجب چک 407153','NO',NULL,NULL,NULL),
 (714,3554,17,NULL,NULL,NULL,NULL,'81544977','0','واريز بدهي تسهيلات 119شرکت دنازيست بحساب مرکزطي چک 835263','NO',NULL,NULL,NULL),
 (719,3555,17,NULL,NULL,NULL,NULL,'350000000','0','واريزفيش 815876اتوماسيون اداري حسيب بحساب بانک تجارت ازطريق مرکز','NO',NULL,NULL,NULL),
 (719,3556,17,NULL,NULL,NULL,NULL,'0','320000000','برداشت ازحساب سپرده ابراهيمي حواله رمضان حسين زاده توسط مرکز','NO',NULL,NULL,NULL),
 (719,3557,28,1,1003,NULL,NULL,'7040000000','0','پرداخت تسهيلات پارس بهبود آسياوايستاارتباطو سورن تک توس وپايافناوران فردوسي ','NO',NULL,NULL,NULL),
 (719,3558,33,NULL,NULL,NULL,NULL,'0','7040000000','پرداخت تسهيلات پارس بهبود آسياوايستاارتباطو سورن تک توس وپايافناوران فردوسي ','NO',NULL,NULL,NULL),
 (715,3559,50,1,1059,NULL,NULL,'0','340000000','بابت وام پايش بسامد پارسا','NO',NULL,NULL,NULL),
 (708,3560,62,NULL,NULL,NULL,NULL,'0','40000000','توديع کارمزد پايافناوران فردوسي ','NO',NULL,NULL,NULL),
 (708,3561,63,1,1003,NULL,NULL,'500000000','0','برگشت توديع تسهيلات پايافناوران فردوسي بموجب رونوشت نامه 94/5/002986صندوق نوآوريوشکوفائي','NO',NULL,NULL,NULL),
 (708,3562,63,1,1003,NULL,NULL,'0','3750000000','توديع قسمتي ازتسهيلات228پارس بهبودآسيا ','NO',NULL,NULL,NULL),
 (708,3563,63,1,1003,NULL,NULL,'0','1150000000','توديع قسمتي ازتسهيلات 227ايستاارتباط کاوشگر ','NO',NULL,NULL,NULL),
 (719,3564,63,1,1003,NULL,NULL,'1640000000','0','پرداخت مرحله دوم شرکت سورن تک توس ','NO',NULL,NULL,NULL),
 (718,3565,65,1,1100,NULL,NULL,'0','350000000','واريزي حساب پس انداز  -شرکت اتوماسيون اداري حسيب','NO',NULL,NULL,NULL),
 (711,3566,65,1,1120,NULL,NULL,'0','500000','افتتاح حساب پس انداز-پارس بهبود آسيا','NO',NULL,NULL,NULL),
 (721,3567,66,1,1002,NULL,NULL,'0','80856667',' واريز به سپرده کوتاه مدت شماره 1 دانشگاه فردوسي مشهد','NO',NULL,NULL,NULL),
 (722,3568,66,1,1203,NULL,NULL,'320000000','0',' برداشت از سپرده کوتاه مدت شماره 2 سود سپرده مهدوي و ابراهيمي','NO',NULL,NULL,NULL),
 (720,3569,71,NULL,NULL,NULL,NULL,'62000','0','خريد روزنامه وعضويت درسايت خريد بليط مندرج درليست شماره يک ','NO',NULL,NULL,NULL),
 (720,3570,72,NULL,NULL,NULL,NULL,'4200000','0','بليط رفت وبرگشت تهران آقاي شيباني وفاکتور آژانس مندرج درليست شماره يک ','NO',NULL,NULL,NULL),
 (720,3571,72,NULL,NULL,NULL,NULL,'120000','0','بابت هزينه آژانس آقاي مسرور رفت وبرگشت به صنعت ومعدن ','NO',NULL,NULL,NULL),
 (720,3572,73,NULL,NULL,NULL,NULL,'1100000','0','هزينه تنظيفات توسط آقاي رخي دردومرحله ','NO',NULL,NULL,NULL),
 (720,3573,74,NULL,NULL,NULL,NULL,'1525000','0','خريدبيسکويتوميوه ونهارونان وپنيربشرح فاکتورهاي منرج درليست شماره دو ','NO',NULL,NULL,NULL),
 (719,3574,88,1,1002,NULL,NULL,'80856667','0','واريز شرکت دنازيست بحساب سپرده پارک بابت تسهيلات عامليت ','NO',NULL,NULL,NULL),
 (713,3575,104,NULL,NULL,NULL,NULL,'1','0','چک به شماره 20477 صادره از بانک دفتراسناد110مشهد به نام پارس بهبود آسيا به مبلغ  8812500000 ريال ','NO',NULL,NULL,NULL),
 (715,3576,104,NULL,NULL,NULL,NULL,'0','1','چک به شماره 407153 صادره از بانک حکمت ايرانيان به ','NO',NULL,NULL,NULL),
 (713,3577,105,NULL,NULL,NULL,NULL,'8812500000','0','چک به شماره 20477 صادره از بانک دفتراسناد110مشهد به نام پارس بهبود آسيا به مبلغ  8812500000 ريال ','NO',NULL,NULL,NULL),
 (715,3578,105,NULL,NULL,NULL,NULL,'0','340000000','چک به شماره 407153 صادره از بانک حکمت ايرانيان به ','NO',NULL,NULL,NULL),
 (710,3579,106,NULL,NULL,NULL,NULL,'1','0','چک به شماره 36284 صادره از بانک قرض الحسنه رسالت-معلم مشهد به مبلغ  468000000 ريال ','NO',NULL,NULL,NULL),
 (710,3580,106,NULL,NULL,NULL,NULL,'1','0','چک به شماره 36285 صادره از بانک قرض الحسنه رسالت-معلم مشهد به مبلغ  468000000 ريال ','NO',NULL,NULL,NULL),
 (710,3581,106,NULL,NULL,NULL,NULL,'1','0','چک به شماره 36286 صادره از بانک قرض الحسنه رسالت-معلم مشهد به مبلغ  468000000 ريال ','NO',NULL,NULL,NULL),
 (710,3582,106,NULL,NULL,NULL,NULL,'1','0','چک به شماره 36287 صادره از بانک قرض الحسنه رسالت-معلم مشهد به مبلغ  468000000 ريال ','NO',NULL,NULL,NULL),
 (710,3583,106,NULL,NULL,NULL,NULL,'1','0','چک به شماره 36288 صادره از بانک قرض الحسنه رسالت-معلم مشهد به مبلغ  468000000 ريال ','NO',NULL,NULL,NULL),
 (710,3584,106,NULL,NULL,NULL,NULL,'1','0','چک به شماره 36289 صادره از بانک قرض الحسنه رسالت-معلم مشهد به مبلغ  467653125 ريال ','NO',NULL,NULL,NULL),
 (712,3585,106,NULL,NULL,NULL,NULL,'1','0','چک به شماره 323319 صادره از بانک سپه-مرکز به مبلغ  1800000000 ريال ','NO',NULL,NULL,NULL),
 (712,3586,106,NULL,NULL,NULL,NULL,'1','0','چک به شماره 323320 صادره از بانک سپه-مرکز به مبلغ  1800000000 ريال ','NO',NULL,NULL,NULL),
 (712,3587,106,NULL,NULL,NULL,NULL,'1','0','چک به شماره 323321 صادره از بانک سپه-مرکز به مبلغ  1800000000 ريال ','NO',NULL,NULL,NULL),
 (712,3588,106,NULL,NULL,NULL,NULL,'1','0','چک به شماره 323322 صادره از بانک سپه-مرکز به مبلغ  1800000000 ريال ','NO',NULL,NULL,NULL),
 (712,3589,106,NULL,NULL,NULL,NULL,'1','0','چک به شماره 323323 صادره از بانک سپه-مرکز به مبلغ  1747750000 ريال ','NO',NULL,NULL,NULL),
 (710,3590,107,NULL,NULL,NULL,NULL,'468000000','0','چک به شماره 36284 صادره از بانک قرض الحسنه رسالت-معلم مشهد به مبلغ  468000000 ريال ','NO',NULL,NULL,NULL),
 (710,3591,107,NULL,NULL,NULL,NULL,'468000000','0','چک به شماره 36285 صادره از بانک قرض الحسنه رسالت-معلم مشهد به مبلغ  468000000 ريال ','NO',NULL,NULL,NULL),
 (710,3592,107,NULL,NULL,NULL,NULL,'468000000','0','چک به شماره 36286 صادره از بانک قرض الحسنه رسالت-معلم مشهد به مبلغ  468000000 ريال ','NO',NULL,NULL,NULL),
 (710,3593,107,NULL,NULL,NULL,NULL,'468000000','0','چک به شماره 36287 صادره از بانک قرض الحسنه رسالت-معلم مشهد به مبلغ  468000000 ريال ','NO',NULL,NULL,NULL),
 (710,3594,107,NULL,NULL,NULL,NULL,'468000000','0','چک به شماره 36288 صادره از بانک قرض الحسنه رسالت-معلم مشهد به مبلغ  468000000 ريال ','NO',NULL,NULL,NULL),
 (710,3595,107,NULL,NULL,NULL,NULL,'467653125','0','چک به شماره 36289 صادره از بانک قرض الحسنه رسالت-معلم مشهد به مبلغ  467653125 ريال ','NO',NULL,NULL,NULL),
 (712,3596,107,NULL,NULL,NULL,NULL,'1800000000','0','چک به شماره 323319 صادره از بانک سپه-مرکز به مبلغ  1800000000 ريال ','NO',NULL,NULL,NULL),
 (712,3597,107,NULL,NULL,NULL,NULL,'1800000000','0','چک به شماره 323320 صادره از بانک سپه-مرکز به مبلغ  1800000000 ريال ','NO',NULL,NULL,NULL),
 (712,3598,107,NULL,NULL,NULL,NULL,'1800000000','0','چک به شماره 323321 صادره از بانک سپه-مرکز به مبلغ  1800000000 ريال ','NO',NULL,NULL,NULL),
 (712,3599,107,NULL,NULL,NULL,NULL,'1800000000','0','چک به شماره 323322 صادره از بانک سپه-مرکز به مبلغ  1800000000 ريال ','NO',NULL,NULL,NULL),
 (712,3600,107,NULL,NULL,NULL,NULL,'1747750000','0','چک به شماره 323323 صادره از بانک سپه-مرکز به مبلغ  1747750000 ريال ','NO',NULL,NULL,NULL),
 (713,3601,109,NULL,NULL,NULL,NULL,'0','1','بابت دريافت 1 فقره چک به مبلغ کل  8812500000 بابت وام  پارس بهبود آسيا','NO',NULL,NULL,NULL),
 (715,3602,109,NULL,NULL,NULL,NULL,'1','0','بابت برگشت  يک فقره چک به مبلغ کل  340000000 بابت ','NO',NULL,NULL,NULL),
 (713,3603,110,NULL,NULL,NULL,NULL,'0','8812500000','بابت دريافت 1 فقره چک به مبلغ کل  8812500000 بابت وام  پارس بهبود آسيا','NO',NULL,NULL,NULL),
 (715,3604,110,NULL,NULL,NULL,NULL,'340000000','0','بابت برگشت  يک فقره چک به مبلغ کل  340000000 بابت ','NO',NULL,NULL,NULL),
 (710,3605,111,NULL,NULL,NULL,NULL,'0','6','بابت دريافت 6 فقره چک به مبلغ کل  2807653125','NO',NULL,NULL,NULL),
 (712,3606,111,NULL,NULL,NULL,NULL,'0','5','بابت دريافت 5 فقره چک به مبلغ کل  8947750000','NO',NULL,NULL,NULL),
 (710,3607,112,NULL,NULL,NULL,NULL,'0','2807653125','بابت دريافت 6 فقره چک به مبلغ کل  2807653125','NO',NULL,NULL,NULL),
 (712,3608,112,NULL,NULL,NULL,NULL,'0','8947750000','بابت دريافت 5 فقره چک به مبلغ کل  8947750000','NO',NULL,NULL,NULL),
 (716,3609,125,1,1123,1,1002,'688310','0','اضافه شدن مبلغ به وام بابت کارمزد ','NO',NULL,NULL,NULL),
 (717,3610,125,1,1123,1,1002,'0','81544977',' پرداخت قسط  12 وام شماره 119','NO',NULL,NULL,NULL),
 (714,3611,133,2,4,1,1002,'0','688310','اضافه نمودن کارمزد بحساب وام 119شرکت دنا زيست بعلت کذشت زمان ومحاسبات انجام شده ','NO',NULL,NULL,NULL),
 (719,3612,144,NULL,NULL,NULL,NULL,'340000000','0','واريز قسط شرکت پايش بسامد ','NO',NULL,NULL,NULL),
 (719,3613,145,NULL,NULL,NULL,NULL,'0','340000000','واريز قسط شرکت پايش بسامد ','NO',NULL,NULL,NULL),
 (720,3614,1,NULL,NULL,NULL,NULL,'0','8401000','پرداخت هزينه هاي مندرج درليست شماره يک ودو ','NO',NULL,NULL,NULL),
 (720,3615,1,NULL,NULL,NULL,NULL,'0','1000000','پرداختي دروجه آقاي رخي جهت تنخواه خريد بموجب دستور پيوست ','NO',NULL,NULL,NULL),
 (720,3616,1,NULL,NULL,NULL,NULL,'0','330000','بابت نهارآقاي مسرور وشيباني روزيکشنبه 94/07/26','NO',NULL,NULL,NULL),
 (724,3617,1,NULL,NULL,NULL,NULL,'24700000','0','واريزي حساب پس انداز  -شرکت سما توس','NO',NULL,NULL,NULL),
 (727,3618,1,NULL,NULL,NULL,NULL,'500000','0','افتتاح حساب پس انداز','NO',NULL,NULL,NULL),
 (723,3619,1,NULL,NULL,NULL,NULL,'0','7000000','عملکرد صندوق درواريز 10%سپرده ضمانتنامه80042شرکت سماتوس','NO',NULL,NULL,NULL),
 (723,3620,1,NULL,NULL,NULL,NULL,'0','17700000','برگشت 10%سپرده ضمانتنامه80006و80042شرکت سماتوس','NO',NULL,NULL,NULL),
 (723,3621,1,NULL,NULL,NULL,NULL,'0','643000','هزينه تلفن هاي  شماره 38837392و38837393ازتاريخ 94/5/1تا94/7/1','NO',NULL,NULL,NULL),
 (723,3622,1,NULL,NULL,NULL,NULL,'0','2928516','پرداختي صندوق بابت يکماهه شهريور خانم افتخاري ','NO',NULL,NULL,NULL),
 (732,3623,1,NULL,NULL,NULL,NULL,'3400000','0','دريافت اقساط','NO',NULL,NULL,NULL),
 (733,3624,1,NULL,NULL,NULL,NULL,'260000000','0','بابت وام پايش بسامد پارسا','NO',NULL,NULL,NULL),
 (725,3625,2,3,1,NULL,NULL,'3348465','0','دريافت اقساط','NO',NULL,NULL,NULL),
 (726,3626,2,3,1,NULL,NULL,'12730000','0','دريافت اقساط','NO',NULL,NULL,NULL),
 (723,3627,2,3,1,NULL,NULL,'4247','0','واريز سود علي الحساب بانک اقتصادنوين ','NO',NULL,NULL,NULL),
 (720,3628,17,NULL,NULL,NULL,NULL,'0','4995266','انتقال مانده بيمه کارکنان شعبه دانشگاهبحساب مرکزجهت انتقال ','NO',NULL,NULL,NULL),
 (723,3629,17,NULL,NULL,NULL,NULL,'2928516','0','پرداختي صندوق بابت يکماهه شهريور خانم افتخاري ','NO',NULL,NULL,NULL),
 (723,3630,17,NULL,NULL,NULL,NULL,'1860962','0','برگشت علي الحسابهاي بيمه خانم رشيدي وآقاي سيديان وخانم آديني  واريزي بحساب مرکز جهت تسويه حساب بيمه اجتماعي ','NO',NULL,NULL,NULL),
 (723,3631,17,NULL,NULL,NULL,NULL,'7000000','0','بابت واريز 10%سپرده ضمانتنامه 80042شرکت سماتوس نزد مرکز','NO',NULL,NULL,NULL),
 (723,3632,25,NULL,NULL,NULL,NULL,'17700000','0','بابت 10%سپرده ضمانتنامه 80006که قبلاابطال ودراينحساب نگهداري ميشود ','NO',NULL,NULL,NULL),
 (726,3633,46,1,1155,NULL,NULL,'0','12730000',' پرداخت قسط  10 وام شماره 158','NO',NULL,NULL,NULL),
 (723,3634,57,NULL,NULL,NULL,NULL,'0','1860962','برگشت علي الحسابهاي بيمه خانم رشيدي وآقاي سيديان وخانم آديني  واريزي بحساب مرکز جهت تسويه حساب بيمه اجتماعي ','NO',NULL,NULL,NULL),
 (727,3635,65,1,1122,NULL,NULL,'0','500000','افتتاح حساب پس انداز-حامد عابديني يزدي','NO',NULL,NULL,NULL),
 (724,3636,65,1,1187,NULL,NULL,'0','24700000','واريزي حساب پس انداز  -شرکت سما توس','NO',NULL,NULL,NULL),
 (720,3637,74,NULL,NULL,NULL,NULL,'1394000','0','چاي کيسه اي تي بگ وفاکتورهاي غذا مندرج درليست شماره يک ','NO',NULL,NULL,NULL),
 (720,3638,74,NULL,NULL,NULL,NULL,'330000','0','بابت نهارآقاي مسرور وشيباني روزيکشنبه 94/07/26','NO',NULL,NULL,NULL),
 (723,3639,77,NULL,NULL,NULL,NULL,'173000','0','هزينه تلفن شماره 38837392ازتاريخ 94/5/1تا94/7/1','NO',NULL,NULL,NULL),
 (723,3640,77,NULL,NULL,NULL,NULL,'470000','0','هزينه تلفن شماره 38837393ازتاريخ 94/5/1تا94/7/1','NO',NULL,NULL,NULL),
 (720,3641,86,NULL,NULL,NULL,NULL,'5174079','0','انتقال مانده بيمه کارکنان شعبه دانشگاهبحساب مرکزجهت انتقال ','NO',NULL,NULL,NULL),
 (723,3642,96,2,4,NULL,NULL,'0','4247','واريز سود علي الحساب بانک اقتصادنوين ','NO',NULL,NULL,NULL),
 (728,3643,104,NULL,NULL,NULL,NULL,'0','1','چک به شماره 599608 صادره از بانک ملي بجنورد به نام','NO',NULL,NULL,NULL),
 (729,3644,104,NULL,NULL,NULL,NULL,'0','1','چک به شماره 599609 صادره از بانک ملي بجنورد به نام','NO',NULL,NULL,NULL),
 (730,3645,104,NULL,NULL,NULL,NULL,'0','1','چک به شماره 599610 صادره از بانک ملي بجنورد به نام','NO',NULL,NULL,NULL),
 (731,3646,104,NULL,NULL,NULL,NULL,'0','1','چک به شماره 599611 صادره از بانک ملي بجنورد به نام','NO',NULL,NULL,NULL),
 (733,3647,104,NULL,NULL,NULL,NULL,'0','1','چک به شماره 407159 صادره از بانک حکمت ايرانيان به ','NO',NULL,NULL,NULL),
 (734,3648,104,NULL,NULL,NULL,NULL,'0','1','چک به شماره 407160 صادره از بانک حکمت ايرانيان به ','NO',NULL,NULL,NULL),
 (735,3649,104,NULL,NULL,NULL,NULL,'0','1','چک به شماره 211936 صادره از بانک قرض الحسنه رسالت ','NO',NULL,NULL,NULL),
 (736,3650,104,NULL,NULL,NULL,NULL,'0','1','چک به شماره 211937 صادره از بانک قرض الحسنه رسالت ','NO',NULL,NULL,NULL),
 (728,3651,105,NULL,NULL,NULL,NULL,'0','260000000','چک به شماره 599608 صادره از بانک ملي بجنورد به نام','NO',NULL,NULL,NULL),
 (729,3652,105,NULL,NULL,NULL,NULL,'0','260000000','چک به شماره 599609 صادره از بانک ملي بجنورد به نام','NO',NULL,NULL,NULL),
 (730,3653,105,NULL,NULL,NULL,NULL,'0','260000000','چک به شماره 599610 صادره از بانک ملي بجنورد به نام','NO',NULL,NULL,NULL),
 (731,3654,105,NULL,NULL,NULL,NULL,'0','260000000','چک به شماره 599611 صادره از بانک ملي بجنورد به نام','NO',NULL,NULL,NULL),
 (733,3655,105,NULL,NULL,NULL,NULL,'0','260000000','چک به شماره 407159 صادره از بانک حکمت ايرانيان به ','NO',NULL,NULL,NULL),
 (734,3656,105,NULL,NULL,NULL,NULL,'0','260000000','چک به شماره 407160 صادره از بانک حکمت ايرانيان به ','NO',NULL,NULL,NULL),
 (735,3657,105,NULL,NULL,NULL,NULL,'0','260000000','چک به شماره 211936 صادره از بانک قرض الحسنه رسالت ','NO',NULL,NULL,NULL),
 (736,3658,105,NULL,NULL,NULL,NULL,'0','260000000','چک به شماره 211937 صادره از بانک قرض الحسنه رسالت ','NO',NULL,NULL,NULL),
 (737,3659,106,NULL,NULL,NULL,NULL,'1','0','چک به شماره 407160 صادره از بانک حکمت ايرانيان-مرکزي به مبلغ  250000000 ريال ','NO',NULL,NULL,NULL),
 (737,3660,106,NULL,NULL,NULL,NULL,'1','0','چک به شماره 211936 صادره از بانک قرض الحسنه رسالت-معلم مشهد به مبلغ  250000000 ريال ','NO',NULL,NULL,NULL),
 (737,3661,106,NULL,NULL,NULL,NULL,'1','0','چک به شماره 211937 صادره از بانک قرض الحسنه رسالت-معلم مشهد به مبلغ  250000000 ريال ','NO',NULL,NULL,NULL),
 (738,3662,106,NULL,NULL,NULL,NULL,'1','0','چک به شماره 599614 صادره از بانک ملي-مرکزي به مبلغ  250000000 ريال ','NO',NULL,NULL,NULL),
 (737,3663,107,NULL,NULL,NULL,NULL,'250000000','0','چک به شماره 407160 صادره از بانک حکمت ايرانيان-مرکزي به مبلغ  250000000 ريال ','NO',NULL,NULL,NULL),
 (737,3664,107,NULL,NULL,NULL,NULL,'250000000','0','چک به شماره 211936 صادره از بانک قرض الحسنه رسالت-معلم مشهد به مبلغ  250000000 ريال ','NO',NULL,NULL,NULL),
 (737,3665,107,NULL,NULL,NULL,NULL,'250000000','0','چک به شماره 211937 صادره از بانک قرض الحسنه رسالت-معلم مشهد به مبلغ  250000000 ريال ','NO',NULL,NULL,NULL),
 (738,3666,107,NULL,NULL,NULL,NULL,'250000000','0','چک به شماره 599614 صادره از بانک ملي-مرکزي به مبلغ  250000000 ريال ','NO',NULL,NULL,NULL),
 (728,3667,109,NULL,NULL,NULL,NULL,'1','0','بابت برگشت  يک فقره چک به مبلغ کل  260000000 بابت ','NO',NULL,NULL,NULL),
 (729,3668,109,NULL,NULL,NULL,NULL,'1','0','بابت برگشت  يک فقره چک به مبلغ کل  260000000 بابت ','NO',NULL,NULL,NULL),
 (730,3669,109,NULL,NULL,NULL,NULL,'1','0','بابت برگشت  يک فقره چک به مبلغ کل  260000000 بابت ','NO',NULL,NULL,NULL),
 (731,3670,109,NULL,NULL,NULL,NULL,'1','0','بابت برگشت  يک فقره چک به مبلغ کل  260000000 بابت ','NO',NULL,NULL,NULL),
 (733,3671,109,NULL,NULL,NULL,NULL,'1','0','بابت برگشت  يک فقره چک به مبلغ کل  260000000 بابت ','NO',NULL,NULL,NULL),
 (734,3672,109,NULL,NULL,NULL,NULL,'1','0','بابت برگشت  يک فقره چک به مبلغ کل  260000000 بابت ','NO',NULL,NULL,NULL),
 (735,3673,109,NULL,NULL,NULL,NULL,'1','0','بابت برگشت  يک فقره چک به مبلغ کل  260000000 بابت ','NO',NULL,NULL,NULL),
 (736,3674,109,NULL,NULL,NULL,NULL,'1','0','بابت برگشت  يک فقره چک به مبلغ کل  260000000 بابت ','NO',NULL,NULL,NULL),
 (728,3675,110,NULL,NULL,NULL,NULL,'260000000','0','بابت برگشت  يک فقره چک به مبلغ کل  260000000 بابت ','NO',NULL,NULL,NULL),
 (729,3676,110,NULL,NULL,NULL,NULL,'260000000','0','بابت برگشت  يک فقره چک به مبلغ کل  260000000 بابت ','NO',NULL,NULL,NULL),
 (730,3677,110,NULL,NULL,NULL,NULL,'260000000','0','بابت برگشت  يک فقره چک به مبلغ کل  260000000 بابت ','NO',NULL,NULL,NULL),
 (731,3678,110,NULL,NULL,NULL,NULL,'260000000','0','بابت برگشت  يک فقره چک به مبلغ کل  260000000 بابت ','NO',NULL,NULL,NULL),
 (733,3679,110,NULL,NULL,NULL,NULL,'260000000','0','بابت برگشت  يک فقره چک به مبلغ کل  260000000 بابت ','NO',NULL,NULL,NULL),
 (734,3680,110,NULL,NULL,NULL,NULL,'260000000','0','بابت برگشت  يک فقره چک به مبلغ کل  260000000 بابت ','NO',NULL,NULL,NULL),
 (735,3681,110,NULL,NULL,NULL,NULL,'260000000','0','بابت برگشت  يک فقره چک به مبلغ کل  260000000 بابت ','NO',NULL,NULL,NULL),
 (736,3682,110,NULL,NULL,NULL,NULL,'260000000','0','بابت برگشت  يک فقره چک به مبلغ کل  260000000 بابت ','NO',NULL,NULL,NULL),
 (737,3683,111,NULL,NULL,NULL,NULL,'0','3','بابت دريافت 3 فقره چک به مبلغ کل  750000000','NO',NULL,NULL,NULL),
 (737,3684,112,NULL,NULL,NULL,NULL,'0','750000000','بابت دريافت 3 فقره چک به مبلغ کل  750000000','NO',NULL,NULL,NULL),
 (725,3685,125,1,1065,1,1002,'0','3348465',' پرداخت قسط  9 وام شماره 149','NO',NULL,NULL,NULL),
 (732,3686,125,1,1085,1,1002,'0','3400000',' پرداخت قسط  5 وام شماره 172','NO',NULL,NULL,NULL),
 (733,3687,125,1,1059,1,1003,'0','260000000','بابت وام پايش بسامد پارسا','NO',NULL,NULL,NULL),
 (720,3688,151,NULL,NULL,NULL,NULL,'0','178813','بابت قسمتي ازبيمه آقاي مسرور وخانم افتخاري','NO',NULL,NULL,NULL),
 (739,3689,1,NULL,NULL,NULL,NULL,'0','260000000','حذف پرداخت قسط','NO',NULL,NULL,NULL),
 (740,3690,1,NULL,NULL,NULL,NULL,'250000000','0','دريافت اقساط','NO',NULL,NULL,NULL),
 (742,3691,1,NULL,NULL,NULL,NULL,'1500000000','0',' واريز به سپرده کوتاه مدت شماره 1 دانشگاه فردوسي مشهد','NO',NULL,NULL,NULL),
 (744,3692,1,NULL,NULL,NULL,NULL,'3400000','0',' واريز به سپرده کوتاه مدت شماره 1 دانشگاه فردوسي مشهد','NO',NULL,NULL,NULL),
 (745,3693,1,NULL,NULL,NULL,NULL,'3348465','0',' واريز به سپرده کوتاه مدت شماره 1 دانشگاه فردوسي مشهد','NO',NULL,NULL,NULL),
 (741,3694,1,NULL,NULL,NULL,NULL,'0','250000000','عملکرد صندوق درپرداخت قسط پايش بسامد بموجب چک 407159','NO',NULL,NULL,NULL),
 (747,3695,1,NULL,NULL,NULL,NULL,'2000000','0','دريافت اقساط','NO',NULL,NULL,NULL),
 (748,3696,1,NULL,NULL,NULL,NULL,'12860000','0','دريافت اقساط','NO',NULL,NULL,NULL),
 (743,3697,1,NULL,NULL,NULL,NULL,'100000000','0','چک شماره                   بانک ملي دروجه صندوق جهت پرداخت حقوق مهرماه 94','NO',NULL,NULL,NULL),
 (743,3698,1,NULL,NULL,NULL,NULL,'0','3348465','عملکردصندوق درواريز قسط پيشتازنانوفناوري توس بحساب سپرده دانشگاه فردوسي','NO',NULL,NULL,NULL),
 (743,3699,1,NULL,NULL,NULL,NULL,'0','3400000','عملکردصندوق درواريز قسط بسپارپايش پارس بحساب سپرده دانشگاه فردوسي','NO',NULL,NULL,NULL),
 (743,3700,1,NULL,NULL,NULL,NULL,'0','1500000000','عملکرد صندوق درواريز وجه واريزي دانشگاه بحساب بانک تجارت ','NO',NULL,NULL,NULL),
 (743,3701,1,NULL,NULL,NULL,NULL,'0','1655000','پرداختي صندوق بابت هزينه هاي ليست ضميمه ','NO',NULL,NULL,NULL),
 (743,3702,1,NULL,NULL,NULL,NULL,'0','50900398','پرداختي صندوق به  کارکنان   شعبه دانشگاه درمهرماه 94بشرح ليست حقوق ','NO',NULL,NULL,NULL),
 (743,3703,1,NULL,NULL,NULL,NULL,'0','6625803','پرداختي صندوق بابت مابه التفاوت حقوق مردادوشهريور آقاي شيباني بموجب دستور پيوست ','NO',NULL,NULL,NULL),
 (743,3704,1,NULL,NULL,NULL,NULL,'0','19362594','پرداختي صندوق بابت حقوق مهرماه 94آقايان مسرور وسيديان ','NO',NULL,NULL,NULL),
 (743,3705,1,NULL,NULL,NULL,NULL,'0','9000000','واريزي بحساب آقاي دکتر بهارآرائ بابت حقوق موضوع جهان انديشه ','NO',NULL,NULL,NULL),
 (751,3706,1,NULL,NULL,NULL,NULL,'2000000','0','واريزي حساب پس انداز  -هاشم مهذب','NO',NULL,NULL,NULL),
 (750,3707,1,NULL,NULL,NULL,NULL,'0','12860000','عملکردصندوق درواريز قسط شرکت آرام (مهران رحماني ) توسط مرکز','NO',NULL,NULL,NULL),
 (750,3708,1,NULL,NULL,NULL,NULL,'0','2000000','عملکردصندوق درواريز قسط حسين شفاعي توسط مرکز','NO',NULL,NULL,NULL),
 (750,3709,1,NULL,NULL,NULL,NULL,'0','2000000','عملکرد صندوق درواريز قسط حسين شفاعي بحساب آقاي مهذب ','NO',NULL,NULL,NULL),
 (752,3710,1,NULL,NULL,NULL,NULL,'5780000','0','دريافت اقساط','NO',NULL,NULL,NULL),
 (754,3711,1,NULL,NULL,NULL,NULL,'0','300000000','برداشت حساب پس انداز  -شرکت اتوماسيون اداري حسيب','NO',NULL,NULL,NULL),
 (755,3712,1,NULL,NULL,NULL,NULL,'3985000','0','دريافت اقساط','NO',NULL,NULL,NULL),
 (743,3713,2,3,1,NULL,NULL,'2019','0','واريزي شاپرک بحساب اقتصادنوين ','NO',NULL,NULL,NULL),
 (749,3714,2,3,1,NULL,NULL,'5117000','0','دريافت اقساط','NO',NULL,NULL,NULL),
 (750,3715,2,3,1,NULL,NULL,'4000000000','0','واريزي صندوق نوآوري وشکوفائي بحساب اقتصادنوين ','NO',NULL,NULL,NULL),
 (741,3716,17,NULL,NULL,NULL,NULL,'250000000','0','پرداخت قسط پايش بسامد بموجب چک 407159بحساب تجارت مرکز','NO',NULL,NULL,NULL),
 (743,3717,17,NULL,NULL,NULL,NULL,'1500000000','0',' وجه واريزي دانشگاه بحساب بانک تجارت جهت واريز بحساب سپرده دانشگاه فردوسي ','NO',NULL,NULL,NULL),
 (743,3718,17,NULL,NULL,NULL,NULL,'19362594','0','پرداختي حقوق مهرماه 94آقايان مسرور وسيديان ','NO',NULL,NULL,NULL),
 (743,3719,17,NULL,NULL,NULL,NULL,'9000000','0','واريزي بحساب آقاي دکتر بهارآرائ بابت حقوق موضوع جهان انديشه ','NO',NULL,NULL,NULL),
 (743,3720,17,NULL,NULL,NULL,NULL,'0','1426493','بابت بيمه سهم مجري کارکنان   شعبه دانشگاه درمهرماه 94بشرح ليست حقوق ','NO',NULL,NULL,NULL),
 (743,3721,17,NULL,NULL,NULL,NULL,'0','3258543','بابت ماليات کارکنان   شعبه دانشگاه درمهرماه 94بشرح ليست حقوق ','NO',NULL,NULL,NULL),
 (743,3722,17,NULL,NULL,NULL,NULL,'0','100000000','چک شماره 787582                  بانک ملي دروجه صندوق جهت پرداخت حقوق مهرماه 94','NO',NULL,NULL,NULL),
 (743,3723,17,NULL,NULL,NULL,NULL,'0','4687048','بابت بيمه سهم کارفرما کارکنان   شعبه دانشگاه درمهرماه 94بشرح ليست حقوق ','NO',NULL,NULL,NULL),
 (743,3724,17,NULL,NULL,NULL,NULL,'0','564592','بابت ماليات مابه التفاوت حقوق مردادوشهريور آقاي شيباني بموجب دستور پيوست ','NO',NULL,NULL,NULL),
 (750,3725,17,NULL,NULL,NULL,NULL,'2000000','0','عملکردصندوق درواريز قسط حسين شفاعي توسط مرکز','NO',NULL,NULL,NULL),
 (750,3726,17,NULL,NULL,NULL,NULL,'12860000','0','واريز قسط شرکت آرام (مهران رحماني ) توسط مرکز','NO',NULL,NULL,NULL),
 (746,3727,19,NULL,NULL,NULL,NULL,'35382942','0','جمع سود مهرماه 94','NO',NULL,NULL,NULL),
 (741,3728,28,1,1003,NULL,NULL,'0','250000000','بابت پرداخت قسط پايش بسامد بحساب نوآوري وشکوفائي ','NO',NULL,NULL,NULL),
 (750,3729,28,1,1003,NULL,NULL,'0','4000000000','واريزي صندوق نوآوري وشکوفائي بحساب اقتصادنوين ','NO',NULL,NULL,NULL),
 (741,3730,33,NULL,NULL,NULL,NULL,'250000000','0','بابت پرداخت قسط پايش بسامد بحساب نوآوري وشکوفائي ','NO',NULL,NULL,NULL),
 (755,3731,45,1,1180,NULL,NULL,'0','830000',' پرداخت قسط  21 وام شماره 132','NO',NULL,NULL,NULL),
 (755,3732,45,1,1180,NULL,NULL,'0','1755000',' پرداخت قسط  7 وام شماره 190','NO',NULL,NULL,NULL),
 (755,3733,45,1,1107,NULL,NULL,'0','1400000',' پرداخت قسط  1 وام شماره 223','NO',NULL,NULL,NULL),
 (749,3734,47,1,1115,NULL,NULL,'0','1713000',' پرداخت قسط  1 وام شماره 216','NO',NULL,NULL,NULL),
 (748,3735,48,1,1072,NULL,NULL,'0','6180000',' پرداخت قسط  4 وام شماره 157','NO',NULL,NULL,NULL),
 (748,3736,48,1,1072,NULL,NULL,'0','6680000',' پرداخت قسط  2 وام شماره 167','NO',NULL,NULL,NULL),
 (747,3737,52,1,1163,NULL,NULL,'0','2000000',' پرداخت قسط  17 وام شماره 38','NO',NULL,NULL,NULL),
 (751,3738,65,1,1234,NULL,NULL,'0','2000000','واريزي حساب پس انداز  -هاشم مهذب','NO',NULL,NULL,NULL),
 (746,3739,65,1,1002,NULL,NULL,'0','33529329','سود مهرماه 94','NO',NULL,NULL,NULL),
 (746,3740,65,1,1204,NULL,NULL,'0','1853613','سود مهرماه 94','NO',NULL,NULL,NULL),
 (754,3741,65,1,1100,NULL,NULL,'300000000','0','برداشت حساب پس انداز  -شرکت اتوماسيون اداري حسيب','NO',NULL,NULL,NULL),
 (742,3742,66,1,1002,NULL,NULL,'0','1500000000',' واريز به سپرده کوتاه مدت شماره 1 دانشگاه فردوسي مشهد','NO',NULL,NULL,NULL),
 (744,3743,66,1,1002,NULL,NULL,'0','3400000',' واريز به سپرده کوتاه مدت شماره 1 دانشگاه فردوسي مشهد','NO',NULL,NULL,NULL),
 (745,3744,66,1,1002,NULL,NULL,'0','3348465',' واريز به سپرده کوتاه مدت شماره 1 دانشگاه فردوسي مشهد','NO',NULL,NULL,NULL),
 (743,3745,72,NULL,NULL,NULL,NULL,'450000','0','هزينه آژانس دردومرحله ','NO',NULL,NULL,NULL),
 (743,3746,74,NULL,NULL,NULL,NULL,'755000','0','بابت نهار کارکنان دردوروز توسط آقاي شيباني ','NO',NULL,NULL,NULL),
 (743,3747,79,NULL,NULL,NULL,NULL,'450000','0','بابت شارژکاتريج ودرام بموجب فاکتور ودستور پيوست ','NO',NULL,NULL,NULL),
 (750,3748,88,NULL,NULL,NULL,NULL,'2000000','0','واريز قسط حسين شفاعي بحساب آقاي مهذب ','NO',NULL,NULL,NULL),
 (743,3749,88,1,1002,NULL,NULL,'3400000','0','واريز قسط بسپارپايش پارس بحساب سپرده دانشگاه فردوسي','NO',NULL,NULL,NULL),
 (743,3750,88,1,1002,NULL,NULL,'3348465','0',' واريز قسط پيشتازنانوفناوري توس بحساب سپرده دانشگاه فردوسي','NO',NULL,NULL,NULL),
 (743,3751,98,2,4,NULL,NULL,'0','2019','واريزي شاپرک بحساب اقتصادنوين ','NO',NULL,NULL,NULL),
 (738,3752,106,NULL,NULL,NULL,NULL,'1','0','چک به شماره 599613 صادره از بانک ملي-مرکزي به مبلغ  250000000 ريال ','NO',NULL,NULL,NULL),
 (738,3753,106,NULL,NULL,NULL,NULL,'1','0','چک به شماره 599615 صادره از بانک ملي-مرکزي به مبلغ  250000000 ريال ','NO',NULL,NULL,NULL),
 (738,3754,106,NULL,NULL,NULL,NULL,'1','0','چک به شماره 599616 صادره از بانک ملي-مرکزي به مبلغ  250000000 ريال ','NO',NULL,NULL,NULL),
 (738,3755,107,NULL,NULL,NULL,NULL,'250000000','0','چک به شماره 599613 صادره از بانک ملي-مرکزي به مبلغ  250000000 ريال ','NO',NULL,NULL,NULL),
 (738,3756,107,NULL,NULL,NULL,NULL,'250000000','0','چک به شماره 599615 صادره از بانک ملي-مرکزي به مبلغ  250000000 ريال ','NO',NULL,NULL,NULL),
 (738,3757,107,NULL,NULL,NULL,NULL,'250000000','0','چک به شماره 599616 صادره از بانک ملي-مرکزي به مبلغ  250000000 ريال ','NO',NULL,NULL,NULL),
 (738,3758,111,NULL,NULL,NULL,NULL,'0','4','بابت دريافت 4 فقره چک به مبلغ کل  1000000000','NO',NULL,NULL,NULL),
 (738,3759,112,NULL,NULL,NULL,NULL,'0','1000000000','بابت دريافت 4 فقره چک به مبلغ کل  1000000000','NO',NULL,NULL,NULL),
 (743,3760,114,NULL,NULL,NULL,NULL,'4687048','0','بابت بيمه سهم کارفرما کارکنان   شعبه دانشگاه درمهرماه 94بشرح ليست حقوق ','NO',NULL,NULL,NULL),
 (743,3761,115,NULL,NULL,NULL,NULL,'800000','0','بابت حق مسکن  شعبه دانشگاه درمهرماه 94بشرح ليست حقوق ','NO',NULL,NULL,NULL),
 (743,3762,116,NULL,NULL,NULL,NULL,'2200000','0','بابت اقلام مصرفي کارکنان شعبه دانشگاه درمهرماه 94بشرح ليست حقوق ','NO',NULL,NULL,NULL),
 (743,3763,117,NULL,NULL,NULL,NULL,'8735377','0','بابت اضافه کاري   شعبه دانشگاه درمهرماه 94بشرح ليست حقوق ','NO',NULL,NULL,NULL),
 (743,3764,122,NULL,NULL,NULL,NULL,'3373081','0','بابت سنوات خدمت کارکنان   شعبه دانشگاه درمهرماه 94بشرح ليست حقوق ','NO',NULL,NULL,NULL),
 (752,3765,125,1,1055,1,1002,'0','5780000',' پرداخت قسط  11 وام شماره 137','NO',NULL,NULL,NULL),
 (749,3766,125,1,1108,1,1002,'0','3404000',' پرداخت قسط  1 وام شماره 202','NO',NULL,NULL,NULL),
 (739,3767,125,1,1059,1,1003,'260000000','0',' حذف پرداخت قسط  1 وام شماره 163','NO',NULL,NULL,NULL),
 (740,3768,125,1,1059,1,1003,'0','250000000',' پرداخت قسط  1 وام شماره 163','NO',NULL,NULL,NULL),
 (743,3769,149,NULL,NULL,NULL,NULL,'40476976','0','بابت حقوق کارکنان شعبه دانشگاه درمهرماه 94بشرح ليست حقوق ','NO',NULL,NULL,NULL),
 (743,3770,149,NULL,NULL,NULL,NULL,'7190395','0','بابت مابه التفاوت حقوق مردادوشهريور آقاي شيباني بموجب دستور پيوست ','NO',NULL,NULL,NULL),
 (753,3771,1,NULL,NULL,NULL,NULL,'300000000','0','عملکرد صندوق دربرداشت ازحساب پس اندازاتوماسيون اداري حسيب بموجب چک مرکز','NO',NULL,NULL,NULL),
 (753,3772,1,NULL,NULL,NULL,NULL,'0','3985000','عملکرد صندوق درواريز اقساط کسرازحقوق مسروروسيديان درمهرماه ','NO',NULL,NULL,NULL),
 (759,3773,1,NULL,NULL,NULL,NULL,'0','65000000',' برداشت از سپرده کوتاه مدت شماره 2 سود سپرده مهدوي و ابراهيمي','NO',NULL,NULL,NULL),
 (760,3774,1,NULL,NULL,NULL,NULL,'0','57868000',' برداشت از سپرده کوتاه مدت شماره 2 سود سپرده مهدوي و ابراهيمي','NO',NULL,NULL,NULL),
 (761,3775,1,NULL,NULL,NULL,NULL,'65000000','0','عملکرد صندوق دربرداشت ازسپرده دکترابراهيمي جهت حواله بحساب 21471تجارت علي حسين نادران ','NO',NULL,NULL,NULL),
 (761,3776,1,NULL,NULL,NULL,NULL,'57868000','0','عملکرد صندوق دربرداشت ازسپرده دکترابراهيمي طي چک 331088دروجه جمشيد ياوري ','NO',NULL,NULL,NULL),
 (762,3777,1,NULL,NULL,NULL,NULL,'1','0','افتتاح حساب پس انداز','NO',NULL,NULL,NULL),
 (763,3778,1,NULL,NULL,NULL,NULL,'3410000','0','دريافت اقساط','NO',NULL,NULL,NULL),
 (767,3779,1,NULL,NULL,NULL,NULL,'5600000','0','دريافت اقساط','NO',NULL,NULL,NULL),
 (768,3780,1,NULL,NULL,NULL,NULL,'4538000','0','دريافت اقساط','NO',NULL,NULL,NULL),
 (769,3781,1,NULL,NULL,NULL,NULL,'0','30628465',' برداشت از سپرده کوتاه مدت شماره 1 دانشگاه فردوسي مشهد','NO',NULL,NULL,NULL),
 (770,3782,1,NULL,NULL,NULL,NULL,'3404000','0',' واريز به سپرده کوتاه مدت شماره 1 دانشگاه فردوسي مشهد','NO',NULL,NULL,NULL),
 (771,3783,1,NULL,NULL,NULL,NULL,'5780000','0',' واريز به سپرده کوتاه مدت شماره 1 دانشگاه فردوسي مشهد','NO',NULL,NULL,NULL),
 (772,3784,1,NULL,NULL,NULL,NULL,'3410000','0',' واريز به سپرده کوتاه مدت شماره 1 دانشگاه فردوسي مشهد','NO',NULL,NULL,NULL),
 (773,3785,1,NULL,NULL,NULL,NULL,'4538000','0',' واريز به سپرده کوتاه مدت شماره 1 دانشگاه فردوسي مشهد','NO',NULL,NULL,NULL),
 (774,3786,1,NULL,NULL,NULL,NULL,'30628465','0','عملکرد صندوق دربرداشت ازسپرده دانشگاه بابت وام وحيدعابديني ','NO',NULL,NULL,NULL),
 (774,3787,1,NULL,NULL,NULL,NULL,'0','4538000','عملکرد صندوق درواريز قسط پيشتازنانوفناور  بحساب سپرده دانشگاه ','NO',NULL,NULL,NULL),
 (774,3788,1,NULL,NULL,NULL,NULL,'0','3410000','عملکرد صندوق درواريز قسط اميدصفري  بحساب سپرده دانشگاه ','NO',NULL,NULL,NULL),
 (774,3789,1,NULL,NULL,NULL,NULL,'0','5780000','عملکرد صندوق درواريز قسط تجهيزگستر پاژ بحساب سپرده دانشگاه ','NO',NULL,NULL,NULL),
 (774,3790,1,NULL,NULL,NULL,NULL,'0','3404000','عملکرد صندوق درواريز قسط سيدعلي صحابي بحساب سپرده دانشگاه ','NO',NULL,NULL,NULL),
 (774,3791,1,NULL,NULL,NULL,NULL,'0','5600000','عملکرد صندوق درواريز قسط هواخورشيدکه بحساب تجارت واريز گرديد','NO',NULL,NULL,NULL),
 (774,3792,1,NULL,NULL,NULL,NULL,'0','4538000','عملکرد صندوق درواريز قسط پيشتازنانوفناور که بحساب تجارت واريز گرديد','NO',NULL,NULL,NULL),
 (753,3793,2,3,1,NULL,NULL,'0','4000000000','چک 822323دروجه شرکت سامان داروي هشتم بابت باقيمانده تسهيلات صندوق نوآوري وشکوفائي ','NO',NULL,NULL,NULL),
 (756,3794,2,3,1,NULL,NULL,'0','29625000','پرداخت وام شماره  229 حامد عابديني يزدي به شماره چک 822324','NO',NULL,NULL,NULL),
 (764,3795,2,3,1,NULL,NULL,'21140000','0','دريافت اقساط','NO',NULL,NULL,NULL),
 (765,3796,2,3,1,NULL,NULL,'1670000','0','دريافت اقساط','NO',NULL,NULL,NULL),
 (766,3797,2,3,1,NULL,NULL,'1670000','0','دريافت اقساط','NO',NULL,NULL,NULL),
 (753,3798,17,NULL,NULL,NULL,NULL,'3985000','0','واريز اقساط کسرازحقوق مسروروسيديان درمهرماه ازطريق مرکز','NO',NULL,NULL,NULL),
 (753,3799,17,NULL,NULL,NULL,NULL,'0','300000000','چک شماره 331083دروجه اتوماسيون اداري حسيب بابت برداشت ازحساب پس انداز آن شرکت نزد شعبه دانشگاه ','NO',NULL,NULL,NULL);
INSERT INTO `ACC_DocItems` (`DocID`,`ItemID`,`CostID`,`TafsiliType`,`TafsiliID`,`TafsiliType2`,`TafsiliID2`,`DebtorAmount`,`CreditorAmount`,`details`,`locked`,`SourceType`,`SourceID`,`SourceID2`) VALUES 
 (753,3800,17,NULL,NULL,NULL,NULL,'0','912000000','چک 331084تجارت دروجه سازه گستر آرين پارس ','NO',NULL,NULL,NULL),
 (761,3801,17,NULL,NULL,NULL,NULL,'0','65000000','برداشت ازسپرده دکترابراهيمي جهت حواله بحساب 21471تجارت علي حسين نادران ','NO',NULL,NULL,NULL),
 (761,3802,17,NULL,NULL,NULL,NULL,'0','57868000','برداشت ازسپرده دکترابراهيمي طي چک 331088دروجه جمشيد ياوري ','NO',NULL,NULL,NULL),
 (774,3803,17,NULL,NULL,NULL,NULL,'5600000','0','واريز قسط هواخورشيدکه بحساب تجارت واريز گرديد','NO',NULL,NULL,NULL),
 (774,3804,17,NULL,NULL,NULL,NULL,'4538000','0','واريز قسط پيشتازنانوفناور که بحساب تجارت واريز گرديد','NO',NULL,NULL,NULL),
 (753,3805,28,1,1003,NULL,NULL,'4000000000','0','چک 822323دروجه شرکت سامان داروي هشتم بابت باقيمانده تسهيلات صندوق نوآوري وشکوفائي ','NO',NULL,NULL,NULL),
 (753,3806,33,NULL,NULL,NULL,NULL,'0','4000000000','چک 822323دروجه شرکت سامان داروي هشتم بابت باقيمانده تسهيلات صندوق نوآوري وشکوفائي ','NO',NULL,NULL,NULL),
 (764,3807,46,1,1052,NULL,NULL,'0','21140000',' پرداخت قسط  7 وام شماره 177','NO',NULL,NULL,NULL),
 (767,3808,46,1,1054,NULL,NULL,'0','5600000',' پرداخت قسط  8 وام شماره 178','NO',NULL,NULL,NULL),
 (765,3809,47,1,1068,NULL,NULL,'0','1670000',' پرداخت قسط  10 وام شماره 154','NO',NULL,NULL,NULL),
 (766,3810,47,1,1069,NULL,NULL,'0','1670000',' پرداخت قسط  10 وام شماره 155','NO',NULL,NULL,NULL),
 (753,3811,63,1,1003,NULL,NULL,'4000000000','0','برگشت تسهيلات باقيمانده توديعي سامان داروي هشتم ','NO',NULL,NULL,NULL),
 (753,3812,64,NULL,NULL,NULL,NULL,'950000000','0','برگشت توديعي بموجب چک 331084تجارت دروجه سازه گستر آرين پارس ','NO',NULL,NULL,NULL),
 (762,3813,65,1,1119,NULL,NULL,'0','1','افتتاح حساب پس انداز-ايستاارتباط کاوشگر','NO',NULL,NULL,NULL),
 (769,3814,66,1,1002,NULL,NULL,'30628465','0',' برداشت از سپرده کوتاه مدت شماره 1 دانشگاه فردوسي مشهد','NO',NULL,NULL,NULL),
 (770,3815,66,1,1002,NULL,NULL,'0','3404000',' واريز به سپرده کوتاه مدت شماره 1 دانشگاه فردوسي مشهد','NO',NULL,NULL,NULL),
 (771,3816,66,1,1002,NULL,NULL,'0','5780000',' واريز به سپرده کوتاه مدت شماره 1 دانشگاه فردوسي مشهد','NO',NULL,NULL,NULL),
 (772,3817,66,1,1002,NULL,NULL,'0','3410000',' واريز به سپرده کوتاه مدت شماره 1 دانشگاه فردوسي مشهد','NO',NULL,NULL,NULL),
 (773,3818,66,1,1002,NULL,NULL,'0','4538000',' واريز به سپرده کوتاه مدت شماره 1 دانشگاه فردوسي مشهد','NO',NULL,NULL,NULL),
 (759,3819,66,1,1203,NULL,NULL,'65000000','0',' برداشت از سپرده کوتاه مدت شماره 2 سود سپرده مهدوي و ابراهيمي','NO',NULL,NULL,NULL),
 (760,3820,66,1,1203,NULL,NULL,'57868000','0',' برداشت از سپرده کوتاه مدت شماره 2 سود سپرده مهدوي و ابراهيمي','NO',NULL,NULL,NULL),
 (776,3821,71,NULL,NULL,NULL,NULL,'324000','0','بابت خريدباطري قلمي ونيم قلمي ودستمال کاغذي بشرح ليست شماره يک مورخ 94/8/14','NO',NULL,NULL,NULL),
 (776,3822,73,NULL,NULL,NULL,NULL,'985000','0','بابت حق الزحمه آقاي رخي جهت نظافت شعبه دانشگاه بشرح ليست شماره يک مورخ 94/08/14دردومرحله ','NO',NULL,NULL,NULL),
 (774,3823,88,1,1002,NULL,NULL,'3404000','0','واريز قسط سيدعلي صحابي بحساب سپرده دانشگاه ','NO',NULL,NULL,NULL),
 (774,3824,88,1,1002,NULL,NULL,'5780000','0','واريز قسط تجهيزگستر پاژ بحساب سپرده دانشگاه ','NO',NULL,NULL,NULL),
 (774,3825,88,1,1002,NULL,NULL,'3410000','0','واريز قسط اميدصفري  بحساب سپرده دانشگاه ','NO',NULL,NULL,NULL),
 (774,3826,88,1,1002,NULL,NULL,'4538000','0','واريز قسط پيشتازنانوفناور  بحساب سپرده دانشگاه ','NO',NULL,NULL,NULL),
 (774,3827,88,1,1002,NULL,NULL,'0','30628465','برداشت ازسپرده دانشگاه بابت وام وحيدعابديني ','NO',NULL,NULL,NULL),
 (758,3828,104,NULL,NULL,NULL,NULL,'1','0','چک به شماره 799680 صادره از بانک سفته به نام حامد عابديني يزدي به مبلغ  5000000 ريال ','NO',NULL,NULL,NULL),
 (758,3829,104,NULL,NULL,NULL,NULL,'1','0','چک به شماره 081487 صادره از بانک سپه به نام حامد عابديني يزدي به مبلغ  36000000 ريال ','NO',NULL,NULL,NULL),
 (758,3830,104,NULL,NULL,NULL,NULL,'1','0','چک به شماره 654497 صادره از بانک سفته 229 به نام حامد عابديني يزدي به مبلغ  20000000 ريال ','NO',NULL,NULL,NULL),
 (758,3831,104,NULL,NULL,NULL,NULL,'1','0','چک به شماره 654498 صادره از بانک سفته به نام حامد عابديني يزدي به مبلغ  20000000 ريال ','NO',NULL,NULL,NULL),
 (758,3832,105,NULL,NULL,NULL,NULL,'5000000','0','چک به شماره 799680 صادره از بانک سفته به نام حامد عابديني يزدي به مبلغ  5000000 ريال ','NO',NULL,NULL,NULL),
 (758,3833,105,NULL,NULL,NULL,NULL,'36000000','0','چک به شماره 081487 صادره از بانک سپه به نام حامد عابديني يزدي به مبلغ  36000000 ريال ','NO',NULL,NULL,NULL),
 (758,3834,105,NULL,NULL,NULL,NULL,'20000000','0','چک به شماره 654497 صادره از بانک سفته 229 به نام حامد عابديني يزدي به مبلغ  20000000 ريال ','NO',NULL,NULL,NULL),
 (758,3835,105,NULL,NULL,NULL,NULL,'20000000','0','چک به شماره 654498 صادره از بانک سفته به نام حامد عابديني يزدي به مبلغ  20000000 ريال ','NO',NULL,NULL,NULL),
 (758,3836,109,NULL,NULL,NULL,NULL,'0','4','بابت دريافت 4 فقره چک به مبلغ کل  81000000 بابت وام  حامد عابديني يزدي','NO',NULL,NULL,NULL),
 (758,3837,110,NULL,NULL,NULL,NULL,'0','81000000','بابت دريافت 4 فقره چک به مبلغ کل  81000000 بابت وام  حامد عابديني يزدي','NO',NULL,NULL,NULL),
 (763,3838,125,1,1076,1,1002,'0','3410000',' پرداخت قسط  7 وام شماره 161','NO',NULL,NULL,NULL),
 (768,3839,125,1,1081,1,1002,'0','4538000',' پرداخت قسط  5 وام شماره 186','NO',NULL,NULL,NULL),
 (756,3840,125,1,1122,1,1002,'30628465','0','پرداخت وام شماره  229 حامد عابديني يزدي به شماره چک 822324','NO',NULL,NULL,NULL),
 (753,3841,128,2,4,NULL,NULL,'0','19000000','بابت کارمزد 4%باقيمانده تسهيلات سازه گستر آرين پارس سال94','NO',NULL,NULL,NULL),
 (753,3842,128,2,5,NULL,NULL,'0','19000000','بابت کارمزد 4%باقيمانده تسهيلات سازه گستر آرين پارس سال95','NO',NULL,NULL,NULL),
 (756,3843,133,2,4,1,1002,'0','628465','کارمزد سود دوره اي اقساط وام 229 حامد عابديني يزدي','NO',NULL,NULL,NULL),
 (756,3844,133,2,4,1,1002,'0','375000',' کارمزد سود دوره تنفس 229 حامد عابديني يزدي','NO',NULL,NULL,NULL),
 (757,3845,133,2,4,1,1002,'502772','0','بابت برگشت کارمزد تسهيلات حامدعابديني عامليت دانشگاه سال 95','NO',NULL,NULL,NULL),
 (757,3846,133,2,5,NULL,NULL,'0','502772','بابت کارمزد تسهيلات حامدعابديني عامليت دانشگاه سال 95','NO',NULL,NULL,NULL),
 (753,3847,142,NULL,NULL,NULL,NULL,'0','1000000000','پرداخت مرحله دوم وباقيمانده تسهيلات شرکت سازهگسترآرين پارس ','NO',NULL,NULL,NULL),
 (753,3848,155,NULL,NULL,NULL,NULL,'1000000000','0','پرداخت مرحله دوم وباقيمانده تسهيلات شرکت سازهگسترآرين پارس ','NO',NULL,NULL,NULL),
 (776,3849,1,NULL,NULL,NULL,NULL,'0','1184000','پرداخت نقدي توسط صندوق به آقاي رخي بابت باقيمانده هزينه هاي نامبرده','NO',NULL,NULL,NULL),
 (775,3850,1,NULL,NULL,NULL,NULL,'0','1070000','پرداختي صندوق بابت هزينه هايليست شماره 4 ','NO',NULL,NULL,NULL),
 (775,3851,1,NULL,NULL,NULL,NULL,'0','1920000','پرداختي صندوق بابت هزينه هاي فوق ','NO',NULL,NULL,NULL),
 (775,3852,1,NULL,NULL,NULL,NULL,'0','925000','پرداختي صندوق به آقاي مسرور بابت هزينه هاي ليست شماره پنج ','NO',NULL,NULL,NULL),
 (775,3853,1,NULL,NULL,NULL,NULL,'0','20000000','پرداختي صندوق به آقاي احسان شيباني بابت هزينه هاي هيئت ارزيابي صندوق نوآوري وشکوفائي','NO',NULL,NULL,NULL),
 (775,3854,2,3,1,NULL,NULL,'61835992','0','واريزي بانک اقتصادنوين بابت سود سپرده نزد آن بانک ','NO',NULL,NULL,NULL),
 (776,3855,7,NULL,NULL,NULL,NULL,'0','1000000','برگشت تنخواه دريافتي توسط آقاي  رخي ','NO',NULL,NULL,NULL),
 (775,3856,7,NULL,NULL,NULL,NULL,'20000000','0','پرداختي صندوق به آقاي احسان شيباني بابت هزينه هاي هيئت ارزيابي صندوق نوآوري وشکوفائي','NO',NULL,NULL,NULL),
 (775,3857,71,NULL,NULL,NULL,NULL,'80000','0','هزينه تهيه فتوکپي رنگي بشرح ليست شماره 3','NO',NULL,NULL,NULL),
 (775,3858,71,NULL,NULL,NULL,NULL,'300000','0','بابت خريدکاوروپرينت رنگي قراردادصندوق توسعه وفناوريهاي نوينبشرح ليست شماره پنج','NO',NULL,NULL,NULL),
 (775,3859,72,NULL,NULL,NULL,NULL,'95000','0','بابت اياب ذهاب آقاي مسرور بشرح ليست شماره 5','NO',NULL,NULL,NULL),
 (775,3860,72,NULL,NULL,NULL,NULL,'260000','0','بابت هزينه اياب ذهاب آقاي مسرور بشرح ليست شماره سه','NO',NULL,NULL,NULL),
 (775,3861,72,NULL,NULL,NULL,NULL,'125000','0','بابت هزينه اياب ذهاب آقاي مسرور بشرح ليست شماره دو ','NO',NULL,NULL,NULL),
 (775,3862,72,NULL,NULL,NULL,NULL,'760000','0','بابت اياب ذهاب آقاي مسرور بشرح ليست شماره 4','NO',NULL,NULL,NULL),
 (776,3863,74,NULL,NULL,NULL,NULL,'875000','0','خريد ميوه ونبات وبيسکويت بشرح فاکتور شماره يک 94/8/14','NO',NULL,NULL,NULL),
 (775,3864,74,NULL,NULL,NULL,NULL,'310000','0','بابت هزينه نهارآقاي شيباني ومسرور   درليست شماره 4','NO',NULL,NULL,NULL),
 (775,3865,74,NULL,NULL,NULL,NULL,'560000','0','بابت هزينه نهارآقاي شيباني دردومرحله درليست شماره يک ','NO',NULL,NULL,NULL),
 (775,3866,74,NULL,NULL,NULL,NULL,'260000','0','بابت هزينه نهارآقاي شيباني ومسرور   درليست شماره دو','NO',NULL,NULL,NULL),
 (775,3867,74,NULL,NULL,NULL,NULL,'195000','0','بابت هزينه نهارآقاي مسرور وخريديک کيلوقند  درليست شماره سه','NO',NULL,NULL,NULL),
 (775,3868,74,NULL,NULL,NULL,NULL,'330000','0','بابت هزينه نهارآقاي شيباني ومسرور   درليست شماره پنج','NO',NULL,NULL,NULL),
 (775,3869,78,NULL,NULL,NULL,NULL,'200000','0','هزينه برابراصل نمودن مدارک حسابرس وبازرسبشرح ليست شماره پنج','NO',NULL,NULL,NULL),
 (775,3870,78,NULL,NULL,NULL,NULL,'240000','0','بابت ساخت 8عددکليد يدک جهت درب صندوق طبق ليست شماره دو','NO',NULL,NULL,NULL),
 (775,3871,79,NULL,NULL,NULL,NULL,'200000','0','هزينه شارژوتعمير کارتريچبشرح فاکتور شماره 3','NO',NULL,NULL,NULL),
 (776,3872,87,NULL,NULL,NULL,NULL,'0','5000000000','چکهاي 787584و588و589و590بانک ملي دروجه صندوق توسعه فناوريهاي نوين بابت زير ساخت پارک ','NO',NULL,NULL,NULL),
 (775,3873,96,2,4,NULL,NULL,'0','61835992','واريزي بانک اقتصادنوين بابت سود سپرده نزد آن بانک ','NO',NULL,NULL,NULL),
 (776,3874,143,NULL,NULL,NULL,NULL,'5000000000','0','چکهاي 787584و588و589و590بانک ملي دروجه صندوق توسعه فناوريهاي نوين بابت زير ساخت پارک ','NO',NULL,NULL,NULL);
/*!40000 ALTER TABLE `ACC_DocItems` ENABLE KEYS */;


--
-- Definition of table `ACC_UserState`
--

DROP TABLE IF EXISTS `ACC_UserState`;
CREATE TABLE `ACC_UserState` (
  `PersonID` int(10) unsigned NOT NULL,
  `BranchID` smallint(5) unsigned NOT NULL,
  `CycleID` smallint(5) unsigned NOT NULL,
  PRIMARY KEY  (`PersonID`)
) ENGINE=InnoDB DEFAULT CHARSET=latin1;

--
-- Dumping data for table `ACC_UserState`
--

/*!40000 ALTER TABLE `ACC_UserState` DISABLE KEYS */;
INSERT INTO `ACC_UserState` (`PersonID`,`BranchID`,`CycleID`) VALUES 
 (1000,1,1394);
/*!40000 ALTER TABLE `ACC_UserState` ENABLE KEYS */;


--
-- Definition of table `ACC_accounts`
--

DROP TABLE IF EXISTS `ACC_accounts`;
CREATE TABLE `ACC_accounts` (
  `AccountID` int(10) unsigned NOT NULL auto_increment COMMENT 'کد حساب',
  `BankID` int(10) unsigned NOT NULL COMMENT 'کد بانک',
  `BranchID` int(10) unsigned NOT NULL COMMENT 'کد شعبه',
  `AccountDesc` varchar(500) NOT NULL COMMENT 'عنوان حساب',
  `IsActive` enum('YES','NO') NOT NULL,
  `AccountNo` varchar(500) NOT NULL COMMENT 'شماره حساب',
  `AccountType` int(10) unsigned NOT NULL COMMENT 'نوع حساب',
  `TafsiliID` int(10) unsigned default NULL,
  PRIMARY KEY  (`AccountID`),
  KEY `FK_ACC_accounts_1` (`BankID`),
  CONSTRAINT `FK_ACC_accounts_1` FOREIGN KEY (`BankID`) REFERENCES `acc_banks` (`BankID`)
) ENGINE=InnoDB DEFAULT CHARSET=utf8;

--
-- Dumping data for table `ACC_accounts`
--

/*!40000 ALTER TABLE `ACC_accounts` DISABLE KEYS */;
INSERT INTO `ACC_accounts` (`AccountID`,`BankID`,`BranchID`,`AccountDesc`,`IsActive`,`AccountNo`,`AccountType`,`TafsiliID`) VALUES 
 (1,4,1,'اقتصاد نوین شعبه سجاد','YES','100000000000',1,NULL);
/*!40000 ALTER TABLE `ACC_accounts` ENABLE KEYS */;


--
-- Definition of table `ACC_banks`
--

DROP TABLE IF EXISTS `ACC_banks`;
CREATE TABLE `ACC_banks` (
  `BankID` int(10) unsigned NOT NULL auto_increment COMMENT 'کد بانک',
  `BankDesc` varchar(500) NOT NULL COMMENT 'عنوان بانک',
  `IsAvtive` enum('YES','NO') NOT NULL default 'YES',
  PRIMARY KEY  (`BankID`)
) ENGINE=InnoDB DEFAULT CHARSET=utf8;

--
-- Dumping data for table `ACC_banks`
--

/*!40000 ALTER TABLE `ACC_banks` DISABLE KEYS */;
INSERT INTO `ACC_banks` (`BankID`,`BankDesc`,`IsAvtive`) VALUES 
 (1,'ملی','YES'),
 (2,'تجارت','YES'),
 (3,'ملت','YES'),
 (4,'اقتصاد نوین','YES'),
 (5,'مسکن','YES'),
 (6,'سپه','YES'),
 (7,'پارسیان','YES'),
 (8,'آینده','YES'),
 (9,'گردشگری','YES'),
 (10,'صادرات','YES');
/*!40000 ALTER TABLE `ACC_banks` ENABLE KEYS */;


--
-- Definition of table `ACC_blocks`
--

DROP TABLE IF EXISTS `ACC_blocks`;
CREATE TABLE `ACC_blocks` (
  `BlockID` int(10) unsigned NOT NULL auto_increment COMMENT 'کد بلاک',
  `LevelID` smallint(5) unsigned NOT NULL,
  `BlockCode` varchar(10) NOT NULL COMMENT 'کد سطح',
  `BlockDesc` varchar(500) NOT NULL COMMENT 'عنوان بلاک',
  `essence` enum('DEBTOR','CREDITOR','NONE') NOT NULL default 'NONE' COMMENT 'ماهیت',
  `IsActive` enum('YES','NO') NOT NULL,
  `AccCode` varchar(50) default NULL,
  `parent` varchar(45) default NULL,
  `GroupID` int(10) unsigned default NULL,
  PRIMARY KEY  (`BlockID`)
) ENGINE=InnoDB DEFAULT CHARSET=utf8;

--
-- Dumping data for table `ACC_blocks`
--

/*!40000 ALTER TABLE `ACC_blocks` DISABLE KEYS */;
INSERT INTO `ACC_blocks` (`BlockID`,`LevelID`,`BlockCode`,`BlockDesc`,`essence`,`IsActive`,`AccCode`,`parent`,`GroupID`) VALUES 
 (1,1,'100','صندوق ','NONE','YES','100','0',20),
 (2,1,'101','بانک','NONE','YES','101','0',10),
 (3,2,'02','سپرده های بلند مدت ','NONE','YES','102','0',20),
 (4,1,'104','تمبر مالیاتی ','NONE','YES','104','0',20),
 (5,1,'106','سرمایه گذاری در سایر شرکتها','NONE','YES','106','0',10),
 (6,1,'107','چکهای دریافتنی','NONE','YES','107','0',10),
 (7,1,'109','تنخواه گردان','NONE','YES','109','0',70),
 (8,1,'110','وام پرداختی ','NONE','YES','110','0',10),
 (9,1,'180','اموال منقول اثاثیه','NONE','YES','180','0',10),
 (10,1,'190','بدهکاران متفرقه','NONE','YES','190','0',10),
 (11,1,'200','حسابهای پرداختنی','NONE','YES','200','0',20),
 (12,1,'209','حساب پس انداز','NONE','YES','209','0',20),
 (13,1,'210','حساب سپرده','NONE','YES','210','0',20),
 (14,1,'300','ضمانت نامه ها','NONE','YES','300','0',10),
 (15,1,'310','کارمزد پرداختی','NONE','YES','310','0',20),
 (16,1,'401','درآمد کارمزد ','NONE','YES','401','0',40),
 (17,1,'499','حساب مرکز( شعبه مرکزی)','NONE','YES','499','0',20),
 (18,1,'500','هزینه ها','NONE','YES','500','0',30),
 (19,1,'550','سود وکارمزد پرداختی ','NONE','YES','550','0',20),
 (20,1,'610','ذخیره استهلاک اثاثیه','NONE','YES','610','0',30),
 (21,1,'620','ذخیره هزینه تلفن و00000','NONE','YES','620','0',30),
 (22,1,'635','سایرذخایر','NONE','YES','635','0',20),
 (23,1,'660','اسناد وحسابهای پرداختنی','NONE','YES','660','0',30),
 (24,1,'661','تسهیلات عاملیت پارک خراسان شما','NONE','YES','661','0',20),
 (25,1,'689','وجوه ضمانتنامه های نقدی','NONE','YES','689','0',20),
 (26,2,'03','سپرده ضمانت نامه','NONE','YES','690','0',30),
 (27,1,'700','تعهدات ضمانت نامه ها','NONE','YES','700','0',30),
 (28,1,'721','وجوه واریزی','NONE','YES','721','0',20),
 (30,1,'731','وجوه واریزی علم تا عمل 92 تعهدصندوق','NONE','YES','731','0',20),
 (31,1,'732','وجوه واریزی علم تا عمل 92تعهدمشتری','NONE','YES','732','0',20),
 (33,1,'734','وجوه پرداختی','NONE','YES','734','0',20),
 (34,1,'735','وجوه فناوریهای نوین (وجوه واریزی قراردادسه','NONE','YES','735','0',20),
 (35,1,'736','وجوه فناوریهای نوین (تعهدات مشتریان قرارداد س','NONE','YES','736','0',20),
 (36,1,'737','وجوه فناوریهای نوین تعهدصندوق(زیرساخت پ','NONE','YES','737','0',20),
 (37,1,'738','تعهدات صندوق (زیرساخت پارک)','NONE','YES','738','0',20),
 (40,1,'750','کارمزد وسود دریافتی سال جاری','NONE','YES','750','0',30),
 (41,1,'760','کارمزد و سود سالهای آینده ','NONE','YES','760','0',30),
 (42,1,'904','حساب انتظامی','NONE','YES','904','0',30),
 (43,1,'905','طرف حساب انتظامی','NONE','YES','905','0',30),
 (45,2,'10','وام قرض الحسنه ','NONE','YES','110-10','110',NULL),
 (46,2,'11','وام کارگشائی','NONE','YES','110-11','110',NULL),
 (47,2,'12','وام ضروری','NONE','YES','110-12','110',NULL),
 (48,2,'15','وام پژوهشی','NONE','YES','110-15','110',NULL),
 (50,2,'17','وام علم تا عمل','NONE','YES','110-17','110',NULL),
 (52,2,'20','وام قرض الحسنه خیرین ','NONE','YES','110-20','110',NULL),
 (54,2,'24','وام فناوریهای نوین','NONE','YES','110-24','110',NULL),
 (55,2,'25','وام تجاری سازی ','NONE','YES','110-25','110',NULL),
 (57,2,'01','مساعده کارکنان ','NONE','YES','190-01','190',NULL),
 (58,2,'02','بدهکاران متفرقه','NONE','YES','190-02','190',NULL),
 (59,2,'03','شرکت جهان اندیشه ','NONE','YES','190-03','190',NULL),
 (60,2,'04',' هزینه های دادرسی مشتریان','NONE','YES','190-4','190',NULL),
 (61,2,'01','بستانکاران','NONE','YES','200-01','200',NULL),
 (62,2,'02','کارمزد کارگزاری صندوق نوآوری ','NONE','YES','200-02','200',NULL),
 (63,2,'03','تودیعی مشتری','NONE','YES','200-03','200',NULL),
 (64,2,'04','تسهیلات تودیعی فناوریهای نوین','NONE','YES','200-04','200',NULL),
 (65,2,'10','قرض الحسنه','NONE','YES','209-10','209',NULL),
 (66,2,'01','سپرده کوتاه مدت','NONE','YES','210-01','210',NULL),
 (67,2,'01','خدمات بانکی','NONE','YES','310-01','310',NULL),
 (69,2,'01','حقوق ودستمزد پرسنل','NONE','YES','500-01','500',NULL),
 (70,3,'05','پاداش وعیدی','NONE','YES','500-04','500',NULL),
 (71,2,'06','مطبوعات و ملزومات','NONE','YES','500-06','500',NULL),
 (72,2,'07','ایاب وذهاب','NONE','YES','500-07','500',NULL),
 (73,2,'08','تنظیفات','NONE','YES','500-08','500',NULL),
 (74,2,'10','پذیرایی','NONE','YES','500-10','500',NULL),
 (75,3,'07','ماموریت و فوق العاده روزانه','NONE','YES','500-13','500',NULL),
 (76,2,'14','قضایی','NONE','YES','500-14','500',NULL),
 (77,2,'15','تلفن','NONE','YES','500-15','500',NULL),
 (78,2,'18','متفرقه','NONE','YES','500-18','500',NULL),
 (79,2,'19','تعمیر و قطعات و ملزومات رایانه','NONE','YES','500-19','500',NULL),
 (80,2,'20','اضافه کار کارکنان','NONE','YES','500-20','500',NULL),
 (81,2,'22','خرید نرم افزار','NONE','YES','500-22','500',NULL),
 (82,2,'26','مجمع','NONE','YES','500-26','500',NULL),
 (83,2,'50','پست ونمابر','NONE','YES','500-500-27','500',NULL),
 (84,2,'50','کارشناسی','NONE','YES','500-500-28','500',NULL),
 (85,3,'06','سنوات خدمت کارکنان ','NONE','YES','500-500-29','500',NULL),
 (86,2,'01','سایر حسابهای پرداختنی ','NONE','YES','660-01','660',NULL),
 (87,2,'02','اسناد و چکهای مدت دار پرداختنی','NONE','YES','660-02','660',NULL),
 (88,2,'05','تعهدات مشتری','NONE','YES','660-03','660',NULL),
 (91,2,'01','کارمزد دریافتی تسهیلات قرض الح','NONE','YES','750-01','750',NULL),
 (92,2,'02','کارمزد دریافتی تسهیلات کارگشای','NONE','YES','750-02','750',NULL),
 (93,2,'03','کارمزد دریافتی تسهیلات ضروری','NONE','YES','750-03','750',NULL),
 (96,2,'06','سود وکارمزد دریافتی از سپرده','NONE','YES','750-06','750',NULL),
 (97,2,'07','کارمزد دریافتی ضمانت نامه ها ','NONE','YES','750-07','750',NULL),
 (98,2,'08','کارمزد دریافتی متفرقه ','NONE','YES','750-08','750',NULL),
 (99,2,'09','کارمزد کارگزاری (علم تاعمل)','NONE','YES','750-09','750',NULL),
 (100,2,'10','قرض الحسنه','NONE','YES','750-10','750',NULL),
 (104,2,'01','حساب انتظامی-تعداد اسناد ضمانتی','NONE','YES','904-1','904',NULL),
 (105,2,'02','حساب انتظامی-مبلغ اسناد ضمانتی','NONE','YES','904-2','904',NULL),
 (106,2,'03','حساب انتظامی-تعداد اسناد دریافتی','NONE','YES','904-3','904',NULL),
 (107,2,'04','حساب انتظامی-مبلغ اسناد دریافتی','NONE','YES','904-4','904',NULL),
 (108,2,'05','اسناد تودیعی نزد اشخاص','NONE','YES','904-5','904',NULL),
 (109,2,'01','طرف حساب انتظامی-تعداد اسناد ضمانتی','NONE','YES','905-1','905',NULL),
 (110,2,'02','طرف حساب انتظامی-مبلغ اسناد ضمانتی','NONE','YES','905-2','905',NULL),
 (111,2,'03','طرف حساب انتظامی-تعداد اسناد دریافتی','NONE','YES','905-3','905',NULL),
 (112,2,'04','طرف حساب انتظامی-مبلغ اسناد دریافتی','NONE','YES','905-4','905',NULL),
 (113,2,'05','اسناد تودیعی نزد اشخاص ','NONE','YES','905-5','905',NULL),
 (114,3,'08','حق بیمه کارکنان صندوق سهم کارفرما','NONE','YES','500-01-0001','500-01',NULL),
 (115,3,'02','حق مسکن کارکنان ','NONE','YES','500-01-0004','500-01',NULL),
 (116,3,'03','کمکهای غیر نقدی ','NONE','YES','500-01-0005','500-01',NULL),
 (117,3,'04','اضافه کاری پرسنل صندوق ','NONE','YES','500-01-0006','500-01',NULL),
 (119,2,'26','وام عاملیت','NONE','YES',NULL,NULL,NULL),
 (120,3,'51','تعهد مشتری','NONE','YES',NULL,NULL,NULL),
 (121,3,'52','تعهد صندوق','NONE','YES',NULL,NULL,NULL),
 (122,3,'01','حقوق پرسنل','NONE','YES',NULL,NULL,NULL),
 (123,2,'02','تجمیع کارمزد سالهای قبل','NONE','YES',NULL,NULL,NULL),
 (124,2,'01','بستانکاران','NONE','YES',NULL,NULL,NULL),
 (125,2,'02','بدهکاران متفرقه','NONE','YES',NULL,NULL,NULL),
 (126,1,'739','وجوه واریزی صندوق حمایت ازپژوه','NONE','YES',NULL,NULL,NULL),
 (127,2,'23','صندوق حمایت از پروژه','NONE','YES',NULL,NULL,NULL);
/*!40000 ALTER TABLE `ACC_blocks` ENABLE KEYS */;


--
-- Definition of table `ACC_cheques`
--

DROP TABLE IF EXISTS `ACC_cheques`;
CREATE TABLE `ACC_cheques` (
  `ChequeID` int(10) unsigned NOT NULL auto_increment COMMENT 'کد دسته چک',
  `AccountID` int(10) unsigned NOT NULL COMMENT 'کد حساب',
  `SerialNo` varchar(100) NOT NULL COMMENT 'شماره سریال',
  `MinNo` decimal(10,0) NOT NULL COMMENT 'از شماره',
  `MaxNo` decimal(10,0) NOT NULL COMMENT 'تا شماره',
  `IsActive` enum('YES','NO') NOT NULL,
  PRIMARY KEY  (`ChequeID`),
  KEY `FK_ACC_cheques_1` (`AccountID`),
  CONSTRAINT `FK_ACC_cheques_1` FOREIGN KEY (`AccountID`) REFERENCES `acc_accounts` (`AccountID`)
) ENGINE=InnoDB DEFAULT CHARSET=utf8;

--
-- Dumping data for table `ACC_cheques`
--

/*!40000 ALTER TABLE `ACC_cheques` DISABLE KEYS */;
/*!40000 ALTER TABLE `ACC_cheques` ENABLE KEYS */;


--
-- Definition of table `ACC_cycles`
--

DROP TABLE IF EXISTS `ACC_cycles`;
CREATE TABLE `ACC_cycles` (
  `CycleID` int(10) unsigned NOT NULL auto_increment COMMENT 'کد دوره ',
  `CycleDesc` varchar(500) NOT NULL,
  `CycleYear` smallint(5) unsigned NOT NULL COMMENT 'سال',
  `IsClosed` enum('YES','NO') NOT NULL default 'NO' COMMENT 'بسته است؟',
  `ShortDepositPercent` smallint(5) unsigned NOT NULL default '0',
  `LongDepositPercent` smallint(5) unsigned NOT NULL default '0',
  PRIMARY KEY  (`CycleID`)
) ENGINE=InnoDB DEFAULT CHARSET=utf8;

--
-- Dumping data for table `ACC_cycles`
--

/*!40000 ALTER TABLE `ACC_cycles` DISABLE KEYS */;
INSERT INTO `ACC_cycles` (`CycleID`,`CycleDesc`,`CycleYear`,`IsClosed`,`ShortDepositPercent`,`LongDepositPercent`) VALUES 
 (1394,'دوره سال 1394',1394,'NO',10,20);
/*!40000 ALTER TABLE `ACC_cycles` ENABLE KEYS */;


--
-- Definition of table `ACC_docs`
--

DROP TABLE IF EXISTS `ACC_docs`;
CREATE TABLE `ACC_docs` (
  `DocID` int(10) unsigned NOT NULL auto_increment COMMENT 'کد سند',
  `CycleID` int(10) unsigned NOT NULL COMMENT 'کد دوره',
  `BranchID` int(10) unsigned NOT NULL COMMENT 'کد شعبه',
  `LocalNo` smallint(5) unsigned NOT NULL,
  `DocDate` date NOT NULL COMMENT 'تاریخ سند',
  `RegDate` date NOT NULL COMMENT 'تاریخ ثبت سند',
  `DocStatus` enum('RAW','DELETED','CONFIRM','ARCHIVE') NOT NULL default 'RAW' COMMENT 'وضعیت برگه',
  `DocType` smallint(5) unsigned NOT NULL default '2' COMMENT 'نوع برگه',
  `description` varchar(500) default NULL COMMENT 'توضیحات',
  `RegPersonID` int(10) unsigned default NULL COMMENT 'ثبت کننده',
  `imp_AccDocNo` int(10) unsigned NOT NULL,
  PRIMARY KEY  (`DocID`),
  KEY `Index_2` (`imp_AccDocNo`)
) ENGINE=InnoDB DEFAULT CHARSET=utf8;

--
-- Dumping data for table `ACC_docs`
--

/*!40000 ALTER TABLE `ACC_docs` DISABLE KEYS */;
INSERT INTO `ACC_docs` (`DocID`,`CycleID`,`BranchID`,`LocalNo`,`DocDate`,`RegDate`,`DocStatus`,`DocType`,`description`,`RegPersonID`,`imp_AccDocNo`) VALUES 
 (1,1394,1,1,'2015-03-21','2015-12-24','CONFIRM',2,'افتتاحیه شماره1',NULL,10372),
 (2,1394,1,2,'2015-03-25','2015-12-24','CONFIRM',2,'',NULL,10307),
 (3,1394,1,3,'2015-03-25','2015-12-24','CONFIRM',2,'',NULL,10309),
 (4,1394,1,4,'2015-03-25','2015-12-24','CONFIRM',2,'',NULL,10394),
 (5,1394,1,5,'2015-03-25','2015-12-24','CONFIRM',2,'',NULL,10395),
 (6,1394,1,6,'2015-03-28','2015-12-24','CONFIRM',2,'',NULL,10311),
 (7,1394,1,7,'2015-04-04','2015-12-24','CONFIRM',2,'دریافت اقساط',NULL,10312),
 (8,1394,1,8,'2015-04-04','2015-12-24','CONFIRM',2,'واریز به سپرده',NULL,10313),
 (9,1394,1,9,'2015-04-04','2015-12-24','CONFIRM',2,'واریز به سپرده',NULL,10314),
 (10,1394,1,10,'2015-04-04','2015-12-24','CONFIRM',2,'',NULL,10315),
 (11,1394,1,11,'2015-04-05','2015-12-24','CONFIRM',2,'دریافت اقساط',NULL,10316),
 (12,1394,1,12,'2015-04-05','2015-12-24','CONFIRM',2,'',NULL,10317),
 (13,1394,1,13,'2015-04-05','2015-12-24','CONFIRM',2,'دریافت اقساط',NULL,10318),
 (14,1394,1,14,'2015-04-05','2015-12-24','CONFIRM',2,'دریافت اقساط',NULL,10319),
 (15,1394,1,15,'2015-04-06','2015-12-24','CONFIRM',2,'دریافت اقساط',NULL,10320),
 (16,1394,1,16,'2015-04-06','2015-12-24','CONFIRM',2,'واریز به سپرده',NULL,10321),
 (17,1394,1,17,'2015-04-06','2015-12-24','CONFIRM',2,'',NULL,10322),
 (18,1394,1,18,'2015-04-07','2015-12-24','CONFIRM',2,'دریافت اقساط',NULL,10323),
 (19,1394,1,19,'2015-04-07','2015-12-24','CONFIRM',2,'',NULL,10324),
 (20,1394,1,20,'2015-04-07','2015-12-24','CONFIRM',2,'دریافت اقساط',NULL,10325),
 (21,1394,1,21,'2015-04-07','2015-12-24','CONFIRM',2,'واریزی حساب پس انداز  ',NULL,10326),
 (22,1394,1,22,'2015-04-07','2015-12-24','CONFIRM',2,'برداشت از سپرده',NULL,10327),
 (23,1394,1,23,'2015-04-07','2015-12-24','CONFIRM',2,'برداشت از سپرده',NULL,10328),
 (24,1394,1,24,'2015-04-08','2015-12-24','CONFIRM',2,'تسهیلات فناوریهای نوین (س',NULL,10331),
 (25,1394,1,25,'2015-04-08','2015-12-24','CONFIRM',2,'',NULL,10332),
 (26,1394,1,26,'2015-04-08','2015-12-24','CONFIRM',2,'واریزی حساب پس انداز  ',NULL,10333),
 (27,1394,1,27,'2015-04-12','2015-12-24','CONFIRM',2,'افتتاح حساب پس انداز',NULL,10335),
 (28,1394,1,28,'2015-04-12','2015-12-24','CONFIRM',2,'',NULL,10336),
 (29,1394,1,29,'2015-04-12','2015-12-24','CONFIRM',2,'دریافت اقساط',NULL,10337),
 (30,1394,1,30,'2015-04-12','2015-12-24','CONFIRM',2,'دریافت چک ضمانت بابت وام شماره 196-شرکت سازه گستر آرین پارس',NULL,10338),
 (31,1394,1,31,'2015-04-13','2015-12-24','CONFIRM',2,'برداشت از سپرده',NULL,10339),
 (32,1394,1,32,'2015-04-13','2015-12-24','CONFIRM',2,'',NULL,10340),
 (33,1394,1,33,'2015-04-14','2015-12-24','CONFIRM',2,'تسهیلات فناوریهای نوین (س',NULL,10341),
 (34,1394,1,34,'2015-04-14','2015-12-24','CONFIRM',2,'',NULL,10344),
 (35,1394,1,35,'2015-04-14','2015-12-24','CONFIRM',2,'برداشت حساب پس انداز  ',NULL,10345),
 (36,1394,1,36,'2015-04-14','2015-12-24','CONFIRM',2,'دریافت اقساط',NULL,10346),
 (37,1394,1,37,'2015-04-14','2015-12-24','CONFIRM',2,'واریزی حساب پس انداز  ',NULL,10347),
 (38,1394,1,38,'2015-04-14','2015-12-24','CONFIRM',2,'دریافت 7بابت حساب پس انداز-سود سپرده مهدوی و ابراهیمی',NULL,10348),
 (39,1394,1,39,'2015-04-14','2015-12-24','CONFIRM',2,'دریافت چک ضمانت بابت وام شماره 197-شرکت سناباد قطعه آلتون',NULL,10350),
 (40,1394,1,40,'2015-04-14','2015-12-24','CONFIRM',2,'دریافت اقساط',NULL,10351),
 (41,1394,1,41,'2015-04-14','2015-12-24','CONFIRM',2,'واریزی حساب پس انداز  ',NULL,10353),
 (42,1394,1,42,'2015-04-14','2015-12-24','CONFIRM',2,'دریافت اقساط',NULL,10354),
 (43,1394,1,43,'2015-04-18','2015-12-24','CONFIRM',2,'سند تغییر وضعیت چکها',NULL,10355),
 (44,1394,1,44,'2015-04-18','2015-12-24','CONFIRM',2,'بابت وصول شده چک شماره 18100934',NULL,10356),
 (45,1394,1,45,'2015-04-18','2015-12-24','CONFIRM',2,'بابت وصول شده چک شماره 279513',NULL,10357),
 (46,1394,1,46,'2015-04-18','2015-12-24','CONFIRM',2,'بابت وصول شده چک شماره 279514',NULL,10358),
 (47,1394,1,47,'2015-04-18','2015-12-24','CONFIRM',2,'بابت وصول شده چک شماره 279516',NULL,10359),
 (48,1394,1,48,'2015-04-18','2015-12-24','CONFIRM',2,'',NULL,10368),
 (49,1394,1,49,'2015-04-20','2015-12-24','CONFIRM',2,'افتتاح حساب پس انداز',NULL,10369),
 (50,1394,1,50,'2015-04-20','2015-12-24','CONFIRM',2,'',NULL,10370),
 (51,1394,1,51,'2015-04-20','2015-12-24','CONFIRM',2,'بابت سود فروردین ماه ',NULL,10371),
 (52,1394,1,52,'2015-04-20','2015-12-24','CONFIRM',2,'دریافت اقساط',NULL,10373),
 (53,1394,1,53,'2015-04-20','2015-12-24','CONFIRM',2,'دریافت اقساط',NULL,10374),
 (54,1394,1,54,'2015-04-20','2015-12-24','CONFIRM',2,'واریزی حساب پس انداز  ',NULL,10375),
 (55,1394,1,55,'2015-04-21','2015-12-24','CONFIRM',2,'دریافت اقساط',NULL,10376),
 (56,1394,1,56,'2015-04-21','2015-12-24','CONFIRM',2,'سند تغییر وضعیت چکها',NULL,10377),
 (57,1394,1,57,'2015-04-21','2015-12-24','CONFIRM',2,'بابت وصول شده چک شماره 279517',NULL,10378),
 (58,1394,1,58,'2015-04-22','2015-12-24','CONFIRM',2,'واریز به سپرده',NULL,10379),
 (59,1394,1,59,'2015-04-22','2015-12-24','CONFIRM',2,'',NULL,10380),
 (60,1394,1,60,'2015-04-22','2015-12-24','CONFIRM',2,'دریافت اقساط',NULL,10381),
 (61,1394,1,61,'2015-04-25','2015-12-24','CONFIRM',2,'سند تغییر وضعیت چکها',NULL,10382),
 (62,1394,1,62,'2015-04-25','2015-12-24','CONFIRM',2,'بابت وصول شده چک شماره 985363',NULL,10383),
 (63,1394,1,63,'2015-04-25','2015-12-24','CONFIRM',2,'دریافت چک ضمانت بابت وام شماره 193-مسعود نوروزیان',NULL,10386),
 (64,1394,1,64,'2015-04-25','2015-12-24','CONFIRM',2,'دریافت چک ضمانت بابت وام شماره 192-فریدون رهنمای رود پشتی',NULL,10387),
 (65,1394,1,65,'2015-04-25','2015-12-24','CONFIRM',2,'دریافت اقساط',NULL,10388),
 (66,1394,1,66,'2015-04-26','2015-12-24','CONFIRM',2,'دریافت اقساط',NULL,10389),
 (67,1394,1,67,'2015-04-26','2015-12-24','CONFIRM',2,'',NULL,10390),
 (68,1394,1,68,'2015-04-26','2015-12-24','CONFIRM',2,'واریز به سپرده',NULL,10391),
 (69,1394,1,69,'2015-04-27','2015-12-24','CONFIRM',2,'دریافت اقساط',NULL,10392),
 (70,1394,1,70,'2015-04-27','2015-12-24','CONFIRM',2,'',NULL,10393),
 (71,1394,1,71,'2015-04-27','2015-12-24','CONFIRM',2,'دریافت اقساط',NULL,10396),
 (72,1394,1,72,'2015-04-28','2015-12-24','CONFIRM',2,'',NULL,10397),
 (73,1394,1,73,'2015-04-29','2015-12-24','CONFIRM',2,'دریافت اقساط',NULL,10398),
 (74,1394,1,74,'2015-04-29','2015-12-24','CONFIRM',2,'افتتاح حساب پس انداز',NULL,10399),
 (75,1394,1,75,'2015-04-29','2015-12-24','CONFIRM',2,'',NULL,10400),
 (76,1394,1,76,'2015-04-30','2015-12-24','CONFIRM',2,'افتتاح حساب پس انداز',NULL,10401),
 (77,1394,1,77,'2015-04-30','2015-12-24','CONFIRM',2,'تغییر وضعیت چک های ضمانتی ',NULL,10402),
 (78,1394,1,78,'2015-04-30','2015-12-24','CONFIRM',2,'تغییر وضعیت چک های ضمانتی ',NULL,10403),
 (79,1394,1,79,'2015-04-30','2015-12-24','CONFIRM',2,'تغییر وضعیت چک های ضمانتی ',NULL,10404),
 (80,1394,1,80,'2015-04-30','2015-12-24','CONFIRM',2,' دریافت اسناد ضمانتی از محمد طباطبایی. شرکت انگاره فیزیکدر تاریخ 94/02/10',NULL,10405),
 (81,1394,1,81,'2015-04-30','2015-12-24','CONFIRM',2,'تسهیلات پژوهشی',NULL,10406),
 (82,1394,1,82,'2015-04-30','2015-12-24','CONFIRM',2,'',NULL,10407),
 (83,1394,1,83,'2015-05-03','2015-12-24','CONFIRM',2,'سند تغییر وضعیت چکها',NULL,10408),
 (84,1394,1,84,'2015-05-03','2015-12-24','CONFIRM',2,'بابت وصول شده چک شماره 195550',NULL,10409),
 (85,1394,1,85,'2015-05-04','2015-12-24','CONFIRM',2,'دریافت اقساط',NULL,10411),
 (86,1394,1,86,'2015-05-04','2015-12-24','CONFIRM',2,'',NULL,10412),
 (87,1394,1,87,'2015-05-05','2015-12-24','CONFIRM',2,'اضافه شدن مبلغ به وام بابت کارمزد ',NULL,10413),
 (88,1394,1,88,'2015-05-05','2015-12-24','CONFIRM',2,'',NULL,10414),
 (89,1394,1,89,'2015-05-05','2015-12-24','CONFIRM',2,'دریافت اقساط',NULL,10415),
 (90,1394,1,90,'2015-05-05','2015-12-24','CONFIRM',2,'دریافت اقساط',NULL,10416),
 (91,1394,1,91,'2015-05-05','2015-12-24','CONFIRM',2,'دریافت اقساط',NULL,10417),
 (92,1394,1,92,'2015-05-05','2015-12-24','CONFIRM',2,'برداشت حساب پس انداز  ',NULL,10418),
 (93,1394,1,93,'2015-05-05','2015-12-24','CONFIRM',2,'واریزی حساب پس انداز  ',NULL,10419),
 (94,1394,1,94,'2015-05-05','2015-12-24','CONFIRM',2,'تغییر وضعیت چک های ضمانتی ',NULL,10420),
 (95,1394,1,95,'2015-05-05','2015-12-24','CONFIRM',2,'تغییر وضعیت چک های ضمانتی ',NULL,10421),
 (96,1394,1,96,'2015-05-05','2015-12-24','CONFIRM',2,'تغییر وضعیت چک های ضمانتی ',NULL,10422),
 (97,1394,1,97,'2015-05-05','2015-12-24','CONFIRM',2,'تغییر وضعیت چک های ضمانتی ',NULL,10423),
 (98,1394,1,98,'2015-05-05','2015-12-24','CONFIRM',2,'دریافت اقساط',NULL,10424),
 (99,1394,1,99,'2015-05-05','2015-12-24','CONFIRM',2,'واریز به سپرده',NULL,10425),
 (100,1394,1,100,'2015-05-05','2015-12-24','CONFIRM',2,'تسهیلات پژوهشی',NULL,10426),
 (101,1394,1,101,'2015-05-05','2015-12-24','CONFIRM',2,'برداشت از سپرده',NULL,10427),
 (102,1394,1,102,'2015-05-06','2015-12-24','CONFIRM',2,'برداشت حساب پس انداز  ',NULL,10428),
 (103,1394,1,103,'2015-05-06','2015-12-24','CONFIRM',2,'برداشت حساب پس انداز  ',NULL,10429),
 (104,1394,1,104,'2015-05-06','2015-12-24','CONFIRM',2,'واریزی حساب پس انداز  ',NULL,10430),
 (105,1394,1,105,'2015-05-07','2015-12-24','CONFIRM',2,'',NULL,10431),
 (106,1394,1,106,'2015-05-07','2015-12-24','CONFIRM',2,'برداشت حساب پس انداز  ',NULL,10432),
 (107,1394,1,107,'2015-05-07','2015-12-24','CONFIRM',2,'واریزی حساب پس انداز  ',NULL,10433),
 (108,1394,1,108,'2015-05-07','2015-12-24','CONFIRM',2,'برداشت حساب پس انداز  ',NULL,10434),
 (109,1394,1,109,'2015-05-09','2015-12-24','CONFIRM',2,'',NULL,10435),
 (110,1394,1,110,'2015-05-09','2015-12-24','CONFIRM',2,'دریافت اقساط',NULL,10436),
 (111,1394,1,111,'2015-05-11','2015-12-24','CONFIRM',2,'',NULL,10437),
 (112,1394,1,112,'2015-05-13','2015-12-24','CONFIRM',2,'تغییر وضعیت چک های ضمانتی ',NULL,10438),
 (113,1394,1,113,'2015-05-13','2015-12-24','CONFIRM',2,'تغییر وضعیت چک های ضمانتی ',NULL,10439),
 (114,1394,1,114,'2015-05-13','2015-12-24','CONFIRM',2,'تغییر وضعیت چک های ضمانتی ',NULL,10440),
 (115,1394,1,115,'2015-05-13','2015-12-24','CONFIRM',2,'تغییر وضعیت چک های ضمانتی ',NULL,10441),
 (116,1394,1,116,'2015-05-13','2015-12-24','CONFIRM',2,'',NULL,10442),
 (117,1394,1,117,'2015-05-13','2015-12-24','CONFIRM',2,' دریافت اسناد ضمانتی از محمد طباطبایی. شرکت انگاره فیزیکدر تاریخ 94/02/23',NULL,10443),
 (118,1394,1,118,'2015-05-13','2015-12-24','CONFIRM',2,'واریزی حساب پس انداز  ',NULL,10444),
 (119,1394,1,119,'2015-05-14','2015-12-24','CONFIRM',2,'افتتاح حساب پس انداز',NULL,10445),
 (120,1394,1,120,'2015-05-14','2015-12-24','CONFIRM',2,'',NULL,10446),
 (121,1394,1,121,'2015-05-14','2015-12-24','CONFIRM',2,'دریافت اقساط',NULL,10447),
 (122,1394,1,122,'2015-05-14','2015-12-24','CONFIRM',2,'اضافه شدن مبلغ به وام بابت کارمزد ',NULL,10448),
 (123,1394,1,123,'2015-05-14','2015-12-24','CONFIRM',2,'دریافت اقساط',NULL,10449),
 (124,1394,1,124,'2015-05-17','2015-12-24','CONFIRM',2,'',NULL,10451),
 (125,1394,1,125,'2015-05-17','2015-12-24','CONFIRM',2,'افتتاح حساب پس انداز',NULL,10452),
 (126,1394,1,126,'2015-05-17','2015-12-24','CONFIRM',2,'افتتاح حساب پس انداز',NULL,10453),
 (127,1394,1,127,'2015-05-17','2015-12-24','CONFIRM',2,'دریافت اقساط',NULL,10454),
 (128,1394,1,128,'2015-05-18','2015-12-24','CONFIRM',2,'',NULL,10455),
 (129,1394,1,129,'2015-05-18','2015-12-24','CONFIRM',2,'دریافت 2بابت حساب پس انداز-سود سپرده مهدوی و ابراهیمی',NULL,10456),
 (130,1394,1,130,'2015-05-18','2015-12-24','CONFIRM',2,'تسهیلات فناوریهای نوین (س',NULL,10457),
 (131,1394,1,131,'2015-05-18','2015-12-24','CONFIRM',2,'',NULL,10458),
 (132,1394,1,132,'2015-05-18','2015-12-24','CONFIRM',2,'واریزی حساب پس انداز  ',NULL,10459),
 (133,1394,1,133,'2015-05-18','2015-12-24','CONFIRM',2,'دریافت چک ضمانت بابت وام شماره 200-شرکت نیرونماد رضوی ',NULL,10460),
 (134,1394,1,134,'2015-05-18','2015-12-24','CONFIRM',2,'دریافت 6عدد چک بابت وام شرکت نیرونماد رضوی ',NULL,10461),
 (135,1394,1,135,'2015-05-19','2015-12-24','CONFIRM',2,'سند تغییر وضعیت چکها',NULL,10462),
 (136,1394,1,136,'2015-05-19','2015-12-24','CONFIRM',2,'بابت وصولی نقدی چک شماره 058685',NULL,10463),
 (137,1394,1,137,'2015-05-19','2015-12-24','CONFIRM',2,'برداشت حساب پس انداز  ',NULL,10464),
 (138,1394,1,138,'2015-05-19','2015-12-24','CONFIRM',2,'واریز به سپرده',NULL,10465),
 (139,1394,1,139,'2015-05-19','2015-12-24','CONFIRM',2,'افتتاح حساب پس انداز',NULL,10466),
 (140,1394,1,140,'2015-05-19','2015-12-24','CONFIRM',2,'',NULL,10467),
 (141,1394,1,141,'2015-05-19','2015-12-24','CONFIRM',2,'تسهیلات نوآوری و شکوفایی',NULL,10468),
 (142,1394,1,142,'2015-05-19','2015-12-24','CONFIRM',2,'دریافت چک ضمانت بابت وام شماره 201-رحیم صادقی شرکت ماناپلیمرآرمان',NULL,10469),
 (143,1394,1,143,'2015-05-19','2015-12-24','CONFIRM',2,'دریافت 6عدد چک بابت وام رحیم صادقی شرکت ماناپلیمرآرمان',NULL,10470),
 (144,1394,1,144,'2015-05-19','2015-12-24','CONFIRM',2,'دریافت چک ضمانت بابت وام شماره 199-سلمان علیمردانی ',NULL,10471),
 (145,1394,1,145,'2015-05-19','2015-12-24','CONFIRM',2,'افتتاح حساب پس انداز',NULL,10472),
 (146,1394,1,146,'2015-05-20','2015-12-24','CONFIRM',2,'برداشت از سپرده',NULL,10473),
 (147,1394,1,147,'2015-05-21','2015-12-24','CONFIRM',2,'',NULL,10474),
 (148,1394,1,148,'2015-05-21','2015-12-24','CONFIRM',2,'واریزی حساب پس انداز  ',NULL,10475),
 (149,1394,1,149,'2015-05-21','2015-12-24','CONFIRM',2,'سود اردیبهشت ماه 94',NULL,10476),
 (150,1394,1,150,'2015-05-21','2015-12-24','CONFIRM',2,'واریز به سپرده',NULL,10477),
 (151,1394,1,151,'2015-05-21','2015-12-24','CONFIRM',2,'واریز به سپرده',NULL,10478),
 (152,1394,1,152,'2015-05-21','2015-12-24','CONFIRM',2,'واریزی حساب پس انداز  ',NULL,10479),
 (153,1394,1,153,'2015-05-21','2015-12-24','CONFIRM',2,'واریزی حساب پس انداز  ',NULL,10480),
 (154,1394,1,154,'2015-05-21','2015-12-24','CONFIRM',2,'',NULL,10481),
 (155,1394,1,155,'2015-05-21','2015-12-24','CONFIRM',2,'دریافت اقساط',NULL,10482),
 (156,1394,1,156,'2015-05-21','2015-12-24','CONFIRM',2,'واریزی حساب پس انداز  ',NULL,10483),
 (157,1394,1,157,'2015-05-21','2015-12-24','CONFIRM',2,'واریزی حساب پس انداز  ',NULL,10484),
 (158,1394,1,158,'2015-05-21','2015-12-24','CONFIRM',2,'افتتاح حساب پس انداز',NULL,10485),
 (159,1394,1,159,'2015-05-21','2015-12-24','CONFIRM',2,'برداشت حساب پس انداز  ',NULL,10486),
 (160,1394,1,160,'2015-05-21','2015-12-24','CONFIRM',2,'برداشت حساب پس انداز  ',NULL,10487),
 (161,1394,1,161,'2015-05-21','2015-12-24','CONFIRM',2,'برداشت حساب پس انداز  ',NULL,10488),
 (162,1394,1,162,'2015-05-23','2015-12-24','CONFIRM',2,'دریافت اقساط',NULL,10489),
 (163,1394,1,163,'2015-05-23','2015-12-24','CONFIRM',2,'',NULL,10490),
 (164,1394,1,164,'2015-05-23','2015-12-24','CONFIRM',2,'دریافت اقساط',NULL,10491),
 (165,1394,1,165,'2015-05-24','2015-12-24','CONFIRM',2,'',NULL,10492),
 (166,1394,1,166,'2015-05-24','2015-12-24','CONFIRM',2,'واریزی حساب پس انداز  ',NULL,10493),
 (167,1394,1,167,'2015-05-24','2015-12-24','CONFIRM',2,'دریافت اقساط',NULL,10494),
 (168,1394,1,168,'2015-05-24','2015-12-24','CONFIRM',2,'دریافت اقساط',NULL,10495),
 (169,1394,1,169,'2015-05-24','2015-12-24','CONFIRM',2,'افتتاح حساب پس انداز',NULL,10496),
 (170,1394,1,170,'2015-05-24','2015-12-24','CONFIRM',2,'برداشت حساب پس انداز  ',NULL,10497),
 (171,1394,1,171,'2015-05-24','2015-12-24','CONFIRM',2,'برداشت حساب پس انداز  ',NULL,10498),
 (172,1394,1,172,'2015-05-24','2015-12-24','CONFIRM',2,'دریافت اقساط',NULL,10499),
 (173,1394,1,173,'2015-05-24','2015-12-24','CONFIRM',2,'دریافت اقساط',NULL,10500),
 (174,1394,1,174,'2015-05-25','2015-12-24','CONFIRM',2,'واریز به سپرده',NULL,10501),
 (175,1394,1,175,'2015-05-25','2015-12-24','CONFIRM',2,'واریز به سپرده',NULL,10502),
 (176,1394,1,176,'2015-05-25','2015-12-24','CONFIRM',2,'',NULL,10503),
 (177,1394,1,177,'2015-05-25','2015-12-24','CONFIRM',2,'واریز به سپرده',NULL,10504),
 (178,1394,1,178,'2015-05-25','2015-12-24','CONFIRM',2,'افتتاح حساب پس انداز',NULL,10505),
 (179,1394,1,179,'2015-05-26','2015-12-24','CONFIRM',2,'دریافت چک ضمانت بابت وام شماره 63-محمدعلی عبدی زاده',NULL,10506),
 (180,1394,1,180,'2015-05-26','2015-12-24','CONFIRM',2,'دریافت چک ضمانت بابت وام شماره 64-محمود اسدی',NULL,10507),
 (181,1394,1,181,'2015-05-26','2015-12-24','CONFIRM',2,'دریافت چک ضمانت بابت وام شماره 61-مجید اسدالهی',NULL,10508),
 (182,1394,1,182,'2015-05-26','2015-12-24','CONFIRM',2,'دریافت چک ضمانت بابت وام شماره 41-شرکت کهکشان آریایی',NULL,10509),
 (183,1394,1,183,'2015-05-26','2015-12-24','CONFIRM',2,'دریافت چک ضمانت بابت وام شماره 39-احسان صادقی شاپور آبادی',NULL,10510),
 (184,1394,1,184,'2015-05-26','2015-12-24','CONFIRM',2,'دریافت چک ضمانت بابت وام شماره 65-رمضان قربانی',NULL,10511),
 (185,1394,1,185,'2015-05-26','2015-12-24','CONFIRM',2,'تغییر وضعیت چک های ضمانتی ',NULL,10512),
 (186,1394,1,186,'2015-05-26','2015-12-24','CONFIRM',2,'دریافت چک ضمانت بابت وام شماره 99-شرکت حرکت گستر پردیس . روح اله رفعت حسینی',NULL,10513),
 (187,1394,1,187,'2015-05-27','2015-12-24','CONFIRM',2,'دریافت اقساط',NULL,10514),
 (188,1394,1,188,'2015-05-27','2015-12-24','CONFIRM',2,'',NULL,10515),
 (189,1394,1,189,'2015-05-27','2015-12-24','CONFIRM',2,'واریز به سپرده',NULL,10516),
 (190,1394,1,190,'2015-05-27','2015-12-24','CONFIRM',2,'تسهیلات عاملیت با دانشگاه',NULL,10517),
 (191,1394,1,191,'2015-05-27','2015-12-24','CONFIRM',2,'دریافت چک ضمانت بابت وام شماره 202-سیدعلی صحاف(شرکت بعدسوم پردیس ایرانیان)',NULL,10518),
 (192,1394,1,192,'2015-05-27','2015-12-24','CONFIRM',2,'تسهیلات پژوهشی',NULL,10519),
 (193,1394,1,193,'2015-05-27','2015-12-24','CONFIRM',2,'دریافت چک ضمانت بابت وام شماره 203-محمد شکوهی فر (شکوه صنعت پاژ)',NULL,10520),
 (194,1394,1,194,'2015-05-27','2015-12-24','CONFIRM',2,'برداشت از سپرده',NULL,10521),
 (195,1394,1,195,'2015-05-27','2015-12-24','CONFIRM',2,'برداشت از سپرده',NULL,10522),
 (196,1394,1,196,'2015-05-27','2015-12-24','CONFIRM',2,'تسهیلات پژوهشی',NULL,10523),
 (197,1394,1,197,'2015-05-27','2015-12-24','CONFIRM',2,'دریافت چک ضمانت بابت وام شماره 204-محمد طباطبایی. شرکت انگاره فیزیک',NULL,10524),
 (198,1394,1,198,'2015-05-27','2015-12-24','CONFIRM',2,'دریافت چک ضمانت بابت وام شماره 198-شرکت دقت گستران آریا پارس',NULL,10525),
 (199,1394,1,199,'2015-05-27','2015-12-24','CONFIRM',2,'تغییر وضعیت چک های ضمانتی ',NULL,10526),
 (200,1394,1,200,'2015-05-27','2015-12-24','CONFIRM',2,'تغییر وضعیت چک های ضمانتی ',NULL,10527),
 (201,1394,1,201,'2015-05-27','2015-12-24','CONFIRM',2,'تغییر وضعیت چک های ضمانتی ',NULL,10528),
 (202,1394,1,202,'2015-05-27','2015-12-24','CONFIRM',2,'تغییر وضعیت چک های ضمانتی ',NULL,10529),
 (203,1394,1,203,'2015-05-27','2015-12-24','CONFIRM',2,'تغییر وضعیت چک های ضمانتی ',NULL,10530),
 (204,1394,1,204,'2015-05-27','2015-12-24','CONFIRM',2,'تغییر وضعیت چک های ضمانتی ',NULL,10531),
 (205,1394,1,205,'2015-05-27','2015-12-24','CONFIRM',2,'تغییر وضعیت چک های ضمانتی ',NULL,10532),
 (206,1394,1,206,'2015-05-28','2015-12-24','CONFIRM',2,'افتتاح حساب پس انداز',NULL,10533),
 (207,1394,1,207,'2015-05-28','2015-12-24','CONFIRM',2,'',NULL,10534),
 (208,1394,1,208,'2015-05-28','2015-12-24','CONFIRM',2,'تسهیلات عاملیت با دانشگاه',NULL,10535),
 (209,1394,1,209,'2015-05-28','2015-12-24','CONFIRM',2,'برداشت از سپرده',NULL,10536),
 (210,1394,1,210,'2015-05-28','2015-12-24','CONFIRM',2,'دریافت چک ضمانت بابت وام شماره 205-سید محمد جوادی مال آباد',NULL,10537),
 (211,1394,1,211,'2015-05-28','2015-12-24','CONFIRM',2,'اضافه شدن مبلغ به وام بابت کارمزد ',NULL,10538),
 (212,1394,1,212,'2015-05-28','2015-12-24','CONFIRM',2,'دریافت اقساط',NULL,10539),
 (213,1394,1,213,'2015-05-30','2015-12-24','CONFIRM',2,'تغییر وضعیت چک های ضمانتی ',NULL,10543),
 (214,1394,1,214,'2015-05-30','2015-12-24','CONFIRM',2,'تغییر وضعیت چک های ضمانتی ',NULL,10544),
 (215,1394,1,215,'2015-05-30','2015-12-24','CONFIRM',2,'تغییر وضعیت چک های ضمانتی ',NULL,10545),
 (216,1394,1,216,'2015-05-30','2015-12-24','CONFIRM',2,'تغییر وضعیت چک های ضمانتی ',NULL,10546),
 (217,1394,1,217,'2015-05-30','2015-12-24','CONFIRM',2,'تغییر وضعیت چک های ضمانتی ',NULL,10547),
 (218,1394,1,218,'2015-05-30','2015-12-24','CONFIRM',2,'تغییر وضعیت چک های ضمانتی ',NULL,10548),
 (219,1394,1,219,'2015-05-30','2015-12-24','CONFIRM',2,'تغییر وضعیت چک های ضمانتی ',NULL,10549),
 (220,1394,1,220,'2015-05-30','2015-12-24','CONFIRM',2,'تغییر وضعیت چک های ضمانتی ',NULL,10550),
 (221,1394,1,221,'2015-05-30','2015-12-24','CONFIRM',2,'تغییر وضعیت چک های ضمانتی ',NULL,10551),
 (222,1394,1,222,'2015-05-30','2015-12-24','CONFIRM',2,'تغییر وضعیت چک های ضمانتی ',NULL,10552),
 (223,1394,1,223,'2015-05-30','2015-12-24','CONFIRM',2,'تغییر وضعیت چک های ضمانتی ',NULL,10553),
 (224,1394,1,224,'2015-05-30','2015-12-24','CONFIRM',2,'تغییر وضعیت چک های ضمانتی ',NULL,10554),
 (225,1394,1,225,'2015-05-30','2015-12-24','CONFIRM',2,'تغییر وضعیت چک های ضمانتی ',NULL,10555),
 (226,1394,1,226,'2015-05-30','2015-12-24','CONFIRM',2,'تغییر وضعیت چک های ضمانتی ',NULL,10556),
 (227,1394,1,227,'2015-05-30','2015-12-24','CONFIRM',2,'تغییر وضعیت چک های ضمانتی ',NULL,10557),
 (228,1394,1,228,'2015-05-30','2015-12-24','CONFIRM',2,'تغییر وضعیت چک های ضمانتی ',NULL,10558),
 (229,1394,1,229,'2015-05-30','2015-12-24','CONFIRM',2,'تغییر وضعیت چک های ضمانتی ',NULL,10559),
 (230,1394,1,230,'2015-05-30','2015-12-24','CONFIRM',2,'تغییر وضعیت چک های ضمانتی ',NULL,10560),
 (231,1394,1,231,'2015-05-30','2015-12-24','CONFIRM',2,'تغییر وضعیت چک های ضمانتی ',NULL,10561),
 (232,1394,1,232,'2015-05-30','2015-12-24','CONFIRM',2,'تغییر وضعیت چک های ضمانتی ',NULL,10562),
 (233,1394,1,233,'2015-05-30','2015-12-24','CONFIRM',2,'تغییر وضعیت چک های ضمانتی ',NULL,10563),
 (234,1394,1,234,'2015-05-30','2015-12-24','CONFIRM',2,'تغییر وضعیت چک های ضمانتی ',NULL,10564),
 (235,1394,1,235,'2015-05-30','2015-12-24','CONFIRM',2,'تغییر وضعیت چک های ضمانتی ',NULL,10565),
 (236,1394,1,236,'2015-05-30','2015-12-24','CONFIRM',2,'تغییر وضعیت چک های ضمانتی ',NULL,10566),
 (237,1394,1,237,'2015-05-30','2015-12-24','CONFIRM',2,'تغییر وضعیت چک های ضمانتی ',NULL,10567),
 (238,1394,1,238,'2015-05-30','2015-12-24','CONFIRM',2,'تغییر وضعیت چک های ضمانتی ',NULL,10568),
 (239,1394,1,239,'2015-05-30','2015-12-24','CONFIRM',2,'تغییر وضعیت چک های ضمانتی ',NULL,10569),
 (240,1394,1,240,'2015-05-30','2015-12-24','CONFIRM',2,'تغییر وضعیت چک های ضمانتی ',NULL,10570),
 (241,1394,1,241,'2015-05-30','2015-12-24','CONFIRM',2,'تغییر وضعیت چک های ضمانتی ',NULL,10571),
 (242,1394,1,242,'2015-05-30','2015-12-24','CONFIRM',2,'تغییر وضعیت چک های ضمانتی ',NULL,10572),
 (243,1394,1,243,'2015-05-30','2015-12-24','CONFIRM',2,'تغییر وضعیت چک های ضمانتی ',NULL,10573),
 (244,1394,1,244,'2015-05-30','2015-12-24','CONFIRM',2,'تغییر وضعیت چک های ضمانتی ',NULL,10574),
 (245,1394,1,245,'2015-05-30','2015-12-24','CONFIRM',2,'تغییر وضعیت چک های ضمانتی ',NULL,10575),
 (246,1394,1,246,'2015-05-30','2015-12-24','CONFIRM',2,'تغییر وضعیت چک های ضمانتی ',NULL,10576),
 (247,1394,1,247,'2015-05-30','2015-12-24','CONFIRM',2,'تغییر وضعیت چک های ضمانتی ',NULL,10577),
 (248,1394,1,248,'2015-05-30','2015-12-24','CONFIRM',2,'تغییر وضعیت چک های ضمانتی ',NULL,10578),
 (249,1394,1,249,'2015-05-30','2015-12-24','CONFIRM',2,'تغییر وضعیت چک های ضمانتی ',NULL,10579),
 (250,1394,1,250,'2015-05-30','2015-12-24','CONFIRM',2,'تغییر وضعیت چک های ضمانتی ',NULL,10580),
 (251,1394,1,251,'2015-05-30','2015-12-24','CONFIRM',2,'تغییر وضعیت چک های ضمانتی ',NULL,10581),
 (252,1394,1,252,'2015-05-30','2015-12-24','CONFIRM',2,'تغییر وضعیت چک های ضمانتی ',NULL,10582),
 (253,1394,1,253,'2015-05-30','2015-12-24','CONFIRM',2,'تغییر وضعیت چک های ضمانتی ',NULL,10583),
 (254,1394,1,254,'2015-05-30','2015-12-24','CONFIRM',2,'تغییر وضعیت چک های ضمانتی ',NULL,10584),
 (255,1394,1,255,'2015-05-30','2015-12-24','CONFIRM',2,'تغییر وضعیت چک های ضمانتی ',NULL,10585),
 (256,1394,1,256,'2015-05-30','2015-12-24','CONFIRM',2,'تغییر وضعیت چک های ضمانتی ',NULL,10586),
 (257,1394,1,257,'2015-05-30','2015-12-24','CONFIRM',2,'تغییر وضعیت چک های ضمانتی ',NULL,10587),
 (258,1394,1,258,'2015-05-30','2015-12-24','CONFIRM',2,'تغییر وضعیت چک های ضمانتی ',NULL,10588),
 (259,1394,1,259,'2015-05-30','2015-12-24','CONFIRM',2,'تغییر وضعیت چک های ضمانتی ',NULL,10589),
 (260,1394,1,260,'2015-05-30','2015-12-24','CONFIRM',2,'تغییر وضعیت چک های ضمانتی ',NULL,10590),
 (261,1394,1,261,'2015-05-30','2015-12-24','CONFIRM',2,'تغییر وضعیت چک های ضمانتی ',NULL,10591),
 (262,1394,1,262,'2015-05-30','2015-12-24','CONFIRM',2,'تغییر وضعیت چک های ضمانتی ',NULL,10592),
 (263,1394,1,263,'2015-05-30','2015-12-24','CONFIRM',2,'تغییر وضعیت چک های ضمانتی ',NULL,10593),
 (264,1394,1,264,'2015-05-30','2015-12-24','CONFIRM',2,'تغییر وضعیت چک های ضمانتی ',NULL,10594),
 (265,1394,1,265,'2015-05-30','2015-12-24','CONFIRM',2,'تغییر وضعیت چک های ضمانتی ',NULL,10595),
 (266,1394,1,266,'2015-05-30','2015-12-24','CONFIRM',2,'تغییر وضعیت چک های ضمانتی ',NULL,10596),
 (267,1394,1,267,'2015-05-30','2015-12-24','CONFIRM',2,'تغییر وضعیت چک های ضمانتی ',NULL,10597),
 (268,1394,1,268,'2015-05-30','2015-12-24','CONFIRM',2,'تغییر وضعیت چک های ضمانتی ',NULL,10598),
 (269,1394,1,269,'2015-05-30','2015-12-24','CONFIRM',2,'تغییر وضعیت چک های ضمانتی ',NULL,10599),
 (270,1394,1,270,'2015-05-30','2015-12-24','CONFIRM',2,'تغییر وضعیت چک های ضمانتی ',NULL,10600),
 (271,1394,1,271,'2015-05-30','2015-12-24','CONFIRM',2,'تغییر وضعیت چک های ضمانتی ',NULL,10601),
 (272,1394,1,272,'2015-05-30','2015-12-24','CONFIRM',2,'تغییر وضعیت چک های ضمانتی ',NULL,10602),
 (273,1394,1,273,'2015-05-30','2015-12-24','CONFIRM',2,'تغییر وضعیت چک های ضمانتی ',NULL,10603),
 (274,1394,1,274,'2015-05-30','2015-12-24','CONFIRM',2,'تغییر وضعیت چک های ضمانتی ',NULL,10604),
 (275,1394,1,275,'2015-05-30','2015-12-24','CONFIRM',2,'تغییر وضعیت چک های ضمانتی ',NULL,10605),
 (276,1394,1,276,'2015-05-30','2015-12-24','CONFIRM',2,'تغییر وضعیت چک های ضمانتی ',NULL,10606),
 (277,1394,1,277,'2015-05-30','2015-12-24','CONFIRM',2,'تغییر وضعیت چک های ضمانتی ',NULL,10607),
 (278,1394,1,278,'2015-05-30','2015-12-24','CONFIRM',2,'برداشت از سپرده',NULL,10608),
 (279,1394,1,279,'2015-05-30','2015-12-24','CONFIRM',2,'برداشت از سپرده',NULL,10609),
 (280,1394,1,280,'2015-05-30','2015-12-24','CONFIRM',2,'برداشت از سپرده',NULL,10610),
 (281,1394,1,281,'2015-05-30','2015-12-24','CONFIRM',2,'',NULL,10611),
 (282,1394,1,282,'2015-05-30','2015-12-24','CONFIRM',2,'برداشت حساب پس انداز  ',NULL,10612),
 (283,1394,1,283,'2015-05-31','2015-12-24','CONFIRM',2,'دریافت چک ضمانت بابت وام شماره 183-شرکت پردازش گستر راتا',NULL,10613),
 (284,1394,1,284,'2015-05-31','2015-12-24','CONFIRM',2,'',NULL,10614),
 (285,1394,1,285,'2015-06-01','2015-12-24','CONFIRM',2,'تغییر وضعیت چک های ضمانتی ',NULL,10615),
 (286,1394,1,286,'2015-06-01','2015-12-24','CONFIRM',2,'تغییر وضعیت چک های ضمانتی ',NULL,10616),
 (287,1394,1,287,'2015-06-01','2015-12-24','CONFIRM',2,'تغییر وضعیت چک های ضمانتی ',NULL,10617),
 (288,1394,1,288,'2015-06-01','2015-12-24','CONFIRM',2,'تغییر وضعیت چک های ضمانتی ',NULL,10618),
 (289,1394,1,289,'2015-06-01','2015-12-24','CONFIRM',2,'تغییر وضعیت چک های ضمانتی ',NULL,10619),
 (290,1394,1,290,'2015-06-01','2015-12-24','CONFIRM',2,'تغییر وضعیت چک های ضمانتی ',NULL,10620),
 (291,1394,1,291,'2015-06-01','2015-12-24','CONFIRM',2,'تغییر وضعیت چک های ضمانتی ',NULL,10621),
 (292,1394,1,292,'2015-06-01','2015-12-24','CONFIRM',2,'دریافت اقساط',NULL,10622),
 (293,1394,1,293,'2015-06-01','2015-12-24','CONFIRM',2,'',NULL,10623),
 (294,1394,1,294,'2015-06-01','2015-12-24','CONFIRM',2,'دریافت اقساط',NULL,10624),
 (295,1394,1,295,'2015-06-02','2015-12-24','CONFIRM',2,'دریافت اقساط',NULL,10625),
 (296,1394,1,296,'2015-06-02','2015-12-24','CONFIRM',2,'',NULL,10626),
 (297,1394,1,297,'2015-06-02','2015-12-24','CONFIRM',2,'واریز به سپرده',NULL,10627),
 (298,1394,1,298,'2015-06-02','2015-12-24','CONFIRM',2,'دریافت اقساط',NULL,10628),
 (299,1394,1,299,'2015-06-02','2015-12-24','CONFIRM',2,'',NULL,10629),
 (300,1394,1,300,'2015-06-02','2015-12-24','CONFIRM',2,'بابت حذف پرداخت قسط ',NULL,10631),
 (301,1394,1,301,'2015-06-06','2015-12-24','CONFIRM',2,'تغییر وضعیت چک های ضمانتی ',NULL,10632),
 (302,1394,1,302,'2015-06-06','2015-12-24','CONFIRM',2,'تغییر وضعیت چک های ضمانتی ',NULL,10633),
 (303,1394,1,303,'2015-06-06','2015-12-24','CONFIRM',2,'برداشت حساب پس انداز  ',NULL,10634),
 (304,1394,1,304,'2015-06-06','2015-12-24','CONFIRM',2,'بابت حذف پرداخت قسط ',NULL,10630),
 (305,1394,1,305,'2015-06-06','2015-12-24','CONFIRM',2,'',NULL,10635),
 (306,1394,1,306,'2015-06-06','2015-12-24','CONFIRM',2,'واریزی حساب پس انداز  ',NULL,10636),
 (307,1394,1,307,'2015-06-06','2015-12-24','CONFIRM',2,'تغییر وضعیت چک های ضمانتی ',NULL,10637),
 (308,1394,1,308,'2015-06-06','2015-12-24','CONFIRM',2,'تغییر وضعیت چک های ضمانتی ',NULL,10638),
 (309,1394,1,309,'2015-06-07','2015-12-24','CONFIRM',2,'',NULL,10639),
 (310,1394,1,310,'2015-06-07','2015-12-24','CONFIRM',2,'واریزی حساب پس انداز  ',NULL,10640),
 (311,1394,1,311,'2015-06-07','2015-12-24','CONFIRM',2,'واریزی حساب پس انداز  ',NULL,10641),
 (312,1394,1,312,'2015-06-07','2015-12-24','CONFIRM',2,'واریزی حساب پس انداز  ',NULL,10642),
 (313,1394,1,313,'2015-06-07','2015-12-24','CONFIRM',2,'واریزی حساب پس انداز  ',NULL,10643),
 (314,1394,1,314,'2015-06-07','2015-12-24','CONFIRM',2,'واریزی حساب پس انداز  ',NULL,10644),
 (315,1394,1,315,'2015-06-07','2015-12-24','CONFIRM',2,'واریزی حساب پس انداز  ',NULL,10645),
 (316,1394,1,316,'2015-06-07','2015-12-24','CONFIRM',2,'واریزی حساب پس انداز  ',NULL,10646),
 (317,1394,1,317,'2015-06-07','2015-12-24','CONFIRM',2,'واریزی حساب پس انداز  ',NULL,10647),
 (318,1394,1,318,'2015-06-07','2015-12-24','CONFIRM',2,'واریزی حساب پس انداز  ',NULL,10648),
 (319,1394,1,319,'2015-06-07','2015-12-24','CONFIRM',2,'واریزی حساب پس انداز  ',NULL,10649),
 (320,1394,1,320,'2015-06-07','2015-12-24','CONFIRM',2,'دریافت اقساط',NULL,10650),
 (321,1394,1,321,'2015-06-08','2015-12-24','CONFIRM',2,'دریافت اقساط',NULL,10651),
 (322,1394,1,322,'2015-06-08','2015-12-24','CONFIRM',2,'برداشت حساب پس انداز  ',NULL,10652),
 (323,1394,1,323,'2015-06-08','2015-12-24','CONFIRM',2,'برداشت حساب پس انداز  ',NULL,10653),
 (324,1394,1,324,'2015-06-08','2015-12-24','CONFIRM',2,'برداشت حساب پس انداز  ',NULL,10654),
 (325,1394,1,325,'2015-06-08','2015-12-24','CONFIRM',2,'',NULL,10655),
 (326,1394,1,326,'2015-06-09','2015-12-24','CONFIRM',2,'',NULL,10656),
 (327,1394,1,327,'2015-06-09','2015-12-24','CONFIRM',2,'واریزی حساب پس انداز  ',NULL,10657),
 (328,1394,1,328,'2015-06-09','2015-12-24','CONFIRM',2,'برداشت حساب پس انداز  ',NULL,10658),
 (329,1394,1,329,'2015-06-09','2015-12-24','CONFIRM',2,'برداشت حساب پس انداز  ',NULL,10659),
 (330,1394,1,330,'2015-06-10','2015-12-24','CONFIRM',2,'',NULL,10660),
 (331,1394,1,331,'2015-06-10','2015-12-24','CONFIRM',2,'دریافت اقساط',NULL,10661),
 (332,1394,1,332,'2015-06-11','2015-12-24','CONFIRM',2,'تسهیلات پژوهشی',NULL,10662),
 (333,1394,1,333,'2015-06-11','2015-12-24','CONFIRM',2,'',NULL,10663),
 (334,1394,1,334,'2015-06-11','2015-12-24','CONFIRM',2,'دریافت چک ضمانت بابت وام شماره 206-شرکت طراحان ماشین حجازیان',NULL,10664),
 (335,1394,1,335,'2015-06-11','2015-12-24','CONFIRM',2,'اضافه شدن مبلغ به وام بابت کارمزد ',NULL,10665),
 (336,1394,1,336,'2015-06-11','2015-12-24','CONFIRM',2,'دریافت اقساط',NULL,10666),
 (337,1394,1,337,'2015-06-11','2015-12-24','CONFIRM',2,'واریزی حساب پس انداز  ',NULL,10667),
 (338,1394,1,338,'2015-06-11','2015-12-24','CONFIRM',2,'افتتاح حساب پس انداز',NULL,10668),
 (339,1394,1,339,'2015-06-11','2015-12-24','CONFIRM',2,'تسهیلات پژوهشی',NULL,10669),
 (340,1394,1,340,'2015-06-11','2015-12-24','CONFIRM',2,'واریزی حساب پس انداز  ',NULL,10670),
 (341,1394,1,341,'2015-06-11','2015-12-24','CONFIRM',2,'دریافت چک ضمانت بابت وام شماره 207-جواد قربانی ',NULL,10671),
 (342,1394,1,342,'2015-06-13','2015-12-24','CONFIRM',2,'تسهیلات نوآوری و شکوفایی',NULL,10673),
 (343,1394,1,343,'2015-06-13','2015-12-24','CONFIRM',2,'',NULL,10674),
 (344,1394,1,344,'2015-06-13','2015-12-24','CONFIRM',2,'دریافت چک ضمانت بابت وام شماره 208-شرکت آرشام صنعت ',NULL,10675),
 (345,1394,1,345,'2015-06-13','2015-12-24','CONFIRM',2,'دریافت 3عدد چک بابت وام شرکت آرشام صنعت ',NULL,10676),
 (346,1394,1,346,'2015-06-13','2015-12-24','CONFIRM',2,'افتتاح حساب پس انداز',NULL,10677),
 (347,1394,1,347,'2015-06-13','2015-12-24','CONFIRM',2,'افتتاح حساب پس انداز',NULL,10678),
 (348,1394,1,348,'2015-06-14','2015-12-24','CONFIRM',2,'',NULL,10679),
 (349,1394,1,349,'2015-06-14','2015-12-24','CONFIRM',2,'تسهیلات نوآوری و شکوفایی',NULL,10680),
 (350,1394,1,350,'2015-06-14','2015-12-24','CONFIRM',2,'دریافت چک ضمانت بابت وام شماره 209-شرکت سورن تک توس',NULL,10681),
 (351,1394,1,351,'2015-06-14','2015-12-24','CONFIRM',2,'تسهیلات نوآوری و شکوفایی',NULL,10682),
 (352,1394,1,352,'2015-06-14','2015-12-24','CONFIRM',2,'دریافت چک ضمانت بابت وام شماره 210-سامان داروی هشتم ',NULL,10683),
 (353,1394,1,353,'2015-06-14','2015-12-24','CONFIRM',2,'واریزی حساب پس انداز  ',NULL,10684),
 (354,1394,1,354,'2015-06-14','2015-12-24','CONFIRM',2,'افتتاح حساب پس انداز',NULL,10685),
 (355,1394,1,355,'2015-06-14','2015-12-24','CONFIRM',2,'تسهیلات نوآوری و شکوفایی',NULL,10686),
 (356,1394,1,356,'2015-06-14','2015-12-24','CONFIRM',2,'دریافت چک ضمانت بابت وام شماره 211-شرکت اتوماسیون اداری حسیب',NULL,10687),
 (357,1394,1,357,'2015-06-14','2015-12-24','CONFIRM',2,'دریافت 6عدد چک بابت وام شرکت سورن تک توس',NULL,10688),
 (358,1394,1,358,'2015-06-15','2015-12-24','CONFIRM',2,'',NULL,10689),
 (359,1394,1,359,'2015-06-15','2015-12-24','CONFIRM',2,'دریافت اقساط',NULL,10690),
 (360,1394,1,360,'2015-06-15','2015-12-24','CONFIRM',2,'برداشت حساب پس انداز  ',NULL,10691),
 (361,1394,1,361,'2015-06-15','2015-12-24','CONFIRM',2,' دریافت اسناد ضمانتی از شرکت سما توسدر تاریخ 94/03/25',NULL,10692),
 (362,1394,1,362,'2015-06-16','2015-12-24','CONFIRM',2,'دریافت اقساط',NULL,10693),
 (363,1394,1,363,'2015-06-16','2015-12-24','CONFIRM',2,'سند تغییر وضعیت چکها',NULL,10694),
 (364,1394,1,364,'2015-06-16','2015-12-24','CONFIRM',2,'بابت وصول شده چک شماره 670650',NULL,10695),
 (365,1394,1,365,'2015-06-16','2015-12-24','CONFIRM',2,'برداشت حساب پس انداز  ',NULL,10696),
 (366,1394,1,366,'2015-06-16','2015-12-24','CONFIRM',2,'واریز به سپرده',NULL,10697),
 (367,1394,1,367,'2015-06-17','2015-12-24','CONFIRM',2,'تسهیلات عاملیت با دانشگاه',NULL,10698),
 (368,1394,1,368,'2015-06-17','2015-12-24','CONFIRM',2,'',NULL,10699),
 (369,1394,1,369,'2015-06-17','2015-12-24','CONFIRM',2,'برداشت از سپرده',NULL,10700),
 (370,1394,1,370,'2015-06-17','2015-12-24','CONFIRM',2,'دریافت چک ضمانت بابت وام شماره 212-شرکت ایده پردازان جوان فالینوس ',NULL,10701),
 (371,1394,1,371,'2015-06-17','2015-12-24','CONFIRM',2,'دریافت اقساط',NULL,10702),
 (372,1394,1,372,'2015-06-17','2015-12-24','CONFIRM',2,'واریزی حساب پس انداز  ',NULL,10703),
 (373,1394,1,373,'2015-06-17','2015-12-24','CONFIRM',2,'واریزی حساب پس انداز  ',NULL,10704),
 (374,1394,1,374,'2015-06-17','2015-12-24','CONFIRM',2,'واریزی حساب پس انداز  ',NULL,10705),
 (375,1394,1,375,'2015-06-18','2015-12-24','CONFIRM',2,'دریافت 2عدد چک بابت وام سامان داروی هشتم ',NULL,10706),
 (376,1394,1,376,'2015-06-18','2015-12-24','CONFIRM',2,'برداشت حساب پس انداز  ',NULL,10707),
 (377,1394,1,377,'2015-06-18','2015-12-24','CONFIRM',2,'',NULL,10708),
 (378,1394,1,378,'2015-06-20','2015-12-24','CONFIRM',2,'دریافت اقساط',NULL,10709),
 (379,1394,1,379,'2015-06-20','2015-12-24','CONFIRM',2,'',NULL,10710),
 (380,1394,1,380,'2015-06-20','2015-12-24','CONFIRM',2,'واریز به سپرده',NULL,10711),
 (381,1394,1,381,'2015-06-20','2015-12-24','CONFIRM',2,'واریز به سپرده',NULL,10712),
 (382,1394,1,382,'2015-06-20','2015-12-24','CONFIRM',2,'واریزی حساب پس انداز  ',NULL,10713),
 (383,1394,1,383,'2015-06-20','2015-12-24','CONFIRM',2,'دریافت 1عدد چک بابت وام شرکت دانشگرایان نوین دلسا',NULL,10714),
 (384,1394,1,384,'2015-06-21','2015-12-24','CONFIRM',2,'',NULL,10715),
 (385,1394,1,385,'2015-06-21','2015-12-24','CONFIRM',2,'واریزی حساب پس انداز  ',NULL,10716),
 (386,1394,1,386,'2015-06-21','2015-12-24','CONFIRM',2,'واریزی حساب پس انداز  ',NULL,10717),
 (387,1394,1,387,'2015-06-21','2015-12-24','CONFIRM',2,'واریزی حساب پس انداز  ',NULL,10718),
 (388,1394,1,388,'2015-06-21','2015-12-24','CONFIRM',2,'دریافت اقساط',NULL,10719),
 (389,1394,1,389,'2015-06-21','2015-12-24','CONFIRM',2,'دریافت اقساط',NULL,10720),
 (390,1394,1,390,'2015-06-21','2015-12-24','CONFIRM',2,'دریافت اقساط',NULL,10721),
 (391,1394,1,391,'2015-06-21','2015-12-24','CONFIRM',2,'',NULL,10722),
 (392,1394,1,392,'2015-06-21','2015-12-24','CONFIRM',2,'دریافت اقساط',NULL,10723),
 (393,1394,1,393,'2015-06-21','2015-12-24','CONFIRM',2,'سود خردادماه 94',NULL,10724),
 (394,1394,1,394,'2015-06-23','2015-12-24','CONFIRM',2,'',NULL,10725),
 (395,1394,1,395,'2015-06-23','2015-12-24','CONFIRM',2,'دریافت اقساط',NULL,10726),
 (396,1394,1,396,'2015-06-23','2015-12-24','CONFIRM',2,'واریزی حساب پس انداز  ',NULL,10727),
 (397,1394,1,397,'2015-06-23','2015-12-24','CONFIRM',2,'واریزی حساب پس انداز  ',NULL,10728),
 (398,1394,1,398,'2015-06-23','2015-12-24','CONFIRM',2,'واریزی حساب پس انداز  ',NULL,10729),
 (399,1394,1,399,'2015-06-23','2015-12-24','CONFIRM',2,'برداشت حساب پس انداز  ',NULL,10730),
 (400,1394,1,400,'2015-06-23','2015-12-24','CONFIRM',2,'برداشت حساب پس انداز  ',NULL,10731),
 (401,1394,1,401,'2015-06-23','2015-12-24','CONFIRM',2,'برداشت حساب پس انداز  ',NULL,10732),
 (402,1394,1,402,'2015-06-23','2015-12-24','CONFIRM',2,'برداشت حساب پس انداز  ',NULL,10733),
 (403,1394,1,403,'2015-06-23','2015-12-24','CONFIRM',2,'برداشت حساب پس انداز  ',NULL,10734),
 (404,1394,1,404,'2015-06-23','2015-12-24','CONFIRM',2,'برداشت حساب پس انداز  ',NULL,10735),
 (405,1394,1,405,'2015-06-23','2015-12-24','CONFIRM',2,'برداشت حساب پس انداز  ',NULL,10736),
 (406,1394,1,406,'2015-06-23','2015-12-24','CONFIRM',2,'واریزی حساب پس انداز  ',NULL,10737),
 (407,1394,1,407,'2015-06-23','2015-12-24','CONFIRM',2,'دریافت اقساط',NULL,10738),
 (408,1394,1,408,'2015-06-23','2015-12-24','CONFIRM',2,'واریزی حساب پس انداز  ',NULL,10739),
 (409,1394,1,409,'2015-06-24','2015-12-24','CONFIRM',2,'',NULL,10740),
 (410,1394,1,410,'2015-06-24','2015-12-24','CONFIRM',2,'دریافت اقساط',NULL,10741),
 (411,1394,1,411,'2015-06-24','2015-12-24','CONFIRM',2,'واریز به سپرده',NULL,10742),
 (412,1394,1,412,'2015-06-24','2015-12-24','CONFIRM',2,'واریز به سپرده',NULL,10743),
 (413,1394,1,413,'2015-06-25','2015-12-24','CONFIRM',2,'برداشت از سپرده',NULL,10744),
 (414,1394,1,414,'2015-06-25','2015-12-24','CONFIRM',2,'برداشت از سپرده',NULL,10745),
 (415,1394,1,415,'2015-06-27','2015-12-24','CONFIRM',2,'',NULL,10746),
 (416,1394,1,416,'2015-06-27','2015-12-24','CONFIRM',2,'',NULL,10747),
 (417,1394,1,417,'2015-06-27','2015-12-24','CONFIRM',2,'اضافه شدن مبلغ به وام بابت کارمزد ',NULL,10748),
 (418,1394,1,418,'2015-06-27','2015-12-24','CONFIRM',2,'دریافت 1عدد چک بابت وام رحیم صادقی شرکت ماناپلیمرآرمان',NULL,10749),
 (419,1394,1,419,'2015-06-28','2015-12-24','CONFIRM',2,'دریافت اقساط',NULL,10750),
 (420,1394,1,420,'2015-06-28','2015-12-24','CONFIRM',2,'',NULL,10751),
 (421,1394,1,421,'2015-06-28','2015-12-24','CONFIRM',2,'دریافت اقساط',NULL,10752),
 (422,1394,1,422,'2015-06-28','2015-12-24','CONFIRM',2,'برداشت حساب پس انداز  ',NULL,10753),
 (423,1394,1,423,'2015-06-28','2015-12-24','CONFIRM',2,'دریافت اقساط',NULL,10754),
 (424,1394,1,424,'2015-06-29','2015-12-24','CONFIRM',2,'دریافت اقساط',NULL,10756),
 (425,1394,1,425,'2015-06-29','2015-12-24','CONFIRM',2,'',NULL,10757),
 (426,1394,1,426,'2015-06-29','2015-12-24','CONFIRM',2,'واریز به سپرده',NULL,10758),
 (427,1394,1,427,'2015-06-29','2015-12-24','CONFIRM',2,'برداشت حساب پس انداز  ',NULL,10759),
 (428,1394,1,428,'2015-06-29','2015-12-24','CONFIRM',2,'برداشت حساب پس انداز  ',NULL,10760),
 (429,1394,1,429,'2015-06-30','2015-12-24','CONFIRM',2,'برداشت حساب پس انداز  ',NULL,10761),
 (430,1394,1,430,'2015-06-30','2015-12-24','CONFIRM',2,'برداشت حساب پس انداز  ',NULL,10762),
 (431,1394,1,431,'2015-06-30','2015-12-24','CONFIRM',2,'برداشت حساب پس انداز  ',NULL,10763),
 (432,1394,1,432,'2015-06-30','2015-12-24','CONFIRM',2,'',NULL,10764),
 (433,1394,1,433,'2015-06-30','2015-12-24','CONFIRM',2,'دریافت اقساط',NULL,10765),
 (434,1394,1,434,'2015-07-01','2015-12-24','CONFIRM',2,'',NULL,10766),
 (435,1394,1,435,'2015-07-01','2015-12-24','CONFIRM',2,'دریافت اقساط',NULL,10767),
 (436,1394,1,436,'2015-07-02','2015-12-24','CONFIRM',2,'واریز به سپرده',NULL,10768),
 (437,1394,1,437,'2015-07-02','2015-12-24','CONFIRM',2,'',NULL,10769),
 (438,1394,1,438,'2015-07-04','2015-12-24','CONFIRM',2,'',NULL,10770),
 (439,1394,1,439,'2015-07-04','2015-12-24','CONFIRM',2,'دریافت اقساط',NULL,10771),
 (440,1394,1,440,'2015-07-05','2015-12-24','CONFIRM',2,'',NULL,10773),
 (441,1394,1,441,'2015-07-05','2015-12-24','CONFIRM',2,'برداشت حساب پس انداز  ',NULL,10774),
 (442,1394,1,442,'2015-07-05','2015-12-24','CONFIRM',2,'تغییر وضعیت چک های ضمانتی ',NULL,10775),
 (443,1394,1,443,'2015-07-05','2015-12-24','CONFIRM',2,'تغییر وضعیت چک های ضمانتی ',NULL,10776),
 (444,1394,1,444,'2015-07-05','2015-12-24','CONFIRM',2,'تغییر وضعیت چک های ضمانتی ',NULL,10777),
 (445,1394,1,445,'2015-07-05','2015-12-24','CONFIRM',2,'تغییر وضعیت چک های ضمانتی ',NULL,10778),
 (446,1394,1,446,'2015-07-05','2015-12-24','CONFIRM',2,'تغییر وضعیت چک های ضمانتی ',NULL,10779),
 (447,1394,1,447,'2015-07-05','2015-12-24','CONFIRM',2,'تغییر وضعیت چک های ضمانتی ',NULL,10780),
 (448,1394,1,448,'2015-07-05','2015-12-24','CONFIRM',2,'تغییر وضعیت چک های ضمانتی ',NULL,10781),
 (449,1394,1,449,'2015-07-07','2015-12-24','CONFIRM',2,'دریافت اقساط',NULL,10782),
 (450,1394,1,450,'2015-07-07','2015-12-24','CONFIRM',2,'سند تغییر وضعیت چکها',NULL,10783),
 (451,1394,1,451,'2015-07-07','2015-12-24','CONFIRM',2,'بابت وصول شده چک شماره 378860',NULL,10784),
 (452,1394,1,452,'2015-07-07','2015-12-24','CONFIRM',2,'',NULL,10785),
 (453,1394,1,453,'2015-07-09','2015-12-24','CONFIRM',2,'',NULL,10786),
 (454,1394,1,454,'2015-07-11','2015-12-24','CONFIRM',2,'',NULL,10787),
 (455,1394,1,455,'2015-07-11','2015-12-24','CONFIRM',2,'واریز به سپرده',NULL,10788),
 (456,1394,1,456,'2015-07-11','2015-12-24','CONFIRM',2,'واریز به سپرده',NULL,10789),
 (457,1394,1,457,'2015-07-13','2015-12-24','CONFIRM',2,'',NULL,10790),
 (458,1394,1,458,'2015-07-13','2015-12-24','CONFIRM',2,'دریافت اقساط',NULL,10791),
 (459,1394,1,459,'2015-07-13','2015-12-24','CONFIRM',2,'واریز به سپرده',NULL,10792),
 (460,1394,1,460,'2015-07-14','2015-12-24','CONFIRM',2,'دریافت اقساط',NULL,10793),
 (461,1394,1,461,'2015-07-15','2015-12-24','CONFIRM',2,'',NULL,10794),
 (462,1394,1,462,'2015-07-16','2015-12-24','CONFIRM',2,'دریافت اقساط',NULL,10795),
 (463,1394,1,463,'2015-07-16','2015-12-24','CONFIRM',2,'',NULL,10796),
 (464,1394,1,464,'2015-07-16','2015-12-24','CONFIRM',2,'دریافت چک ضمانت بابت وام شماره 135-شرکت صنایع هوا خورشید (شهریار صابر )',NULL,10797),
 (465,1394,1,465,'2015-07-16','2015-12-24','CONFIRM',2,'دریافت چک ضمانت بابت وام شماره 129-محمد طباطبایی. شرکت انگاره فیزیک',NULL,10798),
 (466,1394,1,466,'2015-07-20','2015-12-24','CONFIRM',2,'دریافت اقساط',NULL,10799),
 (467,1394,1,467,'2015-07-21','2015-12-24','CONFIRM',2,'',NULL,10800),
 (468,1394,1,468,'2015-07-21','2015-12-24','CONFIRM',2,'واریز به سپرده',NULL,10801),
 (469,1394,1,469,'2015-07-21','2015-12-24','CONFIRM',2,'برداشت حساب پس انداز  ',NULL,10802),
 (470,1394,1,470,'2015-07-22','2015-12-24','CONFIRM',2,'سود تیرماه 94',NULL,10803),
 (471,1394,1,471,'2015-07-22','2015-12-24','CONFIRM',2,'',NULL,10806),
 (472,1394,1,472,'2015-07-22','2015-12-24','CONFIRM',2,'',NULL,10807),
 (473,1394,1,473,'2015-07-22','2015-12-24','CONFIRM',2,'واریزی حساب پس انداز  ',NULL,10808),
 (474,1394,1,474,'2015-07-22','2015-12-24','CONFIRM',2,'واریزی حساب پس انداز  ',NULL,10809),
 (475,1394,1,475,'2015-07-22','2015-12-24','CONFIRM',2,'واریزی حساب پس انداز  ',NULL,10810),
 (476,1394,1,476,'2015-07-22','2015-12-24','CONFIRM',2,'برداشت حساب پس انداز  ',NULL,10811),
 (477,1394,1,477,'2015-07-22','2015-12-24','CONFIRM',2,'برداشت حساب پس انداز  ',NULL,10812),
 (478,1394,1,478,'2015-07-22','2015-12-24','CONFIRM',2,'برداشت حساب پس انداز  ',NULL,10813),
 (479,1394,1,479,'2015-07-22','2015-12-24','CONFIRM',2,'دریافت اقساط',NULL,10814),
 (480,1394,1,480,'2015-07-23','2015-12-24','CONFIRM',2,'',NULL,10815),
 (481,1394,1,481,'2015-07-25','2015-12-24','CONFIRM',2,'دریافت اقساط',NULL,10816),
 (482,1394,1,482,'2015-07-25','2015-12-24','CONFIRM',2,'',NULL,10817),
 (483,1394,1,483,'2015-07-25','2015-12-24','CONFIRM',2,'دریافت اقساط',NULL,10818),
 (484,1394,1,484,'2015-07-26','2015-12-24','CONFIRM',2,'',NULL,10819),
 (485,1394,1,485,'2015-07-26','2015-12-24','CONFIRM',2,'دریافت اقساط',NULL,10820),
 (486,1394,1,486,'2015-07-26','2015-12-24','CONFIRM',2,'دریافت اقساط',NULL,10821),
 (487,1394,1,487,'2015-07-28','2015-12-24','CONFIRM',2,'دریافت اقساط',NULL,10822),
 (488,1394,1,488,'2015-07-28','2015-12-24','CONFIRM',2,'دریافت اقساط',NULL,10823),
 (489,1394,1,489,'2015-07-29','2015-12-24','CONFIRM',2,'',NULL,10824),
 (490,1394,1,490,'2015-07-29','2015-12-24','CONFIRM',2,'دریافت اقساط',NULL,10825),
 (491,1394,1,491,'2015-07-29','2015-12-24','CONFIRM',2,'دریافت اقساط',NULL,10826),
 (492,1394,1,492,'2015-07-30','2015-12-24','CONFIRM',2,'',NULL,10828),
 (493,1394,1,493,'2015-07-30','2015-12-24','CONFIRM',2,'تسهیلات قرض الحسنه ',NULL,10829),
 (494,1394,1,494,'2015-07-30','2015-12-24','CONFIRM',2,'دریافت اقساط',NULL,10830),
 (495,1394,1,495,'2015-08-01','2015-12-24','CONFIRM',2,'دریافت اقساط',NULL,10831),
 (496,1394,1,496,'2015-08-01','2015-12-24','CONFIRM',2,'دریافت اقساط',NULL,10832),
 (497,1394,1,497,'2015-08-01','2015-12-24','CONFIRM',2,'برداشت از سپرده',NULL,10833),
 (498,1394,1,498,'2015-08-01','2015-12-24','CONFIRM',2,'',NULL,10834),
 (499,1394,1,499,'2015-08-01','2015-12-24','CONFIRM',2,'دریافت اقساط',NULL,10835),
 (500,1394,1,500,'2015-08-01','2015-12-24','CONFIRM',2,'برداشت حساب پس انداز  ',NULL,10836),
 (501,1394,1,501,'2015-08-01','2015-12-24','CONFIRM',2,'برداشت حساب پس انداز  ',NULL,10837),
 (502,1394,1,502,'2015-08-02','2015-12-24','CONFIRM',2,'',NULL,10838),
 (503,1394,1,503,'2015-08-02','2015-12-24','CONFIRM',2,'دریافت اقساط',NULL,10839),
 (504,1394,1,504,'2015-08-02','2015-12-24','CONFIRM',2,'تغییر وضعیت چک های ضمانتی ',NULL,10840),
 (505,1394,1,505,'2015-08-02','2015-12-24','CONFIRM',2,'تغییر وضعیت چک های ضمانتی ',NULL,10841),
 (506,1394,1,506,'2015-08-02','2015-12-24','CONFIRM',2,'تغییر وضعیت چک های ضمانتی ',NULL,10842),
 (507,1394,1,507,'2015-08-02','2015-12-24','CONFIRM',2,'تغییر وضعیت چک های ضمانتی ',NULL,10843),
 (508,1394,1,508,'2015-08-02','2015-12-24','CONFIRM',2,'تغییر وضعیت چک های ضمانتی ',NULL,10844),
 (509,1394,1,509,'2015-08-02','2015-12-24','CONFIRM',2,'تغییر وضعیت چک های ضمانتی ',NULL,10845),
 (510,1394,1,510,'2015-08-02','2015-12-24','CONFIRM',2,'تغییر وضعیت چک های ضمانتی ',NULL,10846),
 (511,1394,1,511,'2015-08-02','2015-12-24','CONFIRM',2,'تغییر وضعیت چک های ضمانتی ',NULL,10847),
 (512,1394,1,512,'2015-08-02','2015-12-24','CONFIRM',2,'تغییر وضعیت چک های ضمانتی ',NULL,10848),
 (513,1394,1,513,'2015-08-02','2015-12-24','CONFIRM',2,'تغییر وضعیت چک های ضمانتی ',NULL,10849),
 (514,1394,1,514,'2015-08-02','2015-12-24','CONFIRM',2,'افتتاح حساب پس انداز',NULL,10850),
 (515,1394,1,515,'2015-08-03','2015-12-24','CONFIRM',2,'',NULL,10851),
 (516,1394,1,516,'2015-08-04','2015-12-24','CONFIRM',2,'',NULL,10852),
 (517,1394,1,517,'2015-08-05','2015-12-24','CONFIRM',2,'دریافت اقساط',NULL,10853),
 (518,1394,1,518,'2015-08-05','2015-12-24','CONFIRM',2,'',NULL,10854),
 (519,1394,1,519,'2015-08-06','2015-12-24','CONFIRM',2,'',NULL,10855),
 (520,1394,1,520,'2015-08-08','2015-12-24','CONFIRM',2,'دریافت اقساط',NULL,10856),
 (521,1394,1,521,'2015-08-08','2015-12-24','CONFIRM',2,'تسهیلات قرض الحسنه ',NULL,10857),
 (522,1394,1,522,'2015-08-08','2015-12-24','CONFIRM',2,'برداشت حساب پس انداز  ',NULL,10858),
 (523,1394,1,523,'2015-08-08','2015-12-24','CONFIRM',2,'واریزی حساب پس انداز  ',NULL,10859),
 (524,1394,1,524,'2015-08-08','2015-12-24','CONFIRM',2,'واریزی حساب پس انداز  ',NULL,10860),
 (525,1394,1,525,'2015-08-08','2015-12-24','CONFIRM',2,'',NULL,10861),
 (526,1394,1,526,'2015-08-09','2015-12-24','CONFIRM',2,'دریافت چک ضمانت بابت وام شماره 214-مرتضی شریف زاده',NULL,10862),
 (527,1394,1,527,'2015-08-09','2015-12-24','CONFIRM',2,'',NULL,10863),
 (528,1394,1,528,'2015-08-09','2015-12-24','CONFIRM',2,'دریافت اقساط',NULL,10864),
 (529,1394,1,529,'2015-08-10','2015-12-24','CONFIRM',2,'دریافت اقساط',NULL,10865),
 (530,1394,1,530,'2015-08-12','2015-12-24','CONFIRM',2,'',NULL,10866),
 (531,1394,1,531,'2015-08-12','2015-12-24','CONFIRM',2,'دریافت اقساط',NULL,10868),
 (532,1394,1,532,'2015-08-15','2015-12-24','CONFIRM',2,'',NULL,10869),
 (533,1394,1,533,'2015-08-15','2015-12-24','CONFIRM',2,'',NULL,10870),
 (534,1394,1,534,'2015-08-15','2015-12-24','CONFIRM',2,'دریافت اقساط',NULL,10871),
 (535,1394,1,535,'2015-08-15','2015-12-24','CONFIRM',2,'دریافت 2عدد چک بابت وام شرکت سما توس',NULL,10872),
 (536,1394,1,536,'2015-08-16','2015-12-24','CONFIRM',2,'قرض الحسنه خیرین ',NULL,10873),
 (537,1394,1,537,'2015-08-16','2015-12-24','CONFIRM',2,'دریافت اقساط',NULL,10874),
 (538,1394,1,538,'2015-08-16','2015-12-24','CONFIRM',2,'',NULL,10875),
 (539,1394,1,539,'2015-08-16','2015-12-24','CONFIRM',2,'دریافت چک ضمانت بابت وام شماره 215-محمد مستعلی ',NULL,10876),
 (540,1394,1,540,'2015-08-16','2015-12-24','CONFIRM',2,'برداشت حساب پس انداز  ',NULL,10877),
 (541,1394,1,541,'2015-08-18','2015-12-24','CONFIRM',2,'',NULL,10878),
 (542,1394,1,542,'2015-08-18','2015-12-24','CONFIRM',2,'واریز به سپرده',NULL,10879),
 (543,1394,1,543,'2015-08-18','2015-12-24','CONFIRM',2,'واریز به سپرده',NULL,10880),
 (544,1394,1,544,'2015-08-18','2015-12-24','CONFIRM',2,'واریز به سپرده',NULL,10881),
 (545,1394,1,545,'2015-08-18','2015-12-24','CONFIRM',2,'واریز به سپرده',NULL,10882),
 (546,1394,1,546,'2015-08-18','2015-12-24','CONFIRM',2,'واریز به سپرده',NULL,10883),
 (547,1394,1,547,'2015-08-18','2015-12-24','CONFIRM',2,'واریز به سپرده',NULL,10884),
 (548,1394,1,548,'2015-08-18','2015-12-24','CONFIRM',2,'واریز به سپرده',NULL,10885),
 (549,1394,1,549,'2015-08-18','2015-12-24','CONFIRM',2,'واریزی حساب پس انداز  ',NULL,10886),
 (550,1394,1,550,'2015-08-18','2015-12-24','CONFIRM',2,'برداشت حساب پس انداز  ',NULL,10887),
 (551,1394,1,551,'2015-08-19','2015-12-24','CONFIRM',2,'ضروری',NULL,10888),
 (552,1394,1,552,'2015-08-19','2015-12-24','CONFIRM',2,'دریافت چک ضمانت بابت وام شماره 216-علیرضا حداد طوسی ',NULL,10889),
 (553,1394,1,553,'2015-08-19','2015-12-24','CONFIRM',2,'دریافت اقساط',NULL,10890),
 (554,1394,1,554,'2015-08-20','2015-12-24','CONFIRM',2,'دریافت اقساط',NULL,10891),
 (555,1394,1,555,'2015-08-20','2015-12-24','CONFIRM',2,'',NULL,10892),
 (556,1394,1,556,'2015-08-20','2015-12-24','CONFIRM',2,'دریافت اقساط',NULL,10893),
 (557,1394,1,557,'2015-08-20','2015-12-24','CONFIRM',2,'',NULL,10894),
 (558,1394,1,558,'2015-08-20','2015-12-24','CONFIRM',2,'واریز به سپرده',NULL,10895),
 (559,1394,1,559,'2015-08-20','2015-12-24','CONFIRM',2,'واریزی حساب پس انداز  ',NULL,10896),
 (560,1394,1,560,'2015-08-20','2015-12-24','CONFIRM',2,'واریزی حساب پس انداز  ',NULL,10897),
 (561,1394,1,561,'2015-08-20','2015-12-24','CONFIRM',2,'برداشت حساب پس انداز  ',NULL,10898),
 (562,1394,1,562,'2015-08-22','2015-12-24','CONFIRM',2,'واریز سود مردادماه 94',NULL,10899),
 (563,1394,1,563,'2015-08-22','2015-12-24','CONFIRM',2,'برداشت حساب پس انداز  ',NULL,10900),
 (564,1394,1,564,'2015-08-22','2015-12-24','CONFIRM',2,'',NULL,10901),
 (565,1394,1,565,'2015-08-22','2015-12-24','CONFIRM',2,'دریافت اقساط',NULL,10902),
 (566,1394,1,566,'2015-08-23','2015-12-24','CONFIRM',2,'دریافت اقساط',NULL,10906),
 (567,1394,1,567,'2015-08-24','2015-12-24','CONFIRM',2,'دریافت اقساط',NULL,10907),
 (568,1394,1,568,'2015-08-25','2015-12-24','CONFIRM',2,'',NULL,10908),
 (569,1394,1,569,'2015-08-25','2015-12-24','CONFIRM',2,'واریز به سپرده',NULL,10909),
 (570,1394,1,570,'2015-08-25','2015-12-24','CONFIRM',2,'برداشت از سپرده',NULL,10910),
 (571,1394,1,571,'2015-08-26','2015-12-24','CONFIRM',2,'',NULL,10911),
 (572,1394,1,572,'2015-08-26','2015-12-24','CONFIRM',2,'دریافت اقساط',NULL,10912),
 (573,1394,1,573,'2015-08-26','2015-12-24','CONFIRM',2,'واریزی حساب پس انداز  ',NULL,10913),
 (574,1394,1,574,'2015-08-26','2015-12-24','CONFIRM',2,'واریزی حساب پس انداز  ',NULL,10914),
 (575,1394,1,575,'2015-08-26','2015-12-24','CONFIRM',2,'واریزی حساب پس انداز  ',NULL,10915),
 (576,1394,1,576,'2015-08-26','2015-12-24','CONFIRM',2,'برداشت حساب پس انداز  ',NULL,10916),
 (577,1394,1,577,'2015-08-27','2015-12-24','CONFIRM',2,'برداشت از سپرده',NULL,10918),
 (578,1394,1,578,'2015-08-27','2015-12-24','CONFIRM',2,'',NULL,10919),
 (579,1394,1,579,'2015-08-27','2015-12-24','CONFIRM',2,'برداشت حساب پس انداز  ',NULL,10920),
 (580,1394,1,580,'2015-08-27','2015-12-24','CONFIRM',2,'برداشت حساب پس انداز  ',NULL,10921),
 (581,1394,1,581,'2015-08-29','2015-12-24','CONFIRM',2,'دریافت اقساط',NULL,10922),
 (582,1394,1,582,'2015-08-29','2015-12-24','CONFIRM',2,'سند تغییر وضعیت چکها',NULL,10923),
 (583,1394,1,583,'2015-08-29','2015-12-24','CONFIRM',2,'بابت وصول شده چک شماره 983249',NULL,10924),
 (584,1394,1,584,'2015-08-29','2015-12-24','CONFIRM',2,'واریزی حساب پس انداز  ',NULL,10926),
 (585,1394,1,585,'2015-08-29','2015-12-24','CONFIRM',2,'برداشت حساب پس انداز  ',NULL,10927),
 (586,1394,1,586,'2015-08-29','2015-12-24','CONFIRM',2,'دریافت اقساط',NULL,10928),
 (587,1394,1,587,'2015-08-30','2015-12-24','CONFIRM',2,'دریافت اقساط',NULL,10929),
 (588,1394,1,588,'2015-09-01','2015-12-24','CONFIRM',2,'دریافت اقساط',NULL,10930),
 (589,1394,1,589,'2015-09-01','2015-12-24','CONFIRM',2,'دریافت اقساط',NULL,10931),
 (590,1394,1,590,'2015-09-01','2015-12-24','CONFIRM',2,'دریافت اقساط',NULL,10932),
 (591,1394,1,591,'2015-09-01','2015-12-24','CONFIRM',2,'',NULL,10933),
 (592,1394,1,592,'2015-09-01','2015-12-24','CONFIRM',2,'تسهیلات پژوهشی',NULL,10934),
 (593,1394,1,593,'2015-09-01','2015-12-24','CONFIRM',2,'اضافه شدن مبلغ به وام بابت کارمزد ',NULL,10935),
 (594,1394,1,594,'2015-09-01','2015-12-24','CONFIRM',2,'برداشت حساب پس انداز  ',NULL,10936),
 (595,1394,1,595,'2015-09-01','2015-12-24','CONFIRM',2,'تسهیلات پژوهشی',NULL,10937),
 (596,1394,1,596,'2015-09-01','2015-12-24','CONFIRM',2,'اضافه شدن مبلغ به وام بابت کارمزد ',NULL,10938),
 (597,1394,1,597,'2015-09-01','2015-12-24','CONFIRM',2,'افتتاح حساب پس انداز',NULL,10939),
 (598,1394,1,598,'2015-09-03','2015-12-24','CONFIRM',2,'دریافت اقساط',NULL,10940),
 (599,1394,1,599,'2015-09-03','2015-12-24','CONFIRM',2,'',NULL,10941),
 (600,1394,1,600,'2015-09-03','2015-12-24','CONFIRM',2,'واریزی حساب پس انداز  ',NULL,10942),
 (601,1394,1,601,'2015-09-04','2015-12-24','CONFIRM',2,'برداشت از سپرده',NULL,10943),
 (602,1394,1,602,'2015-09-06','2015-12-24','CONFIRM',2,'',NULL,10944),
 (603,1394,1,603,'2015-09-07','2015-12-24','CONFIRM',2,'واریزی حساب پس انداز  ',NULL,10945),
 (604,1394,1,604,'2015-09-07','2015-12-24','CONFIRM',2,'دریافت اقساط',NULL,10946),
 (605,1394,1,605,'2015-09-07','2015-12-24','CONFIRM',2,'',NULL,10947),
 (606,1394,1,606,'2015-09-08','2015-12-24','CONFIRM',2,'',NULL,10948),
 (607,1394,1,607,'2015-09-08','2015-12-24','CONFIRM',2,'دریافت اقساط',NULL,10949),
 (608,1394,1,608,'2015-09-08','2015-12-24','CONFIRM',2,'تسهیلات پژوهشی',NULL,10950),
 (609,1394,1,609,'2015-09-08','2015-12-24','CONFIRM',2,'واریزی حساب پس انداز  ',NULL,10951),
 (610,1394,1,610,'2015-09-08','2015-12-24','CONFIRM',2,'دریافت اقساط',NULL,10952);
INSERT INTO `ACC_docs` (`DocID`,`CycleID`,`BranchID`,`LocalNo`,`DocDate`,`RegDate`,`DocStatus`,`DocType`,`description`,`RegPersonID`,`imp_AccDocNo`) VALUES 
 (611,1394,1,611,'2015-09-13','2015-12-24','CONFIRM',2,'دریافت 4بابت حساب پس انداز-سود سپرده مهدوی و ابراهیمی',NULL,10953),
 (612,1394,1,612,'2015-09-13','2015-12-24','CONFIRM',2,'سند تغییر وضعیت چکها',NULL,10954),
 (613,1394,1,613,'2015-09-13','2015-12-24','CONFIRM',2,'بابت وصول شده چک شماره 983250',NULL,10955),
 (614,1394,1,614,'2015-09-13','2015-12-24','CONFIRM',2,'اضافه شدن مبلغ به وام بابت کارمزد ',NULL,10956),
 (615,1394,1,615,'2015-09-13','2015-12-24','CONFIRM',2,'',NULL,10957),
 (616,1394,1,616,'2015-09-13','2015-12-24','CONFIRM',2,'اضافه شدن مبلغ به وام بابت کارمزد ',NULL,10958),
 (617,1394,1,617,'2015-09-13','2015-12-24','CONFIRM',2,'دریافت اقساط',NULL,10959),
 (618,1394,1,618,'2015-09-14','2015-12-24','CONFIRM',2,'دریافت اقساط',NULL,10960),
 (619,1394,1,619,'2015-09-14','2015-12-24','CONFIRM',2,'',NULL,10961),
 (620,1394,1,620,'2015-09-14','2015-12-24','CONFIRM',2,'دریافت اقساط',NULL,10962),
 (621,1394,1,621,'2015-09-14','2015-12-24','CONFIRM',2,'برداشت حساب پس انداز  ',NULL,10963),
 (622,1394,1,622,'2015-09-16','2015-12-24','CONFIRM',2,'',NULL,10964),
 (623,1394,1,623,'2015-09-17','2015-12-24','CONFIRM',2,'افتتاح حساب پس انداز',NULL,10965),
 (624,1394,1,624,'2015-09-17','2015-12-24','CONFIRM',2,'تسهیلات عاملیت با دانشگاه',NULL,10966),
 (625,1394,1,625,'2015-09-17','2015-12-24','CONFIRM',2,'',NULL,10967),
 (626,1394,1,626,'2015-09-17','2015-12-24','CONFIRM',2,'تسهیلات نوآوری و شکوفایی',NULL,10968),
 (627,1394,1,627,'2015-09-17','2015-12-24','CONFIRM',2,'دریافت چک ضمانت بابت وام شماره 221-شرکت دنا پارس آژند',NULL,10969),
 (628,1394,1,628,'2015-09-19','2015-12-24','CONFIRM',2,'اضافه شدن مبلغ به وام بابت کارمزد ',NULL,10970),
 (629,1394,1,629,'2015-09-19','2015-12-24','CONFIRM',2,'',NULL,10971),
 (630,1394,1,630,'2015-09-19','2015-12-24','CONFIRM',2,'دریافت اقساط',NULL,10972),
 (631,1394,1,631,'2015-09-19','2015-12-24','CONFIRM',2,'برداشت حساب پس انداز  ',NULL,10973),
 (632,1394,1,632,'2015-09-20','2015-12-24','CONFIRM',2,'تسهیلات نوآوری و شکوفایی',NULL,10974),
 (633,1394,1,633,'2015-09-20','2015-12-24','CONFIRM',2,'',NULL,10975),
 (634,1394,1,634,'2015-09-20','2015-12-24','CONFIRM',2,'دریافت چک ضمانت بابت وام شماره 222-حسام دهقانی-شرکت دنازیست آسیا',NULL,10976),
 (635,1394,1,635,'2015-09-20','2015-12-24','CONFIRM',2,'دریافت اقساط',NULL,10977),
 (636,1394,1,636,'2015-09-20','2015-12-24','CONFIRM',2,'دریافت اقساط',NULL,10978),
 (637,1394,1,637,'2015-09-20','2015-12-24','CONFIRM',2,'تسهیلات قرض الحسنه ',NULL,10979),
 (638,1394,1,638,'2015-09-20','2015-12-24','CONFIRM',2,'دریافت اقساط',NULL,10980),
 (639,1394,1,639,'2015-09-20','2015-12-24','CONFIRM',2,'سند تغییر وضعیت چکها',NULL,10981),
 (640,1394,1,640,'2015-09-20','2015-12-24','CONFIRM',2,'بابت وصول شده چک شماره 353702',NULL,10982),
 (641,1394,1,641,'2015-09-20','2015-12-24','CONFIRM',2,'سند تغییر وضعیت چکها',NULL,10983),
 (642,1394,1,642,'2015-09-20','2015-12-24','CONFIRM',2,'بابت وصول شده چک شماره 921487',NULL,10984),
 (643,1394,1,643,'2015-09-20','2015-12-24','CONFIRM',2,'واریزی حساب پس انداز  ',NULL,10985),
 (644,1394,1,644,'2015-09-20','2015-12-24','CONFIRM',2,'واریزی حساب پس انداز  ',NULL,10986),
 (645,1394,1,645,'2015-09-20','2015-12-24','CONFIRM',2,'واریزی حساب پس انداز  ',NULL,10987),
 (646,1394,1,646,'2015-09-20','2015-12-24','CONFIRM',2,'برداشت حساب پس انداز  ',NULL,10988),
 (647,1394,1,647,'2015-09-20','2015-12-24','CONFIRM',2,'واریز به سپرده',NULL,10989),
 (648,1394,1,648,'2015-09-20','2015-12-24','CONFIRM',2,'دریافت اقساط',NULL,10990),
 (649,1394,1,649,'2015-09-20','2015-12-24','CONFIRM',2,'برداشت از سپرده',NULL,10991),
 (650,1394,1,650,'2015-09-20','2015-12-24','CONFIRM',2,'برداشت از سپرده',NULL,10992),
 (651,1394,1,651,'2015-09-21','2015-12-24','CONFIRM',2,'تجاری سازی ',NULL,10993),
 (652,1394,1,652,'2015-09-21','2015-12-24','CONFIRM',2,'دریافت چک ضمانت بابت وام شماره 224-شرکت کاوش صنعت توس',NULL,10994),
 (653,1394,1,653,'2015-09-21','2015-12-24','CONFIRM',2,'دریافت اقساط',NULL,10995),
 (654,1394,1,654,'2015-09-21','2015-12-24','CONFIRM',2,'',NULL,10996),
 (655,1394,1,655,'2015-09-22','2015-12-24','CONFIRM',2,'',NULL,10997),
 (656,1394,1,656,'2015-09-22','2015-12-24','CONFIRM',2,'دریافت اقساط',NULL,10998),
 (657,1394,1,657,'2015-09-22','2015-12-24','CONFIRM',2,'',NULL,11000),
 (658,1394,1,658,'2015-09-22','2015-12-24','CONFIRM',2,'دریافت چک ضمانت بابت وام شماره 225-شرکت داروسازی دکتررجبی ',NULL,11001),
 (659,1394,1,659,'2015-09-22','2015-12-24','CONFIRM',2,'دریافت 4عدد چک بابت وام شرکت داروسازی دکتررجبی ',NULL,11002),
 (660,1394,1,660,'2015-09-22','2015-12-24','CONFIRM',2,'واریزی حساب پس انداز  ',NULL,11003),
 (661,1394,1,661,'2015-09-22','2015-12-24','CONFIRM',2,'دریافت اقساط',NULL,11004),
 (662,1394,1,662,'2015-09-22','2015-12-24','CONFIRM',2,'سود شهریور ماه 94',NULL,11005),
 (663,1394,1,663,'2015-09-22','2015-12-24','CONFIRM',2,'تسهیلات فناوریهای نوین (س',NULL,11054),
 (664,1394,1,664,'2015-09-27','2015-12-24','CONFIRM',2,'دریافت اقساط',NULL,11007),
 (665,1394,1,665,'2015-09-30','2015-12-24','CONFIRM',2,'دریافت اقساط',NULL,11008),
 (666,1394,1,666,'2015-10-01','2015-12-24','CONFIRM',2,'دریافت اقساط',NULL,11009),
 (667,1394,1,667,'2015-10-01','2015-12-24','CONFIRM',2,'',NULL,11010),
 (668,1394,1,668,'2015-10-01','2015-12-24','CONFIRM',2,'دریافت اقساط',NULL,11011),
 (669,1394,1,669,'2015-10-01','2015-12-24','CONFIRM',2,'برداشت حساب پس انداز  ',NULL,11012),
 (670,1394,1,670,'2015-10-01','2015-12-24','CONFIRM',2,'دریافت اقساط',NULL,11013),
 (671,1394,1,671,'2015-10-01','2015-12-24','CONFIRM',2,'دریافت اقساط',NULL,11014),
 (672,1394,1,672,'2015-10-01','2015-12-24','CONFIRM',2,'دریافت اقساط',NULL,11015),
 (673,1394,1,673,'2015-10-04','2015-12-24','CONFIRM',2,'',NULL,11016),
 (674,1394,1,674,'2015-10-05','2015-12-24','CONFIRM',2,'دریافت اقساط',NULL,11017),
 (675,1394,1,675,'2015-10-08','2015-12-24','CONFIRM',2,'',NULL,11018),
 (676,1394,1,676,'2015-10-08','2015-12-24','CONFIRM',2,'واریز به سپرده',NULL,11019),
 (677,1394,1,677,'2015-10-10','2015-12-24','CONFIRM',2,'',NULL,11020),
 (678,1394,1,678,'2015-10-10','2015-12-24','CONFIRM',2,'دریافت اقساط',NULL,11021),
 (679,1394,1,679,'2015-10-10','2015-12-24','CONFIRM',2,'برداشت حساب پس انداز  ',NULL,11022),
 (680,1394,1,680,'2015-10-10','2015-12-24','CONFIRM',2,'برداشت حساب پس انداز  ',NULL,11023),
 (681,1394,1,681,'2015-10-10','2015-12-24','CONFIRM',2,'',NULL,11024),
 (682,1394,1,682,'2015-10-10','2015-12-24','CONFIRM',2,'تغییر وضعیت چک های ضمانتی ',NULL,11025),
 (683,1394,1,683,'2015-10-10','2015-12-24','CONFIRM',2,'دریافت اقساط',NULL,11026),
 (684,1394,1,684,'2015-10-10','2015-12-24','CONFIRM',2,'دریافت اقساط',NULL,11027),
 (685,1394,1,685,'2015-10-10','2015-12-24','CONFIRM',2,'دریافت اقساط',NULL,11028),
 (686,1394,1,686,'2015-10-11','2015-12-24','CONFIRM',2,'',NULL,11029),
 (687,1394,1,687,'2015-10-11','2015-12-24','CONFIRM',2,'دریافت اقساط',NULL,11030),
 (688,1394,1,688,'2015-10-11','2015-12-24','CONFIRM',2,'بابت وصول شده چک شماره 375193',NULL,11032),
 (689,1394,1,689,'2015-10-11','2015-12-24','CONFIRM',2,'بابت وصول شده چک شماره 375198',NULL,11035),
 (690,1394,1,690,'2015-10-11','2015-12-24','CONFIRM',2,'واریز به سپرده',NULL,11037),
 (691,1394,1,691,'2015-10-11','2015-12-24','CONFIRM',2,'',NULL,11039),
 (692,1394,1,692,'2015-10-11','2015-12-24','CONFIRM',2,'واریزی حساب پس انداز  ',NULL,11040),
 (693,1394,1,693,'2015-10-11','2015-12-24','CONFIRM',2,'برداشت حساب پس انداز  ',NULL,11041),
 (694,1394,1,694,'2015-10-11','2015-12-24','CONFIRM',2,'واریزی حساب پس انداز  ',NULL,11042),
 (695,1394,1,695,'2015-10-11','2015-12-24','CONFIRM',2,'دریافت چک ضمانت بابت وام شماره 226-محمد طباطبایی. شرکت انگاره فیزیک',NULL,11043),
 (696,1394,1,696,'2015-10-11','2015-12-24','CONFIRM',2,'واریز به سپرده',NULL,11044),
 (697,1394,1,697,'2015-10-11','2015-12-24','CONFIRM',2,'واریز به سپرده',NULL,11045),
 (698,1394,1,698,'2015-10-11','2015-12-24','CONFIRM',2,'واریز به سپرده',NULL,11046),
 (699,1394,1,699,'2015-10-11','2015-12-24','CONFIRM',2,'واریز به سپرده',NULL,11047),
 (700,1394,1,700,'2015-10-11','2015-12-24','CONFIRM',2,'واریز به سپرده',NULL,11048),
 (701,1394,1,701,'2015-10-11','2015-12-24','CONFIRM',2,'واریز به سپرده',NULL,11049),
 (702,1394,1,702,'2015-10-11','2015-12-24','CONFIRM',2,'واریز به سپرده',NULL,11050),
 (703,1394,1,703,'2015-10-11','2015-12-24','CONFIRM',2,'واریز به سپرده',NULL,11051),
 (704,1394,1,704,'2015-10-11','2015-12-24','CONFIRM',2,'برداشت از سپرده',NULL,11052),
 (705,1394,1,705,'2015-10-11','2015-12-24','CONFIRM',2,'تسهیلات فناوریهای نوین (س',NULL,11053),
 (706,1394,1,706,'2015-10-13','2015-12-24','CONFIRM',2,'تسهیلات نوآوری و شکوفایی',NULL,11055),
 (707,1394,1,707,'2015-10-13','2015-12-24','CONFIRM',2,'تسهیلات نوآوری و شکوفایی',NULL,11056),
 (708,1394,1,708,'2015-10-13','2015-12-24','CONFIRM',2,'',NULL,11058),
 (709,1394,1,709,'2015-10-13','2015-12-24','CONFIRM',2,'دریافت چک ضمانت بابت وام شماره 227-ایستاارتباط کاوشگر',NULL,11059),
 (710,1394,1,710,'2015-10-13','2015-12-24','CONFIRM',2,'دریافت 6عدد چک بابت وام ایستاارتباط کاوشگر',NULL,11060),
 (711,1394,1,711,'2015-10-13','2015-12-24','CONFIRM',2,'افتتاح حساب پس انداز',NULL,11061),
 (712,1394,1,712,'2015-10-13','2015-12-24','CONFIRM',2,'دریافت 5عدد چک بابت وام پارس بهبود آسیا',NULL,11062),
 (713,1394,1,713,'2015-10-13','2015-12-24','CONFIRM',2,'دریافت چک ضمانت بابت وام شماره 228-پارس بهبود آسیا',NULL,11063),
 (714,1394,1,714,'2015-10-15','2015-12-24','CONFIRM',2,'',NULL,11064),
 (715,1394,1,715,'2015-10-15','2015-12-24','CONFIRM',2,'تغییر وضعیت چک های ضمانتی ',NULL,11065),
 (716,1394,1,716,'2015-10-15','2015-12-24','CONFIRM',2,'اضافه شدن مبلغ به وام بابت کارمزد ',NULL,11066),
 (717,1394,1,717,'2015-10-15','2015-12-24','CONFIRM',2,'دریافت اقساط',NULL,11067),
 (718,1394,1,718,'2015-10-18','2015-12-24','CONFIRM',2,'واریزی حساب پس انداز  ',NULL,11068),
 (719,1394,1,719,'2015-10-18','2015-12-24','CONFIRM',2,'',NULL,11069),
 (720,1394,1,720,'2015-10-18','2015-12-24','CONFIRM',2,'',NULL,11070),
 (721,1394,1,721,'2015-10-18','2015-12-24','CONFIRM',2,'واریز به سپرده',NULL,11071),
 (722,1394,1,722,'2015-10-18','2015-12-24','CONFIRM',2,'برداشت از سپرده',NULL,11072),
 (723,1394,1,723,'2015-10-20','2015-12-24','CONFIRM',2,'',NULL,11073),
 (724,1394,1,724,'2015-10-20','2015-12-24','CONFIRM',2,'واریزی حساب پس انداز  ',NULL,11074),
 (725,1394,1,725,'2015-10-20','2015-12-24','CONFIRM',2,'دریافت اقساط',NULL,11075),
 (726,1394,1,726,'2015-10-20','2015-12-24','CONFIRM',2,'دریافت اقساط',NULL,11076),
 (727,1394,1,727,'2015-10-20','2015-12-24','CONFIRM',2,'افتتاح حساب پس انداز',NULL,11077),
 (728,1394,1,728,'2015-10-21','2015-12-24','CONFIRM',2,'تغییر وضعیت چک های ضمانتی ',NULL,11078),
 (729,1394,1,729,'2015-10-21','2015-12-24','CONFIRM',2,'تغییر وضعیت چک های ضمانتی ',NULL,11079),
 (730,1394,1,730,'2015-10-21','2015-12-24','CONFIRM',2,'تغییر وضعیت چک های ضمانتی ',NULL,11080),
 (731,1394,1,731,'2015-10-21','2015-12-24','CONFIRM',2,'تغییر وضعیت چک های ضمانتی ',NULL,11081),
 (732,1394,1,732,'2015-10-21','2015-12-24','CONFIRM',2,'دریافت اقساط',NULL,11082),
 (733,1394,1,733,'2015-10-21','2015-12-24','CONFIRM',2,'تغییر وضعیت چک های ضمانتی ',NULL,11083),
 (734,1394,1,734,'2015-10-21','2015-12-24','CONFIRM',2,'تغییر وضعیت چک های ضمانتی ',NULL,11084),
 (735,1394,1,735,'2015-10-21','2015-12-24','CONFIRM',2,'تغییر وضعیت چک های ضمانتی ',NULL,11085),
 (736,1394,1,736,'2015-10-21','2015-12-24','CONFIRM',2,'تغییر وضعیت چک های ضمانتی ',NULL,11086),
 (737,1394,1,737,'2015-10-21','2015-12-24','CONFIRM',2,'دریافت 3عدد چک بابت وام پایش بسامد پارسا',NULL,11087),
 (738,1394,1,738,'2015-10-21','2015-12-24','CONFIRM',2,'دریافت 4عدد چک بابت وام شرکت کشت کار گستر نوژان خراسان شمالی',NULL,11088),
 (739,1394,1,739,'2015-10-21','2015-12-24','CONFIRM',2,'بابت حذف پرداخت قسط ',NULL,11089),
 (740,1394,1,740,'2015-10-21','2015-12-24','CONFIRM',2,'دریافت اقساط',NULL,11090),
 (741,1394,1,741,'2015-10-21','2015-12-24','CONFIRM',2,'',NULL,11091),
 (742,1394,1,742,'2015-10-22','2015-12-24','CONFIRM',2,'واریز به سپرده',NULL,11092),
 (743,1394,1,743,'2015-10-22','2015-12-24','CONFIRM',2,'',NULL,11093),
 (744,1394,1,744,'2015-10-22','2015-12-24','CONFIRM',2,'واریز به سپرده',NULL,11094),
 (745,1394,1,745,'2015-10-22','2015-12-24','CONFIRM',2,'واریز به سپرده',NULL,11095),
 (746,1394,1,746,'2015-10-22','2015-12-24','CONFIRM',2,'سود مهرماه 94',NULL,11096),
 (747,1394,1,747,'2015-10-26','2015-12-24','CONFIRM',2,'دریافت اقساط',NULL,11097),
 (748,1394,1,748,'2015-10-26','2015-12-24','CONFIRM',2,'دریافت اقساط',NULL,11098),
 (749,1394,1,749,'2015-10-26','2015-12-24','CONFIRM',2,'دریافت اقساط',NULL,11099),
 (750,1394,1,750,'2015-10-26','2015-12-24','CONFIRM',2,'',NULL,11100),
 (751,1394,1,751,'2015-10-26','2015-12-24','CONFIRM',2,'واریزی حساب پس انداز  ',NULL,11101),
 (752,1394,1,752,'2015-10-28','2015-12-24','CONFIRM',2,'دریافت اقساط',NULL,11102),
 (753,1394,1,753,'2015-10-28','2015-12-24','CONFIRM',2,'',NULL,11103),
 (754,1394,1,754,'2015-10-28','2015-12-24','CONFIRM',2,'برداشت حساب پس انداز  ',NULL,11104),
 (755,1394,1,755,'2015-10-28','2015-12-24','CONFIRM',2,'دریافت اقساط',NULL,11105),
 (756,1394,1,756,'2015-10-29','2015-12-24','CONFIRM',2,'تسهیلات عاملیت با دانشگاه',NULL,11106),
 (757,1394,1,757,'2015-10-29','2015-12-24','CONFIRM',2,'',NULL,11107),
 (758,1394,1,758,'2015-10-29','2015-12-24','CONFIRM',2,'دریافت چک ضمانت بابت وام شماره 229-حامد عابدینی یزدی',NULL,11108),
 (759,1394,1,759,'2015-11-01','2015-12-24','CONFIRM',2,'برداشت از سپرده',NULL,11109),
 (760,1394,1,760,'2015-11-01','2015-12-24','CONFIRM',2,'برداشت از سپرده',NULL,11110),
 (761,1394,1,761,'2015-11-01','2015-12-24','CONFIRM',2,'',NULL,11111),
 (762,1394,1,762,'2015-11-01','2015-12-24','CONFIRM',2,'افتتاح حساب پس انداز',NULL,11112),
 (763,1394,1,763,'2015-11-01','2015-12-24','CONFIRM',2,'دریافت اقساط',NULL,11113),
 (764,1394,1,764,'2015-11-02','2015-12-24','CONFIRM',2,'دریافت اقساط',NULL,11114),
 (765,1394,1,765,'2015-11-02','2015-12-24','CONFIRM',2,'دریافت اقساط',NULL,11115),
 (766,1394,1,766,'2015-11-02','2015-12-24','CONFIRM',2,'دریافت اقساط',NULL,11116),
 (767,1394,1,767,'2015-11-02','2015-12-24','CONFIRM',2,'دریافت اقساط',NULL,11117),
 (768,1394,1,768,'2015-11-02','2015-12-24','CONFIRM',2,'دریافت اقساط',NULL,11118),
 (769,1394,1,769,'2015-11-02','2015-12-24','CONFIRM',2,'برداشت از سپرده',NULL,11119),
 (770,1394,1,770,'2015-11-02','2015-12-24','CONFIRM',2,'واریز به سپرده',NULL,11120),
 (771,1394,1,771,'2015-11-02','2015-12-24','CONFIRM',2,'واریز به سپرده',NULL,11121),
 (772,1394,1,772,'2015-11-02','2015-12-24','CONFIRM',2,'واریز به سپرده',NULL,11122),
 (773,1394,1,773,'2015-11-02','2015-12-24','CONFIRM',2,'واریز به سپرده',NULL,11123),
 (774,1394,1,774,'2015-11-02','2015-12-24','CONFIRM',2,'',NULL,11124),
 (775,1394,1,775,'2015-11-03','2015-12-24','CONFIRM',2,'',NULL,11125),
 (776,1394,1,776,'2015-11-05','2015-12-24','CONFIRM',2,'',NULL,11126);
/*!40000 ALTER TABLE `ACC_docs` ENABLE KEYS */;


--
-- Definition of table `ACC_tafsilis`
--

DROP TABLE IF EXISTS `ACC_tafsilis`;
CREATE TABLE `ACC_tafsilis` (
  `TafsiliID` int(10) unsigned NOT NULL auto_increment COMMENT 'کد تفصیلی',
  `TafsiliCode` varchar(100) default NULL COMMENT 'کد تفصیلی',
  `TafsiliType` int(10) unsigned NOT NULL COMMENT 'نوع تفصیلی',
  `TafsiliDesc` varchar(500) NOT NULL COMMENT 'عنوان',
  `IsActive` enum('YES','NO') NOT NULL default 'YES',
  `ObjectID` int(10) unsigned default NULL,
  PRIMARY KEY  (`TafsiliID`)
) ENGINE=InnoDB DEFAULT CHARSET=utf8 ROW_FORMAT=DYNAMIC;

--
-- Dumping data for table `ACC_tafsilis`
--

/*!40000 ALTER TABLE `ACC_tafsilis` DISABLE KEYS */;
INSERT INTO `ACC_tafsilis` (`TafsiliID`,`TafsiliCode`,`TafsiliType`,`TafsiliDesc`,`IsActive`,`ObjectID`) VALUES 
 (1,'100000000000',3,'اقتصاد نوین شعبه سجاد','YES',1),
 (4,'1394',2,'1394','YES',NULL),
 (5,'1395',2,'1395','YES',NULL),
 (6,'1396',2,'1396','YES',NULL),
 (7,'1397',2,'1397','YES',NULL),
 (8,'1398',2,'1398','YES',NULL),
 (9,'1399',2,'1399','YES',NULL),
 (1000,'1000',1,'شبنم جعفرخانی','NO',1000),
 (1001,'1001',1,'پارک علم و فناوری خراسان','YES',1001),
 (1002,'1002',1,'دانشگاه فردوسی مشهد','YES',1002),
 (1003,'1003',1,'صندوق نوآوری و شکوفایی','YES',1003),
 (1004,'1004',1,'مجتمع فنی قوچان','YES',1004),
 (1005,'1005',1,'علی بهاری','YES',1005),
 (1006,'1006',1,'سبحانی شهر ایمان','YES',1006),
 (1007,'1007',1,'محمد ابراهیم زواری','YES',1007),
 (1008,'1008',1,'شرکت حرکت گستر پردیس . روح اله رفعت حسینی','YES',1008),
 (1009,'1009',1,'محمود تقی پور بهره','YES',1009),
 (1010,'1010',1,'غلامرضا قاسمی','YES',1010),
 (1011,'1011',1,'توحید خراسانی','YES',1011),
 (1012,'1012',1,'محسن احمدی پور','YES',1012),
 (1013,'1013',1,'پیمان یعقوبی','YES',1013),
 (1014,'1014',1,'سید هادی ابراهیمی','YES',1014),
 (1015,'1015',1,'سید حسین عرفانیان رضا زاده مقدم','YES',1015),
 (1016,'1016',1,'محمد طباطبایی. شرکت انگاره فیزیک','YES',1016),
 (1017,'1017',1,'جواد بهارآراء','YES',1017),
 (1018,'1018',1,'محمد نبیونی','YES',1018),
 (1019,'1019',1,'دکترناصر مهدوی شهری','YES',1019),
 (1020,'1020',1,'محمد یعقوبی','YES',1020),
 (1021,'1021',1,'مهدی اسماعیل زاده','YES',1021),
 (1022,'1022',1,'سید احمد محمدی درودی','YES',1022),
 (1023,'1023',1,'حسن عاشوری چمن آبادی','YES',1023),
 (1024,'1024',1,'محمد کریمی','YES',1024),
 (1025,'1025',1,'الهام افتخاری','YES',1025),
 (1026,'1026',1,'شرکت پایا فن آوران','YES',1026),
 (1027,'1027',1,'مهدی مروی','YES',1027),
 (1028,'1028',1,'روح اله قاضی خوشانی','YES',1028),
 (1029,'1029',1,'سید هاشم موسوی','YES',1029),
 (1030,'1030',1,'شرکت سولار باد انرژی (ابوترابی زارچی)','YES',1030),
 (1031,'1031',1,'مجتبی حنایی','YES',1031),
 (1032,'1032',1,'منصور میرزایی','YES',1032),
 (1033,'1033',1,'ابراهیم ولی زاده','YES',1033),
 (1034,'1034',1,'شرکت خلاقان جوان','YES',1034),
 (1035,'1035',1,'انیسه رحیمی','YES',1035),
 (1036,'1036',1,'فاطمه یزدی','YES',1036),
 (1037,'1037',1,'شرکت نوین کامپوزیت آریا (رضا خسروی)','YES',1037),
 (1038,'1038',1,'محمد مستعلی','YES',1038),
 (1039,'1039',1,'شهربانو سریر','YES',1039),
 (1040,'1040',1,'هاشم پور احمدان','YES',1040),
 (1041,'1041',1,'ابراهیم مسکین','YES',1041),
 (1042,'1042',1,'شهرام قادری','YES',1042),
 (1043,'1043',1,'محمدرضا برومند','YES',1043),
 (1044,'1044',1,'شرکت کیمیا کاوان سرزمین خورشید (رضائی)','YES',1044),
 (1045,'1045',1,'شرکت جهان سلول توس (احمد رضاراجی)','YES',1045),
 (1046,'1046',1,'مرتضی شریف زاده','YES',1046),
 (1047,'1047',1,'محسن شاطریان (شرکت فناور نانو گستر آریا )','YES',1047),
 (1048,'1048',1,'محمد حیدری پور','YES',1048),
 (1049,'1049',1,'شادی قرائی','YES',1049),
 (1050,'1050',1,'شرکت سنگ آب نانو (غلامرضا ثوابی)','YES',1050),
 (1051,'1051',1,'عصمت امینی','YES',1051),
 (1052,'1052',1,'دکتراحد ضابط','YES',1052),
 (1053,'1053',1,'علی زرساز','YES',1053),
 (1054,'1054',1,'شرکت صنایع هوا خورشید (شهریار صابر )','YES',1054),
 (1055,'1055',1,'شرکت تجهیز گستر پاژ','YES',1055),
 (1056,'1056',1,'مهدی کیانی','YES',1056),
 (1057,'1057',1,'حجت پور نوروزی قلعه نو','YES',1057),
 (1058,'1058',1,'هاشمی زاده مقدم طهرانی','YES',1058),
 (1059,'1059',1,'پایش بسامد پارسا','YES',1059),
 (1060,'1060',1,'شرکت سورنا صنعت خاوران','YES',1060),
 (1061,'1061',1,'مجید ابراهیمی زاده ابریشمی','YES',1061),
 (1062,'1062',1,'شرکت اکسیر گل سرخ','YES',1062),
 (1063,'1063',1,'شرکت داده کاوی پرهون (مجید سازوار)','YES',1063),
 (1064,'1064',1,'شرکت پارس شیمی ابتکار گستر','YES',1064),
 (1065,'1065',1,'شرکت فرا اندیشان رشد خراسان','YES',1065),
 (1066,'1066',1,'حسن موسوی','YES',1066),
 (1067,'1067',1,'شرکت تصویر پردازان دانش فردا (میرزایی)','YES',1067),
 (1068,'1068',1,'مسعود حاجی پور','YES',1068),
 (1069,'1069',1,'محمد پاویرپور','YES',1069),
 (1070,'1070',1,'رضا مالداری','YES',1070),
 (1071,'1071',1,'شرکت صنعت پروژه توس','YES',1071),
 (1072,'1072',1,'شرکت علم و فناوری آرام','YES',1072),
 (1073,'1073',1,'اکبر امینی','YES',1073),
 (1074,'1074',1,'شرکت رهپویان خرد و اندیشه','YES',1074),
 (1075,'1075',1,'شرکت آرتا هوشمند پردازان سناباد','YES',1075),
 (1076,'1076',1,'امید صفری','YES',1076),
 (1077,'1077',1,'شرکت کشت کار گستر نوژان خراسان شمالی','YES',1077),
 (1078,'1078',1,'شرکت دنا پارس آژند','YES',1078),
 (1079,'1079',1,'مصطفی خداشاهی','YES',1079),
 (1080,'1080',1,'شرکت طراحان ماشین حجازیان','YES',1080),
 (1081,'1081',1,'شرکت پیشتاز نانو فناور توس','YES',1081),
 (1082,'1082',1,'شرکت ماهان صنعت توس آروین','YES',1082),
 (1083,'1083',1,'شرکت کوشا فن آوران پارت','YES',1083),
 (1084,'1084',1,'قاسم موسوی','YES',1084),
 (1085,'1085',1,'شرکت بسپار پایش پارس (محمودی فریمانی)','YES',1085),
 (1086,'1087',1,'شرکت فنی مهندسی قدرت پرداز آسیا','YES',1087),
 (1087,'1088',1,'شرکت ایده پردازان توسعه انرژی آترون','YES',1088),
 (1088,'1089',1,'شرکت شتاب خودرو خراسان شمالی','YES',1089),
 (1089,'1090',1,'شرکت سناباد قطعه آلتون','YES',1090),
 (1090,'1091',1,'دکتر رضا اکبری نوری','YES',1091),
 (1091,'1092',1,'احمد یوسفیان','YES',1092),
 (1092,'1093',1,'شرکت پردازش گستر راتا','YES',1093),
 (1093,'1094',1,'غلامعلی سوری','YES',1094),
 (1094,'1095',1,'شرکت پرنیان ادمان آفرین','YES',1095),
 (1095,'1096',1,'آذر آدینی','YES',1096),
 (1096,'1097',1,'فریدون رهنمای رود پشتی','YES',1097),
 (1097,'1098',1,'مسعود نوروزیان','YES',1098),
 (1098,'1099',1,'شرکت سازه گستر آرین پارس','YES',1099),
 (1099,'1100',1,'شرکت سورن تک توس','YES',1100),
 (1100,'1101',1,'شرکت اتوماسیون اداری حسیب','YES',1101),
 (1101,'1102',1,'شرکت دقت گستران آریا پارس','YES',1102),
 (1102,'1103',1,'سلمان علیمردانی','YES',1103),
 (1103,'1104',1,'محمد شکوهی فر (شکوه صنعت پاژ)','YES',1104),
 (1104,'1105',1,'شرکت داروسازی دکتررجبی','YES',1105),
 (1105,'1106',1,'شرکت نیرونماد رضوی','YES',1106),
 (1106,'1107',1,'رحیم صادقی شرکت ماناپلیمرآرمان','YES',1107),
 (1107,'1108',1,'علیرضا سیدیان عنبرانی','YES',1108),
 (1108,'1109',1,'سیدعلی صحاف(شرکت بعدسوم پردیس ایرانیان)','YES',1109),
 (1109,'1110',1,'سید محمد جوادی مال آباد','YES',1110),
 (1110,'1111',1,'حسین مخبر داودلی','YES',1111),
 (1111,'1112',1,'جواد قربانی','YES',1112),
 (1112,'1113',1,'شرکت آرشام صنعت','YES',1113),
 (1113,'1114',1,'سامان داروی هشتم','YES',1114),
 (1114,'1115',1,'شرکت ایده پردازان جوان فالینوس','YES',1115),
 (1115,'1116',1,'علیرضا حداد طوسی','YES',1116),
 (1116,'1117',1,'انتفاع صنعت پایا','YES',1117),
 (1117,'1118',1,'علیرضا ایرانبخش','YES',1118),
 (1118,'1119',1,'موئسسه غیر تجاری صهبا رسانه موعود','YES',1119),
 (1119,'1120',1,'ایستاارتباط کاوشگر','YES',1120),
 (1120,'1121',1,'پارس بهبود آسیا','YES',1121),
 (1121,'1122',1,'کبری حجتی داودلی','YES',1122),
 (1122,'1123',1,'حامد عابدینی یزدی','YES',1123),
 (1123,'1124',1,'حسام دهقانی-شرکت دنازیست آسیا','YES',1124),
 (1124,'1125',1,'شرکت پیشگامان صمغ پارسیان','YES',1125),
 (1125,'1126',1,'علی مشتاقی واحدیان','YES',1126),
 (1126,'1127',1,'محمد نظری','YES',1127),
 (1127,'1128',1,'حسن بهزادیان نژاد.شرکت فرایان','YES',1128),
 (1128,'1129',1,'محمد قنبری','YES',1129),
 (1129,'1130',1,'سمیه محمدخانی','YES',1130),
 (1130,'1131',1,'زیور هروی','YES',1131),
 (1131,'1132',1,'فاطمه مقتدرگاه','YES',1132),
 (1132,'1133',1,'محمد فاطمی','YES',1133),
 (1133,'1134',1,'مریم حمیدی','YES',1134),
 (1134,'1135',1,'زینب بخشنده','YES',1135),
 (1135,'1136',1,'علیرضا محمدزاده','YES',1136),
 (1136,'1137',1,'مجتبی اقبالی نژاد','YES',1137),
 (1137,'1138',1,'نشاط مشکین فام','YES',1138),
 (1138,'1139',1,'فریده نامور','YES',1139),
 (1139,'1140',1,'حسین رستمی کاهو','YES',1140),
 (1140,'1141',1,'مرتضی رمضانی','YES',1141),
 (1141,'1142',1,'زیبا افاقی','YES',1142),
 (1142,'1143',1,'محمد بخشنده','YES',1143),
 (1143,'1144',1,'ایوب بخشنده زاری محله','YES',1144),
 (1144,'1145',1,'عباس شریعتی','YES',1145),
 (1145,'1146',1,'اشرف خاوری خراسانی','YES',1146),
 (1146,'1147',1,'حسن میرزائی','YES',1147),
 (1147,'1148',1,'سید هادی حسن نیا','YES',1148),
 (1148,'1149',1,'افروز مجاور','YES',1149),
 (1149,'1150',1,'احسان صادقی شاپور آبادی','YES',1150),
 (1150,'1151',1,'شرکت کهکشان آریایی','YES',1151),
 (1151,'1152',1,'شرکت داده پردازی تلاش وتوسعه','YES',1152),
 (1152,'1153',1,'شرکت کاوش صنعت توس','YES',1153),
 (1153,'1154',1,'شرکت دانشگرایان نوین دلسا','YES',1154),
 (1154,'1155',1,'شرکت رهرو تلاش جاوید','YES',1155),
 (1155,'1156',1,'شرکت صنعتی طلایه مشهد','YES',1156),
 (1156,'1157',1,'شرکت کیان ترانسفو','YES',1157),
 (1157,'1158',1,'سید حمید رضا مصطفوی','YES',1158),
 (1158,'1159',1,'رقیه ایرانلو','YES',1159),
 (1159,'1160',1,'غلامحسن غلامی','YES',1160),
 (1160,'1161',1,'محمد تقی خضری','YES',1161),
 (1161,'1162',1,'شرکت پارسه. محمدرحیم ملک بالا','YES',1162),
 (1162,'1163',1,'محمد جواد کفیلی انداد','YES',1163),
 (1163,'1164',1,'حسین شفاعی','YES',1164),
 (1164,'1165',1,'زهرا زواری اره کمر','YES',1165),
 (1165,'1166',1,'حیدر سالاری اره کمر','YES',1166),
 (1166,'1167',1,'روشنک امیرزاده هروی','YES',1167),
 (1167,'1168',1,'محمد مهدی شمس','YES',1168),
 (1168,'1169',1,'محمود اسدی','YES',1169),
 (1169,'1170',1,'نجمه باقرزاده','YES',1170),
 (1170,'1171',1,'معصومه شریفی طرقی','YES',1171),
 (1171,'1172',1,'کاظم دوست علی','YES',1172),
 (1172,'1173',1,'رمضان قربانی','YES',1173),
 (1173,'1174',1,'میثم محزونی رباطی','YES',1174),
 (1174,'1175',1,'محبوبه ابراهیمی','YES',1175),
 (1175,'1176',1,'احمد علی مهر علی نیاکان','YES',1176),
 (1176,'1177',1,'مصطفی دلدار','YES',1177),
 (1177,'1178',1,'مجید اسدالهی','YES',1178),
 (1178,'1179',1,'فاطمه باقری','YES',1179),
 (1179,'1180',1,'محمدعلی عبدی زاده','YES',1180),
 (1180,'1181',1,'هادی مسرور','YES',1181),
 (1181,'1182',1,'محمدرضا بهزادی','YES',1182),
 (1182,'1183',1,'شرکت سازه های کامپوزیتی خاوران','YES',1183),
 (1183,'1184',1,'شرکت خدمات نیروگاهی اهار شرق','YES',1184),
 (1184,'1185',1,'شرکت کالاژن پژوه. مجید جمشیدیان مجاور','YES',1185),
 (1185,'1186',1,'حسین عرفانیان','YES',1186),
 (1186,'1187',1,'مرتضی شریف زاده','YES',1187),
 (1187,'1188',1,'شرکت سما توس','YES',1188),
 (1188,'1189',1,'دکتر مهدی نژاد نوری','YES',1189),
 (1189,'1190',1,'حسین کشیری (موسسه پردیس توس )','YES',1190),
 (1190,'1191',1,'حسین کشیری (موسسه پردیس توس )','YES',1191),
 (1191,'1192',1,'غلامحسین خانی','YES',1192),
 (1192,'1193',1,'محمد علی خلیل زاده','YES',1193),
 (1193,'1194',1,'علیرضا ناصری حسینی','YES',1194),
 (1194,'1195',1,'سید مهدی میرزابابایی','YES',1195),
 (1195,'1196',1,'شرکت محققان یاسین (هادی ده دست)','YES',1196),
 (1196,'1198',1,'مجید جمشیدیان مجاور','YES',1198),
 (1197,'1199',1,'شرکت ابزار آزما','YES',1199),
 (1198,'1200',1,'فرخ سادات کلالی','YES',1200),
 (1199,'1201',1,'رضا هروی نیشابوری','YES',1201),
 (1200,'1202',1,'هادی بابلی توت','YES',1202),
 (1201,'1203',1,'حیدر قلی حیدری مزرجی','YES',1203),
 (1202,'1204',1,'محمد باقر طباطبایی','YES',1204),
 (1203,'1205',1,'سپرده مهدوی وابراهیمی','YES',1205),
 (1204,'1206',1,'سود سپرده مهدوی و ابراهیمی','YES',1206),
 (1205,'1207',1,'سینا خانی','YES',1207),
 (1206,'1208',1,'شرکت چوب سان شرق (ورشوئی تبریزی)','YES',1208),
 (1207,'1209',1,'شرکت آریا کاوان اطلس (خیاط خلقی)','YES',1209),
 (1208,'1210',1,'محمد حسین هادوی','YES',1210),
 (1209,'1211',1,'سبحان خانی','YES',1211),
 (1210,'1212',1,'نرگس ارزنی','YES',1212),
 (1211,'1213',1,'شرکت فناوری و کارآفرینی جهان اندیشه','YES',1213),
 (1212,'1214',1,'وحید ضرغامی','YES',1214),
 (1213,'1215',1,'دکترعلیرضا عاشوری','YES',1215),
 (1214,'1216',1,'عاطفه شریف','YES',1216),
 (1215,'1217',1,'شرکت داده پردازی تلاش و توسعه','YES',1217),
 (1216,'1218',1,'شرکت صنایع غذایی دانشگران نوین دلسا','YES',1218),
 (1217,'1219',1,'شرکت صنایع کیان ترانسفوی','YES',1219),
 (1218,'1220',1,'شرکت خدمات نیروگاهی آهار شرق','YES',1220),
 (1219,'1221',1,'جمال الدین بخشنده','YES',1221),
 (1220,'1222',1,'سکینه حمیدی','YES',1222),
 (1221,'1223',1,'محمد استادی','YES',1223),
 (1222,'1224',1,'سعید عمرانی','YES',1224),
 (1223,'1225',1,'مسلم تورینی','YES',1225),
 (1224,'1226',1,'آژیر','YES',1226),
 (1225,'1227',1,'احمدی','YES',1227),
 (1226,'1228',1,'جلیلیان','YES',1228),
 (1227,'1229',1,'مجتبی شرفی','YES',1229),
 (1228,'1230',1,'رضا اسلامی میل کاریز','YES',1230),
 (1229,'1231',1,'عاطفه رشیدی زاده','YES',1231),
 (1230,'1232',1,'محمد علی رضوی. شرکت صمغ پارسیان','YES',1232),
 (1231,'1233',1,'غلامعلی نخعی','YES',1233),
 (1232,'1234',1,'دکتر بختیار شعبانی','YES',1234),
 (1233,'1235',1,'شرکت آمایش','YES',1235),
 (1234,'1236',1,'هاشم مهذب','YES',1236),
 (1235,'1237',1,'سهراب درویش','YES',1237),
 (1236,'1238',1,'سکینه رستمی تیتکانلو','YES',1238),
 (1237,'1239',1,'حمیدرضا نداف سنگانی','YES',1239),
 (1238,'1240',1,'فریدون مریدی','YES',1240),
 (1239,'1241',1,'سید هادی شکرگذار یتیم دار','YES',1241),
 (1240,'1242',1,'علی اکبر پابند','YES',1242),
 (1241,'1243',1,'فرهاد شکوهی فر','YES',1243),
 (1242,'1244',1,'حسین حیدری','YES',1244),
 (1243,'1245',1,'مهدی فرخ','YES',1245),
 (1244,'1246',1,'مهدی سلطانی. شرکت توس ژن','YES',1246),
 (1245,'1247',1,'مصطفی مظاهری','YES',1247),
 (1246,'1248',1,'ابراهیم رضایی نیک','YES',1248),
 (1247,'1258',1,'علیرضا سیدیان','YES',1258),
 (1248,'1259',1,'احسان شیبانی','YES',1259);
/*!40000 ALTER TABLE `ACC_tafsilis` ENABLE KEYS */;


--
-- Definition of table `BSC_BranchAccess`
--

DROP TABLE IF EXISTS `BSC_BranchAccess`;
CREATE TABLE `BSC_BranchAccess` (
  `PersonID` int(10) unsigned NOT NULL auto_increment,
  `BranchID` int(10) unsigned NOT NULL,
  `IsCurrent` enum('YES','NO') NOT NULL,
  PRIMARY KEY  (`PersonID`,`BranchID`)
) ENGINE=InnoDB DEFAULT CHARSET=latin1;

--
-- Dumping data for table `BSC_BranchAccess`
--

/*!40000 ALTER TABLE `BSC_BranchAccess` DISABLE KEYS */;
INSERT INTO `BSC_BranchAccess` (`PersonID`,`BranchID`,`IsCurrent`) VALUES 
 (1000,1,'NO'),
 (1000,2,'NO');
/*!40000 ALTER TABLE `BSC_BranchAccess` ENABLE KEYS */;


--
-- Definition of table `BSC_branches`
--

DROP TABLE IF EXISTS `BSC_branches`;
CREATE TABLE `BSC_branches` (
  `BranchID` int(10) unsigned NOT NULL auto_increment,
  `BranchName` varchar(500) character set utf8 NOT NULL,
  `IsActive` enum('YES','NO') NOT NULL,
  PRIMARY KEY  (`BranchID`)
) ENGINE=InnoDB DEFAULT CHARSET=latin1 COMMENT='شعبه ها';

--
-- Dumping data for table `BSC_branches`
--

/*!40000 ALTER TABLE `BSC_branches` DISABLE KEYS */;
INSERT INTO `BSC_branches` (`BranchID`,`BranchName`,`IsActive`) VALUES 
 (1,'شعبه مرکزی','YES'),
 (2,'شعبه بجنورد','YES'),
 (3,'ششششششششش','NO');
/*!40000 ALTER TABLE `BSC_branches` ENABLE KEYS */;


--
-- Definition of table `BSC_persons`
--

DROP TABLE IF EXISTS `BSC_persons`;
CREATE TABLE `BSC_persons` (
  `PersonID` int(10) unsigned NOT NULL auto_increment COMMENT 'کد فرد',
  `UserName` varchar(100) default NULL COMMENT 'کلمه کاربری',
  `UserPass` varchar(60) default NULL COMMENT 'رمز عبور',
  `IsReal` enum('YES','NO') NOT NULL COMMENT 'حقیقی است؟',
  `fname` varchar(500) default NULL COMMENT 'عنوان',
  `lname` varchar(200) default NULL,
  `sex` enum('MALE','FEMALE') NOT NULL default 'MALE',
  `CompanyName` varchar(200) default NULL,
  `NationalID` varchar(10) default NULL COMMENT 'کد ملی',
  `EconomicID` varchar(10) default NULL COMMENT 'کد اقتصادی',
  `PhoneNo` varchar(45) default NULL COMMENT 'تلفن',
  `mobile` varchar(45) default NULL COMMENT 'موبایل',
  `address` varchar(500) default NULL COMMENT 'آدرس',
  `email` varchar(100) default NULL,
  `IsStaff` enum('YES','NO') NOT NULL default 'NO',
  `IsCustomer` enum('YES','NO') character set latin1 NOT NULL default 'YES' COMMENT 'مشتری',
  `IsShareholder` enum('YES','NO') NOT NULL default 'NO' COMMENT 'سهامدار',
  `IsAgent` enum('YES','NO') NOT NULL default 'NO' COMMENT 'عامل',
  `IsSupporter` enum('YES','NO') NOT NULL default 'NO' COMMENT 'حامی',
  `IsActive` enum('YES','NO') NOT NULL default 'YES',
  `PostID` int(10) unsigned default NULL,
  `imp_CustomerCode` int(10) unsigned default NULL,
  PRIMARY KEY  (`PersonID`)
) ENGINE=InnoDB DEFAULT CHARSET=utf8 COMMENT='ذینفعان';

--
-- Dumping data for table `BSC_persons`
--

/*!40000 ALTER TABLE `BSC_persons` DISABLE KEYS */;
INSERT INTO `BSC_persons` (`PersonID`,`UserName`,`UserPass`,`IsReal`,`fname`,`lname`,`sex`,`CompanyName`,`NationalID`,`EconomicID`,`PhoneNo`,`mobile`,`address`,`email`,`IsStaff`,`IsCustomer`,`IsShareholder`,`IsAgent`,`IsSupporter`,`IsActive`,`PostID`,`imp_CustomerCode`) VALUES 
 (1000,'admin','$P$BDz7HxE0lS4tyNwzM29qMRa0xUoA8c.','YES','شبنم','جعفرخانی','MALE',NULL,'0943021723',NULL,NULL,NULL,'sdfsdf','jafarkhani_sh@yahoo.com','YES','NO','NO','NO','NO','YES',1,NULL),
 (1001,'park','$P$BxRr4XWjqcX8mcQp0wYFryxdiSllgF.','NO','','','MALE','پارک علم و فناوری خراسان',NULL,NULL,'35003333','','جاده قوچان ',NULL,'NO','NO','YES','YES','NO','YES',NULL,202),
 (1002,'um','$P$Bycap3x5ddHssUbkMErS3tBiQmf7OE1','NO','','','MALE','دانشگاه فردوسی مشهد',NULL,NULL,'8802000','','میدان آزادی دانشگاه فردوسی',NULL,'NO','NO','YES','YES','NO','YES',NULL,133),
 (1003,'shekoofaie','$P$Bycap3x5ddHssUbkMErS3tBiQmf7OE1','NO',NULL,NULL,'MALE','صندوق نوآوری و شکوفایی',NULL,NULL,NULL,NULL,NULL,NULL,'NO','NO','NO','NO','YES','YES',NULL,NULL),
 (1004,'ghoochan','$P$B0DJkog522gyIoHt71lfA5JK8tZAwy/','NO',NULL,NULL,'MALE','مجتمع فنی قوچان',NULL,NULL,NULL,NULL,NULL,NULL,'NO','NO','NO','YES','NO','YES',NULL,NULL),
 (1005,NULL,NULL,'YES','علی ','بهاری','MALE',NULL,NULL,NULL,'09159157131','','پیروزی 2 حق شناس 2/5 پ6',NULL,'NO','YES','NO','NO','NO','YES',NULL,104),
 (1006,NULL,NULL,'YES','سبحانی ','شهر ایمان','MALE',NULL,NULL,NULL,'09151060183','','بلوار عبدالمطلب.کریمی12.ساختمان یاس پلاک 118',NULL,'NO','YES','NO','NO','NO','YES',NULL,107),
 (1007,NULL,NULL,'YES','محمد ','ابراهیم زواری','MALE',NULL,NULL,NULL,'05118763344','','دانشگاه فردوسی ',NULL,'NO','YES','NO','NO','NO','YES',NULL,108),
 (1008,NULL,NULL,'NO',NULL,NULL,'MALE','شرکت حرکت گستر پردیس . روح اله رفعت حسینی',NULL,NULL,'05118837395','','مرکز رشد مهندسی دانشگاه  واحد 2',NULL,'NO','YES','NO','NO','NO','YES',NULL,109),
 (1009,NULL,NULL,'YES','محمود ','تقی پور بهره','MALE',NULL,NULL,NULL,'8763344','','دانشگاه فردوسی مشهد',NULL,'NO','YES','NO','NO','NO','YES',NULL,110),
 (1010,NULL,NULL,'YES','غلامرضا ','قاسمی','MALE',NULL,NULL,NULL,'2515061','09154185214','گلشهر کوی صاحب الزمان شهید نوروزی بین 12و14پلاک 31',NULL,'NO','YES','NO','NO','NO','YES',NULL,111),
 (1011,NULL,NULL,'YES','توحید ','خراسانی','MALE',NULL,NULL,NULL,'01713327540','09380206888','گلستان -گرگان -فلکه کریمی مطهری جنوبی چهارم مجتمع احسان ',NULL,'NO','YES','NO','NO','NO','YES',NULL,112),
 (1012,NULL,NULL,'YES','محسن ','احمدی پور','MALE',NULL,NULL,NULL,'09381295212','','استان یزد-ابر کوه -خیابان کوثر کوچه 14 متری لاله پلاک 41',NULL,'NO','YES','NO','NO','NO','YES',NULL,113),
 (1013,NULL,NULL,'YES','پیمان ','یعقوبی ','MALE',NULL,NULL,NULL,'09117697857','09398577370','گرگان - بلوار امام رضا -رضوان 39 بن بست امیر کبیر پلاک 9',NULL,'NO','YES','NO','NO','NO','YES',NULL,114),
 (1014,NULL,NULL,'YES','سید ','هادی ابراهیمی ','MALE',NULL,NULL,NULL,'8797174','09354634004','بلوار رضوی -رضوی 4پلاک 10-واحد2',NULL,'NO','YES','NO','NO','NO','YES',NULL,115),
 (1015,NULL,NULL,'YES','سید ','حسین عرفانیان رضا زاده مقدم','MALE',NULL,NULL,NULL,'8654112','09158914741','پیروزی -پیروزی72 حافظیه 1 پلاک 31 واحد 1 ساختمان پریوش',NULL,'NO','YES','NO','NO','NO','YES',NULL,116),
 (1016,NULL,NULL,'NO',NULL,NULL,'MALE','محمد طباطبایی. شرکت انگاره فیزیک',NULL,NULL,'0','','.',NULL,'NO','YES','NO','NO','NO','YES',NULL,12),
 (1017,NULL,NULL,'YES','جواد ',' بهارآراء','MALE',NULL,NULL,NULL,'0000','','دانشگاه ازاد',NULL,'NO','YES','NO','NO','NO','YES',NULL,120),
 (1018,NULL,NULL,'YES','محمد ','نبیونی','MALE',NULL,NULL,NULL,'000','','تهران. دانشگاه خوارزمی',NULL,'NO','YES','NO','NO','NO','YES',NULL,121),
 (1019,NULL,NULL,'YES','دکترناصر ','مهدوی شهری','MALE',NULL,NULL,NULL,'05116040362','09153114338','فرامرز عباسی - عباسی 31 پلاک 12 واحد 2',NULL,'NO','YES','NO','NO','NO','YES',NULL,122),
 (1020,NULL,NULL,'YES','محمد ','یعقوبی ','MALE',NULL,NULL,NULL,'09156970615','','دانشگاه فردوسی ',NULL,'NO','YES','NO','NO','NO','YES',NULL,123),
 (1021,NULL,NULL,'YES','مهدی ','اسماعیل زاده','MALE',NULL,NULL,NULL,'8441755','09105109100','بهشتی 57 پلاک 45',NULL,'NO','YES','NO','NO','NO','YES',NULL,124),
 (1022,NULL,NULL,'YES','سید ','احمد محمدی درودی','MALE',NULL,NULL,NULL,'7254715','09153146002','آیت ا... عبادی انتهای عباسی 34 سمت چپ بن بست وحدت پلاک 20',NULL,'NO','YES','NO','NO','NO','YES',NULL,125),
 (1023,NULL,NULL,'YES','حسن ','عاشوری چمن آبادی','MALE',NULL,NULL,NULL,'09398057908','','چاپخانه دانشگاه -سه راه دانش بلوار توس 77پلاک 102',NULL,'NO','YES','NO','NO','NO','YES',NULL,127),
 (1024,NULL,NULL,'YES','محمد ','کریمی ','MALE',NULL,NULL,NULL,'09386393813','','صیاد شیرازی 26 پلاک 25',NULL,'NO','YES','NO','NO','NO','YES',NULL,128),
 (1025,NULL,NULL,'YES','الهام ','افتخاری ','MALE',NULL,NULL,NULL,'09158227537','','هفت تیر 14 پلاک 15',NULL,'NO','YES','NO','NO','NO','YES',NULL,129),
 (1026,NULL,NULL,'NO',NULL,NULL,'MALE','شرکت پایا فن آوران',NULL,NULL,'0','','.',NULL,'NO','YES','NO','NO','NO','YES',NULL,13),
 (1027,NULL,NULL,'YES','مهدی ','مروی ','MALE',NULL,NULL,NULL,'5003469','','پارک علم وفناوری ',NULL,'NO','YES','NO','NO','NO','YES',NULL,130),
 (1028,NULL,NULL,'YES','روح ','اله قاضی خوشانی','MALE',NULL,NULL,NULL,'02177899937','09153100696','تهران خیابان آیت خیابان چمن غربی تقاطع صادقی پ 67',NULL,'NO','YES','NO','NO','NO','YES',NULL,131),
 (1029,NULL,NULL,'YES','سید ','هاشم موسوی ','MALE',NULL,NULL,NULL,'0511','09151096407','بلوار',NULL,'NO','YES','NO','NO','NO','YES',NULL,132),
 (1030,NULL,NULL,'NO',NULL,NULL,'MALE','شرکت سولار باد انرژی (ابوترابی زارچی)',NULL,NULL,'6078317','09151245574','بلوار فردوسی -رسالت 20 پلاک 9 واحد 6 شمالی',NULL,'NO','YES','NO','NO','NO','YES',NULL,134),
 (1031,NULL,NULL,'YES','مجتبی ','حنایی','MALE',NULL,NULL,NULL,'5225372','09397149558','قاسم آباد -بلوار شاهد- شاهد 2 پلاک 1',NULL,'NO','YES','NO','NO','NO','YES',NULL,135),
 (1032,NULL,NULL,'YES','منصور ','میرزایی','MALE',NULL,NULL,NULL,'7418036','09153255699','خواجه ربیع بلوار بهمن 4/3 پلاک 47',NULL,'NO','YES','NO','NO','NO','YES',NULL,136),
 (1033,NULL,NULL,'YES','ابراهیم ','ولی زاده ','MALE',NULL,NULL,NULL,'8837393','09352449198','قوچان دانشگاه مهندسی فناوری نوین',NULL,'NO','YES','NO','NO','NO','YES',NULL,137),
 (1034,NULL,NULL,'NO',NULL,NULL,'MALE','شرکت خلاقان جوان ',NULL,NULL,'6038690','09155180132','بلوار سجاد -حامد جنوبی 14پلاک 21',NULL,'NO','YES','NO','NO','NO','YES',NULL,139),
 (1035,NULL,NULL,'YES','انیسه ','رحیمی','MALE',NULL,NULL,NULL,'7124531','09158230885','بلوار ابوطالب -ابوطالب 26 پلاک 77 طبقه اول ',NULL,'NO','YES','NO','NO','NO','YES',NULL,140),
 (1036,NULL,NULL,'YES','فاطمه ','یزدی ','MALE',NULL,NULL,NULL,'8928634','09159025573','بلوار دانشجو -دانشجو25 پلاک 528',NULL,'NO','YES','NO','NO','NO','YES',NULL,141),
 (1037,NULL,NULL,'NO',NULL,NULL,'MALE','شرکت نوین کامپوزیت آریا (رضا خسروی)',NULL,NULL,'7316863','09151180150','مطهری شمالی 39 پلاک 122',NULL,'NO','YES','NO','NO','NO','YES',NULL,142),
 (1038,NULL,NULL,'YES','محمد ','مستعلی ','MALE',NULL,NULL,NULL,'09155210488','','منزل آباد بعثت 8/6پ 8',NULL,'NO','YES','NO','NO','NO','YES',NULL,143),
 (1039,NULL,NULL,'YES','شهربانو ','سریر ','MALE',NULL,NULL,NULL,'8804972','09367288457','ابوطالب هدایت شرقی انتهای 23 سمت راست قطعه 6 سمت چپ',NULL,'NO','YES','NO','NO','NO','YES',NULL,145),
 (1040,NULL,NULL,'YES','هاشم ','پور احمدان ','MALE',NULL,NULL,NULL,'3762676','09153092664','پارک علم و فناوری خراسان ',NULL,'NO','YES','NO','NO','NO','YES',NULL,147),
 (1041,NULL,NULL,'YES','ابراهیم ','مسکین ','MALE',NULL,NULL,NULL,'0956037969','','کوی امیر المومنین 6 امیر 2 پلاک 37',NULL,'NO','YES','NO','NO','NO','YES',NULL,148),
 (1042,NULL,NULL,'YES','شهرام ','قادری ','MALE',NULL,NULL,NULL,'0','09151672730','هنرستان 27 پلاک 34',NULL,'NO','YES','NO','NO','NO','YES',NULL,149),
 (1043,NULL,NULL,'YES','محمدرضا ','برومند','MALE',NULL,NULL,NULL,'0','','.',NULL,'NO','YES','NO','NO','NO','YES',NULL,15),
 (1044,NULL,NULL,'NO',NULL,NULL,'MALE','شرکت کیمیا کاوان سرزمین خورشید (رضائی)',NULL,NULL,'8487151','09151186524','آزادشهر امامت 29 پلاک 29',NULL,'NO','YES','NO','NO','NO','YES',NULL,150),
 (1045,NULL,NULL,'NO',NULL,NULL,'MALE','شرکت جهان سلول توس (احمد رضاراجی)',NULL,NULL,'8941494','09153050349','دانشجو - پلاک 69 طبقه دوم',NULL,'NO','YES','NO','NO','NO','YES',NULL,151),
 (1046,NULL,NULL,'YES','مرتضی ','شریف زاده','MALE',NULL,NULL,NULL,'8827392','','صندوق پژوهش ',NULL,'NO','YES','NO','NO','NO','YES',NULL,152),
 (1047,NULL,NULL,'NO',NULL,NULL,'MALE','محسن شاطریان (شرکت فناور نانو گستر آریا )',NULL,NULL,'8832814','09155107315','کوثر جنوبی 10 پلاک 4',NULL,'NO','YES','NO','NO','NO','YES',NULL,154),
 (1048,NULL,NULL,'YES','محمد ','حیدری پور','MALE',NULL,NULL,NULL,'6225001','09308576320','فلاحی 21 پلاک 23',NULL,'NO','YES','NO','NO','NO','YES',NULL,155),
 (1049,NULL,NULL,'YES','شادی ','قرائی','MALE',NULL,NULL,NULL,'0','09151581671','بلوار سجاد - بهار 18 پلاک 211 واحد و محل کار مرکز رشد 4',NULL,'NO','YES','NO','NO','NO','YES',NULL,156),
 (1050,NULL,NULL,'NO',NULL,NULL,'MALE','شرکت سنگ آب نانو (غلامرضا ثوابی)',NULL,NULL,'3712799','09159180473','شهید رجا ئی حر 28 الوند 11 پ 3-محل کار پردیس مرکز رشد',NULL,'NO','YES','NO','NO','NO','YES',NULL,157),
 (1051,NULL,NULL,'YES','عصمت ','امینی','MALE',NULL,NULL,NULL,'8802448','09151044799','سرافرازان 48 پلاک 9',NULL,'NO','YES','NO','NO','NO','YES',NULL,158),
 (1052,NULL,NULL,'YES','دکتراحد ','ضابط','MALE',NULL,NULL,NULL,'8806057','09151112933','پژوهشکده هوا خورشید',NULL,'NO','YES','NO','NO','NO','YES',NULL,159),
 (1053,NULL,NULL,'YES','علی ','زرساز','MALE',NULL,NULL,NULL,'6656302','09153020925','بلوار توس - توس 44 روبه روی شهید غنوری 18 پلاک 155',NULL,'NO','YES','NO','NO','NO','YES',NULL,160),
 (1054,NULL,NULL,'NO',NULL,NULL,'MALE','شرکت صنایع هوا خورشید (شهریار صابر )',NULL,NULL,'8804406','09153048655','دانشگاه فردوسی پژوهشکده هوا خورشید38804407مالی ',NULL,'NO','YES','NO','NO','NO','YES',NULL,162),
 (1055,NULL,NULL,'NO',NULL,NULL,'MALE','شرکت تجهیز گستر پاژ',NULL,NULL,'0','09155077972','دانشگاه فردوسی - مرکزرشد',NULL,'NO','YES','NO','NO','NO','YES',NULL,165),
 (1056,NULL,NULL,'YES','مهدی ','کیانی','MALE',NULL,NULL,NULL,'6220015','09361343006','قاسم آباد - امامیه 59',NULL,'NO','YES','NO','NO','NO','YES',NULL,167),
 (1057,NULL,NULL,'YES','حجت ','پور نوروزی قلعه نو','MALE',NULL,NULL,NULL,'5003312','09151177351','پارک علم و فناوری',NULL,'NO','YES','NO','NO','NO','YES',NULL,168),
 (1058,NULL,NULL,'YES','هاشمی ','زاده مقدم طهرانی','MALE',NULL,NULL,NULL,'32239767','09159114504','حرم مطهر انتشارات آستان قدس رضوی',NULL,'NO','YES','NO','NO','NO','YES',NULL,169),
 (1059,NULL,NULL,'YES','پایش ','بسامد پارسا','MALE',NULL,NULL,NULL,'09155212580','','پارک علم و فناوری',NULL,'NO','YES','NO','NO','NO','YES',NULL,170),
 (1060,NULL,NULL,'NO',NULL,NULL,'MALE','شرکت سورنا صنعت خاوران',NULL,NULL,'2247140','09155007579','بجنورد خیابان شریعتی شمالی چهارراه صفا پلاک 703',NULL,'NO','YES','NO','NO','NO','YES',NULL,171),
 (1061,NULL,NULL,'YES','مجید ','ابراهیمی زاده ابریشمی','MALE',NULL,NULL,NULL,'36629712','09153010256','قاسم آباد- بین یوسفی 28 و 30 پلاک 224 واحد 7',NULL,'NO','YES','NO','NO','NO','YES',NULL,174),
 (1062,NULL,NULL,'NO',NULL,NULL,'MALE','شرکت اکسیر گل سرخ',NULL,NULL,'35410965','09155040458','شهرک صنعتی توس - فاز 2 اندیشه 10 قطعه 317 ',NULL,'NO','YES','NO','NO','NO','YES',NULL,175),
 (1063,NULL,NULL,'NO',NULL,NULL,'MALE','شرکت داده کاوی پرهون (مجید سازوار)',NULL,NULL,'33425884','09155089500','بلوار جمهوری اسلامی - پروین اعتصامی 21 پلاک 35 واحد 1',NULL,'NO','YES','NO','NO','NO','YES',NULL,177),
 (1064,NULL,NULL,'NO',NULL,NULL,'MALE','شرکت پارس شیمی ابتکار گستر',NULL,NULL,'09151575760','','دانشگاه فردوسی مشهد.مرکزرشد واحدهای فناور ',NULL,'NO','YES','NO','NO','NO','YES',NULL,178),
 (1065,NULL,NULL,'NO',NULL,NULL,'MALE','شرکت فرا اندیشان رشد خراسان',NULL,NULL,'38766343','09150473093','مرکز رشد شماره 5 پلاک 510',NULL,'NO','YES','NO','NO','NO','YES',NULL,179),
 (1066,NULL,NULL,'YES','حسن ','موسوی','MALE',NULL,NULL,NULL,'37674329','09154017419','خیابان عامل - عامل 64 - پلاک 93',NULL,'NO','YES','NO','NO','NO','YES',NULL,180),
 (1067,NULL,NULL,'NO',NULL,NULL,'MALE','شرکت تصویر پردازان دانش فردا (میرزایی)',NULL,NULL,'36087628','09151022874','سیدرضی 14 پلاک 315',NULL,'NO','YES','NO','NO','NO','YES',NULL,181),
 (1068,NULL,NULL,'YES','مسعود ','حاجی پور','MALE',NULL,NULL,NULL,'38802262','09158123174','دانشگاه فردوسی سازمان مرکزی طبقه همکف اداره خدمات',NULL,'NO','YES','NO','NO','NO','YES',NULL,183),
 (1069,NULL,NULL,'YES','محمد ','پاویرپور','MALE',NULL,NULL,NULL,'38802431','09159176234','دانشگاه فردوسی سازمان مرکزی طبقه همکف اداره خدمات',NULL,'NO','YES','NO','NO','NO','YES',NULL,184),
 (1070,NULL,NULL,'YES','رضا ','مالداری','MALE',NULL,NULL,NULL,'09151194606','','مشهد جاده سرخس روستای تنگل شور',NULL,'NO','YES','NO','NO','NO','YES',NULL,185),
 (1071,NULL,NULL,'NO',NULL,NULL,'MALE','شرکت صنعت پروژه توس',NULL,NULL,'35425513','09153031455','پارک علم و فناوری خراسان ',NULL,'NO','YES','NO','NO','NO','YES',NULL,187),
 (1072,NULL,NULL,'NO',NULL,NULL,'MALE','شرکت علم و فناوری آرام',NULL,NULL,'09151117396','09359350973','کاهدوز 32 پلاک 13',NULL,'NO','YES','NO','NO','NO','YES',NULL,188),
 (1073,NULL,NULL,'YES','اکبر ','امینی','MALE',NULL,NULL,NULL,'35003333','09153174496','پارک علم و فناوری ',NULL,'NO','YES','NO','NO','NO','YES',NULL,189),
 (1074,NULL,NULL,'NO',NULL,NULL,'MALE','شرکت رهپویان خرد و اندیشه',NULL,NULL,'35003333','09352161735','پارک علم و فناوری',NULL,'NO','YES','NO','NO','NO','YES',NULL,190),
 (1075,NULL,NULL,'NO',NULL,NULL,'MALE','شرکت آرتا هوشمند پردازان سناباد',NULL,NULL,'38466022','09156958054','فلاحی 38/12 پلاک 50',NULL,'NO','YES','NO','NO','NO','YES',NULL,191),
 (1076,NULL,NULL,'YES','امید ','صفری','MALE',NULL,NULL,NULL,'38805466','','دانشکاه فردوسی دانشکده منابع طبیعی و محیط زیست',NULL,'NO','YES','NO','NO','NO','YES',NULL,192),
 (1077,NULL,NULL,'NO',NULL,NULL,'MALE','شرکت کشت کار گستر نوژان خراسان شمالی',NULL,NULL,'05837228494','09376654099','بجنورد - خیابان شهریار - مجتمع الغدیر - مجتمع گلها',NULL,'NO','YES','NO','NO','NO','YES',NULL,193),
 (1078,NULL,NULL,'NO',NULL,NULL,'MALE','شرکت دنا پارس آژند',NULL,NULL,'35027992','09155112908','بلوار پیروزی - پیروزی 79 بنفشه 13 پلاک 17 واحد 4',NULL,'NO','YES','NO','NO','NO','YES',NULL,194),
 (1079,NULL,NULL,'YES','مصطفی ','خداشاهی','MALE',NULL,NULL,NULL,'35003100','09151177464','قاسم آباد حسابی 36 مجتمع سامان 2 بلوک 1 واحد 7',NULL,'NO','YES','NO','NO','NO','YES',NULL,195),
 (1080,NULL,NULL,'NO',NULL,NULL,'MALE','شرکت طراحان ماشین حجازیان',NULL,NULL,'35003416','09157976980','قاسم آباد - انوشیر 64 مجتمع نگین 2 بلوک 21 ',NULL,'NO','YES','NO','NO','NO','YES',NULL,196),
 (1081,NULL,NULL,'NO',NULL,NULL,'MALE','شرکت پیشتاز نانو فناور توس',NULL,NULL,'37665391','09353115792','دانشگاه فردوسی- مرکز رشد ش 5 واحد 514',NULL,'NO','YES','NO','NO','NO','YES',NULL,197),
 (1082,NULL,NULL,'NO',NULL,NULL,'MALE','شرکت ماهان صنعت توس آروین',NULL,NULL,'0','09155212068','بلوار نمایشگاه - نمایشگاه 5 پلاک 1 واحد 2',NULL,'NO','YES','NO','NO','NO','YES',NULL,198),
 (1083,NULL,NULL,'NO',NULL,NULL,'MALE','شرکت کوشا فن آوران پارت ',NULL,NULL,'0','09157655265','شیروان - خیابان پاسداران - پاسداران 2 پلاک 42',NULL,'NO','YES','NO','NO','NO','YES',NULL,199),
 (1084,NULL,NULL,'YES','قاسم ','موسوی','MALE',NULL,NULL,NULL,'8838460','09155143213','وکیل آباد 8 پلاک 8/1',NULL,'NO','YES','NO','NO','NO','YES',NULL,20),
 (1085,NULL,NULL,'NO',NULL,NULL,'MALE','شرکت بسپار پایش پارس (محمودی فریمانی)',NULL,NULL,'35234763','09158701544','قاسم آباد - شریعتی 53/1 مجتمع مسکونی گلها بلوک 8 واحد 1 غربی ',NULL,'NO','YES','NO','NO','NO','YES',NULL,200),
 (1087,NULL,NULL,'NO',NULL,NULL,'MALE','شرکت فنی مهندسی قدرت پرداز آسیا',NULL,NULL,'37663536','09155180620','فرهاد 19 پلاک 128 طبقه چهارم',NULL,'NO','YES','NO','NO','NO','YES',NULL,203),
 (1088,NULL,NULL,'NO',NULL,NULL,'MALE','شرکت ایده پردازان توسعه انرژی آترون',NULL,NULL,'35232788','09153142096','قاسم آباد شاهد 40 پ 21 طبقه اول',NULL,'NO','YES','NO','NO','NO','YES',NULL,204),
 (1089,NULL,NULL,'NO',NULL,NULL,'MALE','شرکت شتاب خودرو خراسان شمالی',NULL,NULL,'05857217733','09153216436','اسفراین - خیابان سید جمال الدین - دستغیب 4 پلاک 1',NULL,'NO','YES','NO','NO','NO','YES',NULL,210),
 (1090,NULL,NULL,'NO',NULL,NULL,'MALE','شرکت سناباد قطعه آلتون',NULL,NULL,'38650515','09155060764','بلوار فکوری - فکوری 17 لاله 6 پلاک 40 واحد 7',NULL,'NO','YES','NO','NO','NO','YES',NULL,211),
 (1091,NULL,NULL,'YES','دکتر ','رضا اکبری نوری ','MALE',NULL,NULL,NULL,'02188244539','09123553618','شهرآراء خیابان پاتریس لومومبا 19 شرقی پلاک 38',NULL,'NO','YES','NO','NO','NO','YES',NULL,212),
 (1092,NULL,NULL,'YES','احمد ','یوسفیان ','MALE',NULL,NULL,NULL,'38806117','09150738979','انتظامات دانشگاه فردوسی',NULL,'NO','YES','NO','NO','NO','YES',NULL,213),
 (1093,NULL,NULL,'NO',NULL,NULL,'MALE','شرکت پردازش گستر راتا',NULL,NULL,'38936601','09153227545','بلوار دانشجو - دانشجو 32 پلاک 20 واحد 8',NULL,'NO','YES','NO','NO','NO','YES',NULL,214),
 (1094,NULL,NULL,'YES','غلامعلی ','سوری','MALE',NULL,NULL,NULL,'37245156','09156247762','بلوار حر عاملی - عاملی 45 نبش حجت 15 پ 121',NULL,'NO','YES','NO','NO','NO','YES',NULL,215),
 (1095,NULL,NULL,'NO',NULL,NULL,'MALE','شرکت پرنیان ادمان آفرین ',NULL,NULL,'0','09153227642','پارک علم و فناوری خراسان ',NULL,'NO','YES','NO','NO','NO','YES',NULL,216),
 (1096,NULL,NULL,'YES','آذر ','آدینی','MALE',NULL,NULL,NULL,'38686650','09159156473','فکوری 17 پلاک 61',NULL,'NO','YES','NO','NO','NO','YES',NULL,217),
 (1097,NULL,NULL,'YES','فریدون ','رهنمای رود پشتی','MALE',NULL,NULL,NULL,'0','','ح',NULL,'NO','YES','NO','NO','NO','YES',NULL,218),
 (1098,NULL,NULL,'YES','مسعود ','نوروزیان','MALE',NULL,NULL,NULL,'0','','م',NULL,'NO','YES','NO','NO','NO','YES',NULL,219),
 (1099,NULL,NULL,'NO',NULL,NULL,'MALE','شرکت سازه گستر آرین پارس',NULL,NULL,'35003450','09153595097','پارک علم و فناوری خراسان ',NULL,'NO','YES','NO','NO','NO','YES',NULL,227),
 (1100,NULL,NULL,'NO',NULL,NULL,'MALE','شرکت سورن تک توس',NULL,NULL,'05135424821','09155041295','شهرک فناوری صنایع غذایی - ساختمان ریز بینی طبقه سوم',NULL,'NO','YES','NO','NO','NO','YES',NULL,228),
 (1101,NULL,NULL,'NO',NULL,NULL,'MALE','شرکت اتوماسیون اداری حسیب',NULL,NULL,'35425590','09155044722','پارک علم و فناوری خراسان رضوی',NULL,'NO','YES','NO','NO','NO','YES',NULL,229),
 (1102,NULL,NULL,'NO',NULL,NULL,'MALE','شرکت دقت گستران آریا پارس',NULL,NULL,'05135424527','09156247433','شهرک صنعتی توس - شهرک بیوتکنولوژی- ساختمان پژوهش',NULL,'NO','YES','NO','NO','NO','YES',NULL,230),
 (1103,NULL,NULL,'YES','سلمان ','علیمردانی ','MALE',NULL,NULL,NULL,'38450344','09353669570','دکتر بهشتی 46 پلاک 164',NULL,'NO','YES','NO','NO','NO','YES',NULL,231),
 (1104,NULL,NULL,'YES','محمد ','شکوهی فر (شکوه صنعت پاژ)','MALE',NULL,NULL,NULL,'38400202','09153014266','بین ابوذر غفاری 20و 22 حاشیه پ 220 واحد 2 ',NULL,'NO','YES','NO','NO','NO','YES',NULL,232),
 (1105,NULL,NULL,'NO',NULL,NULL,'MALE','شرکت داروسازی دکتررجبی ',NULL,NULL,'388434783','09155199632','شهرک صنعتی توس شهرک فناوری صنایع غذایی شماره 27',NULL,'NO','YES','NO','NO','NO','YES',NULL,233),
 (1106,NULL,NULL,'NO',NULL,NULL,'MALE','شرکت نیرونماد رضوی ',NULL,NULL,'05132400758','09363018711','شهرک فناوری های برتر صنعت 11 نبش کوشش 5',NULL,'NO','YES','NO','NO','NO','YES',NULL,234),
 (1107,NULL,NULL,'NO',NULL,NULL,'MALE','رحیم صادقی شرکت ماناپلیمرآرمان',NULL,NULL,'35425521','09153219204','ویلای 5 پلاک 24واحد6',NULL,'NO','YES','NO','NO','NO','YES',NULL,235),
 (1108,NULL,NULL,'YES','علیرضا ','سیدیان عنبرانی','MALE',NULL,NULL,NULL,'1234567','09151592787','تنانعللبیقیقیتق',NULL,'NO','YES','NO','NO','NO','YES',NULL,237),
 (1109,NULL,NULL,'NO',NULL,NULL,'MALE','سیدعلی صحاف(شرکت بعدسوم پردیس ایرانیان)',NULL,NULL,'123','09153232372','فکوری 27 نوزده بهمن 1 پلاک 24 واحد 5',NULL,'NO','YES','NO','NO','NO','YES',NULL,238),
 (1110,NULL,NULL,'YES','سید ','محمد جوادی مال آباد','MALE',NULL,NULL,NULL,'09153155382','09153155382','پیروزی 20رهایی8/8 پلاک 62',NULL,'NO','YES','NO','NO','NO','YES',NULL,239),
 (1111,NULL,NULL,'YES','حسین ','مخبر داودلی','MALE',NULL,NULL,NULL,'6031196','09151042575','جلال آل احمد70پلاک 283',NULL,'NO','YES','NO','NO','NO','YES',NULL,24),
 (1112,NULL,NULL,'YES','جواد ','قربانی ','MALE',NULL,NULL,NULL,'09126618949','','دانشگاه آزاد اسلامی ',NULL,'NO','YES','NO','NO','NO','YES',NULL,240),
 (1113,NULL,NULL,'NO',NULL,NULL,'MALE','شرکت آرشام صنعت ',NULL,NULL,'35425671','09155123191','پارک علم وفناوری',NULL,'NO','YES','NO','NO','NO','YES',NULL,241),
 (1114,NULL,NULL,'YES','سامان ','داروی هشتم ','MALE',NULL,NULL,NULL,'35421990','09155216753','پارک علم و فناوری ',NULL,'NO','YES','NO','NO','NO','YES',NULL,242),
 (1115,NULL,NULL,'NO',NULL,NULL,'MALE','شرکت ایده پردازان جوان فالینوس ',NULL,NULL,'09151568479','09151568479','مرکز رشد فردوسی واحد 521',NULL,'NO','YES','NO','NO','NO','YES',NULL,243),
 (1116,NULL,NULL,'YES','علیرضا ','حداد طوسی ','MALE',NULL,NULL,NULL,'38806740','09392248711','دانشکده ادبیات اداره امور عمومی ',NULL,'NO','YES','NO','NO','NO','YES',NULL,244),
 (1117,NULL,NULL,'YES','انتفاع ','صنعت پایا ','MALE',NULL,NULL,NULL,'36079718','09155078055','بلوارامامت انتهای امامت 3پلاک 12',NULL,'NO','YES','NO','NO','NO','YES',NULL,245),
 (1118,NULL,NULL,'YES','علیرضا ','ایرانبخش','MALE',NULL,NULL,NULL,'22588167','','تهران انتهای اشرفی اصفهانی بسمت حصارک سازمان مرکزی دانشگاه آزاد',NULL,'NO','YES','NO','NO','NO','YES',NULL,246),
 (1119,NULL,NULL,'YES','موئسسه ','غیر تجاری صهبا رسانه موعود','MALE',NULL,NULL,NULL,'09155207269','','پردیس دانشگاه فردوسی ',NULL,'NO','YES','NO','NO','NO','YES',NULL,247),
 (1120,'ista_ertebat','$P$BwSE5l.e4RwskLVWe0KJ1woXvecDdP1','NO',NULL,NULL,'MALE','ایستا ارتباط کاوشگر',NULL,NULL,'36044014','09153141653','بلواررفیعی 10/4بلوک 3واحد2',NULL,'NO','YES','NO','NO','NO','YES',NULL,248),
 (1121,NULL,NULL,'YES','پارس ','بهبود آسیا','MALE',NULL,NULL,NULL,'09151151343','09153165196','دانشجو8پلاک 80',NULL,'NO','YES','NO','NO','NO','YES',NULL,249),
 (1122,NULL,NULL,'YES','کبری ','حجتی داودلی','MALE',NULL,NULL,NULL,'6031196','09156494982','جلال آل احمد70پلاک 283',NULL,'NO','YES','NO','NO','NO','YES',NULL,25),
 (1123,NULL,NULL,'YES','حامد ','عابدینی یزدی','MALE',NULL,NULL,NULL,'35236556','09154515280','قاسم آباد  شریعتی 45خاتمی یک پلاک44طبقه 4',NULL,'NO','YES','NO','NO','NO','YES',NULL,250),
 (1124,NULL,NULL,'NO',NULL,NULL,'MALE','حسام دهقانی-شرکت دنازیست آسیا',NULL,NULL,'7679089','09151095669','مرکز رشد دانشگاه فارسی',NULL,'NO','YES','NO','NO','NO','YES',NULL,26),
 (1125,NULL,NULL,'NO',NULL,NULL,'MALE','شرکت پیشگامان صمغ پارسیان ',NULL,NULL,'7634481','','بلوارخیام 28پلاک5',NULL,'NO','YES','NO','NO','NO','YES',NULL,27),
 (1126,NULL,NULL,'YES','علی ','مشتاقی واحدیان','MALE',NULL,NULL,NULL,'6099333','09153068924','شریعتی 60مجتمع غدیر پ31',NULL,'NO','YES','NO','NO','NO','YES',NULL,30),
 (1127,NULL,NULL,'YES','محمد ','نظری','MALE',NULL,NULL,NULL,'6099333','09155253066','علیمردانی 23 پ13',NULL,'NO','YES','NO','NO','NO','YES',NULL,31),
 (1128,NULL,NULL,'NO',NULL,NULL,'MALE','حسن بهزادیان نژاد.شرکت فرایان',NULL,NULL,'7661986','09123430412','خیام جنوبی 3.پلاک 42',NULL,'NO','YES','NO','NO','NO','YES',NULL,32),
 (1129,NULL,NULL,'YES','محمد ','قنبری','MALE',NULL,NULL,NULL,'7287461','','حر عاملی 32 پلاک 204',NULL,'NO','YES','NO','NO','NO','YES',NULL,33),
 (1130,NULL,NULL,'YES','سمیه ','محمدخانی','MALE',NULL,NULL,NULL,'09158115028','','ایثارگران21 پ10',NULL,'NO','YES','NO','NO','NO','YES',NULL,34),
 (1131,NULL,NULL,'YES','زیور ','هروی','MALE',NULL,NULL,NULL,'2126814','','بلوار طبرسی50 پلاک 20',NULL,'NO','YES','NO','NO','NO','YES',NULL,35),
 (1132,NULL,NULL,'YES','فاطمه ','مقتدرگاه','MALE',NULL,NULL,NULL,'4218056','09153012506','بلوار الهیه. الهیه 14 پلاک 9',NULL,'NO','YES','NO','NO','NO','YES',NULL,36),
 (1133,NULL,NULL,'YES','محمد ','فاطمی','MALE',NULL,NULL,NULL,'6586958','091570077300','توس 65. سیستانی 2. پلاک 81',NULL,'NO','YES','NO','NO','NO','YES',NULL,37),
 (1134,NULL,NULL,'YES','مریم ','حمیدی','MALE',NULL,NULL,NULL,'2709894','09305111464','طلاب. بین میثم 3 و 5. پلاک 471',NULL,'NO','YES','NO','NO','NO','YES',NULL,38),
 (1135,NULL,NULL,'YES','زینب ','بخشنده','MALE',NULL,NULL,NULL,'09369648485','','طلاب. وحید 19 پلاک 125',NULL,'NO','YES','NO','NO','NO','YES',NULL,39),
 (1136,NULL,NULL,'YES','علیرضا ','محمدزاده','MALE',NULL,NULL,NULL,'000000','','دانشگاه فردوسی مشهد',NULL,'NO','YES','NO','NO','NO','YES',NULL,40),
 (1137,NULL,NULL,'YES','مجتبی ','اقبالی نژاد','MALE',NULL,NULL,NULL,'8458509','','ابوذر غفاری 31.پلاک 121',NULL,'NO','YES','NO','NO','NO','YES',NULL,41),
 (1138,NULL,NULL,'YES','نشاط ','مشکین فام','MALE',NULL,NULL,NULL,'09392619991','','لادن 14 پلاک 1',NULL,'NO','YES','NO','NO','NO','YES',NULL,42),
 (1139,NULL,NULL,'YES','فریده ','نامور','MALE',NULL,NULL,NULL,'09151252011','','خاقانی 23 پلاک2',NULL,'NO','YES','NO','NO','NO','YES',NULL,43),
 (1140,NULL,NULL,'YES','حسین ','رستمی کاهو','MALE',NULL,NULL,NULL,'8802450','','دانشگاه فردوسی. سازمان مرکزی',NULL,'NO','YES','NO','NO','NO','YES',NULL,44),
 (1141,NULL,NULL,'YES','مرتضی ','رمضانی','MALE',NULL,NULL,NULL,'09155015606','','.کیل اباد 50/8پلاک62',NULL,'NO','YES','NO','NO','NO','YES',NULL,46),
 (1142,NULL,NULL,'YES','زیبا ','افاقی','MALE',NULL,NULL,NULL,'8710018','','طالقانی 4 پلاک 5',NULL,'NO','YES','NO','NO','NO','YES',NULL,47),
 (1143,NULL,NULL,'YES','محمد ','بخشنده','MALE',NULL,NULL,NULL,'8515451','','بیمارستان سینا',NULL,'NO','YES','NO','NO','NO','YES',NULL,48),
 (1144,NULL,NULL,'YES','ایوب ','بخشنده زاری  محله','MALE',NULL,NULL,NULL,'8544315','','بیمارستان سینا',NULL,'NO','YES','NO','NO','NO','YES',NULL,49),
 (1145,NULL,NULL,'YES','عباس ','شریعتی','MALE',NULL,NULL,NULL,'8417577','','سناباد 38پلاک 58',NULL,'NO','YES','NO','NO','NO','YES',NULL,50),
 (1146,NULL,NULL,'YES','اشرف ','خاوری خراسانی','MALE',NULL,NULL,NULL,'8417577','','سناباد 38پلاک 58',NULL,'NO','YES','NO','NO','NO','YES',NULL,51),
 (1147,NULL,NULL,'YES','حسن ','میرزائی','MALE',NULL,NULL,NULL,'2787532','','طلاب مفتح20پلاک287',NULL,'NO','YES','NO','NO','NO','YES',NULL,52),
 (1148,NULL,NULL,'YES','سید ','هادی حسن نیا','MALE',NULL,NULL,NULL,'7635287','09158010734','فدک21.پلاک 29',NULL,'NO','YES','NO','NO','NO','YES',NULL,53),
 (1149,NULL,NULL,'YES','افروز ','مجاور','MALE',NULL,NULL,NULL,'8802401','','دانشگاه فردوسی.',NULL,'NO','YES','NO','NO','NO','YES',NULL,55),
 (1150,NULL,NULL,'YES','احسان ','صادقی شاپور آبادی','MALE',NULL,NULL,NULL,'09366024589','','قاسم اباد. بلوار مجدیه. 50.مجتمع پارس',NULL,'NO','YES','NO','NO','NO','YES',NULL,56),
 (1151,NULL,NULL,'NO',NULL,NULL,'MALE','شرکت کهکشان آریایی',NULL,NULL,'8837390','','مرکز رشد مهندسی',NULL,'NO','YES','NO','NO','NO','YES',NULL,57),
 (1152,NULL,NULL,'NO',NULL,NULL,'MALE','شرکت داده پردازی تلاش وتوسعه',NULL,NULL,'8837382','','مرکز رشددانشگاه فردوسی',NULL,'NO','YES','NO','NO','NO','YES',NULL,58),
 (1153,NULL,NULL,'NO',NULL,NULL,'MALE','شرکت کاوش صنعت توس',NULL,NULL,'0','09153114052','پارک علم و فناوری',NULL,'NO','YES','NO','NO','NO','YES',NULL,59),
 (1154,NULL,NULL,'NO',NULL,NULL,'MALE','شرکت دانشگرایان نوین دلسا',NULL,NULL,'8401630','','بین ملاصدرای 10و12ساختمان مهدی ط4',NULL,'NO','YES','NO','NO','NO','YES',NULL,60),
 (1155,NULL,NULL,'NO',NULL,NULL,'MALE','شرکت رهرو تلاش جاوید',NULL,NULL,'6676081','09121257192','خیابان فلسطین کوچه فتحی پ2 واحد 12',NULL,'NO','YES','NO','NO','NO','YES',NULL,61),
 (1156,NULL,NULL,'NO',NULL,NULL,'MALE','شرکت صنعتی طلایه مشهد',NULL,NULL,'32673511','09151110064','کیلومتر 20 بزرگراه آسیایی جنب پمپ بنزین ناظریه',NULL,'NO','YES','NO','NO','NO','YES',NULL,62),
 (1157,NULL,NULL,'NO',NULL,NULL,'MALE','شرکت کیان ترانسفو',NULL,NULL,'7255813','','بین سنایی 11 و13پ 102',NULL,'NO','YES','NO','NO','NO','YES',NULL,63),
 (1158,NULL,NULL,'YES','سید ','حمید رضا مصطفوی','MALE',NULL,NULL,NULL,'7638647','09155139177','سجاد. بیستون 5 پلاک 28',NULL,'NO','YES','NO','NO','NO','YES',NULL,65),
 (1159,NULL,NULL,'YES','رقیه ','ایرانلو','MALE',NULL,NULL,NULL,'8802164','','دانشگاه فردوسی',NULL,'NO','YES','NO','NO','NO','YES',NULL,66),
 (1160,NULL,NULL,'YES','غلامحسن ','غلامی','MALE',NULL,NULL,NULL,'09153584641','','دانشگاه ازاد مشهد',NULL,'NO','YES','NO','NO','NO','YES',NULL,67),
 (1161,NULL,NULL,'YES','محمد ','تقی خضری','MALE',NULL,NULL,NULL,'09159186963','','دانشگاه فردوسی مشهد',NULL,'NO','YES','NO','NO','NO','YES',NULL,69),
 (1162,NULL,NULL,'NO',NULL,NULL,'MALE','شرکت پارسه. محمدرحیم ملک بالا',NULL,NULL,'000','','دانشگاه فردوسی مشهد',NULL,'NO','YES','NO','NO','NO','YES',NULL,70),
 (1163,NULL,NULL,'YES','محمد ','جواد کفیلی انداد','MALE',NULL,NULL,NULL,'09155255834','','فلاحی 4. مجتمع استانداری. بلوک 9 پلاک 4',NULL,'NO','YES','NO','NO','NO','YES',NULL,71),
 (1164,NULL,NULL,'YES','حسین ','شفاعی','MALE',NULL,NULL,NULL,'000','','پارک علم و فناوری',NULL,'NO','YES','NO','NO','NO','YES',NULL,72),
 (1165,NULL,NULL,'YES','زهرا ','زواری اره کمر','MALE',NULL,NULL,NULL,'8763344','','دانشگاه فردوسی. ساختمان مرکزی',NULL,'NO','YES','NO','NO','NO','YES',NULL,73),
 (1166,NULL,NULL,'YES','حیدر ','سالاری اره کمر','MALE',NULL,NULL,NULL,'8763344','','دانشگاه فردوسی',NULL,'NO','YES','NO','NO','NO','YES',NULL,74),
 (1167,NULL,NULL,'YES','روشنک ','امیرزاده هروی','MALE',NULL,NULL,NULL,'8763344','','دانشگاه فردوسی. ساختمان مرکزی',NULL,'NO','YES','NO','NO','NO','YES',NULL,75),
 (1168,NULL,NULL,'YES','محمد ','مهدی شمس','MALE',NULL,NULL,NULL,'09158019802','','دانشگاه فردوسی',NULL,'NO','YES','NO','NO','NO','YES',NULL,76),
 (1169,NULL,NULL,'YES','محمود ','اسدی','MALE',NULL,NULL,NULL,'09151587026','','دانشگاه فردوسی',NULL,'NO','YES','NO','NO','NO','YES',NULL,77),
 (1170,NULL,NULL,'YES','نجمه ','باقرزاده','MALE',NULL,NULL,NULL,'09153190057','','دانشگاه فردوسی',NULL,'NO','YES','NO','NO','NO','YES',NULL,78),
 (1171,NULL,NULL,'YES','معصومه ','شریفی طرقی','MALE',NULL,NULL,NULL,'09157003515','','دانشگاه',NULL,'NO','YES','NO','NO','NO','YES',NULL,79),
 (1172,NULL,NULL,'YES','کاظم ','دوست علی','MALE',NULL,NULL,NULL,'09155255797','','دانشگاه فردوسی مشهد',NULL,'NO','YES','NO','NO','NO','YES',NULL,80),
 (1173,NULL,NULL,'YES','رمضان ','قربانی','MALE',NULL,NULL,NULL,'3120082','','بلوار صبا38 پلاک 14',NULL,'NO','YES','NO','NO','NO','YES',NULL,81),
 (1174,NULL,NULL,'YES','میثم ','محزونی رباطی','MALE',NULL,NULL,NULL,'8684940','09154391013','دانشگاه فردوسی مشهد',NULL,'NO','YES','NO','NO','NO','YES',NULL,82),
 (1175,NULL,NULL,'YES','محبوبه ','ابراهیمی','MALE',NULL,NULL,NULL,'8924014','','دانشگاه فردوسی',NULL,'NO','YES','NO','NO','NO','YES',NULL,83),
 (1176,NULL,NULL,'YES','احمد ','علی مهر علی نیاکان','MALE',NULL,NULL,NULL,'09151188277','','دانشگاه فردوسی.انتظامات',NULL,'NO','YES','NO','NO','NO','YES',NULL,84),
 (1177,NULL,NULL,'YES','مصطفی ','دلدار','MALE',NULL,NULL,NULL,'09154382235','','خیابان شیرازی. شیرازی 24 پلاک 42',NULL,'NO','YES','NO','NO','NO','YES',NULL,85),
 (1178,NULL,NULL,'YES','مجید ','اسدالهی','MALE',NULL,NULL,NULL,'09156208279','','دانشگاه فردوسی',NULL,'NO','YES','NO','NO','NO','YES',NULL,86),
 (1179,NULL,NULL,'YES','فاطمه ','باقری','MALE',NULL,NULL,NULL,'09156208279','','دانشگاه فردوسی',NULL,'NO','YES','NO','NO','NO','YES',NULL,87),
 (1180,NULL,NULL,'YES','محمدعلی ','عبدی زاده','MALE',NULL,NULL,NULL,'8213267','','سرافرازان 23 پلاک 23',NULL,'NO','YES','NO','NO','NO','YES',NULL,88),
 (1181,NULL,NULL,'YES','هادی ','مسرور','MALE',NULL,NULL,NULL,'09156150300','','صندوق پژوهش',NULL,'NO','YES','NO','NO','NO','YES',NULL,89),
 (1182,NULL,NULL,'YES','محمدرضا ','بهزادی','MALE',NULL,NULL,NULL,'09151187657','','دانشگاه فردوسی ',NULL,'NO','YES','NO','NO','NO','YES',NULL,90),
 (1183,NULL,NULL,'NO',NULL,NULL,'MALE','شرکت سازه های کامپوزیتی خاوران',NULL,NULL,'09155145638','','بلوار دندان پزشکان. پلاک 55',NULL,'NO','YES','NO','NO','NO','YES',NULL,91),
 (1184,NULL,NULL,'NO',NULL,NULL,'MALE','شرکت خدمات نیروگاهی اهار شرق',NULL,NULL,'8664741','','خیابان فرهاد11 پلاک 12',NULL,'NO','YES','NO','NO','NO','YES',NULL,92),
 (1185,NULL,NULL,'NO',NULL,NULL,'MALE','شرکت کالاژن پژوه. مجید جمشیدیان مجاور',NULL,NULL,'0000','','دانشگاه فردوسی مشهد',NULL,'NO','YES','NO','NO','NO','YES',NULL,93),
 (1186,NULL,NULL,'YES','حسین ','عرفانیان','MALE',NULL,NULL,NULL,'09155116151','','اداره منابع طبیعی',NULL,'NO','YES','NO','NO','NO','YES',NULL,94),
 (1187,NULL,NULL,'YES','مرتضی ','شریف زاده','MALE',NULL,NULL,NULL,'09155232573','','پارک علم و فناوری',NULL,'NO','YES','NO','NO','NO','YES',NULL,97),
 (1188,NULL,NULL,'NO',NULL,NULL,'MALE','شرکت سما توس',NULL,NULL,'35097760','09351741775','.',NULL,'NO','YES','NO','NO','NO','YES',NULL,10),
 (1189,NULL,NULL,'YES','دکتر ','مهدی نژاد نوری','MALE',NULL,NULL,NULL,'0','','معاونت پژوهشی وزارت علوم',NULL,'NO','YES','NO','NO','NO','YES',NULL,1),
 (1190,NULL,NULL,'YES','حسین ','کشیری (موسسه پردیس توس )','MALE',NULL,NULL,NULL,'8761872','09155027505','بلوارسید رضی سید رضی 37پ 243/1',NULL,'NO','YES','NO','NO','NO','YES',NULL,105),
 (1191,NULL,NULL,'YES','حسین ','کشیری (موسسه پردیس توس )','MALE',NULL,NULL,NULL,'8761872','09155027505','بلوار سید رضی سید رضی 37پ 243/1',NULL,'NO','YES','NO','NO','NO','YES',NULL,106),
 (1192,NULL,NULL,'YES','غلامحسین ','خانی','MALE',NULL,NULL,NULL,'0','','.',NULL,'NO','YES','NO','NO','NO','YES',NULL,11),
 (1193,NULL,NULL,'YES','محمد ','علی خلیل زاده','MALE',NULL,NULL,NULL,'09153156724','','دانشگاه ازاد مشهد',NULL,'NO','YES','NO','NO','NO','YES',NULL,117),
 (1194,NULL,NULL,'YES','علیرضا ','ناصری حسینی','MALE',NULL,NULL,NULL,'000','','پارک علم و فناوری',NULL,'NO','YES','NO','NO','NO','YES',NULL,118),
 (1195,NULL,NULL,'YES','سید ','مهدی میرزابابایی','MALE',NULL,NULL,NULL,'09151141501','','پارک علم و فناوری',NULL,'NO','YES','NO','NO','NO','YES',NULL,119),
 (1196,NULL,NULL,'NO',NULL,NULL,'MALE','شرکت محققان یاسین (هادی ده دست)',NULL,NULL,'8837396','09123136825','دانشگاه فردوسی مشهد مرکز رشد واحد 1',NULL,'NO','YES','NO','NO','NO','YES',NULL,126),
 (1198,NULL,NULL,'YES','مجید ','جمشیدیان مجاور','MALE',NULL,NULL,NULL,'6617773','09155214348','شهرک رازی -رازی 17/5پلاک 19 طبقه سوم واحد 5',NULL,'NO','YES','NO','NO','NO','YES',NULL,138),
 (1199,NULL,NULL,'NO',NULL,NULL,'MALE','شرکت ابزار آزما',NULL,NULL,'0','','.',NULL,'NO','YES','NO','NO','NO','YES',NULL,14),
 (1200,NULL,NULL,'YES','فرخ ','سادات کلالی','MALE',NULL,NULL,NULL,'8810402','09155051781','کوثر شمالی 16 باهنر 9 پلاک 38 طبقه اول',NULL,'NO','YES','NO','NO','NO','YES',NULL,146),
 (1201,NULL,NULL,'YES','رضا ','هروی نیشابوری','MALE',NULL,NULL,NULL,'0212121','','صندوق ',NULL,'NO','YES','NO','NO','NO','YES',NULL,153),
 (1202,NULL,NULL,'YES','هادی ','بابلی توت','MALE',NULL,NULL,NULL,'0','','.',NULL,'NO','YES','NO','NO','NO','YES',NULL,16),
 (1203,NULL,NULL,'YES','حیدر ','قلی حیدری مزرجی','MALE',NULL,NULL,NULL,'8837392','','دانشگاه فردوسی - صندوق پژوهش',NULL,'NO','YES','NO','NO','NO','YES',NULL,161),
 (1204,NULL,NULL,'YES','محمد ','باقر طباطبایی','MALE',NULL,NULL,NULL,'09151192721','','دانشگاه آزاد',NULL,'NO','YES','NO','NO','NO','YES',NULL,163),
 (1205,NULL,NULL,'YES','سپرده ','مهدوی وابراهیمی','MALE',NULL,NULL,NULL,'8806503','09354634004','دانشگاه فردوسی - دانشکده کشاورزی',NULL,'NO','YES','NO','NO','NO','YES',NULL,164),
 (1206,NULL,NULL,'YES','سود ','سپرده مهدوی و ابراهیمی','MALE',NULL,NULL,NULL,'8806503','09354634004','دانشگاه فردوسی ',NULL,'NO','YES','NO','NO','NO','YES',NULL,166),
 (1207,NULL,NULL,'YES','سینا ','خانی','MALE',NULL,NULL,NULL,'0','','.',NULL,'NO','YES','NO','NO','NO','YES',NULL,17),
 (1208,NULL,NULL,'NO',NULL,NULL,'MALE','شرکت چوب سان شرق (ورشوئی تبریزی)',NULL,NULL,'38431483','09155018726','پارک علم و فن آوری ',NULL,'NO','YES','NO','NO','NO','YES',NULL,172),
 (1209,NULL,NULL,'NO',NULL,NULL,'MALE','شرکت آریا کاوان اطلس (خیاط خلقی)',NULL,NULL,'38422783','','احمدآباد -بلوار بعثت شماره 167',NULL,'NO','YES','NO','NO','NO','YES',NULL,173),
 (1210,NULL,NULL,'YES','محمد ','حسین هادوی','MALE',NULL,NULL,NULL,'38811217','09155018006','بلوار صارمی - بین صارمی 11و 13 پلاک 25',NULL,'NO','YES','NO','NO','NO','YES',NULL,176),
 (1211,NULL,NULL,'YES','سبحان ','خانی','MALE',NULL,NULL,NULL,'0','','.',NULL,'NO','YES','NO','NO','NO','YES',NULL,18),
 (1212,NULL,NULL,'YES','نرگس ','ارزنی','MALE',NULL,NULL,NULL,'38682729','09157368045','بلوار فکوری فکوری 11 شقایق 6 پلاک 71 واحد 9',NULL,'NO','YES','NO','NO','NO','YES',NULL,182),
 (1213,NULL,NULL,'NO',NULL,NULL,'MALE','شرکت فناوری و کارآفرینی جهان اندیشه',NULL,NULL,'38846150','','دانشگاه فردوسی مرکز رشد 4',NULL,'NO','YES','NO','NO','NO','YES',NULL,186),
 (1214,NULL,NULL,'YES','وحید ','ضرغامی','MALE',NULL,NULL,NULL,'8677846','09155097301','آب وبرق ویلا 10 پلاک 4',NULL,'NO','YES','NO','NO','NO','YES',NULL,19),
 (1215,NULL,NULL,'YES','دکترعلیرضا ','عاشوری','MALE',NULL,NULL,NULL,'0','','ریاست دانشگاه فردوسی مشهد',NULL,'NO','YES','NO','NO','NO','YES',NULL,2),
 (1216,NULL,NULL,'YES','عاطفه ','شریف','MALE',NULL,NULL,NULL,'38716503','09151207559','رضا شهر - شهرک طالقانی - ارغوان 10 - پلاک 48',NULL,'NO','YES','NO','NO','NO','YES',NULL,201),
 (1217,NULL,NULL,'NO',NULL,NULL,'MALE','شرکت داده پردازی تلاش و توسعه',NULL,NULL,'38837382','09151105285','مرکز رشد دانشگاه فردوسی ',NULL,'NO','YES','NO','NO','NO','YES',NULL,205),
 (1218,NULL,NULL,'NO',NULL,NULL,'MALE','شرکت صنایع غذایی دانشگران نوین دلسا',NULL,NULL,'38401630','09155160528','احمداباد - بین ملاصدرا 10 و 12 ساختمان مهدی طبقه 4',NULL,'NO','YES','NO','NO','NO','YES',NULL,207),
 (1219,NULL,NULL,'NO',NULL,NULL,'MALE','شرکت صنایع کیان ترانسفوی',NULL,NULL,'37255813','09153108639','خیابان سنایی - بین 11 و 13 پلاک 102',NULL,'NO','YES','NO','NO','NO','YES',NULL,208),
 (1220,NULL,NULL,'NO',NULL,NULL,'MALE','شرکت خدمات نیروگاهی آهار شرق',NULL,NULL,'35424100','09153589903','بلوار وکیل آباد - خیابان فرهاد 11 پلاک 12',NULL,'NO','YES','NO','NO','NO','YES',NULL,209),
 (1221,NULL,NULL,'YES','جمال ','الدین بخشنده','MALE',NULL,NULL,NULL,'7332571','09158787197','خ گاز 4 خاکزادی 17 پ9',NULL,'NO','YES','NO','NO','NO','YES',NULL,21),
 (1222,NULL,NULL,'YES','سکینه ','حمیدی','MALE',NULL,NULL,NULL,'7332571','09157060699','خ گاز 4 خاکزادی 17 پ 9',NULL,'NO','YES','NO','NO','NO','YES',NULL,22),
 (1223,NULL,NULL,'YES','محمد ','استادی','MALE',NULL,NULL,NULL,'0','','ا',NULL,'NO','YES','NO','NO','NO','YES',NULL,220),
 (1224,NULL,NULL,'YES','سعید ','عمرانی','MALE',NULL,NULL,NULL,'0','','ا',NULL,'NO','YES','NO','NO','NO','YES',NULL,221),
 (1225,NULL,NULL,'YES','مسلم ','تورینی','MALE',NULL,NULL,NULL,'0','09153145673','ا',NULL,'NO','YES','NO','NO','NO','YES',NULL,222),
 (1226,NULL,NULL,'YES','','آژیر','MALE',NULL,NULL,NULL,'0','09155164068','ا',NULL,'NO','YES','NO','NO','NO','YES',NULL,223),
 (1227,NULL,NULL,'YES','','احمدی','MALE',NULL,NULL,NULL,'0','','ا',NULL,'NO','YES','NO','NO','NO','YES',NULL,224),
 (1228,NULL,NULL,'YES','','جلیلیان','MALE',NULL,NULL,NULL,'0','','ا',NULL,'NO','YES','NO','NO','NO','YES',NULL,225),
 (1229,NULL,NULL,'YES','مجتبی ','شرفی','MALE',NULL,NULL,NULL,'0','','ا',NULL,'NO','YES','NO','NO','NO','YES',NULL,226),
 (1230,NULL,NULL,'YES','رضا ','اسلامی میل کاریز','MALE',NULL,NULL,NULL,'09352545344','','جاده قدیم قوچان.حمامی 13.کوچه سوم.درب چهارم',NULL,'NO','YES','NO','NO','NO','YES',NULL,23),
 (1231,NULL,NULL,'YES','عاطفه ','رشیدی زاده ','MALE',NULL,NULL,NULL,'09153069316','','دانشگاه فردوسی',NULL,'NO','YES','NO','NO','NO','YES',NULL,236),
 (1232,NULL,NULL,'NO',NULL,NULL,'MALE','محمد علی رضوی. شرکت صمغ پارسیان',NULL,NULL,'8792450','09360371382','بلوار خیام 28 پلاک 5',NULL,'NO','YES','NO','NO','NO','YES',NULL,28),
 (1233,NULL,NULL,'YES','غلامعلی ','نخعی','MALE',NULL,NULL,NULL,'0','','دفتر پژوهش استانداری',NULL,'NO','YES','NO','NO','NO','YES',NULL,29),
 (1234,NULL,NULL,'YES','دکتر ','بختیار شعبانی','MALE',NULL,NULL,NULL,'0','','معاونت پژوهشی دانشگاه فردوسی',NULL,'NO','YES','NO','NO','NO','YES',NULL,3),
 (1235,NULL,NULL,'NO',NULL,NULL,'MALE','شرکت آمایش',NULL,NULL,'0','','دانشگاه فردوسی',NULL,'NO','YES','NO','NO','NO','YES',NULL,4),
 (1236,NULL,NULL,'YES','هاشم ','مهذب','MALE',NULL,NULL,NULL,'00000','','پارک علم و فناوری ',NULL,'NO','YES','NO','NO','NO','YES',NULL,45),
 (1237,NULL,NULL,'YES','سهراب ','درویش','MALE',NULL,NULL,NULL,'0','','دانشگاه فردوسی',NULL,'NO','YES','NO','NO','NO','YES',NULL,5),
 (1238,NULL,NULL,'YES','سکینه ','رستمی تیتکانلو','MALE',NULL,NULL,NULL,'6580384','','قاسم اباد. شهرک رازی 10 پلاک 12',NULL,'NO','YES','NO','NO','NO','YES',NULL,54),
 (1239,NULL,NULL,'YES','حمیدرضا ','نداف سنگانی','MALE',NULL,NULL,NULL,'8802401','','مرکز رشد دانشگاه فردوسی',NULL,'NO','YES','NO','NO','NO','YES',NULL,6),
 (1240,NULL,NULL,'YES','فریدون ',' مریدی','MALE',NULL,NULL,NULL,'8802423','','دانشگاه فردوسی',NULL,'NO','YES','NO','NO','NO','YES',NULL,64),
 (1241,NULL,NULL,'YES','سید ','هادی شکرگذار یتیم دار','MALE',NULL,NULL,NULL,'8649821','09358375233','صیاد بین صیاد41و43 پوشاک قیمت مقطوع',NULL,'NO','YES','NO','NO','NO','YES',NULL,68),
 (1242,NULL,NULL,'YES','علی ','اکبر پابند','MALE',NULL,NULL,NULL,'0','','.',NULL,'NO','YES','NO','NO','NO','YES',NULL,7),
 (1243,NULL,NULL,'YES','فرهاد ','شکوهی فر','MALE',NULL,NULL,NULL,'0','','.',NULL,'NO','YES','NO','NO','NO','YES',NULL,8),
 (1244,NULL,NULL,'YES','حسین ','حیدری','MALE',NULL,NULL,NULL,'0','','.',NULL,'NO','YES','NO','NO','NO','YES',NULL,9),
 (1245,NULL,NULL,'YES','مهدی ','فرخ','MALE',NULL,NULL,NULL,'6655630','09369488399','دانشگاه فردوسی-منابع طبیعی',NULL,'NO','YES','NO','NO','NO','YES',NULL,95),
 (1246,NULL,NULL,'NO',NULL,NULL,'MALE','مهدی سلطانی. شرکت توس ژن',NULL,NULL,'8798471','09154191695','مرکز رشد دانشگاه فردوسی مشهد',NULL,'NO','YES','NO','NO','NO','YES',NULL,96),
 (1247,NULL,NULL,'YES','مصطفی ','مظاهری','MALE',NULL,NULL,NULL,'0000','','دانشگاه فردوسی',NULL,'NO','YES','NO','NO','NO','YES',NULL,98),
 (1248,NULL,NULL,'YES','ابراهیم ','رضایی نیک','MALE',NULL,NULL,NULL,'09153102996','','موسسه اموزش عالس سجاد',NULL,'NO','YES','NO','NO','NO','YES',NULL,99),
 (1249,NULL,'$P$Bub/yw74TY.hWRwW3bqbinuBDkG65e.','YES',NULL,NULL,'MALE',NULL,NULL,NULL,NULL,NULL,NULL,NULL,'NO','YES','NO','NO','NO','YES',NULL,NULL),
 (1250,NULL,'$P$BLcUiKwnCFZo7S1WfmYLqMLTB4SqMn0','YES',NULL,NULL,'MALE',NULL,NULL,NULL,NULL,NULL,NULL,NULL,'NO','YES','NO','NO','NO','YES',NULL,NULL),
 (1251,NULL,'$P$B.wSIt7EMRik7jEcCe/8kqd8og/WgG.','YES',NULL,NULL,'MALE',NULL,NULL,NULL,NULL,NULL,NULL,NULL,'NO','YES','NO','NO','NO','YES',NULL,NULL),
 (1252,NULL,'$P$B.FIv0jc6EDVEggnI.BWErkaWtKxbG1','YES',NULL,NULL,'MALE',NULL,NULL,NULL,NULL,NULL,NULL,NULL,'NO','YES','NO','NO','NO','YES',NULL,NULL),
 (1253,NULL,'$P$BSpT/a96i20w5LrOw6JKG/HK/4Cn8t/','YES',NULL,NULL,'MALE',NULL,NULL,NULL,NULL,NULL,NULL,NULL,'NO','YES','NO','NO','NO','YES',NULL,NULL),
 (1254,NULL,'$P$Bpk7.zNgZtBBuKgK6T6byxjzMWpe/D0','YES',NULL,NULL,'MALE',NULL,NULL,NULL,NULL,NULL,NULL,NULL,'NO','YES','NO','NO','NO','YES',NULL,NULL),
 (1255,NULL,'$P$B9gFY5rkO4nDRg0afG2qBQOg6hqkyD.','YES',NULL,NULL,'MALE',NULL,NULL,NULL,NULL,NULL,NULL,NULL,'NO','YES','NO','NO','NO','YES',NULL,NULL),
 (1256,NULL,'$P$BVYVOUEr2FboWL1cFaOvnhkxG9P8fC1','YES',NULL,NULL,'MALE',NULL,NULL,NULL,NULL,NULL,NULL,NULL,'NO','YES','NO','NO','NO','YES',NULL,NULL),
 (1257,NULL,'$P$B2Z4Q9mqIsMhbBwxaewuRRMAboR2XI0','YES',NULL,NULL,'MALE',NULL,NULL,NULL,NULL,NULL,NULL,NULL,'NO','YES','NO','NO','NO','YES',NULL,NULL),
 (1258,'seyedian','$P$BHyUoofQxnX39Xq1ztStQruH7vkpII.','YES','علیرضا','سیدیان','MALE',NULL,NULL,NULL,NULL,NULL,NULL,NULL,'YES','NO','NO','NO','NO','YES',NULL,NULL),
 (1259,'sh','$P$BhG21QpZGZceS0JnnItEKPpNFfzogV/','YES','احسان','شیبانی','MALE',NULL,NULL,NULL,NULL,NULL,NULL,NULL,'YES','NO','NO','NO','NO','YES',NULL,NULL);
/*!40000 ALTER TABLE `BSC_persons` ENABLE KEYS */;


--
-- Definition of table `BSC_posts`
--

DROP TABLE IF EXISTS `BSC_posts`;
CREATE TABLE `BSC_posts` (
  `PostID` int(10) unsigned NOT NULL auto_increment,
  `UnitID` int(10) unsigned NOT NULL,
  `PostName` varchar(500) NOT NULL,
  PRIMARY KEY  (`PostID`)
) ENGINE=InnoDB DEFAULT CHARSET=utf8 COMMENT='پست هاي سازماني';

--
-- Dumping data for table `BSC_posts`
--

/*!40000 ALTER TABLE `BSC_posts` DISABLE KEYS */;
INSERT INTO `BSC_posts` (`PostID`,`UnitID`,`PostName`) VALUES 
 (1,1,'کارشناس'),
 (2,1,'مدیر عامل'),
 (3,1,'ناظر');
/*!40000 ALTER TABLE `BSC_posts` ENABLE KEYS */;


--
-- Definition of table `BSC_units`
--

DROP TABLE IF EXISTS `BSC_units`;
CREATE TABLE `BSC_units` (
  `UnitID` int(10) unsigned NOT NULL auto_increment,
  `ParentID` int(10) unsigned default NULL,
  `UnitName` varchar(500) character set utf8 NOT NULL,
  PRIMARY KEY  (`UnitID`)
) ENGINE=InnoDB DEFAULT CHARSET=latin1 COMMENT='واحدهای سازمانی';

--
-- Dumping data for table `BSC_units`
--

/*!40000 ALTER TABLE `BSC_units` DISABLE KEYS */;
INSERT INTO `BSC_units` (`UnitID`,`ParentID`,`UnitName`) VALUES 
 (1,NULL,'مدیریت'),
 (8,1,'معاونت');
/*!40000 ALTER TABLE `BSC_units` ENABLE KEYS */;


--
-- Definition of table `BaseInfo`
--

DROP TABLE IF EXISTS `BaseInfo`;
CREATE TABLE `BaseInfo` (
  `TypeID` int(10) unsigned NOT NULL COMMENT 'کد نوع',
  `InfoID` int(10) unsigned NOT NULL COMMENT 'کد آیتم',
  `InfoDesc` varchar(500) NOT NULL COMMENT 'عنوان',
  `param1` varchar(100) default '0',
  `param2` varchar(45) default NULL,
  PRIMARY KEY  (`InfoID`,`TypeID`)
) ENGINE=InnoDB DEFAULT CHARSET=utf8;

--
-- Dumping data for table `BaseInfo`
--

/*!40000 ALTER TABLE `BaseInfo` DISABLE KEYS */;
INSERT INTO `BaseInfo` (`TypeID`,`InfoID`,`InfoDesc`,`param1`,`param2`) VALUES 
 (8,0,'تصویر','0',NULL),
 (1,1,'وام های صندوق','0',NULL),
 (2,1,'اشخاص و شرکتها','0',NULL),
 (3,1,'حساب جاری','0',NULL),
 (4,1,'در جریان','0',NULL),
 (5,1,'ایجاد درخواست','0',NULL),
 (6,1,'فیش','0',NULL),
 (7,1,'تضمین','0',NULL),
 (8,1,'وثیقه ملکی','1',NULL),
 (9,1,'سند افتتاحیه','0',NULL),
 (10,1,'پرداخت وام','RequestID','PartID'),
 (11,1,'پرداخت مرحله وام','../../loan/request/RequestInfo.php','RequestID'),
 (12,1,'جهت اطلاع','0',NULL),
 (2,2,'سال','0',NULL),
 (3,2,'حساب سپرده ','0',NULL),
 (4,2,'وصول شده','0',NULL),
 (6,2,'حواله','0',NULL),
 (7,2,'مدارک شخص حقیقی','0',NULL),
 (8,2,'ضمانت بانکی','1',NULL),
 (9,2,'سند دستی','0',NULL),
 (10,2,'پرداخت قسط','0',NULL),
 (12,2,'جهت اقدام مقتضی','0',NULL),
 (2,3,'بانک ها','0',NULL),
 (4,3,'مسدود','0',NULL),
 (6,3,'کسر از حقوق','0',NULL),
 (7,3,'مدارک شخص حقوقی','0',NULL),
 (8,3,'چک','1',NULL),
 (9,3,'سند اختتامیه','0',NULL),
 (12,3,'جهت بررسی و اعلام نظر','0',NULL),
 (4,4,'برگشتي','0',NULL),
 (6,4,'پرداخت الکترونیک','0',NULL),
 (8,4,'سفته','1',NULL),
 (9,4,'سند پرداخت مرحله وام','RequestID','PartID'),
 (12,4,'جهت امضا','0',NULL),
 (4,5,'گم شده','0',NULL),
 (6,5,'دفترچه اقساط','0',NULL),
 (8,5,'کسر از حقوق','1',NULL),
 (9,5,'سند پرداخت قسط','RequestID','InstallmentID'),
 (4,6,'ابطال شده','0',NULL),
 (8,6,'ماشین آلات','1',NULL),
 (9,6,'سند جریمه تاخیر پرداخت اقساط','0',NULL),
 (8,7,'سایر اوراق بهادار بانکی','1',NULL),
 (9,7,'سند محاسبه سود سپرده','0',NULL),
 (6,8,'پرداخت از حساب','0',NULL),
 (8,8,'اوراق مشارکت بی نام','1',NULL),
 (9,8,'مدرک','DocumentID',NULL),
 (6,9,'چک','0',NULL),
 (5,10,'ارسال درخواست','0',NULL),
 (5,20,'رد درخواست','0',NULL),
 (8,21,'صفحه اول شناسنامه','2',NULL),
 (8,22,'صفحه دوم شناسنامه','2',NULL),
 (8,23,'توضیحات شناسنامه','2',NULL),
 (8,24,'کارت ملی','2',NULL),
 (8,25,'پشت کارت ملی','2',NULL),
 (5,30,'تایید درخواست','0',NULL),
 (5,40,'ارسال به مشتری جهت تکمیل مدارک','0',NULL),
 (8,41,'اساسنامه','3',NULL),
 (8,42,'آگهی ثبتی','3',NULL),
 (8,43,'آگهی روزنامه رسمی','3',NULL),
 (8,44,'آخرین تغییرات','3',NULL),
 (5,50,'تکمیل مدارک توسط مشتری','0',NULL),
 (5,60,'عدم تایید مدارک','0',NULL),
 (5,70,'تایید نهایی','0',NULL),
 (5,80,'پرداخت مرحله','0',NULL),
 (5,90,'برگشت پرداخت','0',NULL),
 (5,100,'اتمام مرحله و ایجاد مرحله جدید','0',NULL);
/*!40000 ALTER TABLE `BaseInfo` ENABLE KEYS */;


--
-- Definition of table `BaseTypes`
--

DROP TABLE IF EXISTS `BaseTypes`;
CREATE TABLE `BaseTypes` (
  `TypeID` int(10) unsigned NOT NULL auto_increment COMMENT 'کد نوع',
  `SystemID` int(10) unsigned NOT NULL,
  `TypeDesc` varchar(500) default NULL COMMENT 'عنوان',
  `TableName` varchar(100) default NULL COMMENT 'نام جدول',
  `FieldName` varchar(100) default NULL COMMENT 'نام فیلد',
  `editable` enum('YES','NO') NOT NULL,
  PRIMARY KEY  (`TypeID`)
) ENGINE=InnoDB DEFAULT CHARSET=utf8;

--
-- Dumping data for table `BaseTypes`
--

/*!40000 ALTER TABLE `BaseTypes` DISABLE KEYS */;
INSERT INTO `BaseTypes` (`TypeID`,`SystemID`,`TypeDesc`,`TableName`,`FieldName`,`editable`) VALUES 
 (1,6,'گروه وام ها','LON_loans','GroupID','YES'),
 (2,2,'انواع تفصیلی','ACC_Tafsilis','TafsiliType','YES'),
 (3,2,'نوع حساب بانکی','ACC_accounts','AccountType','NO'),
 (4,2,'وضعیت چک','ACC_DocChecks','CheckStatus','NO'),
 (5,6,'وضعیت درخواست وام','LON_requests','StatusID','NO'),
 (6,6,'نحوه پرداخت قسط وام','LON_installments','PaidType','NO'),
 (7,7,'گروه مدرک','BaseInfo','param1','YES'),
 (8,7,'نوع مدرک','DMS_documents','DocType','NO'),
 (9,2,'نوع سند','ACC_docs','DocType','NO'),
 (10,2,'مرجع سند حسابداری','ACC_DocItems','SourceType','NO'),
 (11,4,'انواع آیتم گردش فرم','WFM_flows','ObjectType','NO'),
 (12,4,'نوع ارجاع نامه','OFC_send','SendType','NO');
/*!40000 ALTER TABLE `BaseTypes` ENABLE KEYS */;


--
-- Definition of table `DMS_DocParamValues`
--

DROP TABLE IF EXISTS `DMS_DocParamValues`;
CREATE TABLE `DMS_DocParamValues` (
  `DocumentID` int(10) unsigned NOT NULL,
  `ParamID` int(10) unsigned NOT NULL,
  `ParamValue` varchar(500) NOT NULL,
  PRIMARY KEY  (`DocumentID`,`ParamID`),
  CONSTRAINT `FK_DMS_DocParamValues_1` FOREIGN KEY (`DocumentID`) REFERENCES `dms_documents` (`DocumentID`)
) ENGINE=InnoDB DEFAULT CHARSET=utf8;

--
-- Dumping data for table `DMS_DocParamValues`
--

/*!40000 ALTER TABLE `DMS_DocParamValues` DISABLE KEYS */;
INSERT INTO `DMS_DocParamValues` (`DocumentID`,`ParamID`,`ParamValue`) VALUES 
 (1,1,'557798/49'),
 (1,2,'36000000'),
 (1,3,'ملت'),
 (2,1,'806069'),
 (2,2,'36000000'),
 (2,3,'تجارت'),
 (3,5,'750040'),
 (3,6,'100000000'),
 (4,5,'750041'),
 (4,6,'100000000'),
 (5,5,'410064'),
 (5,6,'20000000'),
 (6,5,'410065'),
 (6,6,'20000000'),
 (7,5,'410091'),
 (7,6,'20000000'),
 (8,5,'410092'),
 (8,6,'20000000'),
 (9,1,'457950'),
 (9,2,'240000000'),
 (9,3,'ملی'),
 (10,1,'531519'),
 (10,2,'36000000'),
 (10,3,'مسکن'),
 (11,5,'896821'),
 (11,6,'1000000'),
 (12,5,'896822'),
 (12,6,'1000000'),
 (13,5,'438930'),
 (13,6,'10000000'),
 (14,5,'438931'),
 (14,6,'10000000'),
 (15,5,'438932'),
 (15,6,'10000000'),
 (16,5,'438933'),
 (16,6,'10000000'),
 (17,1,'531518'),
 (17,2,'36000000'),
 (17,3,'مسکن'),
 (18,5,'896819'),
 (18,6,'1000000'),
 (19,5,'896820'),
 (19,6,'1000000'),
 (20,5,'438934'),
 (20,6,'10000000'),
 (21,5,'438935'),
 (21,6,'10000000'),
 (22,5,'438936'),
 (22,6,'10000000'),
 (23,5,'438937'),
 (23,6,'10000000'),
 (24,1,'368413'),
 (24,2,'120000000'),
 (24,3,'تجارت'),
 (25,1,'306794'),
 (25,2,'120000000'),
 (25,3,'ملت'),
 (26,1,'556875'),
 (26,2,'120000000'),
 (26,3,'تجارت'),
 (27,5,'410084'),
 (27,6,'20000000'),
 (28,5,'410085'),
 (28,6,'20000000'),
 (29,5,'750132'),
 (29,6,'100000000'),
 (30,1,'630478'),
 (30,2,'120000000'),
 (30,3,'ملی'),
 (31,1,'593232'),
 (31,2,'36000000'),
 (31,3,'انصار'),
 (32,5,'277105'),
 (32,6,'50000000'),
 (33,1,'593231'),
 (33,2,'36000000'),
 (33,3,'انصار'),
 (34,5,'277104'),
 (34,6,'50000000'),
 (35,1,'798287'),
 (35,2,'228000000'),
 (35,3,'ملی'),
 (36,1,'978071'),
 (36,2,'36000000'),
 (36,3,'سپه'),
 (37,5,'752369'),
 (37,6,'10000000'),
 (38,5,'249537'),
 (38,6,'20000000'),
 (39,5,'249538'),
 (39,6,'20000000'),
 (40,1,'511073'),
 (40,2,'240000000'),
 (40,3,'انصار'),
 (41,1,'650628'),
 (41,2,'240000000'),
 (41,3,'ملی'),
 (42,1,'648522'),
 (42,2,'240000000'),
 (42,3,'ملی'),
 (43,5,'363386'),
 (43,6,'20000000'),
 (44,5,'408933'),
 (44,6,'100000000'),
 (45,5,'369075'),
 (45,6,'5000000'),
 (46,5,'408932'),
 (46,6,'100000000'),
 (47,5,'369074'),
 (47,6,'5000000'),
 (48,5,'573206'),
 (48,6,'50000000'),
 (49,5,'948504'),
 (49,6,'20000000'),
 (50,5,'260356'),
 (50,6,'100000000'),
 (51,5,'948505'),
 (51,6,'20000000'),
 (52,1,'260357'),
 (52,2,'100000000'),
 (52,3,'شفته'),
 (53,5,'948506'),
 (53,6,'20000000'),
 (54,5,'948507'),
 (54,6,'20000000'),
 (55,1,'308328'),
 (55,2,'36000000'),
 (55,3,'ملی'),
 (56,5,'898963'),
 (56,6,'1000000'),
 (57,5,'898962'),
 (57,6,'1000000'),
 (58,5,'914043'),
 (58,6,'20000000'),
 (59,5,'914044'),
 (59,6,'20000000'),
 (60,1,'411655'),
 (60,2,'36000000'),
 (60,3,'ملی'),
 (61,1,'930923'),
 (61,2,'36000000'),
 (61,3,'ملی 701009'),
 (62,1,'718574'),
 (62,2,'36000000'),
 (62,3,'ملی 37002'),
 (63,5,'67850'),
 (63,6,'1000000'),
 (64,5,'67851'),
 (64,6,'1000000'),
 (65,5,'957019'),
 (65,6,'1000000'),
 (66,5,'174219'),
 (66,6,'1000000'),
 (67,1,'379985'),
 (67,2,'36000000'),
 (67,3,'صادرات'),
 (68,5,'770920'),
 (68,6,'20000000'),
 (69,5,'770921'),
 (69,6,'20000000'),
 (70,5,'969555'),
 (70,6,'1000000'),
 (71,5,'969556'),
 (71,6,'1000000'),
 (72,1,'308142'),
 (72,2,'36000000'),
 (72,3,'ملی 12008'),
 (73,5,'462992'),
 (73,6,'50000000'),
 (74,1,'522881'),
 (74,2,'36000000'),
 (74,3,'تجارت'),
 (75,1,'366021'),
 (75,2,'36000000'),
 (75,3,'تجارت 26186'),
 (76,1,'704248'),
 (76,2,'36000000'),
 (76,3,'ملی'),
 (77,5,'686490'),
 (77,6,'20000000'),
 (78,5,'686491'),
 (78,6,'20000000'),
 (79,5,'772725'),
 (79,6,'1000000'),
 (80,5,'772726'),
 (80,6,'1000000'),
 (81,1,'80073'),
 (81,2,'36000000'),
 (81,3,'ملی 28005'),
 (82,1,'270197'),
 (82,2,'36000000'),
 (82,3,'ملی خاوری'),
 (83,1,'335320'),
 (83,2,'36000000'),
 (83,3,'ملی 994000'),
 (84,5,'686586'),
 (84,6,'20000000'),
 (85,5,'772784'),
 (85,6,'1000000'),
 (86,5,'772783'),
 (86,6,'1000000'),
 (87,5,'772782'),
 (87,6,'1000000'),
 (88,5,'772785'),
 (88,6,'1000000'),
 (89,1,'704249'),
 (89,2,'36000000'),
 (89,3,'ملی محمد بخشنده'),
 (90,5,'914089'),
 (90,6,'20000000'),
 (91,5,'914088'),
 (91,6,'20000000'),
 (92,5,'433'),
 (92,6,'5000000'),
 (93,1,'440064'),
 (93,2,'36000000'),
 (93,3,'ملی 96001'),
 (94,5,'276809'),
 (94,6,'20000000'),
 (95,5,'276810'),
 (95,6,'20000000'),
 (96,5,'103151'),
 (96,6,'1000000'),
 (97,5,'103152'),
 (97,6,'1000000'),
 (98,1,'23421'),
 (98,2,'36000000'),
 (98,3,'ملی 72511'),
 (99,1,'633355'),
 (99,2,'36000000'),
 (99,3,'ملی 112007'),
 (100,1,'244957'),
 (100,2,'36000000'),
 (100,3,'ملی 176005'),
 (101,1,'187825'),
 (101,2,'36000000'),
 (101,3,'ملی 53004'),
 (102,1,'270196'),
 (102,2,'36000000'),
 (102,3,'ملی خاوری'),
 (103,1,'80072'),
 (103,2,'36000000'),
 (103,3,'ملی خاوری'),
 (104,1,'23425'),
 (104,2,'36000000'),
 (104,3,'ملی 73511'),
 (105,1,'63335'),
 (105,2,'36000000'),
 (105,3,'ملی 112007'),
 (106,1,'507405'),
 (106,2,'36000000'),
 (106,3,'ملی.یداله نوری'),
 (107,5,'548060'),
 (107,6,'1000000'),
 (108,5,'548061'),
 (108,6,'1000000'),
 (109,5,'0379220'),
 (109,6,'10000000'),
 (110,5,'0379221'),
 (110,6,'10000000'),
 (111,5,'0379223'),
 (111,6,'10000000'),
 (112,5,'0379222'),
 (112,6,'10000000'),
 (113,1,'287282'),
 (113,2,'40000000'),
 (113,3,'ملت. محمد قدیمی نقندر'),
 (114,5,'0770812'),
 (114,6,'20000000'),
 (115,5,'0778011'),
 (115,6,'20000000'),
 (116,1,'469680'),
 (116,2,'24000000'),
 (116,3,'تجارت. زمانی خادمانلو'),
 (117,1,'522886'),
 (117,2,'36000000'),
 (117,3,'تجارت. محمدرضا بهزادی'),
 (118,1,'366024'),
 (118,2,'36000000'),
 (118,3,'تجارت.بهاری'),
 (119,1,'196943'),
 (119,2,'56000000'),
 (119,3,'ملی کد 8522'),
 (120,5,'545993'),
 (120,6,'1000000'),
 (121,5,'545994'),
 (121,6,'1000000'),
 (122,5,'545995'),
 (122,6,'1000000'),
 (123,5,'580625'),
 (123,6,'20000000'),
 (124,5,'580624'),
 (124,6,'20000000'),
 (125,5,'251967'),
 (125,6,'5000000'),
 (126,1,'228916'),
 (126,2,'36000000'),
 (126,3,'ملی'),
 (127,1,'739386'),
 (127,2,'36000000'),
 (127,3,'ملی'),
 (128,1,'182998'),
 (128,2,'36000000'),
 (128,3,'ملی. محمدباقر نقیبی'),
 (129,5,'732518'),
 (129,6,'1000000'),
 (130,5,'732519'),
 (130,6,'1000000'),
 (131,5,'580541'),
 (131,6,'20000000'),
 (132,5,'580542'),
 (132,6,'20000000'),
 (133,1,'964807'),
 (133,2,'36000000'),
 (133,3,'پاسارگاد'),
 (134,5,'580830'),
 (134,6,'20000000'),
 (135,5,'580531'),
 (135,6,'20000000'),
 (136,5,'732513'),
 (136,6,'1000000'),
 (137,5,'732514'),
 (137,6,'1000000'),
 (138,1,'40443'),
 (138,2,'36000000'),
 (138,3,'انصار شعبه 2071'),
 (139,5,'580634'),
 (139,6,'20000000'),
 (140,5,'641001'),
 (140,6,'1000000'),
 (141,5,'641002'),
 (141,6,'1000000'),
 (142,5,'580635'),
 (142,6,'20000000'),
 (143,5,'897701'),
 (143,6,'20000000'),
 (144,5,'641189'),
 (144,6,'1000000'),
 (145,5,'641188'),
 (145,6,'1000000'),
 (146,5,'641187'),
 (146,6,'1000000'),
 (147,5,'453726'),
 (147,6,'5000000'),
 (148,1,'467697'),
 (148,2,'36000000'),
 (148,3,'ملی شعبه پردیس'),
 (149,1,'964808'),
 (149,2,'30000000'),
 (149,3,'پاسارگاد کد221'),
 (150,5,'21444'),
 (150,6,'2000000'),
 (151,5,'21443'),
 (151,6,'2000000'),
 (152,5,'614403'),
 (152,6,'10000000'),
 (153,5,'21445'),
 (153,6,'2000000'),
 (154,5,'614402'),
 (154,6,'10000000'),
 (155,5,'21446'),
 (155,6,'2000000'),
 (156,5,'614406'),
 (156,6,'10000000'),
 (157,5,'21441'),
 (157,6,'2000000'),
 (158,5,'21442'),
 (158,6,'2000000'),
 (159,1,'630652'),
 (159,2,'36000000'),
 (159,3,'ملی پردیس'),
 (160,5,'732584'),
 (160,6,'1000000'),
 (161,5,'732585'),
 (161,6,'1000000'),
 (162,5,'897822'),
 (162,6,'20000000'),
 (163,5,'897823'),
 (163,6,'20000000'),
 (164,1,'819400'),
 (164,2,'240000000'),
 (164,3,'تجارت'),
 (165,1,'224097'),
 (165,2,'36000000'),
 (165,3,'ملی پردیس'),
 (166,5,'217010'),
 (166,6,'20000000'),
 (167,5,'217011'),
 (167,6,'20000000'),
 (168,5,'63899'),
 (168,6,'1000000'),
 (169,5,'63900'),
 (169,6,'1000000'),
 (170,1,'713795'),
 (170,2,'240000000'),
 (170,3,'تجارت -دانشگاه فردوسی'),
 (171,1,'713796'),
 (171,2,'10000000'),
 (171,3,'تجارت -دانشگاه فردوسی'),
 (172,1,'713797'),
 (172,2,'28000000'),
 (172,3,'تجارت -دانشگاه فردوسی'),
 (173,1,'713798'),
 (173,2,'18000000'),
 (173,3,'تجارت -دانشگاه فردوسی'),
 (174,1,'898385'),
 (174,2,'200000000'),
 (174,3,'تجارت -دانشگاه فردوسی'),
 (175,1,'819399'),
 (175,2,'200000000'),
 (175,3,'تجارت'),
 (176,1,'819398'),
 (176,2,'28000000'),
 (176,3,'تجارت'),
 (177,1,'819397'),
 (177,2,'28000000'),
 (177,3,'تجارت'),
 (178,1,'522232'),
 (178,2,'240000000'),
 (178,3,'تجارت'),
 (179,1,'29889'),
 (179,2,'240000000'),
 (179,3,'ملی پردیس'),
 (180,1,'658992'),
 (180,2,'120000000'),
 (180,3,'ملی پردیس'),
 (181,1,'771189'),
 (181,2,'36000000'),
 (181,3,'ملی -پردیس'),
 (182,1,'103849'),
 (182,2,'36000000'),
 (182,3,'ملی -پردیس'),
 (183,1,'338415'),
 (183,2,'32000000'),
 (183,3,'ملی -پردیس'),
 (184,5,'45937'),
 (184,6,'50000000'),
 (185,5,'631539'),
 (185,6,'2000000'),
 (186,5,'631540'),
 (186,6,'2000000'),
 (187,5,'192794'),
 (187,6,'10000000'),
 (188,5,'217155'),
 (188,6,'20000000'),
 (189,1,'386257'),
 (189,2,'36000000'),
 (189,3,'ملی شعبه آب و برق'),
 (190,1,'549549'),
 (190,2,'36000000'),
 (190,3,'تجارت دانشگاه فردوسی'),
 (191,5,'631542'),
 (191,6,'2000000'),
 (192,5,'217167'),
 (192,6,'20000000'),
 (193,5,'217168'),
 (193,6,'20000000'),
 (194,1,'51238'),
 (194,2,'240000000'),
 (194,3,'پاسارگاد'),
 (195,1,'400416'),
 (195,2,'120000000'),
 (195,3,'سپه'),
 (196,1,'304370'),
 (196,2,'120000000'),
 (196,3,'صادرات'),
 (197,1,'694625/57'),
 (197,2,'120000000'),
 (197,3,'ملت'),
 (198,5,'52859'),
 (198,6,'20000000'),
 (199,5,'132172'),
 (199,6,'100000000'),
 (200,5,'132173'),
 (200,6,'100000000'),
 (201,5,'52860'),
 (201,6,'20000000'),
 (202,1,'64872844'),
 (202,2,'36000000'),
 (202,3,'ملت 17 شهریور'),
 (203,1,'617432'),
 (203,2,'36000000'),
 (203,3,'پاسارگاد'),
 (204,1,'121788'),
 (204,2,'24000000'),
 (204,3,'تجارت'),
 (205,5,'86994'),
 (205,6,'20000000'),
 (206,5,'251625'),
 (206,6,'2000000'),
 (207,5,'777744'),
 (207,6,'1000000'),
 (208,5,'380189'),
 (208,6,'5000000'),
 (209,5,'42952'),
 (209,6,'10000000'),
 (210,5,'42951'),
 (210,6,'10000000'),
 (211,1,'223591'),
 (211,2,'24000000'),
 (211,3,'ملی'),
 (212,5,'466064'),
 (212,6,'5000000'),
 (213,5,'466059'),
 (213,6,'5000000'),
 (214,5,'466060'),
 (214,6,'5000000'),
 (215,5,'466061'),
 (215,6,'5000000'),
 (216,5,'466062'),
 (216,6,'5000000'),
 (217,5,'466063'),
 (217,6,'5000000'),
 (218,1,'405002'),
 (218,2,'600000000'),
 (218,3,'ملی سماءتوس'),
 (219,1,'891207'),
 (219,2,'600000000'),
 (219,3,'رفاه معموری'),
 (220,5,'554912و13و10و11و7و8و9'),
 (220,6,'700000000'),
 (221,5,'621259'),
 (221,6,'2000000'),
 (222,5,'621260'),
 (222,6,'2000000'),
 (223,5,'211601'),
 (223,6,'20000000'),
 (224,5,'38937'),
 (224,6,'20000000'),
 (225,5,'38936'),
 (225,6,'20000000'),
 (226,5,'631427'),
 (226,6,'2000000'),
 (227,1,'806551'),
 (227,2,'36000000'),
 (227,3,'تجارت دانشگاه'),
 (228,1,'781087'),
 (228,2,'36000000'),
 (228,3,'تجارت دانشگاه'),
 (229,1,'885599'),
 (229,2,'33600000'),
 (229,3,'تجارت'),
 (230,1,'85975'),
 (230,2,'33600000'),
 (230,3,'ملی پردیس'),
 (231,1,'332744'),
 (231,2,'30000000'),
 (231,3,'ملی پردیس'),
 (232,1,'555241'),
 (232,2,'30000000'),
 (232,3,'تجارت دانشگاه'),
 (233,1,'409004'),
 (233,2,'120000000'),
 (233,3,'ملی دادگستری'),
 (234,1,'840151'),
 (234,2,'120000000'),
 (234,3,'ملی پردیس'),
 (235,1,'863288'),
 (235,2,'120000000'),
 (235,3,'ملی سناباد'),
 (236,1,'514959'),
 (236,2,'24000000'),
 (236,3,'تجارت دانشگاه'),
 (237,1,'323251'),
 (237,2,'24000000'),
 (237,3,'تجارت دانشگاه'),
 (238,5,'365898'),
 (238,6,'20000000'),
 (239,1,'739097'),
 (239,2,'240000000'),
 (239,3,'ملی پردیس'),
 (240,1,'241164'),
 (240,2,'36000000'),
 (240,3,'ملی پردیس'),
 (241,1,'461112'),
 (241,2,'36000000'),
 (241,3,'ملی پردیس'),
 (242,5,'300658'),
 (242,6,'100000000'),
 (243,1,'806090'),
 (243,2,'36000000'),
 (243,3,'تجارت دانشگاه فردوسی'),
 (244,1,'848766'),
 (244,2,'36000000'),
 (244,3,'تجارت دانشگاه فردوسی'),
 (245,1,'895982'),
 (245,2,'36000000'),
 (245,3,'رفاه کارگران'),
 (246,5,'417024'),
 (246,6,'2000000'),
 (247,5,'903854'),
 (247,6,'5000000'),
 (248,5,'903853'),
 (248,6,'5000000'),
 (249,5,'903852'),
 (249,6,'5000000'),
 (250,5,'903857'),
 (250,6,'5000000'),
 (251,5,'903856'),
 (251,6,'5000000'),
 (252,5,'903855'),
 (252,6,'5000000'),
 (253,5,'903859'),
 (253,6,'5000000'),
 (254,5,'903858'),
 (254,6,'5000000'),
 (255,1,'7699'),
 (255,2,'120000000'),
 (255,3,'ملی'),
 (256,1,'207239'),
 (256,2,'120000000'),
 (256,3,'صادرات'),
 (257,1,'94652/32'),
 (257,2,'120000000'),
 (257,3,'ملت'),
 (258,5,'128929'),
 (258,6,'2500000'),
 (259,5,'128930'),
 (259,6,'2500000'),
 (260,5,'128931'),
 (260,6,'2500000'),
 (261,5,'128932'),
 (261,6,'2500000'),
 (262,5,'218538'),
 (262,6,'5000000'),
 (263,5,'218539'),
 (263,6,'5000000'),
 (264,5,'218540'),
 (264,6,'5000000'),
 (265,5,'218541'),
 (265,6,'5000000'),
 (266,5,'299399'),
 (266,6,'100000000'),
 (267,5,'128933'),
 (267,6,'2500000'),
 (268,5,'128934'),
 (268,6,'2500000'),
 (269,5,'128935'),
 (269,6,'2500000'),
 (270,5,'128936'),
 (270,6,'2500000'),
 (271,1,'578111'),
 (271,2,'20000000'),
 (271,3,'ملی'),
 (272,1,'1/617512'),
 (272,2,'10000000'),
 (272,3,'ملی'),
 (273,1,'578110'),
 (273,2,'20000000'),
 (273,3,'ملی'),
 (274,1,'793210'),
 (274,2,'5000000'),
 (274,3,'ملی'),
 (275,1,'167893'),
 (275,2,'300000000'),
 (275,3,'ملی سجاد'),
 (276,1,'167894'),
 (276,2,'200000000'),
 (276,3,'ملی سجاد'),
 (277,1,'167895'),
 (277,2,'200000000'),
 (277,3,'ملی سجاد'),
 (278,1,'167896'),
 (278,2,'300000000'),
 (278,3,'ملی سجاد'),
 (279,1,'556108'),
 (279,2,'36000000'),
 (279,3,'تجارت دانشگاه'),
 (280,5,'843592'),
 (280,6,'2000000'),
 (281,5,'913181'),
 (281,6,'20000000'),
 (282,5,'913180'),
 (282,6,'20000000'),
 (283,1,'289632'),
 (283,2,'36000000'),
 (283,3,'صادرات'),
 (284,1,'289633'),
 (284,2,'2000000'),
 (284,3,'صادرات'),
 (285,5,'816372'),
 (285,6,'20000000'),
 (286,5,'816373'),
 (286,6,'20000000'),
 (287,1,'343323'),
 (287,2,'24000000'),
 (287,3,'تجارت'),
 (288,1,'332418'),
 (288,2,'24000000'),
 (288,3,'ملی پردیس'),
 (289,5,'941273'),
 (289,6,'20000000'),
 (290,5,'173306'),
 (290,6,'20000000'),
 (291,5,'109429'),
 (291,6,'10000000'),
 (292,5,'109615'),
 (292,6,'20000000'),
 (293,5,'109614'),
 (293,6,'20000000'),
 (294,5,'44889'),
 (294,6,'2000000'),
 (295,1,'3156'),
 (295,2,'36000000'),
 (295,3,'کشاورزی'),
 (296,1,'844783'),
 (296,2,'36000000'),
 (296,3,'کشاورزی'),
 (297,5,'461923'),
 (297,6,'50000000'),
 (298,5,'461924'),
 (298,6,'50000000'),
 (299,5,'906636'),
 (299,6,'20000000'),
 (300,5,'906635'),
 (300,6,'20000000'),
 (301,5,'461927'),
 (301,6,'50000000'),
 (302,5,'906631'),
 (302,6,'20000000'),
 (303,5,'906632'),
 (303,6,'20000000'),
 (304,5,'461928'),
 (304,6,'50000000'),
 (305,5,'906633'),
 (305,6,'20000000'),
 (306,5,'906634'),
 (306,6,'20000000'),
 (307,5,'461926'),
 (307,6,'50000000'),
 (308,5,'461925'),
 (308,6,'50000000'),
 (309,5,'315814'),
 (309,6,'1000000'),
 (310,5,'315815'),
 (310,6,'1000000'),
 (311,5,'315816'),
 (311,6,'1000000'),
 (312,5,'315817'),
 (312,6,'1000000'),
 (313,5,'315818'),
 (313,6,'1000000'),
 (314,5,'315819'),
 (314,6,'1000000'),
 (315,5,'337134'),
 (315,6,'5000000'),
 (316,5,'647926'),
 (316,6,'20000000'),
 (317,5,'337135'),
 (317,6,'5000000'),
 (318,5,'647927'),
 (318,6,'20000000'),
 (319,1,'559774'),
 (319,2,'240000000'),
 (319,3,'ملی'),
 (320,1,'333822'),
 (320,2,'240000000'),
 (320,3,'ملی پردیس'),
 (321,1,'889231'),
 (321,2,'240000000'),
 (321,3,'تجارت دانشگاه شاهرود'),
 (322,1,'796603'),
 (322,2,'1200000000'),
 (322,3,'تجارت دانشگاه فردوسی'),
 (323,1,'760375'),
 (323,2,'240000000'),
 (323,3,'تجارت دانشگاه فردوسی'),
 (324,1,'380565'),
 (324,2,'36000000'),
 (324,3,'تجارت شعبه دانشگاه'),
 (325,1,'238559'),
 (325,2,'36000000'),
 (325,3,'تجارت شعبه دانشگاه'),
 (326,1,'567088'),
 (326,2,'36000000'),
 (326,3,'ملی - چهارراه حجت'),
 (327,1,'407153'),
 (327,2,'340000000'),
 (327,3,'حکمت ایرانیان'),
 (328,1,'407154'),
 (328,2,'340000000'),
 (328,3,'حکمت ایرانیان'),
 (329,1,'407155'),
 (329,2,'340000000'),
 (329,3,'حکمت ایرانیان'),
 (330,1,'407156'),
 (330,2,'340000000'),
 (330,3,'حکمت ایرانیان'),
 (331,1,'407157'),
 (331,2,'340000000'),
 (331,3,'حکمت ایرانیان'),
 (332,1,'407158'),
 (332,2,'340000000'),
 (332,3,'حکمت ایرانیان'),
 (333,1,'917476'),
 (333,2,'170000000'),
 (333,3,'رفاه کارگران - بجنورد'),
 (334,1,'917477'),
 (334,2,'170000000'),
 (334,3,'رفاه کارگران'),
 (335,1,'917478'),
 (335,2,'170000000'),
 (335,3,'رفاه کارگران'),
 (336,1,'917479'),
 (336,2,'170000000'),
 (336,3,'رفاه کارگران'),
 (337,1,'917480'),
 (337,2,'170000000'),
 (337,3,'رفاه کارگران'),
 (338,1,'917475'),
 (338,2,'170000000'),
 (338,3,'رفاه کارگران'),
 (339,1,'93542'),
 (339,2,'500000000'),
 (339,3,'بانک شهر'),
 (340,1,'93544'),
 (340,2,'500000000'),
 (340,3,'بانک شهر'),
 (341,1,'93546'),
 (341,2,'500000000'),
 (341,3,'بانک شهر'),
 (342,1,'93543'),
 (342,2,'500000000'),
 (342,3,'بانک شهر'),
 (343,1,'93545'),
 (343,2,'500000000'),
 (343,3,'بانک شهر'),
 (344,1,'93547'),
 (344,2,'500000000'),
 (344,3,'بانک شهر'),
 (345,1,'648739'),
 (345,2,'36000000'),
 (345,3,'تجارت'),
 (346,1,'398287'),
 (346,2,'170000000'),
 (346,3,'کشاورزی'),
 (347,1,'398288'),
 (347,2,'170000000'),
 (347,3,'کشاورزی'),
 (348,1,'398289'),
 (348,2,'170000000'),
 (348,3,'کشاورزی'),
 (349,1,'398290'),
 (349,2,'170000000'),
 (349,3,'کشاورزی'),
 (350,1,'398291'),
 (350,2,'170000000'),
 (350,3,'کشاورزی'),
 (351,1,'398292'),
 (351,2,'170000000'),
 (351,3,'کشاورزی'),
 (352,1,'831714/17'),
 (352,2,'36000000'),
 (352,3,'ملت'),
 (353,1,'8283'),
 (353,2,'36000000'),
 (353,3,'مهر ایران'),
 (354,1,'632123'),
 (354,2,'36000000'),
 (354,3,'ملی پردیس'),
 (355,1,'625299'),
 (355,2,'50000000'),
 (355,3,'ملی'),
 (356,1,'5695409'),
 (356,2,'50000000'),
 (356,3,'توسعه تعاون'),
 (357,1,'463357'),
 (357,2,'36000000'),
 (357,3,'ملی پردیس'),
 (358,1,'209876'),
 (358,2,'36000000'),
 (358,3,'تجارت دانشگاه فردوسی'),
 (359,1,'839658'),
 (359,2,'36000000'),
 (359,3,'ملی پردیس'),
 (360,5,'643644'),
 (360,6,'20000000'),
 (361,5,'784088'),
 (361,6,'1000000'),
 (362,5,'784087'),
 (362,6,'1000000'),
 (363,5,'643643'),
 (363,6,'20000000'),
 (364,1,'24356372'),
 (364,2,'336000000'),
 (364,3,'پارسیان'),
 (365,1,'967250'),
 (365,2,'336000000'),
 (365,3,'مسکن'),
 (366,1,'765927'),
 (366,2,'336000000'),
 (366,3,'مسکن'),
 (367,5,'467955'),
 (367,6,'150000000'),
 (368,5,'467956'),
 (368,6,'150000000'),
 (369,5,'50385'),
 (369,6,'100000000'),
 (370,1,'641058'),
 (370,2,'30000000'),
 (370,3,'ملی پردیس'),
 (371,1,'937416'),
 (371,2,'30000000'),
 (371,3,'کشاورزی'),
 (372,1,'42599'),
 (372,2,'240000000'),
 (372,3,'کشاورزی'),
 (373,5,'378748'),
 (373,6,'100000000'),
 (374,5,'378749'),
 (374,6,'100000000'),
 (375,5,'924189'),
 (375,6,'50000000'),
 (376,5,'66738'),
 (376,6,'20000000'),
 (377,5,'340590'),
 (377,6,'10000000'),
 (378,1,'437370'),
 (378,2,'24000000'),
 (378,3,'ملی'),
 (379,5,'66733'),
 (379,6,'20000000'),
 (380,5,'340589'),
 (380,6,'10000000'),
 (381,1,'17927038'),
 (381,2,'24000000'),
 (381,3,'پست بانک ایران'),
 (382,1,'878438'),
 (382,2,'24000000'),
 (382,3,'تجارت دانشگاه فردوسی'),
 (383,1,'204572'),
 (383,2,'120000000'),
 (383,3,'ملت'),
 (384,5,'903439'),
 (384,6,'20000000'),
 (385,5,'903440'),
 (385,6,'20000000'),
 (386,5,'903441'),
 (386,6,'20000000'),
 (387,5,'903442'),
 (387,6,'20000000'),
 (388,5,'903443'),
 (388,6,'20000000'),
 (389,5,'903444'),
 (389,6,'20000000'),
 (390,5,'903445'),
 (390,6,'20000000'),
 (391,1,'287979'),
 (391,2,'300000000'),
 (391,3,'ملی'),
 (392,1,'830490'),
 (392,2,'340000000'),
 (392,3,'تجارت'),
 (393,1,'830491'),
 (393,2,'340000000'),
 (393,3,'تجارت'),
 (394,1,'830492'),
 (394,2,'340000000'),
 (394,3,'تجارت'),
 (395,1,'830493'),
 (395,2,'340000000'),
 (395,3,'تجارت'),
 (396,1,'830494'),
 (396,2,'340000000'),
 (396,3,'تجارت'),
 (397,1,'830495'),
 (397,2,'340000000'),
 (397,3,'تجارت'),
 (398,1,'497876'),
 (398,2,'60000000'),
 (398,3,'سپه'),
 (399,1,'876117'),
 (399,2,'120000000'),
 (399,3,'تجارت'),
 (400,5,'738367'),
 (400,6,'50000000'),
 (401,5,'738368'),
 (401,6,'50000000'),
 (402,5,'738369'),
 (402,6,'50000000'),
 (403,1,'103686'),
 (403,2,'36000000'),
 (403,3,'ملی پردیس'),
 (404,1,'283419'),
 (404,2,'36000000'),
 (404,3,'ملی شریعتی'),
 (405,1,'225402'),
 (405,2,'35000000'),
 (405,3,'تجارت سجاد'),
 (406,1,'209040'),
 (406,2,'174000000'),
 (406,3,'اقتصاد نوین'),
 (407,1,'209041'),
 (407,2,'174000000'),
 (407,3,'اقتصاد نوین'),
 (408,1,'209042'),
 (408,2,'174000000'),
 (408,3,'اقتصاد نوین'),
 (409,1,'209043'),
 (409,2,'174000000'),
 (409,3,'اقتصاد نوین'),
 (410,1,'209044'),
 (410,2,'174000000'),
 (410,3,'اقتصاد نوین'),
 (411,1,'209045'),
 (411,2,'170000000'),
 (411,3,'اقتصاد نوین'),
 (412,1,'407159'),
 (412,2,'260000000'),
 (412,3,'حکمت ایرانیان'),
 (413,1,'407160'),
 (413,2,'260000000'),
 (413,3,'حکمت ایرانیان'),
 (414,1,'211936'),
 (414,2,'260000000'),
 (414,3,'قرض الحسنه رسالت'),
 (415,1,'211937'),
 (415,2,'260000000'),
 (415,3,'قرض الحسنه رسالت'),
 (416,1,'599608'),
 (416,2,'260000000'),
 (416,3,'ملی بجنورد'),
 (417,1,'599609'),
 (417,2,'260000000'),
 (417,3,'ملی بجنورد'),
 (418,1,'599610'),
 (418,2,'260000000'),
 (418,3,'ملی بجنورد'),
 (419,1,'599611'),
 (419,2,'260000000'),
 (419,3,'ملی بجنورد'),
 (420,1,'411147'),
 (420,2,'600000000'),
 (420,3,'پاسارگاد'),
 (421,1,'986757'),
 (421,2,'600000000'),
 (421,3,'تجارت'),
 (422,1,'122705/46'),
 (422,2,'600000000'),
 (422,3,'ملت'),
 (423,1,'270270'),
 (423,2,'36000000'),
 (423,3,'ملی'),
 (424,1,'819995'),
 (424,2,'36000000'),
 (424,3,'تجارت'),
 (425,1,'204574/40'),
 (425,2,'60000000'),
 (425,3,'ملت'),
 (426,5,'492716'),
 (426,6,'10000000'),
 (427,5,'113042'),
 (427,6,'20000000'),
 (428,5,'113043'),
 (428,6,'20000000'),
 (429,5,'113044'),
 (429,6,'20000000'),
 (430,7,'5000000000'),
 (431,7,'4600000000'),
 (432,1,'839912'),
 (432,2,'16500000'),
 (432,3,'تجارت'),
 (433,7,'1460000000'),
 (434,7,'0'),
 (435,7,'0'),
 (436,1,'623663'),
 (436,2,'1040000000'),
 (436,3,'تجارت'),
 (437,1,'846347'),
 (437,2,'520000000'),
 (437,3,'تجارت'),
 (438,1,'846348'),
 (438,2,'520000000'),
 (438,3,'تجارت'),
 (439,7,'1000000000'),
 (440,1,'172900'),
 (440,2,'1040000000'),
 (440,3,'تجارت'),
 (441,1,'937639'),
 (441,2,'174000000'),
 (441,3,'تجارت'),
 (442,1,'937640'),
 (442,2,'174000000'),
 (442,3,'تجارت'),
 (443,1,'937642'),
 (443,2,'174000000'),
 (443,3,'تجارت'),
 (444,1,'937641'),
 (444,2,'174000000'),
 (444,3,'تجارت'),
 (445,1,'937643'),
 (445,2,'174000000'),
 (445,3,'تجارت'),
 (446,1,'937644'),
 (446,2,'170000000'),
 (446,3,'تجارت'),
 (447,7,'1000000000'),
 (448,1,'732031/40'),
 (448,2,'36000000'),
 (448,3,'ملت'),
 (449,5,'176129'),
 (449,6,'50000000'),
 (450,1,'477989'),
 (450,2,'133333333'),
 (450,3,'پاسارگاد'),
 (451,1,'477990'),
 (451,2,'133333333'),
 (451,3,'پاسارگاد'),
 (452,1,'820649'),
 (452,2,'133333334'),
 (452,3,'پاسارگاد'),
 (453,1,'559780'),
 (453,2,'264000000'),
 (453,3,'ملی'),
 (454,1,'423689'),
 (454,2,'132000000'),
 (454,3,'تجارت'),
 (455,7,'2500000000'),
 (456,1,'275'),
 (456,2,'300000000'),
 (456,3,'تجارت'),
 (457,1,'194401'),
 (457,2,'166700000'),
 (457,3,'تجارت'),
 (458,1,'194402'),
 (458,2,'166700000'),
 (458,3,'تجارت'),
 (459,1,'194403'),
 (459,2,'166700000'),
 (459,3,'تجارت'),
 (460,1,'194404'),
 (460,2,'166700000'),
 (460,3,'تجارت'),
 (461,1,'194406'),
 (461,2,'166700000'),
 (461,3,'تجارت'),
 (462,1,'194407'),
 (462,2,'166500000'),
 (462,3,'تجارت'),
 (463,7,'1000000000'),
 (464,1,'164544'),
 (464,2,'900000000'),
 (464,3,'ملی پردیس'),
 (465,1,'936798'),
 (465,2,'900000000'),
 (465,3,'سینا'),
 (466,1,'3222083'),
 (466,2,'116000000'),
 (466,3,'توسعه تعاون'),
 (467,1,'3222084'),
 (467,2,'116000000'),
 (467,3,'توسعه تعاون'),
 (468,1,'3222085'),
 (468,2,'116000000'),
 (468,3,'توسعه تعاون'),
 (469,1,'3659707'),
 (469,2,'116000000'),
 (469,3,'توسعه تعاون'),
 (470,1,'3659708'),
 (470,2,'116000000'),
 (470,3,'توسعه تعاون'),
 (471,1,'3659709'),
 (471,2,'116000000'),
 (471,3,'توسعه تعاون'),
 (472,1,'3659713'),
 (472,2,'116000000'),
 (472,3,'توسعه تعاون'),
 (473,1,'3659711'),
 (473,2,'116000000'),
 (473,3,'توسعه تعاون'),
 (474,1,'3659712'),
 (474,2,'112000000'),
 (474,3,'توسعه تعاون'),
 (475,1,'559779'),
 (475,2,'720000000'),
 (475,3,'ملی'),
 (476,1,'871295'),
 (476,2,'24000000'),
 (476,3,'تجارت'),
 (477,1,'201343'),
 (477,2,'24000000'),
 (477,3,'تجارت'),
 (478,5,'280221'),
 (478,6,'10000000'),
 (479,5,'280222'),
 (479,6,'10000000'),
 (480,5,'229058'),
 (480,6,'20000000'),
 (481,5,'229059'),
 (481,6,'20000000'),
 (482,1,'278031'),
 (482,2,'48000000'),
 (482,3,'تجارت'),
 (483,5,'101657'),
 (483,6,'10000000'),
 (484,5,'192117'),
 (484,6,'50000000'),
 (485,1,'62298'),
 (485,2,'60000000'),
 (485,3,'تجارت'),
 (486,1,'386257'),
 (486,2,'60000000'),
 (486,3,'ملی'),
 (487,1,'250551'),
 (487,2,'24000000'),
 (487,3,'تجارت'),
 (488,5,'346833'),
 (488,6,'5000000'),
 (489,5,'992158'),
 (489,6,'5000000'),
 (490,5,'346832'),
 (490,6,'5000000'),
 (491,5,'992156'),
 (491,6,'5000000'),
 (492,5,'992157'),
 (492,6,'5000000'),
 (493,1,'854109'),
 (493,2,'24000000'),
 (493,3,'تجارت'),
 (494,1,'131782'),
 (494,2,'24000000'),
 (494,3,'ملی'),
 (495,1,'255623'),
 (495,2,'316700000'),
 (495,3,'آینده'),
 (496,1,'407588'),
 (496,2,'316700000'),
 (496,3,'مهر ایران'),
 (497,1,'407589'),
 (497,2,'316700000'),
 (497,3,'مهر ایران'),
 (498,1,'407590'),
 (498,2,'316700000'),
 (498,3,'مهر ایران'),
 (499,1,'407591'),
 (499,2,'316700000'),
 (499,3,'مهر ایران'),
 (500,1,'407592'),
 (500,2,'316500000'),
 (500,3,'مهرایران'),
 (501,1,'831902'),
 (501,2,'237500000'),
 (501,3,'پاسارگاد'),
 (502,1,'831903'),
 (502,2,'237500000'),
 (502,3,'پاسارگاد'),
 (503,1,'831904'),
 (503,2,'237500000'),
 (503,3,'پاسارگاد'),
 (504,1,'831905'),
 (504,2,'237500000'),
 (504,3,'پاسارگاد'),
 (505,1,'831906'),
 (505,2,'237500000'),
 (505,3,'پاسارگاد'),
 (506,1,'831907'),
 (506,2,'237500000'),
 (506,3,'پاسارگاد'),
 (507,1,'315640'),
 (507,2,'240000000'),
 (507,3,'ملی'),
 (508,1,'62714'),
 (508,2,'240000000'),
 (508,3,'ملی'),
 (509,5,'484813'),
 (509,6,'300000000'),
 (510,1,'692926'),
 (510,2,'166700000'),
 (510,3,'ملی'),
 (511,1,'692927'),
 (511,2,'166700000'),
 (511,3,'ملی'),
 (512,1,'692928'),
 (512,2,'166700000'),
 (512,3,'ملی'),
 (513,1,'692929'),
 (513,2,'166700000'),
 (513,3,'ملی'),
 (514,1,'692930'),
 (514,2,'166700000'),
 (514,3,'ملی'),
 (515,1,'692931'),
 (515,2,'166700000'),
 (515,3,'ملی'),
 (516,1,'903942'),
 (516,2,'316700000'),
 (516,3,'تجارت'),
 (517,1,'903943'),
 (517,2,'316700000'),
 (517,3,'تجارت'),
 (518,1,'903944'),
 (518,2,'316700000'),
 (518,3,'تجارت'),
 (519,1,'903945'),
 (519,2,'316700000'),
 (519,3,'تجارت'),
 (520,1,'903946'),
 (520,2,'316700000'),
 (520,3,'تجارت'),
 (521,1,'903947'),
 (521,2,'316500000'),
 (521,3,'تجارت'),
 (522,7,'2280000000'),
 (523,1,'312782'),
 (523,2,'158340000'),
 (523,3,'پاسارگاد'),
 (524,1,'312783'),
 (524,2,'158340000'),
 (524,3,'پاسارگاد'),
 (525,1,'312784'),
 (525,2,'158340000'),
 (525,3,'پاسارگاد'),
 (526,1,'312786'),
 (526,2,'158340000'),
 (526,3,'پاسارگاد'),
 (527,1,'312785'),
 (527,2,'158340000'),
 (527,3,'پاسارگاد'),
 (528,1,'312787'),
 (528,2,'158300000'),
 (528,3,'پاسارگاد'),
 (529,7,'1140000000'),
 (530,1,'846075'),
 (530,2,'300000000'),
 (530,3,'تجارت'),
 (531,1,'846076'),
 (531,2,'300000000'),
 (531,3,'تجارت'),
 (532,1,'وثیقه ملکی'),
 (532,2,'1710000000'),
 (532,3,'ملیحه علیزاده قیاس آیاد'),
 (533,7,'1080000000'),
 (534,5,'667241'),
 (534,6,'20000000'),
 (535,5,'667240'),
 (535,6,'20000000'),
 (536,5,'692971'),
 (536,6,'100000000'),
 (537,1,'537469'),
 (537,2,'120000000'),
 (537,3,'ملی علی مردانی'),
 (538,1,'537470'),
 (538,2,'120000000'),
 (538,3,'ملی علیمردانی'),
 (539,1,'630265'),
 (539,2,'36000000'),
 (539,3,'ملی'),
 (540,1,'376636'),
 (540,2,'36000000'),
 (540,3,'ملی'),
 (541,1,'516378'),
 (541,2,'36000000'),
 (541,3,'تجارت'),
 (542,1,'521028'),
 (542,2,'36000000'),
 (542,3,'تجارت'),
 (543,1,'521055'),
 (543,2,'36000000'),
 (543,3,'تجارت'),
 (544,1,'51233'),
 (544,2,'120000000'),
 (544,3,'پاسارگاد'),
 (545,1,'189908'),
 (545,2,'120000000'),
 (545,3,'ملت'),
 (546,1,'990879'),
 (546,2,'36000000'),
 (546,3,'صادرات'),
 (547,5,'602443'),
 (547,6,'20000000'),
 (548,5,'602444'),
 (548,6,'20000000'),
 (549,5,'482772'),
 (549,6,'1000000'),
 (550,5,'482771'),
 (550,6,'1000000'),
 (551,1,'516379'),
 (551,2,'36000000'),
 (551,3,'تجارت'),
 (552,1,'457779'),
 (552,2,'36000000'),
 (552,3,'ملی'),
 (553,1,'625293'),
 (553,2,'180000000'),
 (553,3,'ملی'),
 (554,5,'136408'),
 (554,6,'10000000'),
 (555,5,'696837'),
 (555,6,'100000000'),
 (556,5,'696830'),
 (556,6,'100000000'),
 (557,1,'413381'),
 (557,2,'36000000'),
 (557,3,'ملت سید مجتبی صحاف'),
 (558,5,'229138'),
 (558,6,'20000000'),
 (559,5,'229137'),
 (559,6,'20000000'),
 (560,5,'498628'),
 (560,6,'2000000'),
 (561,1,'210502'),
 (561,2,'240000000'),
 (561,3,'ملی محمدشکوهی فر'),
 (562,1,'6567509'),
 (562,2,'240000000'),
 (562,3,'سامان عادل سپهر'),
 (563,1,'950718'),
 (563,2,'84000000'),
 (563,3,'توسعه تعاون انگاره فیزیک'),
 (564,1,'332459'),
 (564,2,'84000000'),
 (564,3,'ملی علیزاده قمصری'),
 (565,1,'513836/40'),
 (565,2,'240000000'),
 (565,3,'ملت'),
 (566,5,'385656'),
 (566,6,'150000000'),
 (567,5,'385657'),
 (567,6,'150000000'),
 (568,1,'467966'),
 (568,2,'144000000'),
 (568,3,'ملی جوادی مال آباد'),
 (569,1,'655641'),
 (569,2,'144000000'),
 (569,3,'کشاورزی'),
 (570,7,'600000000'),
 (571,9,'700000000'),
 (572,1,'000280'),
 (572,2,'300000000'),
 (572,3,'تجارت'),
 (573,5,'181417'),
 (573,6,'100000000'),
 (574,5,'181418'),
 (574,6,'100000000'),
 (575,5,'181419'),
 (575,6,'100000000'),
 (576,7,'1620000000'),
 (577,1,'987613'),
 (577,2,'3940000000'),
 (577,3,'صادرات شرکت خاک و سنگ الماس'),
 (578,1,'910116'),
 (578,2,'3940000000'),
 (578,3,'ملی شرکت سورن تک توس'),
 (579,5,'765919'),
 (579,6,'300000000'),
 (580,5,'765918'),
 (580,6,'300000000'),
 (581,5,'018014'),
 (581,6,'2000000000'),
 (582,5,'018013'),
 (582,6,'2000000000'),
 (583,1,'14552190'),
 (583,2,'9600000000'),
 (583,3,'سامان سامان داروی هشتم'),
 (584,5,'024791'),
 (584,6,'1000000000'),
 (585,5,'014721'),
 (585,6,'10000000000'),
 (586,5,'645862'),
 (586,6,'100000000'),
 (587,5,'645863'),
 (587,6,'100000000'),
 (588,1,'336911'),
 (588,2,'1320000000'),
 (588,3,'تجارت اتوماسیون اداری'),
 (589,1,'740452'),
 (589,2,'1320000000'),
 (589,3,'تجارت محمدهنرور'),
 (590,5,'380064'),
 (590,6,'300000000'),
 (591,5,'738798'),
 (591,6,'20000000'),
 (592,5,'738797'),
 (592,6,'20000000'),
 (593,5,'380063'),
 (593,6,'300000000'),
 (594,5,'380062'),
 (594,6,'300000000'),
 (595,5,'380061'),
 (595,6,'300000000'),
 (596,5,'380060'),
 (596,6,'300000000'),
 (597,1,'603268'),
 (597,2,'36000000'),
 (597,3,'تجارت'),
 (598,5,'0334514'),
 (598,6,'50000000'),
 (599,1,'810650'),
 (599,2,'35400000'),
 (599,3,'تجارت دانشگاه فردوسی'),
 (600,5,'537357'),
 (600,6,'50000000'),
 (601,1,'788014'),
 (601,2,'36000000'),
 (601,3,'تجارت سیادتی'),
 (602,1,'807361'),
 (602,2,'24000000'),
 (602,3,'ملی پردیس'),
 (603,1,'296054'),
 (603,2,'24000000'),
 (603,3,'ملی پردیس'),
 (604,1,'9364/637747'),
 (604,2,'180000000'),
 (604,3,'اقتصاد نوین'),
 (605,5,'298226'),
 (605,6,'10000000'),
 (606,5,'785276'),
 (606,6,'100000000'),
 (607,5,'0785275'),
 (607,6,'100000000'),
 (608,1,'9364637747'),
 (608,2,'25875000'),
 (608,3,'اقتصاد نوین'),
 (609,1,'660799'),
 (609,2,'300000000'),
 (609,3,'ملی'),
 (610,1,'426443'),
 (610,2,'36000000'),
 (610,3,'سپه طلائی'),
 (611,1,'412096'),
 (611,2,'36000000'),
 (611,3,'ملی'),
 (612,1,'831950'),
 (612,2,'1200000000'),
 (612,3,'پاسارگاد'),
 (613,5,'789553'),
 (613,6,'100000000'),
 (614,5,'855306'),
 (614,6,'300000000'),
 (615,5,'789552'),
 (615,6,'100000000'),
 (616,5,'855307'),
 (616,6,'300000000'),
 (617,5,'855308'),
 (617,6,'300000000'),
 (618,5,'855309'),
 (618,6,'300000000'),
 (619,1,'835256'),
 (619,2,'1200000000'),
 (619,3,'ملی'),
 (620,5,'268838'),
 (620,6,'300000000'),
 (621,5,'268839'),
 (621,6,'300000000'),
 (622,5,'268840'),
 (622,6,'300000000'),
 (623,5,'268841'),
 (623,6,'300000000'),
 (624,5,'516216'),
 (624,6,'100000000'),
 (625,5,'516217'),
 (625,6,'100000000'),
 (626,1,'286158'),
 (626,2,'48000000'),
 (626,3,'ملی'),
 (627,1,'475077'),
 (627,2,'48000000'),
 (627,3,'ملی'),
 (628,9,'250000000'),
 (629,1,'1437/779034/62'),
 (629,2,'600000000'),
 (629,3,'ملت'),
 (630,1,'967582'),
 (630,2,'600000000'),
 (630,3,'ملی'),
 (631,1,'1950720'),
 (631,2,'600000000'),
 (631,3,'توسعه تعاون'),
 (632,5,'0692972'),
 (632,6,'100000000'),
 (633,5,'484846'),
 (633,6,'300000000'),
 (634,5,'484857'),
 (634,6,'300000000'),
 (635,1,'370395'),
 (635,2,'192000000'),
 (635,3,'ملی'),
 (636,5,'539279'),
 (636,6,'100000000'),
 (637,5,'539280'),
 (637,6,'100000000'),
 (638,9,'2600000000'),
 (639,9,'8812500000'),
 (640,1,'081487'),
 (640,2,'36000000'),
 (640,3,'سپه'),
 (641,5,'654497'),
 (641,6,'20000000'),
 (642,5,'654498'),
 (642,6,'20000000'),
 (643,5,'799680'),
 (643,6,'5000000'),
 (645,1,'23423423'),
 (645,2,'100000'),
 (645,3,'lgd'),
 (645,4,'ldfslfk');
/*!40000 ALTER TABLE `DMS_DocParamValues` ENABLE KEYS */;


--
-- Definition of table `DMS_DocParams`
--

DROP TABLE IF EXISTS `DMS_DocParams`;
CREATE TABLE `DMS_DocParams` (
  `ParamID` int(10) unsigned NOT NULL auto_increment,
  `DocType` int(10) unsigned NOT NULL,
  `ParamDesc` varchar(45) NOT NULL,
  `ParamType` varchar(45) NOT NULL,
  PRIMARY KEY  (`ParamID`)
) ENGINE=InnoDB DEFAULT CHARSET=utf8;

--
-- Dumping data for table `DMS_DocParams`
--

/*!40000 ALTER TABLE `DMS_DocParams` DISABLE KEYS */;
INSERT INTO `DMS_DocParams` (`ParamID`,`DocType`,`ParamDesc`,`ParamType`) VALUES 
 (1,3,'سریال','textfield'),
 (2,3,'مبلغ','currencyfield'),
 (3,3,'بانک','textfield'),
 (4,3,'شعبه','textfield'),
 (5,4,'سریال','textfield'),
 (6,4,'مبلغ','currencyfield'),
 (7,1,'مبلغ','currencyfield'),
 (8,2,'مبلغ','currencyfield'),
 (9,7,'مبلغ','currencyfield'),
 (10,8,'مبلغ','currencyfield');
/*!40000 ALTER TABLE `DMS_DocParams` ENABLE KEYS */;


--
-- Definition of table `DMS_documents`
--

DROP TABLE IF EXISTS `DMS_documents`;
CREATE TABLE `DMS_documents` (
  `DocumentID` int(10) unsigned NOT NULL auto_increment COMMENT 'کد سند',
  `DocDesc` varchar(200) default NULL COMMENT 'توضیحات کلی',
  `DocType` int(10) unsigned NOT NULL COMMENT 'نوع سند',
  `ObjectType` varchar(50) default NULL COMMENT 'نوع آبجکت',
  `ObjectID` int(10) unsigned default NULL COMMENT 'کد آبجکت',
  `FileType` varchar(20) default NULL COMMENT 'نوع فایل',
  `FileContent` tinyblob COMMENT 'قسمتی از محتوای فایل',
  `IsConfirm` enum('NOTSET','YES','NO') NOT NULL default 'NOTSET' COMMENT 'برابر اصل',
  `RegPersonID` int(10) unsigned default NULL,
  `ConfirmPersonID` int(10) unsigned default NULL COMMENT 'فرد تایید کننده',
  `RejectDesc` varchar(2000) default NULL,
  `IsReturned` enum('YES','NO') NOT NULL default 'NO' COMMENT 'برگشت به مشتری',
  `imp_DetailID` int(10) unsigned default NULL,
  PRIMARY KEY  (`DocumentID`)
) ENGINE=InnoDB DEFAULT CHARSET=utf8;

--
-- Dumping data for table `DMS_documents`
--

/*!40000 ALTER TABLE `DMS_documents` DISABLE KEYS */;
INSERT INTO `DMS_documents` (`DocumentID`,`DocDesc`,`DocType`,`ObjectType`,`ObjectID`,`FileType`,`FileContent`,`IsConfirm`,`RegPersonID`,`ConfirmPersonID`,`RejectDesc`,`IsReturned`,`imp_DetailID`) VALUES 
 (1,'ملت',3,'loan',1,NULL,NULL,'YES',NULL,NULL,NULL,'YES',535),
 (2,'تجارت',3,'loan',1,NULL,NULL,'YES',NULL,NULL,NULL,'YES',536),
 (3,'سفته',4,'loan',3,NULL,NULL,'YES',NULL,NULL,NULL,'NO',537),
 (4,'سفته',4,'loan',3,NULL,NULL,'YES',NULL,NULL,NULL,'NO',538),
 (5,'سفته',4,'loan',3,NULL,NULL,'YES',NULL,NULL,NULL,'NO',539),
 (6,'سفته',4,'loan',3,NULL,NULL,'YES',NULL,NULL,NULL,'NO',540),
 (7,'سفته',4,'loan',3,NULL,NULL,'YES',NULL,NULL,NULL,'NO',541),
 (8,'سفته',4,'loan',3,NULL,NULL,'YES',NULL,NULL,NULL,'NO',542),
 (9,'ملی',3,'loan',3,NULL,NULL,'YES',NULL,NULL,NULL,'NO',543),
 (10,'مسکن',3,'loan',4,NULL,NULL,'YES',NULL,NULL,NULL,'NO',544),
 (11,'سفته',4,'loan',4,NULL,NULL,'YES',NULL,NULL,NULL,'NO',545),
 (12,'سفته',4,'loan',4,NULL,NULL,'YES',NULL,NULL,NULL,'NO',546),
 (13,'سفته',4,'loan',4,NULL,NULL,'YES',NULL,NULL,NULL,'NO',547),
 (14,'سفته',4,'loan',4,NULL,NULL,'YES',NULL,NULL,NULL,'NO',548),
 (15,'سفته',4,'loan',4,NULL,NULL,'YES',NULL,NULL,NULL,'NO',549),
 (16,'سفته',4,'loan',4,NULL,NULL,'YES',NULL,NULL,NULL,'NO',550),
 (17,'مسکن',3,'loan',5,NULL,NULL,'YES',NULL,NULL,NULL,'NO',551),
 (18,'سفته',4,'loan',5,NULL,NULL,'YES',NULL,NULL,NULL,'NO',552),
 (19,'سفته',4,'loan',5,NULL,NULL,'YES',NULL,NULL,NULL,'NO',553),
 (20,'سفته',4,'loan',5,NULL,NULL,'YES',NULL,NULL,NULL,'NO',554),
 (21,'سفته',4,'loan',5,NULL,NULL,'YES',NULL,NULL,NULL,'NO',555),
 (22,'سفته',4,'loan',5,NULL,NULL,'YES',NULL,NULL,NULL,'NO',556),
 (23,'سفته',4,'loan',5,NULL,NULL,'YES',NULL,NULL,NULL,'NO',557),
 (24,'تجارت',3,'loan',6,NULL,NULL,'YES',NULL,NULL,NULL,'YES',558),
 (25,'ملت',3,'loan',6,NULL,NULL,'YES',NULL,NULL,NULL,'YES',559),
 (26,'تجارت',3,'loan',7,NULL,NULL,'YES',NULL,NULL,NULL,'NO',560),
 (27,'سفته',4,'loan',7,NULL,NULL,'YES',NULL,NULL,NULL,'NO',561),
 (28,'سفته',4,'loan',7,NULL,NULL,'YES',NULL,NULL,NULL,'NO',562),
 (29,'سفته',4,'loan',7,NULL,NULL,'YES',NULL,NULL,NULL,'NO',563),
 (30,'ملی',3,'loan',8,NULL,NULL,'YES',NULL,NULL,NULL,'YES',564),
 (31,'انصار',3,'loan',9,NULL,NULL,'YES',NULL,NULL,NULL,'NO',565),
 (32,'سفته',4,'loan',9,NULL,NULL,'YES',NULL,NULL,NULL,'NO',566),
 (33,'انصار',3,'loan',10,NULL,NULL,'YES',NULL,NULL,NULL,'NO',567),
 (34,'سفته',4,'loan',10,NULL,NULL,'YES',NULL,NULL,NULL,'NO',568),
 (35,'ملی',3,'loan',18,NULL,NULL,'YES',NULL,NULL,NULL,'NO',569),
 (36,'سپه',3,'loan',69,NULL,NULL,'YES',NULL,NULL,NULL,'NO',571),
 (37,'سفته',4,'loan',69,NULL,NULL,'YES',NULL,NULL,NULL,'NO',572),
 (38,'سفته',4,'loan',69,NULL,NULL,'YES',NULL,NULL,NULL,'NO',573),
 (39,'سفته',4,'loan',69,NULL,NULL,'YES',NULL,NULL,NULL,'NO',574),
 (40,'انصار',3,'loan',15,NULL,NULL,'YES',NULL,NULL,NULL,'NO',575),
 (41,'ملی',3,'loan',15,NULL,NULL,'YES',NULL,NULL,NULL,'NO',576),
 (42,'ملی',3,'loan',15,NULL,NULL,'YES',NULL,NULL,NULL,'NO',577),
 (43,'سفته',4,'loan',15,NULL,NULL,'YES',NULL,NULL,NULL,'NO',578),
 (44,'سفته',4,'loan',15,NULL,NULL,'YES',NULL,NULL,NULL,'NO',579),
 (45,'سفته',4,'loan',15,NULL,NULL,'YES',NULL,NULL,NULL,'NO',580),
 (46,'سفته',4,'loan',15,NULL,NULL,'YES',NULL,NULL,NULL,'NO',581),
 (47,'سفته',4,'loan',15,NULL,NULL,'YES',NULL,NULL,NULL,'NO',582),
 (48,'سفته',4,'loan',15,NULL,NULL,'YES',NULL,NULL,NULL,'NO',583),
 (49,'سفته',4,'loan',56,NULL,NULL,'YES',NULL,NULL,NULL,'YES',584),
 (50,'سفته',4,'loan',56,NULL,NULL,'YES',NULL,NULL,NULL,'YES',585),
 (51,'سفته',4,'loan',56,NULL,NULL,'YES',NULL,NULL,NULL,'YES',586),
 (52,'شفته',3,'loan',56,NULL,NULL,'YES',NULL,NULL,NULL,'YES',587),
 (53,'سفته',4,'loan',56,NULL,NULL,'YES',NULL,NULL,NULL,'YES',588),
 (54,'سفته',4,'loan',56,NULL,NULL,'YES',NULL,NULL,NULL,'YES',589),
 (55,'ملی',3,'loan',19,NULL,NULL,'YES',NULL,NULL,NULL,'YES',590),
 (56,'سفته',4,'loan',19,NULL,NULL,'YES',NULL,NULL,NULL,'YES',591),
 (57,'سفته',4,'loan',19,NULL,NULL,'YES',NULL,NULL,NULL,'YES',592),
 (58,'سفته',4,'loan',19,NULL,NULL,'YES',NULL,NULL,NULL,'YES',593),
 (59,'سفته',4,'loan',19,NULL,NULL,'YES',NULL,NULL,NULL,'YES',594),
 (60,'ملی',3,'loan',30,NULL,NULL,'YES',NULL,NULL,NULL,'YES',595),
 (61,'ملی 701009',3,'loan',30,NULL,NULL,'YES',NULL,NULL,NULL,'YES',596),
 (62,'ملی 37002',3,'loan',17,NULL,NULL,'YES',NULL,NULL,NULL,'NO',597),
 (63,'سفته. ذبیح اله',4,'loan',17,NULL,NULL,'YES',NULL,NULL,NULL,'NO',598),
 (64,'سفته. ذبیح اله',4,'loan',17,NULL,NULL,'YES',NULL,NULL,NULL,'NO',599),
 (65,'سفته. ذبیح اله',4,'loan',17,NULL,NULL,'YES',NULL,NULL,NULL,'NO',600),
 (66,'سفته. ذبیح اله',4,'loan',17,NULL,NULL,'YES',NULL,NULL,NULL,'NO',601),
 (67,'صادرات',3,'loan',43,NULL,NULL,'YES',NULL,NULL,NULL,'YES',602),
 (68,'سفته ذبیحی',4,'loan',43,NULL,NULL,'YES',NULL,NULL,NULL,'YES',603),
 (69,'سفته کمیلی',4,'loan',43,NULL,NULL,'YES',NULL,NULL,NULL,'YES',604),
 (70,'سفته کمیلی',4,'loan',43,NULL,NULL,'YES',NULL,NULL,NULL,'YES',605),
 (71,'سفته. کمیلی',4,'loan',43,NULL,NULL,'YES',NULL,NULL,NULL,'YES',606),
 (72,'ملی 12008',3,'loan',41,NULL,NULL,'YES',NULL,NULL,NULL,'YES',607),
 (73,'سفته',4,'loan',41,NULL,NULL,'YES',NULL,NULL,NULL,'YES',608),
 (74,'تجارت',3,'loan',65,NULL,NULL,'YES',NULL,NULL,NULL,'NO',609),
 (75,'تجارت 26186',3,'loan',65,NULL,NULL,'YES',NULL,NULL,NULL,'NO',610),
 (76,'ملی',3,'loan',33,NULL,NULL,'YES',NULL,NULL,NULL,'NO',611),
 (77,'سفته هادیان',4,'loan',33,NULL,NULL,'YES',NULL,NULL,NULL,'NO',612),
 (78,'سفته هادیان',4,'loan',33,NULL,NULL,'YES',NULL,NULL,NULL,'NO',613),
 (79,'سفته هادیان',4,'loan',33,NULL,NULL,'YES',NULL,NULL,NULL,'NO',614),
 (80,'سفته هادیان',4,'loan',33,NULL,NULL,'YES',NULL,NULL,NULL,'NO',615),
 (81,'ملی 28005',3,'loan',20,NULL,NULL,'YES',NULL,NULL,NULL,'YES',616),
 (82,'ملی خاوری',3,'loan',20,NULL,NULL,'YES',NULL,NULL,NULL,'YES',617),
 (83,'ملی 994000',3,'loan',39,NULL,NULL,'YES',NULL,NULL,NULL,'YES',618),
 (84,'سفته قاسمی کاکایی',4,'loan',39,NULL,NULL,'YES',NULL,NULL,NULL,'YES',619),
 (85,'سفته کمیلی',4,'loan',39,NULL,NULL,'YES',NULL,NULL,NULL,'YES',620),
 (86,'سفته کمیلی',4,'loan',39,NULL,NULL,'YES',NULL,NULL,NULL,'YES',621),
 (87,'سفته کمیلی',4,'loan',39,NULL,NULL,'YES',NULL,NULL,NULL,'YES',622),
 (88,'سفته کمیلی',4,'loan',39,NULL,NULL,'YES',NULL,NULL,NULL,'YES',623),
 (89,'ملی محمد بخشنده',3,'loan',32,NULL,NULL,'YES',NULL,NULL,NULL,'NO',624),
 (90,'سفته ایوب بخشنده',4,'loan',32,NULL,NULL,'YES',NULL,NULL,NULL,'NO',625),
 (91,'سفته ایوب بخشنده',4,'loan',32,NULL,NULL,'YES',NULL,NULL,NULL,'NO',626),
 (92,'سفته ایوب بخشنده',4,'loan',32,NULL,NULL,'YES',NULL,NULL,NULL,'NO',627),
 (93,'ملی 96001',3,'loan',34,NULL,NULL,'YES',NULL,NULL,NULL,'NO',628),
 (94,'سفته نداف',4,'loan',34,NULL,NULL,'YES',NULL,NULL,NULL,'NO',629),
 (95,'سفته نداف',4,'loan',34,NULL,NULL,'YES',NULL,NULL,NULL,'NO',630),
 (96,'سفته نداف',4,'loan',34,NULL,NULL,'YES',NULL,NULL,NULL,'NO',631),
 (97,'سفته نداف',4,'loan',34,NULL,NULL,'YES',NULL,NULL,NULL,'NO',632),
 (98,'ملی 72511',3,'loan',45,NULL,NULL,'YES',NULL,NULL,NULL,'YES',633),
 (99,'ملی 112007',3,'loan',45,NULL,NULL,'YES',NULL,NULL,NULL,'YES',634),
 (100,'ملی 176005',3,'loan',42,NULL,NULL,'YES',NULL,NULL,NULL,'YES',635),
 (101,'ملی 53004',3,'loan',42,NULL,NULL,'YES',NULL,NULL,NULL,'YES',636),
 (102,'ملی خاوری',3,'loan',21,NULL,NULL,'YES',NULL,NULL,NULL,'YES',637),
 (103,'ملی خاوری',3,'loan',21,NULL,NULL,'YES',NULL,NULL,NULL,'YES',638),
 (104,'ملی 73511',3,'loan',46,NULL,NULL,'YES',NULL,NULL,NULL,'YES',639),
 (105,'ملی 112007',3,'loan',46,NULL,NULL,'YES',NULL,NULL,NULL,'YES',640),
 (106,'ملی.یداله نوری',3,'loan',12,NULL,NULL,'YES',NULL,NULL,NULL,'NO',641),
 (107,'سفته',4,'loan',12,NULL,NULL,'YES',NULL,NULL,NULL,'NO',642),
 (108,'سفته',4,'loan',12,NULL,NULL,'YES',NULL,NULL,NULL,'NO',643),
 (109,'سفته',4,'loan',12,NULL,NULL,'YES',NULL,NULL,NULL,'NO',644),
 (110,'سفته',4,'loan',12,NULL,NULL,'YES',NULL,NULL,NULL,'NO',645),
 (111,'سفته',4,'loan',12,NULL,NULL,'YES',NULL,NULL,NULL,'NO',646),
 (112,'سفته',4,'loan',12,NULL,NULL,'YES',NULL,NULL,NULL,'NO',647),
 (113,'ملت. محمد قدیمی نقندر',3,'loan',37,NULL,NULL,'YES',NULL,NULL,NULL,'NO',648),
 (114,'سفته',4,'loan',37,NULL,NULL,'YES',NULL,NULL,NULL,'NO',649),
 (115,'سفته',4,'loan',37,NULL,NULL,'YES',NULL,NULL,NULL,'NO',650),
 (116,'تجارت. زمانی خادمانلو',3,'loan',53,NULL,NULL,'YES',NULL,NULL,NULL,'YES',651),
 (117,'تجارت. محمدرضا بهزادی',3,'loan',72,NULL,NULL,'YES',NULL,NULL,NULL,'NO',652),
 (118,'تجارت.بهاری',3,'loan',72,NULL,NULL,'YES',NULL,NULL,NULL,'NO',653),
 (119,'ملی کد 8522',3,'loan',74,NULL,NULL,'YES',NULL,NULL,NULL,'NO',654),
 (120,'سفته',4,'loan',74,NULL,NULL,'YES',NULL,NULL,NULL,'NO',655),
 (121,'سفته',4,'loan',74,NULL,NULL,'YES',NULL,NULL,NULL,'NO',656),
 (122,'سفته',4,'loan',74,NULL,NULL,'YES',NULL,NULL,NULL,'NO',657),
 (123,'سفته',4,'loan',74,NULL,NULL,'YES',NULL,NULL,NULL,'NO',658),
 (124,'سفته',4,'loan',74,NULL,NULL,'YES',NULL,NULL,NULL,'NO',659),
 (125,'سفته',4,'loan',74,NULL,NULL,'YES',NULL,NULL,NULL,'NO',660),
 (126,'ملی',3,'loan',77,NULL,NULL,'YES',NULL,NULL,NULL,'YES',661),
 (127,'ملی',3,'loan',77,NULL,NULL,'YES',NULL,NULL,NULL,'YES',662),
 (128,'ملی. محمدباقر نقیبی',3,'loan',76,NULL,NULL,'YES',NULL,NULL,NULL,'YES',663),
 (129,'سفته',4,'loan',76,NULL,NULL,'YES',NULL,NULL,NULL,'YES',664),
 (130,'سفته',4,'loan',76,NULL,NULL,'YES',NULL,NULL,NULL,'YES',665),
 (131,'سفته',4,'loan',76,NULL,NULL,'YES',NULL,NULL,NULL,'YES',666),
 (132,'سفته',4,'loan',76,NULL,NULL,'YES',NULL,NULL,NULL,'YES',667),
 (133,'پاسارگاد',3,'loan',78,NULL,NULL,'YES',NULL,NULL,NULL,'YES',668),
 (134,'سفته',4,'loan',78,NULL,NULL,'YES',NULL,NULL,NULL,'YES',669),
 (135,'سفته',4,'loan',78,NULL,NULL,'YES',NULL,NULL,NULL,'YES',670),
 (136,'سفته',4,'loan',78,NULL,NULL,'YES',NULL,NULL,NULL,'YES',671),
 (137,'سفته',4,'loan',78,NULL,NULL,'YES',NULL,NULL,NULL,'YES',672),
 (138,'انصار شعبه 2071',3,'loan',75,NULL,NULL,'YES',NULL,NULL,NULL,'YES',673),
 (139,'سفته',4,'loan',75,NULL,NULL,'YES',NULL,NULL,NULL,'NO',674),
 (140,'سفته',4,'loan',75,NULL,NULL,'YES',NULL,NULL,NULL,'NO',675),
 (141,'سفته',4,'loan',75,NULL,NULL,'YES',NULL,NULL,NULL,'NO',676),
 (142,'سفته',4,'loan',75,NULL,NULL,'YES',NULL,NULL,NULL,'NO',677),
 (143,'سفته',4,'loan',85,NULL,NULL,'YES',NULL,NULL,NULL,'NO',678),
 (144,'سفته',4,'loan',85,NULL,NULL,'YES',NULL,NULL,NULL,'NO',679),
 (145,'سفته',4,'loan',85,NULL,NULL,'YES',NULL,NULL,NULL,'NO',680),
 (146,'سفته',4,'loan',85,NULL,NULL,'YES',NULL,NULL,NULL,'NO',681),
 (147,'سفته',4,'loan',85,NULL,NULL,'YES',NULL,NULL,NULL,'NO',682),
 (148,'ملی شعبه پردیس',3,'loan',84,NULL,NULL,'YES',NULL,NULL,NULL,'YES',683),
 (149,'پاسارگاد کد221',3,'loan',84,NULL,NULL,'YES',NULL,NULL,NULL,'YES',684),
 (150,'سفته',4,'loan',81,NULL,NULL,'YES',NULL,NULL,NULL,'NO',685),
 (151,'سفته',4,'loan',81,NULL,NULL,'YES',NULL,NULL,NULL,'NO',686),
 (152,'سفته',4,'loan',81,NULL,NULL,'YES',NULL,NULL,NULL,'NO',687),
 (153,'سفته',4,'loan',83,NULL,NULL,'YES',NULL,NULL,NULL,'NO',688),
 (154,'سفته',4,'loan',83,NULL,NULL,'YES',NULL,NULL,NULL,'NO',689),
 (155,'سفته',4,'loan',83,NULL,NULL,'YES',NULL,NULL,NULL,'NO',690),
 (156,'سفته',4,'loan',82,NULL,NULL,'YES',NULL,NULL,NULL,'NO',691),
 (157,'سفته',4,'loan',82,NULL,NULL,'YES',NULL,NULL,NULL,'NO',692),
 (158,'سفته',4,'loan',82,NULL,NULL,'YES',NULL,NULL,NULL,'NO',693),
 (159,'ملی پردیس',3,'loan',86,NULL,NULL,'YES',NULL,NULL,NULL,'YES',694),
 (160,'سفته',4,'loan',86,NULL,NULL,'YES',NULL,NULL,NULL,'YES',695),
 (161,'سفته',4,'loan',86,NULL,NULL,'YES',NULL,NULL,NULL,'YES',696),
 (162,'سفته',4,'loan',86,NULL,NULL,'YES',NULL,NULL,NULL,'YES',697),
 (163,'سفته',4,'loan',86,NULL,NULL,'YES',NULL,NULL,NULL,'YES',698),
 (164,'تجارت',3,'loan',87,NULL,NULL,'YES',NULL,NULL,NULL,'NO',699),
 (165,'ملی پردیس',3,'loan',91,NULL,NULL,'YES',NULL,NULL,NULL,'NO',700),
 (166,'سفته',4,'loan',91,NULL,NULL,'YES',NULL,NULL,NULL,'NO',701),
 (167,'سفته',4,'loan',91,NULL,NULL,'YES',NULL,NULL,NULL,'NO',702),
 (168,'سفته',4,'loan',91,NULL,NULL,'YES',NULL,NULL,NULL,'NO',703),
 (169,'سفته',4,'loan',91,NULL,NULL,'YES',NULL,NULL,NULL,'NO',704),
 (170,'تجارت -دانشگاه فردوسی',3,'loan',89,NULL,NULL,'YES',NULL,NULL,NULL,'YES',705),
 (171,'تجارت -دانشگاه فردوسی',3,'loan',89,NULL,NULL,'YES',NULL,NULL,NULL,'YES',706),
 (172,'تجارت -دانشگاه فردوسی',3,'loan',89,NULL,NULL,'YES',NULL,NULL,NULL,'YES',707),
 (173,'تجارت -دانشگاه فردوسی',3,'loan',89,NULL,NULL,'YES',NULL,NULL,NULL,'YES',708),
 (174,'تجارت -دانشگاه فردوسی',3,'loan',89,NULL,NULL,'YES',NULL,NULL,NULL,'YES',709),
 (175,'تجارت',3,'loan',87,NULL,NULL,'YES',NULL,NULL,NULL,'YES',710),
 (176,'تجارت',3,'loan',87,NULL,NULL,'YES',NULL,NULL,NULL,'NO',711),
 (177,'تجارت',3,'loan',87,NULL,NULL,'YES',NULL,NULL,NULL,'NO',712),
 (178,'تجارت',3,'loan',90,NULL,NULL,'YES',NULL,NULL,NULL,'YES',713),
 (179,'ملی پردیس',3,'loan',90,NULL,NULL,'YES',NULL,NULL,NULL,'YES',714),
 (180,'ملی پردیس',3,'loan',90,NULL,NULL,'YES',NULL,NULL,NULL,'YES',715),
 (181,'ملی -پردیس',3,'loan',92,NULL,NULL,'YES',NULL,NULL,NULL,'YES',716),
 (182,'ملی -پردیس',3,'loan',92,NULL,NULL,'YES',NULL,NULL,NULL,'YES',717),
 (183,'ملی -پردیس',3,'loan',93,NULL,NULL,'YES',NULL,NULL,NULL,'NO',718),
 (184,'سفته',4,'loan',93,NULL,NULL,'YES',NULL,NULL,NULL,'NO',719),
 (185,'سفته',4,'loan',93,NULL,NULL,'YES',NULL,NULL,NULL,'NO',720),
 (186,'سفته',4,'loan',93,NULL,NULL,'YES',NULL,NULL,NULL,'NO',721),
 (187,'سفته',4,'loan',93,NULL,NULL,'YES',NULL,NULL,NULL,'NO',722),
 (188,'سفته',4,'loan',93,NULL,NULL,'YES',NULL,NULL,NULL,'NO',723),
 (189,'ملی شعبه آب و برق',3,'loan',96,NULL,NULL,'YES',NULL,NULL,NULL,'YES',724),
 (190,'تجارت دانشگاه فردوسی',3,'loan',95,NULL,NULL,'YES',NULL,NULL,NULL,'NO',725),
 (191,'سفته',4,'loan',95,NULL,NULL,'YES',NULL,NULL,NULL,'NO',726),
 (192,'سفته',4,'loan',95,NULL,NULL,'YES',NULL,NULL,NULL,'NO',727),
 (193,'سفته',4,'loan',95,NULL,NULL,'YES',NULL,NULL,NULL,'NO',728),
 (194,'پاسارگاد',3,'loan',94,NULL,NULL,'YES',NULL,NULL,NULL,'NO',729),
 (195,'سپه',3,'loan',94,NULL,NULL,'YES',NULL,NULL,NULL,'NO',730),
 (196,'صادرات',3,'loan',94,NULL,NULL,'YES',NULL,NULL,NULL,'NO',731),
 (197,'ملت',3,'loan',94,NULL,NULL,'YES',NULL,NULL,NULL,'NO',732),
 (198,'سفته',4,'loan',94,NULL,NULL,'YES',NULL,NULL,NULL,'NO',733),
 (199,'سفته',4,'loan',94,NULL,NULL,'YES',NULL,NULL,NULL,'NO',734),
 (200,'سفته',4,'loan',94,NULL,NULL,'YES',NULL,NULL,NULL,'NO',735),
 (201,'سفته',4,'loan',94,NULL,NULL,'YES',NULL,NULL,NULL,'NO',736),
 (202,'ملت 17 شهریور',3,'loan',101,NULL,NULL,'YES',NULL,NULL,NULL,'YES',737),
 (203,'پاسارگاد',3,'loan',102,NULL,NULL,'YES',NULL,NULL,NULL,'NO',738),
 (204,'تجارت',3,'loan',79,NULL,NULL,'YES',NULL,NULL,NULL,'YES',739),
 (205,'سفته',4,'loan',79,NULL,NULL,'YES',NULL,NULL,NULL,'YES',740),
 (206,'سفته',4,'loan',79,NULL,NULL,'YES',NULL,NULL,NULL,'YES',741),
 (207,'سفته',4,'loan',79,NULL,NULL,'YES',NULL,NULL,NULL,'YES',742),
 (208,'سفته',4,'loan',79,NULL,NULL,'YES',NULL,NULL,NULL,'YES',743),
 (209,'سفته',4,'loan',52,NULL,NULL,'YES',NULL,NULL,NULL,'NO',744),
 (210,'سفته',4,'loan',52,NULL,NULL,'YES',NULL,NULL,NULL,'NO',745),
 (211,'ملی',3,'loan',103,NULL,NULL,'YES',NULL,NULL,NULL,'YES',746),
 (212,'سفته',4,'loan',103,NULL,NULL,'YES',NULL,NULL,NULL,'YES',747),
 (213,'سفته',4,'loan',103,NULL,NULL,'YES',NULL,NULL,NULL,'YES',748),
 (214,'سفته',4,'loan',103,NULL,NULL,'YES',NULL,NULL,NULL,'YES',749),
 (215,'سفته',4,'loan',103,NULL,NULL,'YES',NULL,NULL,NULL,'YES',750),
 (216,'سفته',4,'loan',103,NULL,NULL,'YES',NULL,NULL,NULL,'YES',751),
 (217,'سفته',4,'loan',103,NULL,NULL,'YES',NULL,NULL,NULL,'YES',752),
 (218,'ملی سماءتوس',3,'loan',98,NULL,NULL,'YES',NULL,NULL,NULL,'NO',759),
 (219,'رفاه معموری',3,'loan',98,NULL,NULL,'YES',NULL,NULL,NULL,'NO',760),
 (220,'سفته سماء توس',4,'loan',98,NULL,NULL,'YES',NULL,NULL,NULL,'NO',761),
 (221,'سفته',4,'loan',106,NULL,NULL,'YES',NULL,NULL,NULL,'NO',762),
 (222,'سفته',4,'loan',106,NULL,NULL,'YES',NULL,NULL,NULL,'NO',763),
 (223,'سفته',4,'loan',106,NULL,NULL,'YES',NULL,NULL,NULL,'NO',764),
 (224,'سفته',4,'loan',104,NULL,NULL,'YES',NULL,NULL,NULL,'NO',765),
 (225,'سفته',4,'loan',104,NULL,NULL,'YES',NULL,NULL,NULL,'NO',766),
 (226,'سفته',4,'loan',104,NULL,NULL,'YES',NULL,NULL,NULL,'NO',767),
 (227,'تجارت دانشگاه',3,'loan',105,NULL,NULL,'YES',NULL,NULL,NULL,'YES',768),
 (228,'تجارت دانشگاه',3,'loan',105,NULL,NULL,'YES',NULL,NULL,NULL,'YES',769),
 (229,'تجارت',3,'loan',109,NULL,NULL,'YES',NULL,NULL,NULL,'YES',770),
 (230,'ملی پردیس',3,'loan',109,NULL,NULL,'YES',NULL,NULL,NULL,'YES',771),
 (231,'ملی پردیس',3,'loan',110,NULL,NULL,'YES',NULL,NULL,NULL,'NO',772),
 (232,'تجارت دانشگاه',3,'loan',110,NULL,NULL,'YES',NULL,NULL,NULL,'NO',773),
 (233,'ملی دادگستری',3,'loan',115,NULL,NULL,'YES',NULL,NULL,NULL,'NO',776),
 (234,'ملی پردیس',3,'loan',115,NULL,NULL,'YES',NULL,NULL,NULL,'NO',777),
 (235,'ملی سناباد',3,'loan',115,NULL,NULL,'YES',NULL,NULL,NULL,'NO',778),
 (236,'تجارت دانشگاه',3,'loan',114,NULL,NULL,'YES',NULL,NULL,NULL,'NO',779),
 (237,'تجارت دانشگاه',3,'loan',114,NULL,NULL,'YES',NULL,NULL,NULL,'NO',780),
 (238,'سفته',4,'loan',117,NULL,NULL,'YES',NULL,NULL,NULL,'NO',781),
 (239,'ملی پردیس',3,'loan',116,NULL,NULL,'YES',NULL,NULL,NULL,'NO',782),
 (240,'ملی پردیس',3,'loan',121,NULL,NULL,'YES',NULL,NULL,NULL,'NO',783),
 (241,'ملی پردیس',3,'loan',121,NULL,NULL,'YES',NULL,NULL,NULL,'NO',784),
 (242,'سفته',4,'loan',120,NULL,NULL,'YES',NULL,NULL,NULL,'YES',785),
 (243,'تجارت دانشگاه فردوسی',3,'loan',122,NULL,NULL,'YES',NULL,NULL,NULL,'NO',786),
 (244,'تجارت دانشگاه فردوسی',3,'loan',122,NULL,NULL,'YES',NULL,NULL,NULL,'NO',787),
 (245,'رفاه کارگران',3,'loan',118,NULL,NULL,'YES',NULL,NULL,NULL,'YES',788),
 (246,'سفته',4,'loan',118,NULL,NULL,'YES',NULL,NULL,NULL,'YES',789),
 (247,'سفته',4,'loan',118,NULL,NULL,'YES',NULL,NULL,NULL,'YES',790),
 (248,'سفته',4,'loan',118,NULL,NULL,'YES',NULL,NULL,NULL,'YES',791),
 (249,'سفته',4,'loan',118,NULL,NULL,'YES',NULL,NULL,NULL,'YES',792),
 (250,'سفته',4,'loan',118,NULL,NULL,'YES',NULL,NULL,NULL,'YES',793),
 (251,'سفته',4,'loan',118,NULL,NULL,'YES',NULL,NULL,NULL,'YES',794),
 (252,'سفته',4,'loan',118,NULL,NULL,'YES',NULL,NULL,NULL,'YES',795),
 (253,'سفته',4,'loan',118,NULL,NULL,'YES',NULL,NULL,NULL,'YES',796),
 (254,'سفته',4,'loan',118,NULL,NULL,'YES',NULL,NULL,NULL,'YES',797),
 (255,'ملی',3,'loan',119,NULL,NULL,'YES',NULL,NULL,NULL,'NO',798),
 (256,'صادرات',3,'loan',119,NULL,NULL,'YES',NULL,NULL,NULL,'NO',799),
 (257,'ملت',3,'loan',119,NULL,NULL,'YES',NULL,NULL,NULL,'NO',800),
 (258,'سفته',4,'loan',119,NULL,NULL,'YES',NULL,NULL,NULL,'NO',801),
 (259,'سفته',4,'loan',119,NULL,NULL,'YES',NULL,NULL,NULL,'NO',802),
 (260,'سفته',4,'loan',119,NULL,NULL,'YES',NULL,NULL,NULL,'NO',803),
 (261,'سفته',4,'loan',119,NULL,NULL,'YES',NULL,NULL,NULL,'NO',804),
 (262,'سفته',4,'loan',119,NULL,NULL,'YES',NULL,NULL,NULL,'NO',805),
 (263,'سفته',4,'loan',119,NULL,NULL,'YES',NULL,NULL,NULL,'NO',806),
 (264,'سفته',4,'loan',119,NULL,NULL,'YES',NULL,NULL,NULL,'NO',807),
 (265,'سفته',4,'loan',119,NULL,NULL,'YES',NULL,NULL,NULL,'NO',808),
 (266,'سفته',4,'loan',119,NULL,NULL,'YES',NULL,NULL,NULL,'NO',809),
 (267,'سفته',4,'loan',119,NULL,NULL,'YES',NULL,NULL,NULL,'NO',810),
 (268,'سفته',4,'loan',119,NULL,NULL,'YES',NULL,NULL,NULL,'NO',811),
 (269,'سفته',4,'loan',119,NULL,NULL,'YES',NULL,NULL,NULL,'NO',812),
 (270,'سفته',4,'loan',119,NULL,NULL,'YES',NULL,NULL,NULL,'NO',813),
 (271,'ملی',3,'loan',124,NULL,NULL,'YES',NULL,NULL,NULL,'YES',814),
 (272,'ملی',3,'loan',124,NULL,NULL,'YES',NULL,NULL,NULL,'YES',816),
 (273,'ملی',3,'loan',124,NULL,NULL,'YES',NULL,NULL,NULL,'YES',817),
 (274,'ملی',3,'loan',124,NULL,NULL,'YES',NULL,NULL,NULL,'YES',818),
 (275,'ملی سجاد',3,'loan',107,NULL,NULL,'YES',NULL,NULL,NULL,'YES',819),
 (276,'ملی سجاد',3,'loan',107,NULL,NULL,'YES',NULL,NULL,NULL,'YES',820),
 (277,'ملی سجاد',3,'loan',107,NULL,NULL,'YES',NULL,NULL,NULL,'NO',821),
 (278,'ملی سجاد',3,'loan',107,NULL,NULL,'YES',NULL,NULL,NULL,'NO',822),
 (279,'تجارت دانشگاه',3,'loan',127,NULL,NULL,'YES',NULL,NULL,NULL,'NO',823),
 (280,'سفته',4,'loan',127,NULL,NULL,'YES',NULL,NULL,NULL,'NO',824),
 (281,'سفته',4,'loan',127,NULL,NULL,'YES',NULL,NULL,NULL,'NO',825),
 (282,'سفته',4,'loan',127,NULL,NULL,'YES',NULL,NULL,NULL,'NO',826),
 (283,'صادرات',3,'loan',128,NULL,NULL,'YES',NULL,NULL,NULL,'NO',827),
 (284,'صادرات',3,'loan',128,NULL,NULL,'YES',NULL,NULL,NULL,'NO',828),
 (285,'سفته',4,'loan',128,NULL,NULL,'YES',NULL,NULL,NULL,'NO',829),
 (286,'سفته',4,'loan',128,NULL,NULL,'YES',NULL,NULL,NULL,'NO',830),
 (287,'تجارت',3,'loan',130,NULL,NULL,'YES',NULL,NULL,NULL,'NO',831),
 (288,'ملی پردیس',3,'loan',130,NULL,NULL,'YES',NULL,NULL,NULL,'NO',832),
 (289,'سفته',4,'loan',131,NULL,NULL,'YES',NULL,NULL,NULL,'NO',833),
 (290,'سفته',4,'loan',131,NULL,NULL,'YES',NULL,NULL,NULL,'NO',834),
 (291,'سفته',4,'loan',131,NULL,NULL,'YES',NULL,NULL,NULL,'NO',835),
 (292,'سفته',4,'loan',131,NULL,NULL,'YES',NULL,NULL,NULL,'NO',836),
 (293,'سفته',4,'loan',131,NULL,NULL,'YES',NULL,NULL,NULL,'NO',837),
 (294,'سفته',4,'loan',131,NULL,NULL,'YES',NULL,NULL,NULL,'NO',838),
 (295,'کشاورزی',3,'loan',133,NULL,NULL,'YES',NULL,NULL,NULL,'YES',839),
 (296,'کشاورزی',3,'loan',133,NULL,NULL,'YES',NULL,NULL,NULL,'YES',840),
 (297,'سفته',4,'loan',134,NULL,NULL,'YES',NULL,NULL,NULL,'NO',841),
 (298,'سفته',4,'loan',134,NULL,NULL,'YES',NULL,NULL,NULL,'NO',842),
 (299,'سفته',4,'loan',134,NULL,NULL,'YES',NULL,NULL,NULL,'NO',843),
 (300,'سفته',4,'loan',134,NULL,NULL,'YES',NULL,NULL,NULL,'NO',844),
 (301,'سفته. مهشید جبارزاده',4,'loan',134,NULL,NULL,'YES',NULL,NULL,NULL,'NO',845),
 (302,'سفته. مهشید جبارزاده',4,'loan',134,NULL,NULL,'YES',NULL,NULL,NULL,'NO',846),
 (303,'سفته. مهشیدجبارزاده',4,'loan',134,NULL,NULL,'YES',NULL,NULL,NULL,'NO',847),
 (304,'سفته. مهشید جبارزاده',4,'loan',134,NULL,NULL,'YES',NULL,NULL,NULL,'NO',848),
 (305,'سفته. کیومرثی',4,'loan',134,NULL,NULL,'YES',NULL,NULL,NULL,'NO',849),
 (306,'سفته. کیومرثی',4,'loan',134,NULL,NULL,'YES',NULL,NULL,NULL,'NO',850),
 (307,'سفته. کیومرثی',4,'loan',134,NULL,NULL,'YES',NULL,NULL,NULL,'NO',851),
 (308,'سفته. کیومرثی',4,'loan',134,NULL,NULL,'YES',NULL,NULL,NULL,'NO',852),
 (309,'سفته',4,'loan',136,NULL,NULL,'YES',NULL,NULL,NULL,'NO',853),
 (310,'سفته',4,'loan',136,NULL,NULL,'YES',NULL,NULL,NULL,'NO',854),
 (311,'سفته',4,'loan',136,NULL,NULL,'YES',NULL,NULL,NULL,'NO',855),
 (312,'سفته',4,'loan',136,NULL,NULL,'YES',NULL,NULL,NULL,'NO',856),
 (313,'سفته',4,'loan',136,NULL,NULL,'YES',NULL,NULL,NULL,'NO',857),
 (314,'سفته',4,'loan',136,NULL,NULL,'YES',NULL,NULL,NULL,'NO',858),
 (315,'سفته',4,'loan',136,NULL,NULL,'YES',NULL,NULL,NULL,'NO',859),
 (316,'سفته',4,'loan',136,NULL,NULL,'YES',NULL,NULL,NULL,'NO',860),
 (317,'سفته',4,'loan',136,NULL,NULL,'YES',NULL,NULL,NULL,'NO',861),
 (318,'سفته',4,'loan',136,NULL,NULL,'YES',NULL,NULL,NULL,'NO',862),
 (319,'ملی',3,'loan',132,NULL,NULL,'YES',NULL,NULL,NULL,'NO',863),
 (320,'ملی پردیس',3,'loan',132,NULL,NULL,'YES',NULL,NULL,NULL,'NO',864),
 (321,'تجارت دانشگاه شاهرود',3,'loan',132,NULL,NULL,'YES',NULL,NULL,NULL,'NO',865),
 (322,'تجارت دانشگاه فردوسی',3,'loan',132,NULL,NULL,'YES',NULL,NULL,NULL,'NO',866),
 (323,'تجارت دانشگاه فردوسی',3,'loan',132,NULL,NULL,'YES',NULL,NULL,NULL,'NO',867),
 (324,'تجارت شعبه دانشگاه',3,'loan',137,NULL,NULL,'YES',NULL,NULL,NULL,'NO',868),
 (325,'تجارت شعبه دانشگاه',3,'loan',137,NULL,NULL,'YES',NULL,NULL,NULL,'NO',869),
 (326,'ملی - چهارراه حجت',3,'loan',138,NULL,NULL,'YES',NULL,NULL,NULL,'NO',870),
 (327,'حکمت ایرانیان',3,'loan',139,NULL,NULL,'YES',NULL,NULL,NULL,'YES',871),
 (328,'حکمت ایرانیان',3,'loan',139,NULL,NULL,'YES',NULL,NULL,NULL,'NO',872),
 (329,'حکمت ایرانیان',3,'loan',139,NULL,NULL,'YES',NULL,NULL,NULL,'NO',873),
 (330,'حکمت ایرانیان',3,'loan',139,NULL,NULL,'YES',NULL,NULL,NULL,'NO',874),
 (331,'حکمت ایرانیان',3,'loan',139,NULL,NULL,'YES',NULL,NULL,NULL,'NO',875),
 (332,'حکمت ایرانیان',3,'loan',139,NULL,NULL,'YES',NULL,NULL,NULL,'NO',876),
 (333,'رفاه کارگران - بجنورد',3,'loan',140,NULL,NULL,'YES',NULL,NULL,NULL,'NO',877),
 (334,'رفاه کارگران',3,'loan',140,NULL,NULL,'YES',NULL,NULL,NULL,'NO',878),
 (335,'رفاه کارگران',3,'loan',140,NULL,NULL,'YES',NULL,NULL,NULL,'NO',879),
 (336,'رفاه کارگران',3,'loan',140,NULL,NULL,'YES',NULL,NULL,NULL,'NO',880),
 (337,'رفاه کارگران',3,'loan',140,NULL,NULL,'YES',NULL,NULL,NULL,'NO',881),
 (338,'رفاه کارگران',3,'loan',140,NULL,NULL,'YES',NULL,NULL,NULL,'NO',882),
 (339,'بانک شهر',3,'loan',22,NULL,NULL,'YES',NULL,NULL,NULL,'NO',886),
 (340,'بانک شهر',3,'loan',22,NULL,NULL,'YES',NULL,NULL,NULL,'NO',887),
 (341,'بانک شهر',3,'loan',22,NULL,NULL,'YES',NULL,NULL,NULL,'NO',888),
 (342,'بانک شهر',3,'loan',28,NULL,NULL,'YES',NULL,NULL,NULL,'NO',889),
 (343,'بانک شهر',3,'loan',28,NULL,NULL,'YES',NULL,NULL,NULL,'NO',890),
 (344,'بانک شهر',3,'loan',28,NULL,NULL,'YES',NULL,NULL,NULL,'NO',891),
 (345,'تجارت',3,'loan',141,NULL,NULL,'YES',NULL,NULL,NULL,'NO',892),
 (346,'کشاورزی',3,'loan',142,NULL,NULL,'YES',NULL,NULL,NULL,'YES',893),
 (347,'کشاورزی',3,'loan',142,NULL,NULL,'YES',NULL,NULL,NULL,'NO',894),
 (348,'کشاورزی',3,'loan',142,NULL,NULL,'YES',NULL,NULL,NULL,'NO',895),
 (349,'کشاورزی',3,'loan',142,NULL,NULL,'YES',NULL,NULL,NULL,'NO',896),
 (350,'کشاورزی',3,'loan',142,NULL,NULL,'YES',NULL,NULL,NULL,'NO',897),
 (351,'کشاورزی',3,'loan',142,NULL,NULL,'YES',NULL,NULL,NULL,'NO',898),
 (352,'ملت',3,'loan',145,NULL,NULL,'YES',NULL,NULL,NULL,'NO',899),
 (353,'مهر ایران',3,'loan',145,NULL,NULL,'YES',NULL,NULL,NULL,'NO',900),
 (354,'ملی پردیس',3,'loan',144,NULL,NULL,'YES',NULL,NULL,NULL,'NO',901),
 (355,'ملی',3,'loan',143,NULL,NULL,'YES',NULL,NULL,NULL,'YES',902),
 (356,'توسعه تعاون',3,'loan',143,NULL,NULL,'YES',NULL,NULL,NULL,'YES',903),
 (357,'ملی پردیس',3,'loan',146,NULL,NULL,'YES',NULL,NULL,NULL,'NO',904),
 (358,'تجارت دانشگاه فردوسی',3,'loan',146,NULL,NULL,'YES',NULL,NULL,NULL,'NO',905),
 (359,'ملی پردیس',3,'loan',147,NULL,NULL,'YES',NULL,NULL,NULL,'NO',906),
 (360,'سفته',4,'loan',147,NULL,NULL,'YES',NULL,NULL,NULL,'NO',907),
 (361,'سفته',4,'loan',147,NULL,NULL,'YES',NULL,NULL,NULL,'NO',908),
 (362,'سفته',4,'loan',147,NULL,NULL,'YES',NULL,NULL,NULL,'NO',909),
 (363,'سفته',4,'loan',147,NULL,NULL,'YES',NULL,NULL,NULL,'NO',910),
 (364,'پارسیان',3,'loan',148,NULL,NULL,'YES',NULL,NULL,NULL,'NO',911),
 (365,'مسکن',3,'loan',148,NULL,NULL,'YES',NULL,NULL,NULL,'NO',912),
 (366,'مسکن',3,'loan',148,NULL,NULL,'YES',NULL,NULL,NULL,'NO',913),
 (367,'سفته',4,'loan',148,NULL,NULL,'YES',NULL,NULL,NULL,'NO',914),
 (368,'سفته',4,'loan',148,NULL,NULL,'YES',NULL,NULL,NULL,'NO',915),
 (369,'سفته',4,'loan',148,NULL,NULL,'YES',NULL,NULL,NULL,'NO',916),
 (370,'ملی پردیس',3,'loan',149,NULL,NULL,'YES',NULL,NULL,NULL,'NO',917),
 (371,'کشاورزی',3,'loan',149,NULL,NULL,'YES',NULL,NULL,NULL,'NO',918),
 (372,'کشاورزی',3,'loan',150,NULL,NULL,'YES',NULL,NULL,NULL,'NO',919),
 (373,'سفته',4,'loan',150,NULL,NULL,'YES',NULL,NULL,NULL,'NO',920),
 (374,'سفته',4,'loan',150,NULL,NULL,'YES',NULL,NULL,NULL,'NO',921),
 (375,'سفته',4,'loan',150,NULL,NULL,'YES',NULL,NULL,NULL,'NO',922),
 (376,'سفته',4,'loan',150,NULL,NULL,'YES',NULL,NULL,NULL,'NO',923),
 (377,'سفته',4,'loan',150,NULL,NULL,'YES',NULL,NULL,NULL,'NO',924),
 (378,'ملی',3,'loan',151,NULL,NULL,'YES',NULL,NULL,NULL,'NO',925),
 (379,'سفته',4,'loan',151,NULL,NULL,'YES',NULL,NULL,NULL,'NO',926),
 (380,'سفته',4,'loan',151,NULL,NULL,'YES',NULL,NULL,NULL,'NO',927),
 (381,'پست بانک ایران',3,'loan',152,NULL,NULL,'YES',NULL,NULL,NULL,'NO',928),
 (382,'تجارت دانشگاه فردوسی',3,'loan',152,NULL,NULL,'YES',NULL,NULL,NULL,'NO',929),
 (383,'ملت',3,'loan',154,NULL,NULL,'YES',NULL,NULL,NULL,'NO',930),
 (384,'سفته',4,'loan',154,NULL,NULL,'YES',NULL,NULL,NULL,'NO',931),
 (385,'سفته',4,'loan',154,NULL,NULL,'YES',NULL,NULL,NULL,'NO',932),
 (386,'سفته',4,'loan',154,NULL,NULL,'YES',NULL,NULL,NULL,'NO',933),
 (387,'سفته',4,'loan',154,NULL,NULL,'YES',NULL,NULL,NULL,'NO',934),
 (388,'سفته',4,'loan',154,NULL,NULL,'YES',NULL,NULL,NULL,'NO',935),
 (389,'سفته',4,'loan',154,NULL,NULL,'YES',NULL,NULL,NULL,'NO',936),
 (390,'سفته',4,'loan',154,NULL,NULL,'YES',NULL,NULL,NULL,'NO',937),
 (391,'ملی',3,'loan',155,NULL,NULL,'YES',NULL,NULL,NULL,'NO',938),
 (392,'تجارت',3,'loan',153,NULL,NULL,'YES',NULL,NULL,NULL,'NO',939),
 (393,'تجارت',3,'loan',153,NULL,NULL,'YES',NULL,NULL,NULL,'NO',940),
 (394,'تجارت',3,'loan',153,NULL,NULL,'YES',NULL,NULL,NULL,'NO',941),
 (395,'تجارت',3,'loan',153,NULL,NULL,'YES',NULL,NULL,NULL,'NO',942),
 (396,'تجارت',3,'loan',153,NULL,NULL,'YES',NULL,NULL,NULL,'NO',943),
 (397,'تجارت',3,'loan',153,NULL,NULL,'YES',NULL,NULL,NULL,'NO',944),
 (398,'سپه',3,'loan',100,NULL,NULL,'YES',NULL,NULL,NULL,'YES',949),
 (399,'تجارت',3,'loan',126,NULL,NULL,'YES',NULL,NULL,NULL,'NO',951),
 (400,'سفته',4,'loan',126,NULL,NULL,'YES',NULL,NULL,NULL,'NO',952),
 (401,'سفته',4,'loan',126,NULL,NULL,'YES',NULL,NULL,NULL,'NO',953),
 (402,'سفته',4,'loan',126,NULL,NULL,'YES',NULL,NULL,NULL,'NO',954),
 (403,'ملی پردیس',3,'loan',158,NULL,NULL,'YES',NULL,NULL,NULL,'NO',955),
 (404,'ملی شریعتی',3,'loan',158,NULL,NULL,'YES',NULL,NULL,NULL,'NO',956),
 (405,'تجارت سجاد',3,'loan',157,NULL,NULL,'YES',NULL,NULL,NULL,'NO',957),
 (406,'اقتصاد نوین',3,'loan',159,NULL,NULL,'YES',NULL,NULL,NULL,'NO',958),
 (407,'اقتصاد نوین',3,'loan',159,NULL,NULL,'YES',NULL,NULL,NULL,'NO',959),
 (408,'اقتصاد نوین',3,'loan',159,NULL,NULL,'YES',NULL,NULL,NULL,'NO',960),
 (409,'اقتصاد نوین',3,'loan',159,NULL,NULL,'YES',NULL,NULL,NULL,'NO',961),
 (410,'اقتصاد نوین',3,'loan',159,NULL,NULL,'YES',NULL,NULL,NULL,'NO',962),
 (411,'اقتصاد نوین',3,'loan',159,NULL,NULL,'YES',NULL,NULL,NULL,'NO',963),
 (412,'حکمت ایرانیان',3,'loan',160,NULL,NULL,'YES',NULL,NULL,NULL,'YES',964),
 (413,'حکمت ایرانیان',3,'loan',160,NULL,NULL,'YES',NULL,NULL,NULL,'YES',965),
 (414,'قرض الحسنه رسالت',3,'loan',160,NULL,NULL,'YES',NULL,NULL,NULL,'YES',966),
 (415,'قرض الحسنه رسالت',3,'loan',160,NULL,NULL,'YES',NULL,NULL,NULL,'YES',967),
 (416,'ملی بجنورد',3,'loan',161,NULL,NULL,'YES',NULL,NULL,NULL,'YES',968),
 (417,'ملی بجنورد',3,'loan',161,NULL,NULL,'YES',NULL,NULL,NULL,'YES',969),
 (418,'ملی بجنورد',3,'loan',161,NULL,NULL,'YES',NULL,NULL,NULL,'YES',970),
 (419,'ملی بجنورد',3,'loan',161,NULL,NULL,'YES',NULL,NULL,NULL,'YES',971),
 (420,'پاسارگاد',3,'loan',162,NULL,NULL,'YES',NULL,NULL,NULL,'NO',972),
 (421,'تجارت',3,'loan',162,NULL,NULL,'YES',NULL,NULL,NULL,'NO',973),
 (422,'ملت',3,'loan',162,NULL,NULL,'YES',NULL,NULL,NULL,'NO',974),
 (423,'ملی',3,'loan',163,NULL,NULL,'YES',NULL,NULL,NULL,'NO',975),
 (424,'تجارت',3,'loan',163,NULL,NULL,'YES',NULL,NULL,NULL,'NO',976),
 (425,'ملت',3,'loan',164,NULL,NULL,'YES',NULL,NULL,NULL,'NO',977),
 (426,'سفته',4,'loan',164,NULL,NULL,'YES',NULL,NULL,NULL,'NO',978),
 (427,'سفته',4,'loan',164,NULL,NULL,'YES',NULL,NULL,NULL,'NO',979),
 (428,'سفته',4,'loan',164,NULL,NULL,'YES',NULL,NULL,NULL,'NO',980),
 (429,'سفته',4,'loan',164,NULL,NULL,'YES',NULL,NULL,NULL,'NO',981),
 (430,'سند ملکی - پلاک 274 ثبتی',1,'loan',165,NULL,NULL,'YES',NULL,NULL,NULL,'NO',982),
 (431,'وثیقه ملکی - ملک 18653',1,'loan',159,NULL,NULL,'YES',NULL,NULL,NULL,'NO',983),
 (432,'تجارت',3,'loan',156,NULL,NULL,'YES',NULL,NULL,NULL,'NO',984),
 (433,'وثیقه ملکی - ملک 238',1,'loan',161,NULL,NULL,'YES',NULL,NULL,NULL,'NO',985),
 (434,'وثیقه ملکی - 18653',1,'loan',159,NULL,NULL,'YES',NULL,NULL,NULL,'NO',986),
 (435,'وثیقه ملکی - ملک  18653',1,'loan',159,NULL,NULL,'YES',NULL,NULL,NULL,'NO',987),
 (436,'تجارت',3,'loan',166,NULL,NULL,'YES',NULL,NULL,NULL,'NO',988),
 (437,'تجارت',3,'loan',166,NULL,NULL,'YES',NULL,NULL,NULL,'NO',989),
 (438,'تجارت',3,'loan',166,NULL,NULL,'YES',NULL,NULL,NULL,'NO',990),
 (439,'وثیقه ملکی - ملک 35591',1,'loan',166,NULL,NULL,'YES',NULL,NULL,NULL,'NO',991),
 (440,'تجارت',3,'loan',167,NULL,NULL,'YES',NULL,NULL,NULL,'NO',992),
 (441,'تجارت',3,'loan',167,NULL,NULL,'YES',NULL,NULL,NULL,'NO',993),
 (442,'تجارت',3,'loan',167,NULL,NULL,'YES',NULL,NULL,NULL,'NO',994),
 (443,'تجارت',3,'loan',167,NULL,NULL,'YES',NULL,NULL,NULL,'NO',995),
 (444,'تجارت',3,'loan',167,NULL,NULL,'YES',NULL,NULL,NULL,'NO',996),
 (445,'تجارت',3,'loan',167,NULL,NULL,'YES',NULL,NULL,NULL,'NO',997),
 (446,'تجارت',3,'loan',167,NULL,NULL,'YES',NULL,NULL,NULL,'NO',998),
 (447,'وثیقه ملکی - ملک 2258',1,'loan',167,NULL,NULL,'YES',NULL,NULL,NULL,'NO',999),
 (448,'ملت',3,'loan',169,NULL,NULL,'YES',NULL,NULL,NULL,'NO',1188),
 (449,'سفته',4,'loan',169,NULL,NULL,'YES',NULL,NULL,NULL,'NO',1189),
 (450,'پاسارگاد',3,'loan',171,NULL,NULL,'YES',NULL,NULL,NULL,'NO',1190),
 (451,'پاسارگاد',3,'loan',171,NULL,NULL,'YES',NULL,NULL,NULL,'NO',1191),
 (452,'پاسارگاد',3,'loan',171,NULL,NULL,'YES',NULL,NULL,NULL,'NO',1192),
 (453,'ملی',3,'loan',174,NULL,NULL,'YES',NULL,NULL,NULL,'NO',1193),
 (454,'تجارت',3,'loan',175,NULL,NULL,'YES',NULL,NULL,NULL,'NO',1194),
 (455,'وثیقه ملکی - ملک 45479',1,'loan',170,NULL,NULL,'YES',NULL,NULL,NULL,'NO',1195),
 (456,'تجارت',3,'loan',177,NULL,NULL,'YES',NULL,NULL,NULL,'NO',1196),
 (457,'تجارت',3,'loan',178,NULL,NULL,'YES',NULL,NULL,NULL,'NO',1197),
 (458,'تجارت',3,'loan',178,NULL,NULL,'YES',NULL,NULL,NULL,'NO',1198),
 (459,'تجارت',3,'loan',178,NULL,NULL,'YES',NULL,NULL,NULL,'NO',1199),
 (460,'تجارت',3,'loan',178,NULL,NULL,'YES',NULL,NULL,NULL,'NO',1200),
 (461,'تجارت',3,'loan',178,NULL,NULL,'YES',NULL,NULL,NULL,'NO',1201),
 (462,'تجارت',3,'loan',178,NULL,NULL,'YES',NULL,NULL,NULL,'NO',1202),
 (463,'سند ملکی مازاد - پلاک 274',1,'loan',178,NULL,NULL,'YES',NULL,NULL,NULL,'NO',1203),
 (464,'ملی پردیس',3,'loan',172,NULL,NULL,'YES',NULL,NULL,NULL,'NO',1204),
 (465,'سینا',3,'loan',172,NULL,NULL,'YES',NULL,NULL,NULL,'NO',1205),
 (466,'توسعه تعاون',3,'loan',176,NULL,NULL,'YES',NULL,NULL,NULL,'NO',1206),
 (467,'توسعه تعاون',3,'loan',176,NULL,NULL,'YES',NULL,NULL,NULL,'NO',1207),
 (468,'توسعه تعاون',3,'loan',176,NULL,NULL,'YES',NULL,NULL,NULL,'NO',1208),
 (469,'توسعه تعاون',3,'loan',176,NULL,NULL,'YES',NULL,NULL,NULL,'NO',1209),
 (470,'توسعه تعاون',3,'loan',176,NULL,NULL,'YES',NULL,NULL,NULL,'NO',1210),
 (471,'توسعه تعاون',3,'loan',176,NULL,NULL,'YES',NULL,NULL,NULL,'NO',1211),
 (472,'توسعه تعاون',3,'loan',176,NULL,NULL,'YES',NULL,NULL,NULL,'NO',1212),
 (473,'توسعه تعاون',3,'loan',176,NULL,NULL,'YES',NULL,NULL,NULL,'NO',1213),
 (474,'توسعه تعاون',3,'loan',176,NULL,NULL,'YES',NULL,NULL,NULL,'NO',1214),
 (475,'ملی',3,'loan',179,NULL,NULL,'YES',NULL,NULL,NULL,'NO',1215),
 (476,'تجارت',3,'loan',181,NULL,NULL,'YES',NULL,NULL,NULL,'NO',1216),
 (477,'تجارت',3,'loan',181,NULL,NULL,'YES',NULL,NULL,NULL,'NO',1217),
 (478,'سفته',4,'loan',182,NULL,NULL,'YES',NULL,NULL,NULL,'NO',1218),
 (479,'سفته',4,'loan',182,NULL,NULL,'YES',NULL,NULL,NULL,'NO',1219),
 (480,'سفته',4,'loan',182,NULL,NULL,'YES',NULL,NULL,NULL,'NO',1220),
 (481,'سفته',4,'loan',182,NULL,NULL,'YES',NULL,NULL,NULL,'NO',1221),
 (482,'تجارت',3,'loan',183,NULL,NULL,'YES',NULL,NULL,NULL,'NO',1222),
 (483,'سفته',4,'loan',183,NULL,NULL,'YES',NULL,NULL,NULL,'NO',1223),
 (484,'سفته',4,'loan',183,NULL,NULL,'YES',NULL,NULL,NULL,'NO',1224),
 (485,'تجارت',3,'loan',187,NULL,NULL,'YES',NULL,NULL,NULL,'NO',1225),
 (486,'ملی',3,'loan',186,NULL,NULL,'YES',NULL,NULL,NULL,'NO',1226),
 (487,'تجارت',3,'loan',188,NULL,NULL,'YES',NULL,NULL,NULL,'NO',1227),
 (488,'سفته',4,'loan',188,NULL,NULL,'YES',NULL,NULL,NULL,'NO',1228),
 (489,'سفته',4,'loan',188,NULL,NULL,'YES',NULL,NULL,NULL,'NO',1229),
 (490,'سفته',4,'loan',188,NULL,NULL,'YES',NULL,NULL,NULL,'NO',1230),
 (491,'سفته',4,'loan',188,NULL,NULL,'YES',NULL,NULL,NULL,'NO',1231),
 (492,'سفته',4,'loan',188,NULL,NULL,'YES',NULL,NULL,NULL,'NO',1232),
 (493,'تجارت',3,'loan',191,NULL,NULL,'YES',NULL,NULL,NULL,'NO',1233),
 (494,'ملی',3,'loan',191,NULL,NULL,'YES',NULL,NULL,NULL,'NO',1234),
 (495,'آینده',3,'loan',185,NULL,NULL,'YES',NULL,NULL,NULL,'NO',1235),
 (496,'مهر ایران',3,'loan',185,NULL,NULL,'YES',NULL,NULL,NULL,'NO',1236),
 (497,'مهر ایران',3,'loan',185,NULL,NULL,'YES',NULL,NULL,NULL,'NO',1237),
 (498,'مهر ایران',3,'loan',185,NULL,NULL,'YES',NULL,NULL,NULL,'NO',1238),
 (499,'مهر ایران',3,'loan',185,NULL,NULL,'YES',NULL,NULL,NULL,'NO',1239),
 (500,'مهرایران',3,'loan',185,NULL,NULL,'YES',NULL,NULL,NULL,'NO',1240),
 (501,'پاسارگاد',3,'loan',184,NULL,NULL,'YES',NULL,NULL,NULL,'NO',1241),
 (502,'پاسارگاد',3,'loan',184,NULL,NULL,'YES',NULL,NULL,NULL,'NO',1242),
 (503,'پاسارگاد',3,'loan',184,NULL,NULL,'YES',NULL,NULL,NULL,'NO',1243),
 (504,'پاسارگاد',3,'loan',184,NULL,NULL,'YES',NULL,NULL,NULL,'NO',1244),
 (505,'پاسارگاد',3,'loan',184,NULL,NULL,'YES',NULL,NULL,NULL,'NO',1245),
 (506,'پاسارگاد',3,'loan',184,NULL,NULL,'YES',NULL,NULL,NULL,'NO',1246),
 (507,'ملی',3,'loan',192,NULL,NULL,'YES',NULL,NULL,NULL,'NO',1247),
 (508,'ملی',3,'loan',192,NULL,NULL,'YES',NULL,NULL,NULL,'NO',1248),
 (509,'سفته',4,'loan',192,NULL,NULL,'YES',NULL,NULL,NULL,'NO',1249),
 (510,'ملی',3,'loan',173,NULL,NULL,'YES',NULL,NULL,NULL,'NO',1250),
 (511,'ملی',3,'loan',173,NULL,NULL,'YES',NULL,NULL,NULL,'NO',1251),
 (512,'ملی',3,'loan',173,NULL,NULL,'YES',NULL,NULL,NULL,'NO',1252),
 (513,'ملی',3,'loan',173,NULL,NULL,'YES',NULL,NULL,NULL,'NO',1253),
 (514,'ملی',3,'loan',173,NULL,NULL,'YES',NULL,NULL,NULL,'NO',1254),
 (515,'ملی',3,'loan',173,NULL,NULL,'YES',NULL,NULL,NULL,'NO',1255),
 (516,'تجارت',3,'loan',193,NULL,NULL,'YES',NULL,NULL,NULL,'NO',1256),
 (517,'تجارت',3,'loan',193,NULL,NULL,'YES',NULL,NULL,NULL,'NO',1257),
 (518,'تجارت',3,'loan',193,NULL,NULL,'YES',NULL,NULL,NULL,'NO',1258),
 (519,'تجارت',3,'loan',193,NULL,NULL,'YES',NULL,NULL,NULL,'NO',1259),
 (520,'تجارت',3,'loan',193,NULL,NULL,'YES',NULL,NULL,NULL,'NO',1260),
 (521,'تجارت',3,'loan',193,NULL,NULL,'YES',NULL,NULL,NULL,'NO',1261),
 (522,'وثیقه ملکی - ملک 38464',1,'loan',193,NULL,NULL,'YES',NULL,NULL,NULL,'NO',1262),
 (523,'پاسارگاد',3,'loan',194,NULL,NULL,'YES',NULL,NULL,NULL,'NO',1263),
 (524,'پاسارگاد',3,'loan',194,NULL,NULL,'YES',NULL,NULL,NULL,'NO',1264),
 (525,'پاسارگاد',3,'loan',194,NULL,NULL,'YES',NULL,NULL,NULL,'NO',1265),
 (526,'پاسارگاد',3,'loan',194,NULL,NULL,'YES',NULL,NULL,NULL,'NO',1266),
 (527,'پاسارگاد',3,'loan',194,NULL,NULL,'YES',NULL,NULL,NULL,'NO',1267),
 (528,'پاسارگاد',3,'loan',194,NULL,NULL,'YES',NULL,NULL,NULL,'NO',1269),
 (529,'وثیقه ملکی - ملک 8447',1,'loan',194,NULL,NULL,'YES',NULL,NULL,NULL,'NO',1270),
 (530,'تجارت',3,'loan',190,NULL,NULL,'YES',NULL,NULL,NULL,'NO',1271),
 (531,'تجارت',3,'loan',189,NULL,NULL,'YES',NULL,NULL,NULL,'NO',1272),
 (532,'ملیحه علیزاده قیاس آیاد',3,'loan',197,NULL,NULL,'YES',NULL,NULL,NULL,'NO',1282),
 (533,'وثیقه ملکی - وثیقه ملکی',1,'loan',198,NULL,NULL,'YES',NULL,NULL,NULL,'NO',1283),
 (534,'سفته',4,'loan',196,NULL,NULL,'YES',NULL,NULL,NULL,'NO',1284),
 (535,'سفته',4,'loan',196,NULL,NULL,'YES',NULL,NULL,NULL,'NO',1285),
 (536,'سفته',4,'loan',196,NULL,NULL,'YES',NULL,NULL,NULL,'NO',1286),
 (537,'ملی علی مردانی',3,'loan',196,NULL,NULL,'YES',NULL,NULL,NULL,'NO',1287),
 (538,'ملی علیمردانی',3,'loan',196,NULL,NULL,'YES',NULL,NULL,NULL,'NO',1288),
 (539,'ملی',3,'loan',62,NULL,NULL,'YES',NULL,NULL,NULL,'NO',1289),
 (540,'ملی',3,'loan',62,NULL,NULL,'YES',NULL,NULL,NULL,'NO',1290),
 (541,'تجارت',3,'loan',63,NULL,NULL,'YES',NULL,NULL,NULL,'NO',1291),
 (542,'تجارت',3,'loan',60,NULL,NULL,'YES',NULL,NULL,NULL,'NO',1292),
 (543,'تجارت',3,'loan',60,NULL,NULL,'YES',NULL,NULL,NULL,'NO',1293),
 (544,'پاسارگاد',3,'loan',40,NULL,NULL,'YES',NULL,NULL,NULL,'NO',1294),
 (545,'ملت',3,'loan',40,NULL,NULL,'YES',NULL,NULL,NULL,'NO',1295),
 (546,'صادرات',3,'loan',38,NULL,NULL,'YES',NULL,NULL,NULL,'NO',1296),
 (547,'سفته',4,'loan',38,NULL,NULL,'YES',NULL,NULL,NULL,'NO',1297),
 (548,'سفته',4,'loan',38,NULL,NULL,'YES',NULL,NULL,NULL,'NO',1298),
 (549,'سفته',4,'loan',38,NULL,NULL,'YES',NULL,NULL,NULL,'NO',1299),
 (550,'سفته',4,'loan',38,NULL,NULL,'YES',NULL,NULL,NULL,'NO',1300),
 (551,'تجارت',3,'loan',64,NULL,NULL,'YES',NULL,NULL,NULL,'NO',1301),
 (552,'ملی',3,'loan',64,NULL,NULL,'YES',NULL,NULL,NULL,'NO',1302),
 (553,'ملی',3,'loan',97,NULL,NULL,'YES',NULL,NULL,NULL,'NO',1308),
 (554,'سفته',4,'loan',97,NULL,NULL,'YES',NULL,NULL,NULL,'NO',1309),
 (555,'سفته',4,'loan',97,NULL,NULL,'YES',NULL,NULL,NULL,'NO',1310),
 (556,'سفته',4,'loan',97,NULL,NULL,'YES',NULL,NULL,NULL,'NO',1311),
 (557,'ملت سید مجتبی صحاف',3,'loan',199,NULL,NULL,'YES',NULL,NULL,NULL,'NO',1312),
 (558,'سفته',4,'loan',199,NULL,NULL,'YES',NULL,NULL,NULL,'NO',1313),
 (559,'سفته',4,'loan',199,NULL,NULL,'YES',NULL,NULL,NULL,'NO',1314),
 (560,'سفته',4,'loan',199,NULL,NULL,'YES',NULL,NULL,NULL,'NO',1315),
 (561,'ملی محمدشکوهی فر',3,'loan',200,NULL,NULL,'YES',NULL,NULL,NULL,'NO',1316),
 (562,'سامان عادل سپهر',3,'loan',200,NULL,NULL,'YES',NULL,NULL,NULL,'NO',1317),
 (563,'توسعه تعاون انگاره فیزیک',3,'loan',201,NULL,NULL,'YES',NULL,NULL,NULL,'NO',1318),
 (564,'ملی علیزاده قمصری',3,'loan',201,NULL,NULL,'YES',NULL,NULL,NULL,'NO',1319),
 (565,'ملت',3,'loan',195,NULL,NULL,'YES',NULL,NULL,NULL,'NO',1320),
 (566,'سفته',4,'loan',195,NULL,NULL,'YES',NULL,NULL,NULL,'NO',1321),
 (567,'سفته',4,'loan',195,NULL,NULL,'YES',NULL,NULL,NULL,'NO',1322),
 (568,'ملی جوادی مال آباد',3,'loan',202,NULL,NULL,'YES',NULL,NULL,NULL,'NO',1323),
 (569,'کشاورزی',3,'loan',202,NULL,NULL,'YES',NULL,NULL,NULL,'NO',1324),
 (570,'وثیقه ملکی رضا درودی - وثیقه ملکی 545698',1,'loan',180,NULL,NULL,'YES',NULL,NULL,NULL,'NO',1325),
 (571,'دفتر110مشهد - 20099',7,'loan',203,NULL,NULL,'YES',NULL,NULL,NULL,'NO',1326),
 (572,'تجارت',3,'loan',204,NULL,NULL,'YES',NULL,NULL,NULL,'NO',1327),
 (573,'سفته',4,'loan',204,NULL,NULL,'YES',NULL,NULL,NULL,'NO',1328),
 (574,'سفته',4,'loan',204,NULL,NULL,'YES',NULL,NULL,NULL,'NO',1329),
 (575,'سفته',4,'loan',204,NULL,NULL,'YES',NULL,NULL,NULL,'NO',1330),
 (576,'وثیقه ملکی - 1',1,'loan',205,NULL,NULL,'YES',NULL,NULL,NULL,'NO',1331),
 (577,'صادرات شرکت خاک و سنگ الماس',3,'loan',206,NULL,NULL,'YES',NULL,NULL,NULL,'NO',1332),
 (578,'ملی شرکت سورن تک توس',3,'loan',206,NULL,NULL,'YES',NULL,NULL,NULL,'NO',1333),
 (579,'سفته',4,'loan',206,NULL,NULL,'YES',NULL,NULL,NULL,'NO',1334),
 (580,'سفته',4,'loan',206,NULL,NULL,'YES',NULL,NULL,NULL,'NO',1335),
 (581,'سفته',4,'loan',206,NULL,NULL,'YES',NULL,NULL,NULL,'NO',1336),
 (582,'سفته',4,'loan',206,NULL,NULL,'YES',NULL,NULL,NULL,'NO',1337),
 (583,'سامان سامان داروی هشتم',3,'loan',207,NULL,NULL,'YES',NULL,NULL,NULL,'NO',1338),
 (584,'سفته',4,'loan',207,NULL,NULL,'YES',NULL,NULL,NULL,'NO',1339),
 (585,'سفته',4,'loan',207,NULL,NULL,'YES',NULL,NULL,NULL,'NO',1340),
 (586,'سفته',4,'loan',207,NULL,NULL,'YES',NULL,NULL,NULL,'NO',1341),
 (587,'سفته',4,'loan',207,NULL,NULL,'YES',NULL,NULL,NULL,'NO',1342),
 (588,'تجارت اتوماسیون اداری',3,'loan',208,NULL,NULL,'YES',NULL,NULL,NULL,'NO',1343),
 (589,'تجارت محمدهنرور',3,'loan',208,NULL,NULL,'YES',NULL,NULL,NULL,'NO',1344),
 (590,'سفته',4,'loan',208,NULL,NULL,'YES',NULL,NULL,NULL,'NO',1345),
 (591,'سفته',4,'loan',208,NULL,NULL,'YES',NULL,NULL,NULL,'NO',1346),
 (592,'سفته',4,'loan',208,NULL,NULL,'YES',NULL,NULL,NULL,'NO',1347),
 (593,'سفته',4,'loan',208,NULL,NULL,'YES',NULL,NULL,NULL,'NO',1348),
 (594,'سفته',4,'loan',208,NULL,NULL,'YES',NULL,NULL,NULL,'NO',1349),
 (595,'سفته',4,'loan',208,NULL,NULL,'YES',NULL,NULL,NULL,'NO',1350),
 (596,'سفته',4,'loan',208,NULL,NULL,'YES',NULL,NULL,NULL,'NO',1351),
 (597,'تجارت',3,'loan',209,NULL,NULL,'YES',NULL,NULL,NULL,'NO',1355),
 (598,'سفته',4,'loan',209,NULL,NULL,'YES',NULL,NULL,NULL,'NO',1356),
 (599,'تجارت دانشگاه فردوسی',3,'loan',211,NULL,NULL,'YES',NULL,NULL,NULL,'NO',1357),
 (600,'سفته',4,'loan',211,NULL,NULL,'YES',NULL,NULL,NULL,'NO',1358),
 (601,'تجارت سیادتی',3,'loan',212,NULL,NULL,'YES',NULL,NULL,NULL,'NO',1359),
 (602,'ملی پردیس',3,'loan',213,NULL,NULL,'YES',NULL,NULL,NULL,'NO',1360),
 (603,'ملی پردیس',3,'loan',213,NULL,NULL,'YES',NULL,NULL,NULL,'NO',1361),
 (604,'اقتصاد نوین',3,'loan',215,NULL,NULL,'YES',NULL,NULL,NULL,'NO',1362),
 (605,'سفته',4,'loan',215,NULL,NULL,'YES',NULL,NULL,NULL,'NO',1363),
 (606,'سفته',4,'loan',215,NULL,NULL,'YES',NULL,NULL,NULL,'NO',1364),
 (607,'سفته',4,'loan',215,NULL,NULL,'YES',NULL,NULL,NULL,'NO',1365),
 (608,'اقتصاد نوین',3,'loan',215,NULL,NULL,'YES',NULL,NULL,NULL,'NO',1366),
 (609,'ملی',3,'loan',216,NULL,NULL,'YES',NULL,NULL,NULL,'NO',1367),
 (610,'سپه طلائی',3,'loan',217,NULL,NULL,'YES',NULL,NULL,NULL,'NO',1368),
 (611,'ملی',3,'loan',217,NULL,NULL,'YES',NULL,NULL,NULL,'NO',1369),
 (612,'پاسارگاد',3,'loan',218,NULL,NULL,'YES',NULL,NULL,NULL,'NO',1370),
 (613,'سفته',4,'loan',218,NULL,NULL,'YES',NULL,NULL,NULL,'NO',1371),
 (614,'سفته',4,'loan',218,NULL,NULL,'YES',NULL,NULL,NULL,'NO',1372),
 (615,'سفته',4,'loan',218,NULL,NULL,'YES',NULL,NULL,NULL,'NO',1373),
 (616,'سفته',4,'loan',218,NULL,NULL,'YES',NULL,NULL,NULL,'NO',1374),
 (617,'سفته',4,'loan',218,NULL,NULL,'YES',NULL,NULL,NULL,'NO',1375),
 (618,'سفته',4,'loan',218,NULL,NULL,'YES',NULL,NULL,NULL,'NO',1376),
 (619,'ملی',3,'loan',219,NULL,NULL,'YES',NULL,NULL,NULL,'NO',1377),
 (620,'سفته',4,'loan',219,NULL,NULL,'YES',NULL,NULL,NULL,'NO',1378),
 (621,'سفته',4,'loan',219,NULL,NULL,'YES',NULL,NULL,NULL,'NO',1379),
 (622,'سفته',4,'loan',219,NULL,NULL,'YES',NULL,NULL,NULL,'NO',1380),
 (623,'سفته',4,'loan',219,NULL,NULL,'YES',NULL,NULL,NULL,'NO',1381),
 (624,'سفته',4,'loan',219,NULL,NULL,'YES',NULL,NULL,NULL,'NO',1382),
 (625,'سفته',4,'loan',219,NULL,NULL,'YES',NULL,NULL,NULL,'NO',1383),
 (626,'ملی',3,'loan',220,NULL,NULL,'YES',NULL,NULL,NULL,'NO',1384),
 (627,'ملی',3,'loan',220,NULL,NULL,'YES',NULL,NULL,NULL,'NO',1385),
 (628,'صندوق پزوهش - سهام شرکت از صندوق',7,'loan',221,NULL,NULL,'YES',NULL,NULL,NULL,'NO',1386),
 (629,'ملت',3,'loan',222,NULL,NULL,'YES',NULL,NULL,NULL,'NO',1387),
 (630,'ملی',3,'loan',222,NULL,NULL,'YES',NULL,NULL,NULL,'NO',1388),
 (631,'توسعه تعاون',3,'loan',223,NULL,NULL,'YES',NULL,NULL,NULL,'NO',1389),
 (632,'سفته',4,'loan',223,NULL,NULL,'YES',NULL,NULL,NULL,'NO',1390),
 (633,'سفته',4,'loan',223,NULL,NULL,'YES',NULL,NULL,NULL,'NO',1391),
 (634,'سفته',4,'loan',223,NULL,NULL,'YES',NULL,NULL,NULL,'NO',1392),
 (635,'ملی',3,'loan',224,NULL,NULL,'YES',NULL,NULL,NULL,'NO',1393),
 (636,'سفته',4,'loan',224,NULL,NULL,'YES',NULL,NULL,NULL,'NO',1394),
 (637,'سفته',4,'loan',224,NULL,NULL,'YES',NULL,NULL,NULL,'NO',1395),
 (638,'دفتراسناد110مشهد - 20090',7,'loan',224,NULL,NULL,'YES',NULL,NULL,NULL,'NO',1396),
 (639,'دفتراسناد110مشهد - 20477',7,'loan',225,NULL,NULL,'YES',NULL,NULL,NULL,'NO',1397),
 (640,'سپه',3,'loan',226,NULL,NULL,'YES',NULL,NULL,NULL,'NO',1398),
 (641,'سفته 229',4,'loan',226,NULL,NULL,'YES',NULL,NULL,NULL,'NO',1399),
 (642,'سفته',4,'loan',226,NULL,NULL,'YES',NULL,NULL,NULL,'NO',1400),
 (643,'سفته',4,'loan',226,NULL,NULL,'YES',NULL,NULL,NULL,'NO',1401),
 (644,'اساسنامه',41,'person',1001,'jpg',0xFFD8FFE000104A46494600010201006000600000FFE1302D4578696600004D4D002A00000008000D010E000200000010000000AA011200030000000100010000011A000500000001000000BA011B000500000001000000C2012800030000000100020000013100020000001C000000CA0132000200000014000000E6013B00020000001C000000FA829800020000001C000001169C9B000100000020000001329C9D00010000003800000152EA1C0007000007C40000018A87690004000000010000095000001194,'YES',1001,1000,NULL,'NO',NULL),
 (645,'-',3,'loan',225,'jpg',0xFFD8FFE000104A46494600010201006000600000FFE1302D4578696600004D4D002A00000008000D010E000200000010000000AA011200030000000100010000011A000500000001000000BA011B000500000001000000C2012800030000000100020000013100020000001C000000CA0132000200000014000000E6013B00020000001C000000FA829800020000001C000001169C9B000100000020000001329C9D00010000003800000152EA1C0007000007C40000018A87690004000000010000095000001194,'NOTSET',1000,NULL,NULL,'NO',NULL),
 (646,'صفحه 1',0,'letter',8,'jpg',0xFFD8FFE000104A46494600010201006000600000FFE135E14578696600004D4D002A00000008000D010E000200000010000000AA011200030000000100010000011A000500000001000000BA011B000500000001000000C2012800030000000100020000013100020000001C000000CA0132000200000014000000E6013B00020000001C000000FA829800020000001C000001169C9B000100000020000001329C9D00010000003800000152EA1C0007000007C40000018A87690004000000010000095000001194,'NOTSET',1000,NULL,NULL,'NO',NULL),
 (649,'صفحه دوم',0,'letter',8,'jpg',0xFFD8FFE000104A46494600010201006000600000FFEE000E41646F626500640000000001FFE1135D4578696600004D4D002A000000080007013200020000001400000062013B000200000007000000764746000300000001000400004749000300000001003F00009C9D00010000000E00000000EA1C00070000080C0000000087690004000000010000007D000000E7323030393A30333A31322031333A34363A343200436F726269730000059003000200000014000000BF9004000200000014000000D3929100,'NOTSET',1000,NULL,NULL,'NO',NULL),
 (650,'صفحه سوم',0,'letter',8,'jpg',0xFFD8FFE000104A46494600010201006000600000FFE110364578696600004D4D002A0000000800070132000200000014000000624746000300000001000300004749000300000001002600008298000200000016000000769C9D00010000001800000000EA1C0007000007D20000000087690004000000010000008C000000F6323030393A30333A31322031333A34383A3138004D6963726F736F667420436F72706F726174696F6E0000059003000200000014000000CE9004000200000014000000E292910002,'NOTSET',1000,NULL,NULL,'NO',NULL),
 (651,'یسبس',0,'letter',8,'jpg',0xFFD8FFE000104A46494600010201006000600000FFEE000E41646F626500640000000001FFE112084578696600004D4D002A000000080007013200020000001400000062013B000200000007000000764746000300000001000400004749000300000001003F00009C9D00010000000E00000000EA1C00070000076E0000000087690004000000010000007D000000E7323030393A30333A31322031333A34383A333500436F726269730000059003000200000014000000BF9004000200000014000000D3929100,'NOTSET',1000,NULL,NULL,'NO',NULL),
 (652,'سیبسیب',0,'letter',8,'jpg',0xFFD8FFE000104A46494600010201006000600000FFE112864578696600004D4D002A0000000800070132000200000014000000624746000300000001000400004749000300000001003F00008298000200000016000000769C9D00010000001C00000000EA1C0007000007D20000000087690004000000010000008C000000F6323030393A30333A31322031333A34383A3339004D6963726F736F667420436F72706F726174696F6E0000059003000200000014000000CE9004000200000014000000E292910002,'NOTSET',1000,NULL,NULL,'NO',NULL),
 (653,'سیبسیب',0,'letter',8,'jpg',0xFFD8FFE000104A46494600010201006000600000FFEE000E41646F626500640000000001FFE114234578696600004D4D002A000000080007013200020000001400000062013B000200000007000000764746000300000001000400004749000300000001003F00009C9D00010000000E00000000EA1C0007000007F40000000087690004000000010000007D000000E7323030393A30333A31322031333A34383A323800436F726269730000059003000200000014000000BF9004000200000014000000D3929100,'NOTSET',1000,NULL,NULL,'NO',NULL),
 (654,'سیبسیب',0,'letter',8,'jpg',0xFFD8FFE000104A46494600010201006000600000FFE10F074578696600004D4D002A0000000800060132000200000014000000564746000300000001000300004749000300000001003200009C9D00010000000E00000000EA1C0007000007F40000000087690004000000010000006A000000D4323030393A30333A31322031333A34373A34330000059003000200000014000000AC9004000200000014000000C0929100020000000335340000929200020000000335340000EA1C0007000007B4000000000000,'NOTSET',1000,NULL,NULL,'NO',NULL),
 (655,'یسبسیب',0,'letter',8,'jpg',0xFFD8FFE000104A46494600010201006000600000FFEE000E41646F626500640000000001FFE111D84578696600004D4D002A000000080007010E00020000004E0000086E013B000200000016000008BC8298000200000016000008D28769000400000001000008E89C9B00010000009C000011089C9D00010000002C000011A4EA1C00070000080C00000062000000001CEA000000080000000000000000000000000000000000000000000000000000000000000000000000000000000000000000000000000000,'NOTSET',1000,NULL,NULL,'NO',NULL),
 (656,'سیبسرذدرد',0,'letter',8,'jpg',0xFFD8FFE000104A46494600010201006000600000FFE12E774578696600004D4D002A00000008000D010E000200000010000000AA011200030000000100010000011A000500000001000000BA011B000500000001000000C2012800030000000100020000013100020000001C000000CA0132000200000014000000E6013B00020000001C000000FA829800020000001C000001169C9B000100000020000001329C9D00010000003800000152EA1C0007000007C40000018A87690004000000010000095000001194,'NOTSET',1000,NULL,NULL,'NO',NULL),
 (657,'زرذزرذز',0,'letter',8,'jpg',0xFFD8FFE000104A46494600010201006000600000FFEE000E41646F626500640000000001FFE1117E4578696600004D4D002A000000080007010E0002000000360000086E013B000200000011000008A48298000200000011000008B68769000400000001000008C89C9B00010000006C000010E89C9D00010000002200001154EA1C00070000080C00000062000000001CEA000000080000000000000000000000000000000000000000000000000000000000000000000000000000000000000000000000000000,'NOTSET',1000,NULL,NULL,'NO',NULL),
 (658,'رزذزرذ',0,'letter',8,'jpg',0xFFD8FFE000104A46494600010201006000600000FFE1309B4578696600004D4D002A00000008000D010E000200000010000000AA011200030000000100010000011A000500000001000000BA011B000500000001000000C2012800030000000100020000013100020000001C000000CA0132000200000014000000E6013B00020000001C000000FA829800020000001C000001169C9B000100000020000001329C9D00010000003800000152EA1C0007000007C40000018A87690004000000010000095000001194,'NOTSET',1000,NULL,NULL,'NO',NULL),
 (659,'اتناتن',0,'letter',8,'jpg',0xFFD8FFE000104A46494600010201006000600000FFE11E4D4578696600004D4D002A00000008000D010E000200000010000000AA011200030000000100010000011A000500000001000000BA011B000500000001000000C2012800030000000100020000013100020000001C000000CA0132000200000014000000E6013B00020000001C000000FA829800020000001C000001169C9B000100000020000001329C9D00010000003800000152EA1C0007000007C40000018A87690004000000010000095000001194,'NOTSET',1000,NULL,NULL,'NO',NULL);
/*!40000 ALTER TABLE `DMS_documents` ENABLE KEYS */;


--
-- Definition of table `DMS_packages`
--

DROP TABLE IF EXISTS `DMS_packages`;
CREATE TABLE `DMS_packages` (
  `PackageID` int(10) unsigned NOT NULL auto_increment COMMENT 'کد بسته',
  `PackDesc` varchar(500) character set utf8 NOT NULL COMMENT 'عتوان',
  `ObjectType` varchar(50) character set utf8 default NULL COMMENT 'نوع آبجکت',
  `ObjectID` int(10) unsigned default NULL COMMENT 'کد آبجکت',
  `description` varchar(1000) character set utf8 default NULL COMMENT 'توضیحات',
  PRIMARY KEY  (`PackageID`)
) ENGINE=InnoDB DEFAULT CHARSET=latin1;

--
-- Dumping data for table `DMS_packages`
--

/*!40000 ALTER TABLE `DMS_packages` DISABLE KEYS */;
/*!40000 ALTER TABLE `DMS_packages` ENABLE KEYS */;


--
-- Definition of table `DataAudit`
--

DROP TABLE IF EXISTS `DataAudit`;
CREATE TABLE `DataAudit` (
  `DataAuditID` int(10) unsigned NOT NULL auto_increment,
  `PersonID` int(11) NOT NULL COMMENT 'کد شخصی عمل کننده',
  `TableName` varchar(100) collate utf8_persian_ci NOT NULL COMMENT 'نام جدول',
  `MainObjectID` int(11) NOT NULL COMMENT 'کد داده اصلی دستکاری شده',
  `SubObjectID` int(11) default NULL COMMENT 'کد داده فرعی دستکاری شده',
  `ActionType` enum('ADD','DELETE','UPDATE','VIEW','SEARCH','SEND','RETURN','CONFIRM','REJECT','OTHER') character set utf8 default NULL COMMENT 'نوع عمل',
  `SystemID` int(11) NOT NULL COMMENT 'کد سیستم جاری',
  `PageName` varchar(100) collate utf8_persian_ci NOT NULL COMMENT 'نام صفحه ای این دستکاری توسط آن انجام شده',
  `description` varchar(200) collate utf8_persian_ci default NULL COMMENT 'توضیحات بیشتر',
  `IPAddress` varchar(100) collate utf8_persian_ci NOT NULL COMMENT 'آدرس آی پی کامپیوتر عمل کننده',
  `ActionTime` datetime NOT NULL COMMENT 'زمان انجام عمل',
  `QueryString` varchar(2000) character set utf8 default NULL COMMENT 'query اجرا شده',
  PRIMARY KEY  (`DataAuditID`)
) ENGINE=MyISAM AUTO_INCREMENT=2554 DEFAULT CHARSET=utf8 COLLATE=utf8_persian_ci COMMENT='اطلاعات ممیزی ';

--
-- Dumping data for table `DataAudit`
--

/*!40000 ALTER TABLE `DataAudit` DISABLE KEYS */;
INSERT INTO `DataAudit` (`DataAuditID`,`PersonID`,`TableName`,`MainObjectID`,`SubObjectID`,`ActionType`,`SystemID`,`PageName`,`description`,`IPAddress`,`ActionTime`,`QueryString`) VALUES 
 (2379,1000,'OFC_letters',1,NULL,'ADD',4,'http://rtfund/office/start.php?SystemID=4',NULL,'127.0.0.1','2015-12-29 14:54:00','insert into OFC_letters(LetterType,LetterTitle,LetterDate,RegDate,PersonID,summary,context) values (\'INNER\',\'سشیسی\',now(),now(),\'1000\',\'شسیشسی\',\'<p>sa&nbsp; شی سشی</p>\n\n<p><strong>&nbsp;شنستیا شنستیانتشاسینتان</strong></p>\n\')'),
 (2380,1000,'OFC_letters',2,NULL,'ADD',4,'http://rtfund/office/start.php?SystemID=4',NULL,'127.0.0.1','2015-12-29 14:55:54','insert into OFC_letters(LetterType,LetterTitle,LetterDate,RegDate,PersonID,summary,context) values (\'INNER\',\'نامه تستی\',now(),now(),\'1000\',\'---\',\'<p>به نام خدا</p>\n\n<p>با احترام</p>\n\n<hr />\n<p>شسیمن بسمینب شسنم نشمت بنمسیت بمنشت منبت نشستی منسیتشب منست</p>\n\n<p>با تشکر</p>\n\n<p>&nbsp;شسنمبت سنم</p>\n\')'),
 (2381,1000,'OFC_letters',2,NULL,'UPDATE',4,'http://rtfund/office/start.php?SystemID=4',NULL,'127.0.0.1','2015-12-29 14:55:57','update OFC_letters set LetterID=\'2\',LetterType=\'INNER\',LetterTitle=\'نامه تستی\',SubjectID=null,summary=\'---\',context=\'<p>به نام خدا</p>\n\n<p>با احترام</p>\n\n<hr />\n<p>شسیمن بسمینب شسنم نشمت بنمسیت بمنشت منبت نشستی منسیتشب منست</p>\n\n<p>با تشکر</p>\n\n<p>&nbsp;شسنمبت سنم</p>\n\' where  LetterID=\'2\''),
 (2382,1000,'OFC_letters',2,NULL,'UPDATE',4,'http://rtfund/office/start.php?SystemID=4',NULL,'127.0.0.1','2015-12-29 14:56:03','update OFC_letters set LetterID=\'2\',LetterType=\'INNER\',LetterTitle=\'نامه تستی\',SubjectID=null,summary=\'---\',context=\'<p>به نام خدا</p>\n\n<p>با احترام</p>\n\n<hr />\n<p>شسیمن بسمینب شسنم نشمت بنمسیت بمنشت منبت نشستی منسیتشب منست</p>\n\n<p>با تشکر</p>\n\n<p>&nbsp;شسنمبت سنمسیب سیب</p>\n\' where  LetterID=\'2\''),
 (2383,1000,'OFC_letters',1,NULL,'DELETE',4,'http://rtfund/office/start.php?SystemID=4',NULL,'127.0.0.1','2015-12-29 20:01:13','delete from OFC_letters where LetterID=\'1\' '),
 (2384,1000,'OFC_letters',2,NULL,'UPDATE',4,'http://rtfund/office/start.php?SystemID=4',NULL,'127.0.0.1','2015-12-29 20:08:37','update OFC_letters set LetterID=\'2\',LetterType=\'INNER\',LetterTitle=\'نامه تستی\',SubjectID=null,summary=\'---نیت مشنتیم\',context=null where  LetterID=\'2\''),
 (2385,1001,'LON_requests',229,NULL,'ADD',1000,'http://rtfund/portal/index.php',NULL,'127.0.0.1','2015-12-31 18:11:53','insert into LON_requests(RequestID,BranchID,LoanID,ReqPersonID,ReqDate,ReqAmount,StatusID,BorrowerDesc,BorrowerID,guarantees,AgentGuarantee) values (\'0\',\'1\',\'9\',\'1001\',now(),\'120000000\',\'1\',\'شرکت X\',\'56465465654\',\'3,4\',\'NO\')'),
 (2386,1001,'LON_ReqParts',228,NULL,'ADD',1000,'http://rtfund/portal/index.php',NULL,'127.0.0.1','2015-12-31 18:11:54','insert into LON_ReqParts(RequestID,PartDesc,PartDate,PartAmount,InstallmentCount,IntervalType,PayInterval,DelayMonths,ForfeitPercent,CustomerWage,FundWage) values (\'229\',\'مرحله اول\',now(),\'120000000\',\'0\',\'MONTH\',\'0\',\'0\',\'0\',\'0\',\'0\')'),
 (2387,1001,'LON_ReqParts',228,NULL,'UPDATE',1000,'http://rtfund/portal/index.php',NULL,'127.0.0.1','2015-12-31 18:12:29','update LON_ReqParts set PartID=\'228\',RequestID=\'229\',PartDesc=\'مرحله اول\',PartDate=\'2015/12/31\',PartAmount=\'120000000\',InstallmentCount=\'24\',IntervalType=\'MONTH\',PayInterval=\'1\',DelayMonths=\'0\',ForfeitPercent=\'0\',CustomerWage=\'4\',FundWage=\'4\' where  PartID=\'228\''),
 (2388,1001,'LON_requests',229,NULL,'UPDATE',1000,'http://rtfund/portal/index.php',NULL,'127.0.0.1','2015-12-31 18:12:36','update LON_requests set RequestID=\'229\',BranchID=\'1\',LoanID=\'9\',ReqAmount=\'120000000\',StatusID=\'10\',ReqDetails=null,BorrowerDesc=\'شرکت X\',BorrowerID=\'56465465654\',LoanPersonID=\'1001\',guarantees=\'3,4\',AgentGuarantee=\'NO\',DocumentDesc=null,SupportPersonID=null where  RequestID=\'229\''),
 (2389,1000,'FRW_menus',59,NULL,'ADD',1,'http://rtfund/framework/start.php?SystemID=1',NULL,'127.0.0.1','2016-01-03 17:04:34','insert into FRW_menus(SystemID,ParentID,MenuDesc,IsActive,ordering,icon) values (\'4\',\'29\',\'نامه های پیش نویس\',\'YES\',\'2\',\'letter/DraftLetters.php\')'),
 (2390,1000,'FRW_menus',59,NULL,'UPDATE',1,'http://rtfund/framework/start.php?SystemID=1',NULL,'127.0.0.1','2016-01-03 17:04:43','update FRW_menus set SystemID=\'4\',MenuID=\'59\',MenuDesc=\'نامه های پیش نویس\',IsActive=\'YES\',ordering=\'2\',icon=null,MenuPath=\'letter/DraftLetters.php\' where MenuID=\'59\''),
 (2391,1000,'FRW_menus',30,NULL,'UPDATE',1,'http://rtfund/framework/start.php?SystemID=1',NULL,'127.0.0.1','2016-01-03 17:04:49','update FRW_menus set SystemID=\'4\',MenuID=\'30\',MenuDesc=\'نامه های رسیده\',IsActive=\'YES\',ordering=\'3\',icon=null,MenuPath=\'letter/receive.php\' where MenuID=\'30\''),
 (2392,1000,'FRW_menus',32,NULL,'UPDATE',1,'http://rtfund/framework/start.php?SystemID=1',NULL,'127.0.0.1','2016-01-03 17:04:55','update FRW_menus set SystemID=\'4\',MenuID=\'32\',MenuDesc=\'نامه های ارسالی\',IsActive=\'YES\',ordering=\'4\',icon=null,MenuPath=\'letter/send.php\' where MenuID=\'32\''),
 (2393,1000,'FRW_access',0,1000,'ADD',1,'http://rtfund/framework/start.php?SystemID=1',NULL,'127.0.0.1','2016-01-03 17:05:10','insert into FRW_access(MenuID,PersonID,ViewFlag,AddFlag,EditFlag,RemoveFlag) values (\'31\',\'1000\',\'YES\',\'YES\',\'YES\',\'YES\')'),
 (2394,1000,'FRW_access',0,1000,'ADD',1,'http://rtfund/framework/start.php?SystemID=1',NULL,'127.0.0.1','2016-01-03 17:05:10','insert into FRW_access(MenuID,PersonID,ViewFlag,AddFlag,EditFlag,RemoveFlag) values (\'59\',\'1000\',\'YES\',\'YES\',\'YES\',\'YES\')'),
 (2395,1000,'FRW_access',0,1000,'ADD',1,'http://rtfund/framework/start.php?SystemID=1',NULL,'127.0.0.1','2016-01-03 17:05:10','insert into FRW_access(MenuID,PersonID,ViewFlag,AddFlag,EditFlag,RemoveFlag) values (\'30\',\'1000\',\'YES\',\'YES\',\'YES\',\'YES\')'),
 (2396,1000,'FRW_access',0,1000,'ADD',1,'http://rtfund/framework/start.php?SystemID=1',NULL,'127.0.0.1','2016-01-03 17:05:10','insert into FRW_access(MenuID,PersonID,ViewFlag,AddFlag,EditFlag,RemoveFlag) values (\'32\',\'1000\',\'YES\',\'YES\',\'YES\',\'YES\')'),
 (2397,1000,'FRW_access',0,1000,'ADD',1,'http://rtfund/framework/start.php?SystemID=1',NULL,'127.0.0.1','2016-01-03 17:05:10','insert into FRW_access(MenuID,PersonID,ViewFlag,AddFlag,EditFlag,RemoveFlag) values (\'53\',\'1000\',\'YES\',\'YES\',\'YES\',\'YES\')'),
 (2398,1000,'FRW_access',0,1000,'ADD',1,'http://rtfund/framework/start.php?SystemID=1',NULL,'127.0.0.1','2016-01-03 17:05:10','insert into FRW_access(MenuID,PersonID,ViewFlag,AddFlag,EditFlag,RemoveFlag) values (\'56\',\'1000\',\'YES\',\'YES\',\'YES\',\'YES\')'),
 (2399,1000,'FRW_access',0,1000,'ADD',1,'http://rtfund/framework/start.php?SystemID=1',NULL,'127.0.0.1','2016-01-03 17:05:10','insert into FRW_access(MenuID,PersonID,ViewFlag,AddFlag,EditFlag,RemoveFlag) values (\'38\',\'1000\',\'YES\',\'YES\',\'YES\',\'YES\')'),
 (2400,1000,'FRW_access',0,1000,'ADD',1,'http://rtfund/framework/start.php?SystemID=1',NULL,'127.0.0.1','2016-01-03 17:05:10','insert into FRW_access(MenuID,PersonID,ViewFlag,AddFlag,EditFlag,RemoveFlag) values (\'57\',\'1000\',\'YES\',\'YES\',\'YES\',\'YES\')'),
 (2401,1000,'OFC_letters',3,NULL,'ADD',4,'http://rtfund/office/start.php?SystemID=4',NULL,'127.0.0.1','2016-01-03 17:09:19','insert into OFC_letters(LetterType,LetterTitle,LetterDate,RegDate,PersonID,context) values (\'INNER\',\'سمبنت سمنیب\',now(),now(),\'1000\',\'<p>بیس نبسیمنب سیمنبت</p>\n\')'),
 (2402,1000,'OFC_letters',2,NULL,'UPDATE',4,'http://rtfund/office/start.php?SystemID=4',NULL,'127.0.0.1','2016-01-03 17:20:35','update OFC_letters set LetterID=\'2\',LetterType=\'INNER\',LetterTitle=\'نامه تستی\',SubjectID=null,summary=\'---نیت مشنتیم\',context=\'<p>سی بی سبسی سیب</p>\n\' where  LetterID=\'2\''),
 (2403,1000,'OFC_letters',2,NULL,'UPDATE',4,'http://rtfund/office/start.php?SystemID=4',NULL,'127.0.0.1','2016-01-03 17:22:59','update OFC_letters set LetterID=\'2\',LetterType=\'INNER\',LetterTitle=\'نامه تستی\',SubjectID=null,summary=\'---نیت مشنتیم\',context=\'<p><em><strong>منس مسینت بسمنتی بمسبنی</strong></em></p>\n\' where  LetterID=\'2\''),
 (2404,1000,'OFC_letters',4,NULL,'ADD',4,'http://rtfund/office/start.php?SystemID=4',NULL,'127.0.0.1','2016-01-03 17:47:17','insert into OFC_letters(LetterType,LetterTitle,LetterDate,RegDate,PersonID,context) values (\'INNER\',\'نامه تشکر\',now(),now(),\'1000\',\'<p style=\"text-align:center\">به نام خدا</p>\n\n<p>با سلام</p>\n\n<p>لطفا اقدامات لازم را مبذول فرمایید</p>\n\n<p>با تشکر</p>\n\n<hr />\')'),
 (2405,1000,'OFC_letters',4,NULL,'UPDATE',4,'http://rtfund/office/start.php?SystemID=4',NULL,'127.0.0.1','2016-01-03 17:47:26','update OFC_letters set LetterID=\'4\',LetterType=\'INNER\',LetterTitle=\'نامه تشکر\',SubjectID=null,summary=\'تشکر از ....\',context=\'<p style=\"text-align:center\">به نام خدا</p>\n\n<p>با سلام</p>\n\n<p>لطفا اقدامات لازم را مبذول فرمایید</p>\n\n<p>با تشکر</p>\n\n<hr />\' where  LetterID=\'4\''),
 (2406,1000,'OFC_letters',4,NULL,'UPDATE',4,'http://rtfund/office/start.php?SystemID=4',NULL,'127.0.0.1','2016-01-03 17:52:20','update OFC_letters set LetterID=\'4\',LetterType=\'INNER\',LetterTitle=\'نامه تشکر\',SubjectID=null,summary=\'تشکر از ....\',context=\'<p style=\"text-align:center\">به نام خدا</p>\n\n<hr />\n<p>با سلام</p>\n\n<p>لطفا اقدامات لازم را مبذول فرمایید</p>\n\n<p>با تشکر</p>\n\n<hr />\' where  LetterID=\'4\''),
 (2407,1000,'OFC_letters',3,NULL,'UPDATE',4,'http://rtfund/office/start.php?SystemID=4',NULL,'127.0.0.1','2016-01-03 17:52:41','update OFC_letters set LetterID=\'3\',LetterType=\'INNER\',LetterTitle=\'سمبنت سمنیب\',SubjectID=null,summary=null,context=\'<p>بیس<span style=\"font-family:b titr\"> نبسیمنب سیمنبت</span></p>\n\' where  LetterID=\'3\''),
 (2408,1000,'OFC_letters',3,NULL,'DELETE',4,'http://rtfund/office/start.php?SystemID=4',NULL,'127.0.0.1','2016-01-03 17:54:50','delete from OFC_letters where LetterID=\'3\' '),
 (2409,1000,'OFC_letters',5,NULL,'ADD',4,'http://rtfund/office/start.php?SystemID=4',NULL,'127.0.0.1','2016-01-03 21:43:53','insert into OFC_letters(LetterType,LetterTitle,LetterDate,RegDate,PersonID) values (\'INNER\',\'ewrwerwer\',now(),now(),\'1000\')'),
 (2410,1000,'OFC_letters',6,NULL,'ADD',4,'http://rtfund/office/start.php?SystemID=4',NULL,'127.0.0.1','2016-01-03 22:02:11','insert into OFC_letters(LetterType,LetterTitle,LetterDate,RegDate,PersonID) values (\'INNER\',\'تست\',now(),now(),\'1000\')'),
 (2411,1000,'OFC_letters',7,NULL,'ADD',4,'http://rtfund/office/start.php?SystemID=4',NULL,'127.0.0.1','2016-01-03 22:03:17','insert into OFC_letters(LetterType,LetterTitle,LetterDate,RegDate,PersonID) values (\'INNER\',\'تست\',now(),now(),\'1000\')'),
 (2412,1000,'OFC_letters',8,NULL,'ADD',4,'http://rtfund/office/start.php?SystemID=4',NULL,'127.0.0.1','2016-01-03 22:05:17','insert into OFC_letters(LetterType,LetterTitle,LetterDate,RegDate,PersonID) values (\'INNER\',\'تست\',now(),now(),\'1000\')'),
 (2413,1000,'OFC_letters',8,NULL,'UPDATE',4,'http://rtfund/office/start.php?SystemID=4',NULL,'127.0.0.1','2016-01-03 22:05:59','update OFC_letters set LetterID=\'8\',LetterType=\'INNER\',LetterTitle=\'تست\',SubjectID=null,summary=null,context=null where  LetterID=\'8\''),
 (2414,1000,'OFC_letters',8,NULL,'UPDATE',4,'http://rtfund/office/start.php?SystemID=4',NULL,'127.0.0.1','2016-01-03 22:06:54','update OFC_letters set LetterID=\'8\',LetterType=\'INNER\',LetterTitle=\'تست\',SubjectID=null,summary=null,context=null where  LetterID=\'8\''),
 (2415,1000,'DMS_documents',646,NULL,'ADD',4,'http://rtfund/office/start.php?SystemID=4',NULL,'127.0.0.1','2016-01-03 22:06:54','insert into DMS_documents(DocDesc,DocType,ObjectType,ObjectID,RegPersonID) values (\'یسبسی\',\'0\',\'letter\',\'8\',\'1000\')'),
 (2416,1000,'OFC_letters',8,NULL,'UPDATE',4,'http://rtfund/office/start.php?SystemID=4',NULL,'127.0.0.1','2016-01-03 23:07:35','update OFC_letters set LetterID=\'8\',LetterType=\'INNER\',LetterTitle=\'تست\',SubjectID=null,summary=null,context=null where  LetterID=\'8\''),
 (2417,1000,'DMS_documents',647,NULL,'ADD',4,'http://rtfund/office/start.php?SystemID=4',NULL,'127.0.0.1','2016-01-03 23:07:36','insert into DMS_documents(DocDesc,DocType,ObjectType,ObjectID,RegPersonID) values (\'صفحه 2\',\'0\',\'letter\',\'8\',\'1000\')'),
 (2418,1000,'OFC_letters',6,NULL,'DELETE',4,'http://rtfund/office/start.php?SystemID=4',NULL,'127.0.0.1','2016-01-05 19:13:24','delete from OFC_letters where LetterID=\'6\' '),
 (2419,1000,'OFC_letters',5,NULL,'DELETE',4,'http://rtfund/office/start.php?SystemID=4',NULL,'127.0.0.1','2016-01-05 19:13:26','delete from OFC_letters where LetterID=\'5\' '),
 (2420,1000,'OFC_letters',7,NULL,'DELETE',4,'http://rtfund/office/start.php?SystemID=4',NULL,'127.0.0.1','2016-01-05 19:13:29','delete from OFC_letters where LetterID=\'7\' '),
 (2421,1000,'DMS_documents',647,NULL,'DELETE',4,'http://rtfund/office/start.php?SystemID=4',NULL,'127.0.0.1','2016-01-05 19:48:59','delete from DMS_documents where  DocumentID=\'647\''),
 (2422,1000,'DMS_documents',646,NULL,'DELETE',4,'http://rtfund/office/start.php?SystemID=4',NULL,'127.0.0.1','2016-01-05 19:51:14','delete from DMS_documents where  DocumentID=\'646\''),
 (2423,1000,'OFC_letters',8,NULL,'UPDATE',4,'http://rtfund/office/start.php?SystemID=4',NULL,'127.0.0.1','2016-01-05 19:51:40','update OFC_letters set LetterID=\'8\',LetterType=\'INNER\',LetterTitle=\'تست\',SubjectID=null,summary=null,context=null where  LetterID=\'8\''),
 (2424,1000,'DMS_documents',646,NULL,'ADD',4,'http://rtfund/office/start.php?SystemID=4',NULL,'127.0.0.1','2016-01-05 19:51:40','insert into DMS_documents(DocDesc,DocType,ObjectType,ObjectID,RegPersonID) values (\'صفحه 1\',\'0\',\'letter\',\'8\',\'1000\')'),
 (2425,1000,'OFC_letters',8,NULL,'UPDATE',4,'http://rtfund/office/start.php?SystemID=4',NULL,'127.0.0.1','2016-01-05 19:51:50','update OFC_letters set LetterID=\'8\',LetterType=\'INNER\',LetterTitle=\'تست\',SubjectID=null,summary=null,context=null where  LetterID=\'8\''),
 (2426,1000,'DMS_documents',647,NULL,'ADD',4,'http://rtfund/office/start.php?SystemID=4',NULL,'127.0.0.1','2016-01-05 19:51:50','insert into DMS_documents(DocDesc,DocType,ObjectType,ObjectID,RegPersonID) values (\'صفحه دوم\',\'0\',\'letter\',\'8\',\'1000\')'),
 (2427,1000,'OFC_letters',8,NULL,'UPDATE',4,'http://rtfund/office/start.php?SystemID=4',NULL,'127.0.0.1','2016-01-05 19:52:08','update OFC_letters set LetterID=\'8\',LetterType=\'INNER\',LetterTitle=\'تست\',SubjectID=null,summary=null,context=null where  LetterID=\'8\''),
 (2428,1000,'DMS_documents',648,NULL,'ADD',4,'http://rtfund/office/start.php?SystemID=4',NULL,'127.0.0.1','2016-01-05 19:52:08','insert into DMS_documents(DocDesc,DocType,ObjectType,ObjectID,RegPersonID) values (\'صفحه سوم\',\'0\',\'letter\',\'8\',\'1000\')'),
 (2429,1000,'DMS_documents',647,NULL,'DELETE',4,'http://rtfund/office/start.php?SystemID=4',NULL,'127.0.0.1','2016-01-05 19:52:13','delete from DMS_documents where  DocumentID=\'647\''),
 (2430,1000,'DMS_documents',648,NULL,'DELETE',4,'http://rtfund/office/start.php?SystemID=4',NULL,'127.0.0.1','2016-01-05 19:52:25','delete from DMS_documents where  DocumentID=\'648\''),
 (2431,1000,'OFC_letters',8,NULL,'UPDATE',4,'http://rtfund/office/start.php?SystemID=4',NULL,'127.0.0.1','2016-01-05 19:52:36','update OFC_letters set LetterID=\'8\',LetterType=\'INNER\',LetterTitle=\'تست\',SubjectID=null,summary=null,context=null where  LetterID=\'8\''),
 (2432,1000,'DMS_documents',649,NULL,'ADD',4,'http://rtfund/office/start.php?SystemID=4',NULL,'127.0.0.1','2016-01-05 19:52:36','insert into DMS_documents(DocDesc,DocType,ObjectType,ObjectID,RegPersonID) values (\'صفحه دوم\',\'0\',\'letter\',\'8\',\'1000\')'),
 (2433,1000,'OFC_letters',8,NULL,'UPDATE',4,'http://rtfund/office/start.php?SystemID=4',NULL,'127.0.0.1','2016-01-05 19:52:46','update OFC_letters set LetterID=\'8\',LetterType=\'INNER\',LetterTitle=\'تست\',SubjectID=null,summary=null,context=null where  LetterID=\'8\''),
 (2434,1000,'DMS_documents',650,NULL,'ADD',4,'http://rtfund/office/start.php?SystemID=4',NULL,'127.0.0.1','2016-01-05 19:52:47','insert into DMS_documents(DocDesc,DocType,ObjectType,ObjectID,RegPersonID) values (\'صفحه سوم\',\'0\',\'letter\',\'8\',\'1000\')'),
 (2435,1000,'OFC_letters',8,NULL,'UPDATE',4,'http://rtfund/office/start.php?SystemID=4',NULL,'127.0.0.1','2016-01-05 19:53:14','update OFC_letters set LetterID=\'8\',LetterType=\'INNER\',LetterTitle=\'تست\',SubjectID=null,summary=null,context=null where  LetterID=\'8\''),
 (2436,1000,'DMS_documents',651,NULL,'ADD',4,'http://rtfund/office/start.php?SystemID=4',NULL,'127.0.0.1','2016-01-05 19:53:15','insert into DMS_documents(DocDesc,DocType,ObjectType,ObjectID,RegPersonID) values (\'یسبس\',\'0\',\'letter\',\'8\',\'1000\')'),
 (2437,1000,'OFC_letters',8,NULL,'UPDATE',4,'http://rtfund/office/start.php?SystemID=4',NULL,'127.0.0.1','2016-01-05 19:53:19','update OFC_letters set LetterID=\'8\',LetterType=\'INNER\',LetterTitle=\'تست\',SubjectID=null,summary=null,context=null where  LetterID=\'8\''),
 (2438,1000,'DMS_documents',652,NULL,'ADD',4,'http://rtfund/office/start.php?SystemID=4',NULL,'127.0.0.1','2016-01-05 19:53:19','insert into DMS_documents(DocDesc,DocType,ObjectType,ObjectID,RegPersonID) values (\'سیبسیب\',\'0\',\'letter\',\'8\',\'1000\')'),
 (2439,1000,'OFC_letters',8,NULL,'UPDATE',4,'http://rtfund/office/start.php?SystemID=4',NULL,'127.0.0.1','2016-01-05 19:53:24','update OFC_letters set LetterID=\'8\',LetterType=\'INNER\',LetterTitle=\'تست\',SubjectID=null,summary=null,context=null where  LetterID=\'8\''),
 (2440,1000,'DMS_documents',653,NULL,'ADD',4,'http://rtfund/office/start.php?SystemID=4',NULL,'127.0.0.1','2016-01-05 19:53:24','insert into DMS_documents(DocDesc,DocType,ObjectType,ObjectID,RegPersonID) values (\'سیبسیب\',\'0\',\'letter\',\'8\',\'1000\')'),
 (2441,1000,'OFC_letters',8,NULL,'UPDATE',4,'http://rtfund/office/start.php?SystemID=4',NULL,'127.0.0.1','2016-01-05 19:53:29','update OFC_letters set LetterID=\'8\',LetterType=\'INNER\',LetterTitle=\'تست\',SubjectID=null,summary=null,context=null where  LetterID=\'8\''),
 (2442,1000,'DMS_documents',654,NULL,'ADD',4,'http://rtfund/office/start.php?SystemID=4',NULL,'127.0.0.1','2016-01-05 19:53:29','insert into DMS_documents(DocDesc,DocType,ObjectType,ObjectID,RegPersonID) values (\'سیبسیب\',\'0\',\'letter\',\'8\',\'1000\')'),
 (2443,1000,'OFC_letters',8,NULL,'UPDATE',4,'http://rtfund/office/start.php?SystemID=4',NULL,'127.0.0.1','2016-01-05 19:53:45','update OFC_letters set LetterID=\'8\',LetterType=\'INNER\',LetterTitle=\'تست\',SubjectID=null,summary=null,context=null where  LetterID=\'8\''),
 (2444,1000,'DMS_documents',655,NULL,'ADD',4,'http://rtfund/office/start.php?SystemID=4',NULL,'127.0.0.1','2016-01-05 19:53:45','insert into DMS_documents(DocDesc,DocType,ObjectType,ObjectID,RegPersonID) values (\'یسبسیب\',\'0\',\'letter\',\'8\',\'1000\')'),
 (2445,1000,'OFC_letters',8,NULL,'UPDATE',4,'http://rtfund/office/start.php?SystemID=4',NULL,'127.0.0.1','2016-01-05 19:53:51','update OFC_letters set LetterID=\'8\',LetterType=\'INNER\',LetterTitle=\'تست\',SubjectID=null,summary=null,context=null where  LetterID=\'8\''),
 (2446,1000,'DMS_documents',656,NULL,'ADD',4,'http://rtfund/office/start.php?SystemID=4',NULL,'127.0.0.1','2016-01-05 19:53:51','insert into DMS_documents(DocDesc,DocType,ObjectType,ObjectID,RegPersonID) values (\'سیبسرذدرد\',\'0\',\'letter\',\'8\',\'1000\')'),
 (2447,1000,'OFC_letters',8,NULL,'UPDATE',4,'http://rtfund/office/start.php?SystemID=4',NULL,'127.0.0.1','2016-01-05 19:53:58','update OFC_letters set LetterID=\'8\',LetterType=\'INNER\',LetterTitle=\'تست\',SubjectID=null,summary=null,context=null where  LetterID=\'8\''),
 (2448,1000,'DMS_documents',657,NULL,'ADD',4,'http://rtfund/office/start.php?SystemID=4',NULL,'127.0.0.1','2016-01-05 19:53:58','insert into DMS_documents(DocDesc,DocType,ObjectType,ObjectID,RegPersonID) values (\'زرذزرذز\',\'0\',\'letter\',\'8\',\'1000\')'),
 (2449,1000,'OFC_letters',8,NULL,'UPDATE',4,'http://rtfund/office/start.php?SystemID=4',NULL,'127.0.0.1','2016-01-05 19:54:04','update OFC_letters set LetterID=\'8\',LetterType=\'INNER\',LetterTitle=\'تست\',SubjectID=null,summary=null,context=null where  LetterID=\'8\''),
 (2450,1000,'DMS_documents',658,NULL,'ADD',4,'http://rtfund/office/start.php?SystemID=4',NULL,'127.0.0.1','2016-01-05 19:54:04','insert into DMS_documents(DocDesc,DocType,ObjectType,ObjectID,RegPersonID) values (\'رزذزرذ\',\'0\',\'letter\',\'8\',\'1000\')'),
 (2451,1000,'OFC_letters',8,NULL,'UPDATE',4,'http://rtfund/office/start.php?SystemID=4',NULL,'127.0.0.1','2016-01-05 19:54:13','update OFC_letters set LetterID=\'8\',LetterType=\'INNER\',LetterTitle=\'تست\',SubjectID=null,summary=null,context=null where  LetterID=\'8\''),
 (2452,1000,'DMS_documents',659,NULL,'ADD',4,'http://rtfund/office/start.php?SystemID=4',NULL,'127.0.0.1','2016-01-05 19:54:13','insert into DMS_documents(DocDesc,DocType,ObjectType,ObjectID,RegPersonID) values (\'اتناتن\',\'0\',\'letter\',\'8\',\'1000\')'),
 (2453,1000,'OFC_letters',8,NULL,'UPDATE',4,'http://rtfund/office/start.php?SystemID=4',NULL,'127.0.0.1','2016-01-05 19:54:20','update OFC_letters set LetterID=\'8\',LetterType=\'INNER\',LetterTitle=\'تست\',SubjectID=null,summary=null,context=null where  LetterID=\'8\''),
 (2454,1000,'DMS_documents',660,NULL,'ADD',4,'http://rtfund/office/start.php?SystemID=4',NULL,'127.0.0.1','2016-01-05 19:54:20','insert into DMS_documents(DocDesc,DocType,ObjectType,ObjectID,RegPersonID) values (\'اتناتنا\',\'0\',\'letter\',\'8\',\'1000\')'),
 (2455,1000,'DMS_documents',660,NULL,'DELETE',4,'http://rtfund/office/start.php?SystemID=4',NULL,'127.0.0.1','2016-01-05 20:06:36','delete from DMS_documents where  DocumentID=\'660\''),
 (2456,1000,'OFC_letters',8,NULL,'UPDATE',4,'http://rtfund/office/start.php?SystemID=4',NULL,'127.0.0.1','2016-01-05 20:08:10','update OFC_letters set LetterID=\'8\',LetterType=\'INNER\',LetterTitle=\'تست\',summary=null,context=null where  LetterID=\'8\''),
 (2457,1000,'OFC_send',1,8,'ADD',4,'http://rtfund/office/start.php?SystemID=4',NULL,'127.0.0.1','2016-01-05 22:05:02','insert into OFC_send(LetterID,FromPersonID,ToPersonID,SendDate,SendType,SendComment,IsUrgent) values (\'8\',\'1000\',\'1000\',now(),\'1\',\'یل بیل\nی لیبلیب\nتال تلات لاتثقصثق\',\'NO\')'),
 (2458,1000,'OFC_send',2,8,'ADD',4,'http://rtfund/office/start.php?SystemID=4',NULL,'127.0.0.1','2016-01-05 22:38:39','insert into OFC_send(LetterID,FromPersonID,ToPersonID,SendDate,SendType,SendComment,IsUrgent) values (\'8\',\'1000\',\'1000\',now(),\'1\',\'سیب سیب\nسیبسیب\',\'NO\')'),
 (2459,1000,'OFC_send',3,8,'ADD',4,'http://rtfund/office/start.php?SystemID=4',NULL,'127.0.0.1','2016-01-05 22:39:16','insert into OFC_send(LetterID,FromPersonID,ToPersonID,SendDate,SendType,SendComment,IsUrgent) values (\'8\',\'1000\',\'1000\',now(),\'1\',\'سیب سیب\nسیبسیب\',\'NO\')'),
 (2460,1000,'OFC_send',4,8,'ADD',4,'http://rtfund/office/start.php?SystemID=4',NULL,'127.0.0.1','2016-01-05 22:39:48','insert into OFC_send(LetterID,FromPersonID,ToPersonID,SendDate,SendType,SendComment,IsUrgent) values (\'8\',\'1000\',\'1000\',now(),\'1\',\'سیب سیب\nسیبسیب\',\'NO\')'),
 (2461,1000,'OFC_letters',8,NULL,'UPDATE',4,'http://rtfund/office/start.php?SystemID=4',NULL,'127.0.0.1','2016-01-05 22:39:48','update OFC_letters set LetterID=\'8\',LetterType=\'INNER\',LetterTitle=\'تست\',LetterDate=\'2016/01/03\',RegDate=\'2016/01/03 22:05:17\',PersonID=\'1000\',LetterStatus=\'CONFIRM\' where  LetterID=\'8\''),
 (2462,1000,'OFC_letters',8,NULL,'UPDATE',4,'http://rtfund/office/start.php?SystemID=4',NULL,'127.0.0.1','2016-01-05 22:53:39','update OFC_letters set LetterID=\'8\',LetterType=\'INNER\',LetterTitle=\'تست\',LetterDate=\'2016/01/03\',RegDate=\'2016/01/03 22:05:17\',PersonID=\'1000\',LetterStatus=\'CONFIRM\' where  LetterID=\'8\''),
 (2463,1000,'OFC_letters',8,NULL,'UPDATE',4,'http://rtfund/office/start.php?SystemID=4',NULL,'127.0.0.1','2016-01-05 22:54:56','update OFC_letters set LetterID=\'8\',LetterType=\'INNER\',LetterTitle=\'تست\',LetterDate=\'2016/01/03\',RegDate=\'2016/01/03 22:05:17\',PersonID=\'1000\',LetterStatus=\'CONFIRM\' where  LetterID=\'8\''),
 (2464,1000,'ACC_blocks',11,NULL,'UPDATE',2,'http://rtfund/accounting/start.php?SystemID=2',NULL,'127.0.0.1','2016-01-08 23:04:23','update ACC_blocks set BlockID=\'11\',LevelID=\'1\',BlockCode=\'200\',BlockDesc=\'حسابهای پرداختنی\' where  BlockID=\'11\''),
 (2465,1000,'ACC_blocks',40,NULL,'UPDATE',2,'http://rtfund/accounting/start.php?SystemID=2',NULL,'127.0.0.1','2016-01-08 23:05:17','update ACC_blocks set BlockID=\'40\',LevelID=\'1\',BlockCode=\'750\',BlockDesc=\'کارمزد وسود دریافتی سال جاری\' where  BlockID=\'40\''),
 (2466,1000,'ACC_CostCodes',156,NULL,'ADD',2,'http://rtfund/accounting/start.php?SystemID=2',NULL,'127.0.0.1','2016-01-08 23:06:19','update ACC_CostCodes c \n			left join ACC_blocks b1 on(b1.levelID=1 AND b1.blockID=c.level1)\n			left join ACC_blocks b2 on(b2.levelID=2 AND b2.blockID=c.level2)\n			left join ACC_blocks b3 on(b3.levelID=3 AND b3.blockID=c.level3)\n			set c.CostCode=concat(ifnull(b1.blockCode,\'\'),\n								ifnull(concat(\'-\',b2.BlockCode),\'\'),\n								ifnull(concat(\'-\',b3.BlockCode),\'\') )\n			where CostID=\'156\''),
 (2467,1000,'ACC_CostCodes',157,NULL,'ADD',2,'http://rtfund/accounting/start.php?SystemID=2',NULL,'127.0.0.1','2016-01-08 23:06:33','update ACC_CostCodes c \n			left join ACC_blocks b1 on(b1.levelID=1 AND b1.blockID=c.level1)\n			left join ACC_blocks b2 on(b2.levelID=2 AND b2.blockID=c.level2)\n			left join ACC_blocks b3 on(b3.levelID=3 AND b3.blockID=c.level3)\n			set c.CostCode=concat(ifnull(b1.blockCode,\'\'),\n								ifnull(concat(\'-\',b2.BlockCode),\'\'),\n								ifnull(concat(\'-\',b3.BlockCode),\'\') )\n			where CostID=\'157\''),
 (2468,1000,'ACC_CostCodes',158,NULL,'ADD',2,'http://rtfund/accounting/start.php?SystemID=2',NULL,'127.0.0.1','2016-01-08 23:06:51','update ACC_CostCodes c \n			left join ACC_blocks b1 on(b1.levelID=1 AND b1.blockID=c.level1)\n			left join ACC_blocks b2 on(b2.levelID=2 AND b2.blockID=c.level2)\n			left join ACC_blocks b3 on(b3.levelID=3 AND b3.blockID=c.level3)\n			set c.CostCode=concat(ifnull(b1.blockCode,\'\'),\n								ifnull(concat(\'-\',b2.BlockCode),\'\'),\n								ifnull(concat(\'-\',b3.BlockCode),\'\') )\n			where CostID=\'158\''),
 (2469,1000,'ACC_blocks',101,NULL,'DELETE',2,'http://rtfund/accounting/start.php?SystemID=2',NULL,'127.0.0.1','2016-01-08 23:07:16','delete from ACC_blocks where BlockID=\'101\' '),
 (2470,1000,'ACC_CostCodes',159,NULL,'ADD',2,'http://rtfund/accounting/start.php?SystemID=2',NULL,'127.0.0.1','2016-01-08 23:07:50','update ACC_CostCodes c \n			left join ACC_blocks b1 on(b1.levelID=1 AND b1.blockID=c.level1)\n			left join ACC_blocks b2 on(b2.levelID=2 AND b2.blockID=c.level2)\n			left join ACC_blocks b3 on(b3.levelID=3 AND b3.blockID=c.level3)\n			set c.CostCode=concat(ifnull(b1.blockCode,\'\'),\n								ifnull(concat(\'-\',b2.BlockCode),\'\'),\n								ifnull(concat(\'-\',b3.BlockCode),\'\') )\n			where CostID=\'159\''),
 (2471,1000,'ACC_CostCodes',160,NULL,'ADD',2,'http://rtfund/accounting/start.php?SystemID=2',NULL,'127.0.0.1','2016-01-08 23:07:58','update ACC_CostCodes c \n			left join ACC_blocks b1 on(b1.levelID=1 AND b1.blockID=c.level1)\n			left join ACC_blocks b2 on(b2.levelID=2 AND b2.blockID=c.level2)\n			left join ACC_blocks b3 on(b3.levelID=3 AND b3.blockID=c.level3)\n			set c.CostCode=concat(ifnull(b1.blockCode,\'\'),\n								ifnull(concat(\'-\',b2.BlockCode),\'\'),\n								ifnull(concat(\'-\',b3.BlockCode),\'\') )\n			where CostID=\'160\''),
 (2472,1000,'ACC_CostCodes',161,NULL,'ADD',2,'http://rtfund/accounting/start.php?SystemID=2',NULL,'127.0.0.1','2016-01-08 23:08:20','update ACC_CostCodes c \n			left join ACC_blocks b1 on(b1.levelID=1 AND b1.blockID=c.level1)\n			left join ACC_blocks b2 on(b2.levelID=2 AND b2.blockID=c.level2)\n			left join ACC_blocks b3 on(b3.levelID=3 AND b3.blockID=c.level3)\n			set c.CostCode=concat(ifnull(b1.blockCode,\'\'),\n								ifnull(concat(\'-\',b2.BlockCode),\'\'),\n								ifnull(concat(\'-\',b3.BlockCode),\'\') )\n			where CostID=\'161\''),
 (2473,1000,'ACC_CostCodes',162,NULL,'ADD',2,'http://rtfund/accounting/start.php?SystemID=2',NULL,'127.0.0.1','2016-01-08 23:08:34','update ACC_CostCodes c \n			left join ACC_blocks b1 on(b1.levelID=1 AND b1.blockID=c.level1)\n			left join ACC_blocks b2 on(b2.levelID=2 AND b2.blockID=c.level2)\n			left join ACC_blocks b3 on(b3.levelID=3 AND b3.blockID=c.level3)\n			set c.CostCode=concat(ifnull(b1.blockCode,\'\'),\n								ifnull(concat(\'-\',b2.BlockCode),\'\'),\n								ifnull(concat(\'-\',b3.BlockCode),\'\') )\n			where CostID=\'162\''),
 (2474,1000,'ACC_CostCodes',163,NULL,'ADD',2,'http://rtfund/accounting/start.php?SystemID=2',NULL,'127.0.0.1','2016-01-08 23:08:48','update ACC_CostCodes c \n			left join ACC_blocks b1 on(b1.levelID=1 AND b1.blockID=c.level1)\n			left join ACC_blocks b2 on(b2.levelID=2 AND b2.blockID=c.level2)\n			left join ACC_blocks b3 on(b3.levelID=3 AND b3.blockID=c.level3)\n			set c.CostCode=concat(ifnull(b1.blockCode,\'\'),\n								ifnull(concat(\'-\',b2.BlockCode),\'\'),\n								ifnull(concat(\'-\',b3.BlockCode),\'\') )\n			where CostID=\'163\''),
 (2475,1000,'ACC_CostCodes',164,NULL,'ADD',2,'http://rtfund/accounting/start.php?SystemID=2',NULL,'127.0.0.1','2016-01-08 23:09:09','update ACC_CostCodes c \n			left join ACC_blocks b1 on(b1.levelID=1 AND b1.blockID=c.level1)\n			left join ACC_blocks b2 on(b2.levelID=2 AND b2.blockID=c.level2)\n			left join ACC_blocks b3 on(b3.levelID=3 AND b3.blockID=c.level3)\n			set c.CostCode=concat(ifnull(b1.blockCode,\'\'),\n								ifnull(concat(\'-\',b2.BlockCode),\'\'),\n								ifnull(concat(\'-\',b3.BlockCode),\'\') )\n			where CostID=\'164\''),
 (2476,1000,'ACC_blocks',63,NULL,'UPDATE',2,'http://rtfund/accounting/start.php?SystemID=2',NULL,'127.0.0.1','2016-01-08 23:13:43','update ACC_blocks set BlockID=\'63\',LevelID=\'2\',BlockCode=\'03\',BlockDesc=\'تودیعی مشتری\',essence=\'NONE\' where  BlockID=\'63\''),
 (2477,1000,'ACC_CostCodes',165,NULL,'ADD',2,'http://rtfund/accounting/start.php?SystemID=2',NULL,'127.0.0.1','2016-01-08 23:30:27','update ACC_CostCodes c \n			left join ACC_blocks b1 on(b1.levelID=1 AND b1.blockID=c.level1)\n			left join ACC_blocks b2 on(b2.levelID=2 AND b2.blockID=c.level2)\n			left join ACC_blocks b3 on(b3.levelID=3 AND b3.blockID=c.level3)\n			set c.CostCode=concat(ifnull(b1.blockCode,\'\'),\n								ifnull(concat(\'-\',b2.BlockCode),\'\'),\n								ifnull(concat(\'-\',b3.BlockCode),\'\') )\n			where CostID=\'165\''),
 (2478,1000,'ACC_blocks',88,NULL,'UPDATE',2,'http://rtfund/accounting/start.php?SystemID=2',NULL,'127.0.0.1','2016-01-08 23:31:47','update ACC_blocks set BlockID=\'88\',LevelID=\'2\',BlockCode=\'05\',BlockDesc=\'تعهدات مشتری\',essence=\'NONE\' where  BlockID=\'88\''),
 (2479,1000,'WFM_FlowSteps',1,1,'UPDATE',4,'http://rtfund/office/start.php?SystemID=4',NULL,'127.0.0.1','2016-01-10 18:42:38','update WFM_FlowSteps set FlowID=\'1\',StepID=\'1\',StepDesc=\'تایید اولیه\',PostID=\'1\' where  FlowID=\'1\' AND StepID=\'1\''),
 (2480,1000,'WFM_FlowSteps',1,1,'UPDATE',4,'http://rtfund/office/start.php?SystemID=4',NULL,'127.0.0.1','2016-01-10 18:43:18','update WFM_FlowSteps set FlowID=\'1\',StepID=\'1\',StepDesc=\'تایید اولیه\',PostID=\'1\',PersonID=\'1000\' where  FlowID=\'1\' AND StepID=\'1\''),
 (2481,1000,'WFM_FlowSteps',1,2,'ADD',4,'http://rtfund/office/start.php?SystemID=4',NULL,'127.0.0.1','2016-01-10 18:47:52','insert into WFM_FlowSteps(FlowID,StepID,StepDesc,PersonID) values (\'1\',\'2\',\'سب سیب\',\'1000\')'),
 (2482,1000,'LON_requests',229,NULL,'UPDATE',6,'http://rtfund/loan/start.php?SystemID=6',NULL,'127.0.0.1','2016-01-10 18:52:33','update LON_requests set RequestID=\'229\',BranchID=\'1\',LoanID=\'9\',ReqAmount=\'120000000\',ReqDetails=null,BorrowerDesc=\'شرکت X\',BorrowerID=\'56465465654\',LoanPersonID=\'1055\',guarantees=\'3,4\',AgentGuarantee=\'NO\',DocumentDesc=null,SupportPersonID=null where  RequestID=\'229\''),
 (2483,1000,'LON_requests',229,NULL,'UPDATE',6,'http://rtfund/loan/start.php?SystemID=6',NULL,'127.0.0.1','2016-01-10 18:52:52','update LON_requests set RequestID=\'229\',StatusID=\'70\' where  RequestID=\'229\''),
 (2484,1000,'WFM_FlowRows',3,NULL,'ADD',6,'http://rtfund/loan/start.php?SystemID=6',NULL,'127.0.0.1','2016-01-10 18:53:06','insert into WFM_FlowRows(FlowID,StepID,ObjectID,PersonID,ActionDate,ActionType) values (\'1\',\'0\',\'228\',\'1000\',now(),\'CONFIRM\')'),
 (2485,1000,'WFM_FlowRows',4,NULL,'ADD',6,'http://rtfund/office/start.php?SystemID=4',NULL,'127.0.0.1','2016-01-10 18:53:21','insert into WFM_FlowRows(FlowID,StepID,ObjectID,PersonID,ActionDate,ActionType) values (\'1\',\'1\',\'228\',\'1000\',now(),\'CONFIRM\')'),
 (2486,1000,'WFM_FlowRows',5,NULL,'ADD',6,'http://rtfund/office/start.php?SystemID=4',NULL,'127.0.0.1','2016-01-10 19:00:47','insert into WFM_FlowRows(FlowID,StepID,ObjectID,PersonID,ActionDate,ActionType) values (\'1\',\'2\',\'228\',\'1000\',now(),\'CONFIRM\')'),
 (2487,1000,'WFM_FlowSteps',1,3,'ADD',6,'http://rtfund/office/start.php?SystemID=4',NULL,'127.0.0.1','2016-01-10 19:15:22','insert into WFM_FlowSteps(FlowID,StepID,StepDesc,PersonID) values (\'1\',\'3\',\'مرحله 3\',\'1000\')'),
 (2488,1000,'WFM_FlowSteps',1,3,'UPDATE',6,'http://rtfund/office/start.php?SystemID=4',NULL,'127.0.0.1','2016-01-10 19:15:34','update WFM_FlowSteps set RowID=\'2\',FlowID=\'1\',StepID=\'3\',StepDesc=\'مرحله 3\',PersonID=\'1000\' where  FlowID=\'1\' AND StepID=\'3\''),
 (2489,1000,'WFM_FlowSteps',1,2,'UPDATE',6,'http://rtfund/office/start.php?SystemID=4',NULL,'127.0.0.1','2016-01-10 19:15:37','update WFM_FlowSteps set RowID=\'3\',FlowID=\'1\',StepID=\'2\',StepDesc=\'مرحله23\',PersonID=\'1000\' where  FlowID=\'1\' AND StepID=\'2\''),
 (2490,1000,'WFM_FlowSteps',1,2,'UPDATE',6,'http://rtfund/office/start.php?SystemID=4',NULL,'127.0.0.1','2016-01-10 19:15:40','update WFM_FlowSteps set RowID=\'3\',FlowID=\'1\',StepID=\'2\',StepDesc=\'مرحله2\',PersonID=\'1000\' where  FlowID=\'1\' AND StepID=\'2\''),
 (2491,1000,'WFM_FlowSteps',1,4,'ADD',6,'http://rtfund/office/start.php?SystemID=4',NULL,'127.0.0.1','2016-01-10 19:19:34','insert into WFM_FlowSteps(FlowID,StepID,StepDesc,PersonID) values (\'1\',\'4\',\'2\',\'1000\')'),
 (2492,1000,'WFM_FlowRows',6,NULL,'ADD',6,'http://rtfund/loan/start.php?SystemID=6',NULL,'127.0.0.1','2016-01-10 19:36:02','insert into WFM_FlowRows(FlowID,StepID,ObjectID,PersonID,ActionDate,ActionType) values (\'1\',\'0\',\'228\',\'1000\',now(),\'CONFIRM\')'),
 (2493,1000,'WFM_FlowSteps',1,5,'ADD',6,'http://rtfund/office/start.php?SystemID=4',NULL,'127.0.0.1','2016-01-10 19:36:28','insert into WFM_FlowSteps(FlowID,StepID,StepDesc,PersonID) values (\'1\',\'5\',\'3\',\'1000\')'),
 (2494,1000,'WFM_FlowRows',7,NULL,'ADD',4,'http://rtfund/office/start.php?SystemID=4',NULL,'127.0.0.1','2016-01-10 19:37:43','insert into WFM_FlowRows(FlowID,StepID,ObjectID,PersonID,ActionDate,ActionType) values (\'1\',\'1\',\'228\',\'1000\',now(),\'CONFIRM\')'),
 (2495,1000,'WFM_FlowSteps',1,4,'ADD',4,'http://rtfund/office/start.php?SystemID=4',NULL,'127.0.0.1','2016-01-10 19:39:16','insert into WFM_FlowSteps(FlowID,StepID,StepDesc,PersonID) values (\'1\',\'4\',\'4\',\'1000\')'),
 (2496,1000,'WFM_FlowRows',8,NULL,'ADD',4,'http://rtfund/office/start.php?SystemID=4',NULL,'127.0.0.1','2016-01-10 19:40:24','insert into WFM_FlowRows(FlowID,StepID,ObjectID,PersonID,ActionDate,ActionType) values (\'1\',\'2\',\'228\',\'1000\',now(),\'CONFIRM\')'),
 (2497,1000,'WFM_FlowRows',9,NULL,'ADD',4,'http://rtfund/office/start.php?SystemID=4',NULL,'127.0.0.1','2016-01-10 19:40:31','insert into WFM_FlowRows(FlowID,StepID,ObjectID,PersonID,ActionDate,ActionType) values (\'1\',\'3\',\'228\',\'1000\',now(),\'CONFIRM\')'),
 (2498,1000,'WFM_FlowRows',10,NULL,'ADD',4,'http://rtfund/office/start.php?SystemID=4',NULL,'127.0.0.1','2016-01-10 19:41:11','insert into WFM_FlowRows(FlowID,StepID,ObjectID,PersonID,ActionDate,ActionType) values (\'1\',\'1\',\'228\',\'1000\',now(),\'CONFIRM\')'),
 (2499,1000,'WFM_FlowRows',11,NULL,'ADD',4,'http://rtfund/office/start.php?SystemID=4',NULL,'127.0.0.1','2016-01-10 19:41:14','insert into WFM_FlowRows(FlowID,StepID,ObjectID,PersonID,ActionDate,ActionType) values (\'1\',\'2\',\'228\',\'1000\',now(),\'CONFIRM\')'),
 (2500,1000,'WFM_FlowRows',12,NULL,'ADD',4,'http://rtfund/office/start.php?SystemID=4',NULL,'127.0.0.1','2016-01-10 19:41:51','insert into WFM_FlowRows(FlowID,StepID,ObjectID,PersonID,ActionDate,ActionType) values (\'1\',\'3\',\'228\',\'1000\',now(),\'CONFIRM\')'),
 (2501,1000,'WFM_FlowRows',13,NULL,'ADD',4,'http://rtfund/office/start.php?SystemID=4',NULL,'127.0.0.1','2016-01-10 19:52:54','insert into WFM_FlowRows(FlowID,StepID,ObjectID,PersonID,ActionDate,ActionType) values (\'1\',\'4\',\'228\',\'1000\',now(),\'CONFIRM\')'),
 (2502,1000,'WFM_FlowSteps',3,1,'DELETE',4,'http://rtfund/office/start.php?SystemID=4',NULL,'127.0.0.1','2016-01-10 19:53:01','update WFM_FlowSteps set StepID=StepID-1 where StepID>\'3\' AND FlowID=\'1\''),
 (2503,1000,'WFM_FlowRows',7,NULL,'ADD',4,'http://rtfund/office/start.php?SystemID=4',NULL,'127.0.0.1','2016-01-10 20:20:34','insert into WFM_FlowRows(FlowID,StepRowID,ObjectID,PersonID,ActionDate,ActionType) values (\'1\',\'1\',\'228\',\'1000\',now(),\'CONFIRM\')'),
 (2504,1000,'WFM_FlowRows',8,NULL,'ADD',4,'http://rtfund/office/start.php?SystemID=4',NULL,'127.0.0.1','2016-01-10 20:21:13','insert into WFM_FlowRows(FlowID,StepRowID,ObjectID,PersonID,ActionDate,ActionType) values (\'1\',\'1\',\'228\',\'1000\',now(),\'CONFIRM\')'),
 (2505,1000,'WFM_FlowRows',9,NULL,'ADD',4,'http://rtfund/office/start.php?SystemID=4',NULL,'127.0.0.1','2016-01-10 20:21:41','insert into WFM_FlowRows(FlowID,StepRowID,ObjectID,PersonID,ActionDate,ActionType) values (\'1\',\'1\',\'228\',\'1000\',now(),\'CONFIRM\')'),
 (2506,1000,'WFM_FlowRows',10,NULL,'ADD',4,'http://rtfund/office/start.php?SystemID=4',NULL,'127.0.0.1','2016-01-10 20:23:20','insert into WFM_FlowRows(FlowID,StepRowID,ObjectID,PersonID,ActionDate,ActionType) values (\'1\',\'4\',\'228\',\'1000\',now(),\'CONFIRM\')'),
 (2507,1000,'WFM_FlowRows',11,NULL,'ADD',4,'http://rtfund/office/start.php?SystemID=4',NULL,'127.0.0.1','2016-01-10 20:24:56','insert into WFM_FlowRows(FlowID,StepRowID,ObjectID,PersonID,ActionDate,ActionType) values (\'1\',\'5\',\'228\',\'1000\',now(),\'CONFIRM\')'),
 (2508,1000,'WFM_FlowSteps',2,1,'DELETE',4,'http://rtfund/office/start.php?SystemID=4',NULL,'127.0.0.1','2016-01-10 20:27:26','update WFM_FlowSteps set StepID=StepID-1 where StepID>\'2\' AND FlowID=\'1\''),
 (2509,1000,'WFM_FlowSteps',2,1,'DELETE',4,'http://rtfund/office/start.php?SystemID=4',NULL,'127.0.0.1','2016-01-10 20:28:01','update WFM_FlowSteps set StepID=StepID-1 where StepID>\'2\' AND FlowID=\'1\''),
 (2510,1000,'WFM_FlowSteps',2,1,'DELETE',4,'http://rtfund/office/start.php?SystemID=4',NULL,'127.0.0.1','2016-01-10 20:28:23','update WFM_FlowSteps set StepID=StepID-1 where StepID>\'2\' AND FlowID=\'1\''),
 (2511,1000,'WFM_FlowRows',12,NULL,'ADD',4,'http://rtfund/office/start.php?SystemID=4',NULL,'127.0.0.1','2016-01-10 20:28:44','insert into WFM_FlowRows(FlowID,StepRowID,ObjectID,PersonID,ActionDate,ActionType) values (\'1\',\'6\',\'228\',\'1000\',now(),\'CONFIRM\')'),
 (2512,1000,'WFM_FlowRows',13,NULL,'ADD',4,'http://rtfund/office/start.php?SystemID=4',NULL,'127.0.0.1','2016-01-10 20:34:35','insert into WFM_FlowRows(FlowID,StepRowID,ObjectID,PersonID,ActionDate,ActionType,IsEnded) values (\'1\',\'3\',\'228\',\'1000\',now(),\'CONFIRM\',\'YES\')'),
 (2513,1000,'WFM_FlowRows',14,NULL,'ADD',4,'http://rtfund/office/start.php?SystemID=4',NULL,'127.0.0.1','2016-01-10 20:35:32','insert into WFM_FlowRows(FlowID,StepRowID,ObjectID,PersonID,ActionDate,ActionType,IsEnded) values (\'1\',\'6\',\'228\',\'1000\',now(),\'CONFIRM\',\'YES\')'),
 (2514,1000,'WFM_FlowRows',15,NULL,'ADD',4,'http://rtfund/office/start.php?SystemID=4',NULL,'127.0.0.1','2016-01-10 20:38:02','insert into WFM_FlowRows(FlowID,StepRowID,ObjectID,PersonID,ActionDate,ActionType,IsEnded) values (\'1\',\'6\',\'228\',\'1000\',now(),\'REJECT\',\'YES\')'),
 (2515,1000,'WFM_FlowRows',16,NULL,'ADD',4,'http://rtfund/office/start.php?SystemID=4',NULL,'127.0.0.1','2016-01-10 20:39:02','insert into WFM_FlowRows(FlowID,StepRowID,ObjectID,PersonID,ActionDate,ActionType) values (\'1\',\'5\',\'228\',\'1000\',now(),\'CONFIRM\')'),
 (2516,1000,'WFM_FlowRows',17,NULL,'ADD',4,'http://rtfund/office/start.php?SystemID=4',NULL,'127.0.0.1','2016-01-10 20:39:14','insert into WFM_FlowRows(FlowID,StepRowID,ObjectID,PersonID,ActionDate,ActionType,IsEnded) values (\'1\',\'6\',\'228\',\'1000\',now(),\'CONFIRM\',\'YES\')'),
 (2517,1000,'WFM_FlowSteps',1,4,'ADD',4,'http://rtfund/office/start.php?SystemID=4',NULL,'127.0.0.1','2016-01-10 20:42:57','insert into WFM_FlowSteps(FlowID,StepID,StepDesc,PersonID) values (\'1\',\'4\',\'5\',\'1000\')'),
 (2518,1000,'WFM_FlowRows',18,NULL,'ADD',4,'http://rtfund/loan/start.php?SystemID=6',NULL,'127.0.0.1','2016-01-10 20:43:43','insert into WFM_FlowRows(FlowID,ObjectID,PersonID,ActionDate,ActionType) values (\'1\',\'227\',\'1000\',now(),\'CONFIRM\')'),
 (2519,1000,'WFM_FlowSteps',2,1,'DELETE',4,'http://rtfund/office/start.php?SystemID=4',NULL,'127.0.0.1','2016-01-10 20:43:56','update WFM_FlowSteps set StepID=StepID-1 where StepID>\'2\' AND FlowID=\'1\''),
 (2520,1000,'WFM_FlowSteps',3,1,'DELETE',4,'http://rtfund/office/start.php?SystemID=4',NULL,'127.0.0.1','2016-01-10 20:44:16','update WFM_FlowSteps set StepID=StepID-1 where StepID>\'3\' AND FlowID=\'1\''),
 (2521,1000,'WFM_FlowSteps',1,2,'UPDATE',4,'http://rtfund/office/start.php?SystemID=4',NULL,'127.0.0.1','2016-01-10 20:44:24','update WFM_FlowSteps set StepRowID=\'6\',FlowID=\'1\',StepID=\'2\',StepDesc=\'2\',PersonID=\'1000\' where  FlowID=\'1\' AND StepID=\'2\''),
 (2522,1000,'WFM_FlowSteps',1,2,'UPDATE',4,'http://rtfund/office/start.php?SystemID=4',NULL,'127.0.0.1','2016-01-10 20:46:21','update WFM_FlowSteps set StepRowID=\'6\',FlowID=\'1\',StepID=\'2\',StepDesc=\'4\',PersonID=\'1000\' where  FlowID=\'1\' AND StepID=\'2\''),
 (2523,1000,'WFM_FlowRows',18,NULL,'ADD',4,'http://rtfund/loan/start.php?SystemID=6',NULL,'127.0.0.1','2016-01-10 21:06:13','insert into WFM_FlowRows(FlowID,ObjectID,PersonID,ActionDate,ActionType) values (\'1\',\'227\',\'1000\',now(),\'CONFIRM\')'),
 (2524,1000,'WFM_FlowRows',19,NULL,'ADD',4,'http://rtfund/office/start.php?SystemID=4',NULL,'127.0.0.1','2016-01-10 21:09:36','insert into WFM_FlowRows(FlowID,StepRowID,ObjectID,PersonID,ActionDate,ActionType,StepDesc) values (\'1\',\'1\',\'227\',\'1000\',now(),\'CONFIRM\',\'تایید اولیه\')'),
 (2525,1000,'WFM_FlowSteps',6,2,'UPDATE',4,'http://rtfund/office/start.php?SystemID=4',NULL,'127.0.0.1','2016-01-10 21:09:46','update WFM_FlowSteps set StepRowID=\'6\',FlowID=\'1\',StepID=\'2\',StepDesc=\'یسبم سیمنبت \',PersonID=\'1000\' where  StepRowID=\'6\''),
 (2526,1000,'WFM_FlowRows',20,NULL,'ADD',4,'http://rtfund/office/start.php?SystemID=4',NULL,'127.0.0.1','2016-01-10 21:09:53','insert into WFM_FlowRows(FlowID,StepRowID,ObjectID,PersonID,ActionDate,ActionType,IsEnded,StepDesc) values (\'1\',\'6\',\'227\',\'1000\',now(),\'CONFIRM\',\'YES\',\'یسبم سیمنبت \')'),
 (2527,1000,'ACC_tafsilis',1247,NULL,'ADD',1,'http://rtfund/framework/start.php?SystemID=1',NULL,'127.0.0.1','2016-01-10 21:37:58','insert into ACC_tafsilis(TafsiliType,TafsiliCode,TafsiliDesc,ObjectID) values (\'1\',\'1258\',\'علیرضا سیدیان\',\'1258\')'),
 (2528,1000,'BSC_persons',1258,NULL,'ADD',1,'http://rtfund/framework/start.php?SystemID=1',NULL,'127.0.0.1','2016-01-10 21:37:58','insert into DataAudit(PersonID,SystemID,PageName,IPAddress,ActionTime,TableName,MainObjectID,ActionType,QueryString) values (\'1000\',\'1\',\'http://rtfund/framework/start.php?SystemID=1\',\'127.0.0.1\',now(),\'ACC_tafsilis\',\'1247\',\'ADD\',\'insert into ACC_tafsilis(TafsiliType,TafsiliCode,TafsiliDesc,ObjectID) values (\'1\',\'1258\',\'علیرضا سیدیان\',\'1258\')\')'),
 (2529,1000,'BSC_persons',1258,NULL,'UPDATE',1,'http://rtfund/framework/start.php?SystemID=1','پاک کردن پسورد','127.0.0.1','2016-01-10 21:38:20','update BSC_persons set UserPass=\'$P$BHyUoofQxnX39Xq1ztStQruH7vkpII.\' where PersonID=\'1258\''),
 (2530,1000,'ACC_tafsilis',1248,NULL,'ADD',1,'http://rtfund/framework/start.php?SystemID=1',NULL,'127.0.0.1','2016-01-10 21:38:38','insert into ACC_tafsilis(TafsiliType,TafsiliCode,TafsiliDesc,ObjectID) values (\'1\',\'1259\',\'احسان شیبانی\',\'1259\')'),
 (2531,1000,'BSC_persons',1259,NULL,'ADD',1,'http://rtfund/framework/start.php?SystemID=1',NULL,'127.0.0.1','2016-01-10 21:38:38','insert into DataAudit(PersonID,SystemID,PageName,IPAddress,ActionTime,TableName,MainObjectID,ActionType,QueryString) values (\'1000\',\'1\',\'http://rtfund/framework/start.php?SystemID=1\',\'127.0.0.1\',now(),\'ACC_tafsilis\',\'1248\',\'ADD\',\'insert into ACC_tafsilis(TafsiliType,TafsiliCode,TafsiliDesc,ObjectID) values (\'1\',\'1259\',\'احسان شیبانی\',\'1259\')\')'),
 (2532,1000,'BSC_persons',1259,NULL,'UPDATE',1,'http://rtfund/framework/start.php?SystemID=1','پاک کردن پسورد','127.0.0.1','2016-01-10 21:38:50','update BSC_persons set UserPass=\'$P$BhG21QpZGZceS0JnnItEKPpNFfzogV/\' where PersonID=\'1259\''),
 (2533,1000,'FRW_access',0,1258,'ADD',1,'http://rtfund/framework/start.php?SystemID=1',NULL,'127.0.0.1','2016-01-10 22:21:37','insert into FRW_access(MenuID,PersonID,ViewFlag,AddFlag,EditFlag,RemoveFlag) values (\'31\',\'1258\',\'YES\',\'YES\',\'YES\',\'YES\')'),
 (2534,1000,'FRW_access',0,1258,'ADD',1,'http://rtfund/framework/start.php?SystemID=1',NULL,'127.0.0.1','2016-01-10 22:21:37','insert into FRW_access(MenuID,PersonID,ViewFlag,AddFlag,EditFlag,RemoveFlag) values (\'59\',\'1258\',\'YES\',\'YES\',\'YES\',\'YES\')'),
 (2535,1000,'FRW_access',0,1258,'ADD',1,'http://rtfund/framework/start.php?SystemID=1',NULL,'127.0.0.1','2016-01-10 22:21:37','insert into FRW_access(MenuID,PersonID,ViewFlag,AddFlag,EditFlag,RemoveFlag) values (\'30\',\'1258\',\'YES\',\'YES\',\'YES\',\'YES\')'),
 (2536,1000,'FRW_access',0,1258,'ADD',1,'http://rtfund/framework/start.php?SystemID=1',NULL,'127.0.0.1','2016-01-10 22:21:37','insert into FRW_access(MenuID,PersonID,ViewFlag,AddFlag,EditFlag,RemoveFlag) values (\'32\',\'1258\',\'YES\',\'YES\',\'YES\',\'YES\')'),
 (2537,1000,'FRW_access',0,1258,'ADD',1,'http://rtfund/framework/start.php?SystemID=1',NULL,'127.0.0.1','2016-01-10 22:21:37','insert into FRW_access(MenuID,PersonID,ViewFlag,AddFlag,EditFlag,RemoveFlag) values (\'53\',\'1258\',\'YES\',\'YES\',\'YES\',\'YES\')'),
 (2538,1000,'FRW_access',0,1258,'ADD',1,'http://rtfund/framework/start.php?SystemID=1',NULL,'127.0.0.1','2016-01-10 22:21:37','insert into FRW_access(MenuID,PersonID,ViewFlag,AddFlag,EditFlag,RemoveFlag) values (\'56\',\'1258\',\'YES\',\'YES\',\'YES\',\'YES\')'),
 (2539,1000,'FRW_access',0,1259,'ADD',1,'http://rtfund/framework/start.php?SystemID=1',NULL,'127.0.0.1','2016-01-10 22:21:47','insert into FRW_access(MenuID,PersonID,ViewFlag,AddFlag,EditFlag,RemoveFlag) values (\'31\',\'1259\',\'YES\',\'YES\',\'YES\',\'YES\')'),
 (2540,1000,'FRW_access',0,1259,'ADD',1,'http://rtfund/framework/start.php?SystemID=1',NULL,'127.0.0.1','2016-01-10 22:21:47','insert into FRW_access(MenuID,PersonID,ViewFlag,AddFlag,EditFlag,RemoveFlag) values (\'59\',\'1259\',\'YES\',\'YES\',\'YES\',\'YES\')'),
 (2541,1000,'FRW_access',0,1259,'ADD',1,'http://rtfund/framework/start.php?SystemID=1',NULL,'127.0.0.1','2016-01-10 22:21:47','insert into FRW_access(MenuID,PersonID,ViewFlag,AddFlag,EditFlag,RemoveFlag) values (\'30\',\'1259\',\'YES\',\'YES\',\'YES\',\'YES\')'),
 (2542,1000,'FRW_access',0,1259,'ADD',1,'http://rtfund/framework/start.php?SystemID=1',NULL,'127.0.0.1','2016-01-10 22:21:47','insert into FRW_access(MenuID,PersonID,ViewFlag,AddFlag,EditFlag,RemoveFlag) values (\'32\',\'1259\',\'YES\',\'YES\',\'YES\',\'YES\')'),
 (2543,1000,'FRW_access',0,1259,'ADD',1,'http://rtfund/framework/start.php?SystemID=1',NULL,'127.0.0.1','2016-01-10 22:21:47','insert into FRW_access(MenuID,PersonID,ViewFlag,AddFlag,EditFlag,RemoveFlag) values (\'53\',\'1259\',\'YES\',\'YES\',\'YES\',\'YES\')'),
 (2544,1000,'FRW_access',0,1259,'ADD',1,'http://rtfund/framework/start.php?SystemID=1',NULL,'127.0.0.1','2016-01-10 22:21:47','insert into FRW_access(MenuID,PersonID,ViewFlag,AddFlag,EditFlag,RemoveFlag) values (\'56\',\'1259\',\'YES\',\'YES\',\'YES\',\'YES\')'),
 (2545,1000,'FRW_menus',29,NULL,'UPDATE',1,'http://rtfund/framework/start.php?SystemID=1',NULL,'127.0.0.1','2016-01-10 22:35:26','update FRW_menus set SystemID=\'4\',MenuID=\'29\',ParentID=\'0\',MenuDesc=\'مدیریت نامه\',ordering=\'1\' where MenuID=\'29\''),
 (2546,1259,'OFC_send',5,8,'ADD',4,'http://rtfund/office/start.php?SystemID=4',NULL,'127.0.0.1','2016-01-10 22:41:04','insert into OFC_send(LetterID,FromPersonID,ToPersonID,SendDate,SendType,SendComment,IsUrgent) values (\'8\',\'1259\',\'1000\',now(),\'3\',\'لطفا بررسی کنید ....\',\'NO\')'),
 (2547,1259,'OFC_letters',8,NULL,'UPDATE',4,'http://rtfund/office/start.php?SystemID=4',NULL,'127.0.0.1','2016-01-10 22:41:04','update OFC_letters set LetterID=\'8\',LetterType=\'INNER\',LetterTitle=\'تست\',LetterDate=\'2016/01/03\',RegDate=\'2016/01/03 22:05:17\',PersonID=\'1000\',LetterStatus=\'CONFIRM\' where  LetterID=\'8\''),
 (2548,1000,'OFC_send',6,8,'ADD',4,'http://rtfund/office/start.php?SystemID=4',NULL,'127.0.0.1','2016-01-10 22:45:48','insert into OFC_send(LetterID,FromPersonID,ToPersonID,SendDate,SendType,SendComment,IsUrgent) values (\'8\',\'1000\',\'1259\',now(),\'1\',\'بررسی شد\',\'NO\')'),
 (2549,1000,'OFC_letters',8,NULL,'UPDATE',4,'http://rtfund/office/start.php?SystemID=4',NULL,'127.0.0.1','2016-01-10 22:45:48','update OFC_letters set LetterID=\'8\',LetterType=\'INNER\',LetterTitle=\'تست\',LetterDate=\'2016/01/03\',RegDate=\'2016/01/03 22:05:17\',PersonID=\'1000\',LetterStatus=\'CONFIRM\' where  LetterID=\'8\''),
 (2550,1000,'OFC_send',7,8,'ADD',4,'http://rtfund/office/start.php?SystemID=4',NULL,'127.0.0.1','2016-01-10 23:00:16','insert into OFC_send(LetterID,FromPersonID,ToPersonID,SendDate,SendType,SendComment,IsUrgent) values (\'8\',\'1000\',\'1259\',now(),\'3\',\'بررسی شد\',\'NO\')'),
 (2551,1000,'OFC_letters',8,NULL,'UPDATE',4,'http://rtfund/office/start.php?SystemID=4',NULL,'127.0.0.1','2016-01-10 23:00:16','update OFC_letters set LetterID=\'8\',LetterType=\'INNER\',LetterTitle=\'تست\',LetterDate=\'2016/01/03\',RegDate=\'2016/01/03 22:05:17\',PersonID=\'1000\',LetterStatus=\'CONFIRM\' where  LetterID=\'8\''),
 (2552,1259,'OFC_send',8,8,'ADD',4,'http://rtfund/office/start.php?SystemID=4',NULL,'127.0.0.1','2016-01-10 23:01:34','insert into OFC_send(LetterID,FromPersonID,ToPersonID,SendDate,SendType,SendComment,IsUrgent) values (\'8\',\'1259\',\'1258\',now(),\'1\',\'س یب شسی شس \',\'NO\')'),
 (2553,1259,'OFC_letters',8,NULL,'UPDATE',4,'http://rtfund/office/start.php?SystemID=4',NULL,'127.0.0.1','2016-01-10 23:01:34','update OFC_letters set LetterID=\'8\',LetterType=\'INNER\',LetterTitle=\'تست\',LetterDate=\'2016/01/03\',RegDate=\'2016/01/03 22:05:17\',PersonID=\'1000\',LetterStatus=\'CONFIRM\' where  LetterID=\'8\'');
/*!40000 ALTER TABLE `DataAudit` ENABLE KEYS */;


--
-- Definition of table `FGR_FormElements`
--

DROP TABLE IF EXISTS `FGR_FormElements`;
CREATE TABLE `FGR_FormElements` (
  `ElementID` int(10) unsigned NOT NULL auto_increment,
  `FormID` int(10) unsigned NOT NULL,
  `ElTitle` varchar(45) character set utf8 NOT NULL,
  `ElType` varchar(45) NOT NULL,
  `ElValue` varchar(45) default NULL,
  `RefField` varchar(45) default NULL,
  `TypeID` int(10) unsigned default NULL,
  `ordering` varchar(45) NOT NULL,
  `width` varchar(45) default NULL,
  PRIMARY KEY  (`ElementID`)
) ENGINE=InnoDB DEFAULT CHARSET=latin1;

--
-- Dumping data for table `FGR_FormElements`
--

/*!40000 ALTER TABLE `FGR_FormElements` DISABLE KEYS */;
INSERT INTO `FGR_FormElements` (`ElementID`,`FormID`,`ElTitle`,`ElType`,`ElValue`,`RefField`,`TypeID`,`ordering`,`width`) VALUES 
 (1,1,'مدت مرخصی','combo','1:2:3',NULL,0,'1','50'),
 (2,1,'سمتنبی سمین','textfield',NULL,NULL,0,'2',NULL),
 (3,1,'شسیشس','currencyfield',NULL,NULL,0,'3',NULL);
/*!40000 ALTER TABLE `FGR_FormElements` ENABLE KEYS */;


--
-- Definition of table `FGR_StepElements`
--

DROP TABLE IF EXISTS `FGR_StepElements`;
CREATE TABLE `FGR_StepElements` (
  `StepID` int(10) unsigned NOT NULL,
  `ElementID` int(10) unsigned NOT NULL,
  PRIMARY KEY  (`StepID`,`ElementID`)
) ENGINE=InnoDB DEFAULT CHARSET=latin1;

--
-- Dumping data for table `FGR_StepElements`
--

/*!40000 ALTER TABLE `FGR_StepElements` DISABLE KEYS */;
/*!40000 ALTER TABLE `FGR_StepElements` ENABLE KEYS */;


--
-- Definition of table `FGR_forms`
--

DROP TABLE IF EXISTS `FGR_forms`;
CREATE TABLE `FGR_forms` (
  `FormID` int(10) unsigned NOT NULL auto_increment COMMENT 'کد فرم',
  `FormName` varchar(500) NOT NULL COMMENT 'عنوان فرم',
  `reference` varchar(45) default NULL COMMENT 'آیتم',
  `FileInclude` enum('YES','NO') default 'NO',
  PRIMARY KEY  (`FormID`)
) ENGINE=InnoDB DEFAULT CHARSET=utf8;

--
-- Dumping data for table `FGR_forms`
--

/*!40000 ALTER TABLE `FGR_forms` DISABLE KEYS */;
INSERT INTO `FGR_forms` (`FormID`,`FormName`,`reference`,`FileInclude`) VALUES 
 (1,'فرم تستی',NULL,'NO');
/*!40000 ALTER TABLE `FGR_forms` ENABLE KEYS */;


--
-- Definition of table `FGR_steps`
--

DROP TABLE IF EXISTS `FGR_steps`;
CREATE TABLE `FGR_steps` (
  `StepID` int(10) unsigned NOT NULL auto_increment COMMENT 'کد مرحله',
  `FormID` int(10) unsigned NOT NULL COMMENT 'کد فرم',
  `ordering` smallint(5) unsigned NOT NULL COMMENT 'ترتیب',
  `StepTitle` varchar(200) NOT NULL COMMENT 'عنوان مرحله',
  `PostID` int(10) unsigned NOT NULL COMMENT 'پست',
  `BreakDuration` smallint(5) unsigned NOT NULL COMMENT 'مهلت به روز',
  PRIMARY KEY  (`StepID`),
  KEY `FK_FGR_steps_1` (`FormID`),
  CONSTRAINT `FK_FGR_steps_1` FOREIGN KEY (`FormID`) REFERENCES `fgr_forms` (`FormID`)
) ENGINE=InnoDB DEFAULT CHARSET=latin1;

--
-- Dumping data for table `FGR_steps`
--

/*!40000 ALTER TABLE `FGR_steps` DISABLE KEYS */;
INSERT INTO `FGR_steps` (`StepID`,`FormID`,`ordering`,`StepTitle`,`PostID`,`BreakDuration`) VALUES 
 (2,1,1,'sdsds',2,2),
 (3,1,2,'dsfsdfsd',1,3),
 (4,1,3,'fffffff',1,3);
/*!40000 ALTER TABLE `FGR_steps` ENABLE KEYS */;


--
-- Definition of table `FRW_LoginAttempts`
--

DROP TABLE IF EXISTS `FRW_LoginAttempts`;
CREATE TABLE `FRW_LoginAttempts` (
  `PersonID` int(10) unsigned NOT NULL,
  `AttemptTime` varchar(30) NOT NULL,
  PRIMARY KEY  (`PersonID`,`AttemptTime`)
) ENGINE=InnoDB DEFAULT CHARSET=utf8;

--
-- Dumping data for table `FRW_LoginAttempts`
--

/*!40000 ALTER TABLE `FRW_LoginAttempts` DISABLE KEYS */;
/*!40000 ALTER TABLE `FRW_LoginAttempts` ENABLE KEYS */;


--
-- Definition of table `FRW_access`
--

DROP TABLE IF EXISTS `FRW_access`;
CREATE TABLE `FRW_access` (
  `MenuID` int(11) NOT NULL,
  `PersonID` int(11) NOT NULL,
  `ViewFlag` enum('YES','NO') default 'NO',
  `AddFlag` enum('YES','NO') default 'NO',
  `EditFlag` enum('YES','NO') default 'NO',
  `RemoveFlag` enum('YES','NO') default 'NO',
  PRIMARY KEY  (`MenuID`,`PersonID`)
) ENGINE=InnoDB DEFAULT CHARSET=utf8;

--
-- Dumping data for table `FRW_access`
--

/*!40000 ALTER TABLE `FRW_access` DISABLE KEYS */;
INSERT INTO `FRW_access` (`MenuID`,`PersonID`,`ViewFlag`,`AddFlag`,`EditFlag`,`RemoveFlag`) VALUES 
 (3,1000,'YES','YES','YES','YES'),
 (4,1000,'YES','YES','YES','YES'),
 (5,1000,'YES','YES','YES','YES'),
 (6,1000,'YES','YES','YES','YES'),
 (8,1000,'YES','YES','YES','YES'),
 (10,1000,'YES','YES','YES','YES'),
 (11,1000,'YES','YES','YES','YES'),
 (12,1000,'YES','YES','YES','YES'),
 (14,1000,'YES','YES','YES','YES'),
 (16,1000,'YES','YES','YES','YES'),
 (18,1000,'YES','YES','YES','YES'),
 (22,1000,'YES','YES','YES','YES'),
 (23,1000,'YES','YES','YES','YES'),
 (25,1000,'YES','YES','YES','YES'),
 (26,1000,'YES','YES','YES','YES'),
 (27,1000,'YES','YES','YES','YES'),
 (28,1000,'YES','YES','YES','YES'),
 (30,1000,'YES','YES','YES','YES'),
 (30,1258,'YES','YES','YES','YES'),
 (30,1259,'YES','YES','YES','YES'),
 (31,1000,'YES','YES','YES','YES'),
 (31,1258,'YES','YES','YES','YES'),
 (31,1259,'YES','YES','YES','YES'),
 (32,1000,'YES','YES','YES','YES'),
 (32,1258,'YES','YES','YES','YES'),
 (32,1259,'YES','YES','YES','YES'),
 (33,1000,'YES','YES','YES','YES'),
 (34,1000,'YES','YES','YES','YES'),
 (35,1000,'YES','YES','YES','YES'),
 (36,1000,'YES','YES','YES','YES'),
 (38,1000,'YES','YES','YES','YES'),
 (45,1000,'YES','YES','YES','YES'),
 (49,1000,'YES','YES','YES','YES'),
 (50,1000,'YES','YES','YES','YES'),
 (53,1000,'YES','YES','YES','YES'),
 (53,1008,'YES','YES','YES','YES'),
 (53,1009,'YES','YES','YES','YES'),
 (53,1258,'YES','YES','YES','YES'),
 (53,1259,'YES','YES','YES','YES'),
 (54,1000,'YES','YES','YES','YES'),
 (56,1000,'YES','YES','YES','YES'),
 (56,1258,'YES','YES','YES','YES'),
 (56,1259,'YES','YES','YES','YES'),
 (57,1000,'YES','YES','YES','YES'),
 (59,1000,'YES','YES','YES','YES'),
 (59,1258,'YES','YES','YES','YES'),
 (59,1259,'YES','YES','YES','YES');
/*!40000 ALTER TABLE `FRW_access` ENABLE KEYS */;


--
-- Definition of table `FRW_menus`
--

DROP TABLE IF EXISTS `FRW_menus`;
CREATE TABLE `FRW_menus` (
  `SystemID` int(10) unsigned NOT NULL,
  `MenuID` int(11) NOT NULL auto_increment,
  `ParentID` int(10) unsigned default NULL,
  `MenuDesc` varchar(500) NOT NULL,
  `IsActive` enum('YES','NO') NOT NULL default 'YES',
  `ordering` smallint(5) unsigned default NULL,
  `icon` varchar(200) default NULL,
  `MenuPath` varchar(500) default NULL,
  `IsCustomer` enum('YES','NO') NOT NULL default 'NO',
  `IsShareholder` enum('YES','NO') NOT NULL default 'NO',
  `IsStaff` enum('YES','NO') NOT NULL default 'NO',
  `IsAgent` enum('YES','NO') NOT NULL default 'NO',
  `IsSupporter` enum('YES','NO') NOT NULL default 'NO',
  PRIMARY KEY  (`MenuID`),
  KEY `FK_FRW_menus_1` (`SystemID`),
  CONSTRAINT `FK_FRW_menus_1` FOREIGN KEY (`SystemID`) REFERENCES `frw_systems` (`SystemID`) ON DELETE CASCADE ON UPDATE CASCADE
) ENGINE=InnoDB DEFAULT CHARSET=utf8;

--
-- Dumping data for table `FRW_menus`
--

/*!40000 ALTER TABLE `FRW_menus` DISABLE KEYS */;
INSERT INTO `FRW_menus` (`SystemID`,`MenuID`,`ParentID`,`MenuDesc`,`IsActive`,`ordering`,`icon`,`MenuPath`,`IsCustomer`,`IsShareholder`,`IsStaff`,`IsAgent`,`IsSupporter`) VALUES 
 (1,1,0,'مدیریت  سیستم ها','YES',1,NULL,NULL,'NO','NO','NO','NO','NO'),
 (1,2,0,'مدیریت کاربران','YES',2,NULL,NULL,'NO','NO','NO','NO','NO'),
 (1,3,1,'مدیریت سیستم ها','YES',1,NULL,'management/systems.php','NO','NO','NO','NO','NO'),
 (1,4,1,'مدیریت منوها','YES',2,NULL,'management/menus.php','NO','NO','NO','NO','NO'),
 (1,5,2,'دسترسی کاربران','YES',2,'access.gif','management/UserAccess.php','NO','NO','NO','NO','NO'),
 (1,6,2,'مدیریت ذینفعان','YES',1,'users.gif','person/persons.php','NO','NO','NO','NO','NO'),
 (2,7,0,'اطلاعات پایه','YES',1,NULL,NULL,'NO','NO','NO','NO','NO'),
 (2,8,7,'مدیریت کد حساب','YES',3,NULL,'baseinfo/CostCodes.php','NO','NO','NO','NO','NO'),
 (1,9,0,'اطلاعات پایه','YES',3,NULL,NULL,'NO','NO','NO','NO','NO'),
 (1,10,9,'واحدهای سازمان','YES',1,'unit.png','baeinfo/units.php','NO','NO','NO','NO','NO'),
 (1,11,9,'مدیریت شعب','YES',2,NULL,'baseinfo/branches.php','NO','NO','NO','NO','NO'),
 (1,12,9,'دسترسی شعب','YES',3,NULL,'baseInfo/BranchAccess.php','NO','NO','NO','NO','NO'),
 (6,13,0,'اطلاعات پایه','YES',1,NULL,NULL,'NO','NO','NO','NO','NO'),
 (6,14,13,'انواع وام','YES',1,NULL,'loan/loans.php','NO','NO','NO','NO','NO'),
 (6,15,0,'اعطای تسهیلات','YES',2,NULL,NULL,'NO','NO','NO','NO','NO'),
 (6,16,15,'مدیریت درخواست ها','YES',2,NULL,'request/ManageRequests.php','NO','NO','NO','NO','NO'),
 (6,17,0,'گزارشات','YES',3,NULL,NULL,'NO','NO','NO','NO','NO'),
 (6,18,17,'گزارش درخواست های تسهیلات','YES',1,NULL,'report/requests.php','NO','NO','NO','NO','NO'),
 (2,19,0,'گزارشات','YES',3,NULL,NULL,'NO','NO','NO','NO','NO'),
 (2,21,0,'عملیات برگه','YES',2,NULL,NULL,'NO','NO','NO','NO','NO'),
 (2,22,21,'مدیریت برگه ها','YES',1,NULL,'docs/docs.php','NO','NO','NO','NO','NO'),
 (2,23,21,'سند افتتاحیه / اختتامیه','YES',2,NULL,'docs/CloseOpenDocs.php','NO','NO','NO','NO','NO'),
 (2,25,7,'مدیریت تفصیلی ها','YES',4,NULL,'baseinfo/tafsilis.php','NO','NO','NO','NO','NO'),
 (2,26,19,'گزارش تراز','YES',1,NULL,'report/taraz.php','NO','NO','NO','NO','NO'),
 (2,27,19,'گزارش گردش حساب','YES',2,NULL,'report/flow.php','NO','NO','NO','NO','NO'),
 (2,28,19,'گزارش اسناد','YES',3,NULL,'report/docs.php','NO','NO','NO','NO','NO'),
 (4,29,0,'مدیریت نامه','YES',1,NULL,NULL,'NO','NO','NO','NO','NO'),
 (4,30,29,'نامه های رسیده','YES',3,NULL,'letter/receive.php','NO','NO','NO','NO','NO'),
 (4,31,29,'ایجاد نامه','YES',1,NULL,'letter/newLetter.php','NO','NO','NO','NO','NO'),
 (4,32,29,'نامه های ارسالی','YES',4,NULL,'letter/send.php','NO','NO','NO','NO','NO'),
 (2,34,7,'اجزای حساب','YES',2,NULL,'baseinfo/blocks.php','NO','NO','NO','NO','NO'),
 (2,36,7,'حساب های بانکی','YES',5,NULL,'baseinfo/accounts.php','NO','NO','NO','NO','NO'),
 (4,37,0,'فرمساز','YES',4,NULL,NULL,'NO','NO','NO','NO','NO'),
 (4,38,37,'مدیریت فرم ها','YES',1,NULL,'formGenerator/buildForm.php','NO','NO','NO','NO','NO'),
 (1000,39,0,'وام گیرنده','YES',2,NULL,NULL,'YES','NO','NO','NO','NO'),
 (1000,40,0,'سهامداران','YES',1,NULL,NULL,'NO','YES','NO','NO','NO'),
 (1000,41,39,'درخواست وام','YES',1,'clone','../loan/request/CustomerNewRequest.php','YES','NO','NO','NO','NO'),
 (1000,42,39,'وام های دریافتی','YES',2,'list','../loan/request/MyRequests.php','YES','NO','NO','NO','YES'),
 (1000,43,39,'پرداخت اقساط','YES',3,'credit-card','../loan/request/installments.php','YES','NO','NO','NO','NO'),
 (1000,44,40,'مدیریت سهام','YES',1,'pie-chart','empty.php','NO','YES','NO','NO','NO'),
 (6,45,13,'مدیریت ذینفعان','YES',2,'users.gif','../person/persons.php','NO','NO','NO','NO','NO'),
 (1000,46,0,'سرمایه گذار','YES',NULL,NULL,NULL,'NO','NO','NO','YES','NO'),
 (1000,47,46,'معرفی اخذ وام','YES',1,'share-square-o','../loan/request/RequestInfo.php','NO','NO','NO','YES','NO'),
 (2,50,7,'تعیین شعبه و دوره','YES',1,NULL,'global/UserState.php','NO','NO','NO','NO','NO'),
 (1000,51,46,'لیست وام های ارسالی','YES',2,'list','../loan/request/MyRequests.php','NO','NO','NO','YES','NO'),
 (4,52,0,'کارتابل شخصی','YES',2,NULL,NULL,'NO','NO','NO','NO','NO'),
 (4,53,52,'کارتابل فرم های رسیده','YES',1,NULL,'workflow/MyForms.php','NO','NO','NO','NO','NO'),
 (6,54,15,'ایجاد درخواست وام','YES',1,NULL,'request/RequestInfo.php','NO','NO','NO','NO','NO'),
 (1000,55,46,'اطلاعات سپرده','YES',1,'database','global/DepositeInfo.php','NO','NO','NO','YES','NO'),
 (4,56,52,'مدیریت فرم ها','YES',2,'manageForm.png','workflow/ManageForms.php','NO','NO','NO','NO','NO'),
 (4,57,37,'مدیریت گردش کار','YES',2,'flow.png','workflow/wfm.php','NO','NO','NO','NO','NO'),
 (1000,58,39,'اطلاعات قرض الحسنه','YES',4,NULL,'global/AccountInfo.php','YES','NO','NO','YES','NO'),
 (4,59,29,'نامه های پیش نویس','YES',2,NULL,'letter/DraftLetters.php','NO','NO','NO','NO','NO');
/*!40000 ALTER TABLE `FRW_menus` ENABLE KEYS */;


--
-- Definition of table `FRW_systems`
--

DROP TABLE IF EXISTS `FRW_systems`;
CREATE TABLE `FRW_systems` (
  `SystemID` int(10) unsigned NOT NULL auto_increment,
  `SysName` varchar(500) character set utf8 collate utf8_persian_ci NOT NULL,
  `SysPath` varchar(500) NOT NULL,
  `IsActive` enum('YES','NO') NOT NULL default 'YES',
  `SysIcon` varchar(500) NOT NULL,
  PRIMARY KEY  (`SystemID`)
) ENGINE=InnoDB DEFAULT CHARSET=latin1;

--
-- Dumping data for table `FRW_systems`
--

/*!40000 ALTER TABLE `FRW_systems` DISABLE KEYS */;
INSERT INTO `FRW_systems` (`SystemID`,`SysName`,`SysPath`,`IsActive`,`SysIcon`) VALUES 
 (1,'سیستم مدیریت فریم ورک','framework','YES','framework.gif'),
 (2,'سیستم حسابداری ','accounting','YES','accountancy.gif'),
 (4,'سیستم اتوماسیون اداری','office','YES','office.gif'),
 (6,'سیستم تسهیلات','loan','YES','loan.jpg'),
 (7,'سیستم مدیریت اسناد','dms','YES','document.gif'),
 (8,'سیستم مدیریت ذینفعان','person','YES','person.png'),
 (1000,'پرتال ','portal','YES','-');
/*!40000 ALTER TABLE `FRW_systems` ENABLE KEYS */;


--
-- Definition of table `FRW_units`
--

DROP TABLE IF EXISTS `FRW_units`;
CREATE TABLE `FRW_units` (
  `UnitID` int(10) unsigned NOT NULL auto_increment,
  `ParentID` int(10) unsigned default NULL,
  `UnitName` varchar(500) character set utf8 NOT NULL,
  PRIMARY KEY  (`UnitID`)
) ENGINE=InnoDB DEFAULT CHARSET=latin1 COMMENT='واحدهای سازمانی';

--
-- Dumping data for table `FRW_units`
--

/*!40000 ALTER TABLE `FRW_units` DISABLE KEYS */;
INSERT INTO `FRW_units` (`UnitID`,`ParentID`,`UnitName`) VALUES 
 (1,NULL,'مدیریت'),
 (8,1,'معاونت'),
 (9,NULL,'اداری');
/*!40000 ALTER TABLE `FRW_units` ENABLE KEYS */;


--
-- Definition of table `LON_PartPayments`
--

DROP TABLE IF EXISTS `LON_PartPayments`;
CREATE TABLE `LON_PartPayments` (
  `PayID` int(10) unsigned NOT NULL auto_increment COMMENT 'ردیف پرداخت',
  `PartID` int(10) unsigned NOT NULL COMMENT 'کد مرحله وام',
  `PayDate` date NOT NULL COMMENT 'تاریخ سررسید',
  `PayAmount` decimal(15,0) NOT NULL COMMENT 'مبلغ خالص',
  `WageAmount` decimal(15,0) NOT NULL COMMENT 'مبلغ کارمزد',
  `CustomerWage` smallint(5) unsigned NOT NULL COMMENT 'درصد کارمزد',
  `FundWage` smallint(5) unsigned NOT NULL,
  `PaidDate` datetime default NULL COMMENT 'تاریخ پرداخت',
  `PaidAmount` decimal(15,0) default NULL COMMENT 'مبلغ چرداخت شده',
  `StatusID` smallint(5) unsigned NOT NULL default '1',
  `ChequeNo` decimal(10,0) default NULL,
  `ChequeDate` date default NULL,
  `ChequeBank` smallint(5) unsigned default NULL,
  `ChequeBranch` varchar(200) default NULL,
  PRIMARY KEY  (`PayID`)
) ENGINE=InnoDB DEFAULT CHARSET=utf8;

--
-- Dumping data for table `LON_PartPayments`
--

/*!40000 ALTER TABLE `LON_PartPayments` DISABLE KEYS */;
INSERT INTO `LON_PartPayments` (`PayID`,`PartID`,`PayDate`,`PayAmount`,`WageAmount`,`CustomerWage`,`FundWage`,`PaidDate`,`PaidAmount`,`StatusID`,`ChequeNo`,`ChequeDate`,`ChequeBank`,`ChequeBranch`) VALUES 
 (145,3,'2015-12-25','5000000','220000',4,10,NULL,NULL,1,NULL,NULL,NULL,NULL),
 (146,3,'2016-02-23','5000000','220000',4,10,NULL,NULL,1,NULL,NULL,NULL,NULL),
 (147,3,'2016-04-23','5000000','220000',4,10,NULL,NULL,1,NULL,NULL,NULL,NULL),
 (148,3,'2016-06-22','5000000','220000',4,10,NULL,NULL,1,NULL,NULL,NULL,NULL),
 (149,3,'2016-08-21','5000000','220000',4,10,NULL,NULL,1,NULL,NULL,NULL,NULL),
 (150,3,'2016-10-20','5000000','220000',4,10,NULL,NULL,1,NULL,NULL,NULL,NULL),
 (151,3,'2016-12-19','5000000','220000',4,10,NULL,NULL,1,NULL,NULL,NULL,NULL),
 (152,3,'2017-02-17','5000000','220000',4,10,NULL,NULL,1,NULL,NULL,NULL,NULL),
 (153,3,'2017-04-18','5000000','220000',4,10,NULL,NULL,1,NULL,NULL,NULL,NULL),
 (154,3,'2017-06-17','5000000','220000',4,10,NULL,NULL,1,NULL,NULL,NULL,NULL),
 (155,3,'2017-08-16','5000000','220000',4,10,NULL,NULL,1,NULL,NULL,NULL,NULL),
 (156,3,'2017-10-15','5000000','211669',4,10,NULL,NULL,1,NULL,NULL,NULL,NULL),
 (193,2,'2015-11-25','5000000','275000',10,10,NULL,NULL,1,NULL,NULL,NULL,NULL),
 (194,2,'2015-12-25','5000000','275000',10,10,NULL,NULL,1,NULL,NULL,NULL,NULL),
 (195,2,'2016-01-24','5000000','275000',10,10,NULL,NULL,1,NULL,NULL,NULL,NULL),
 (196,2,'2016-02-23','5000000','275000',10,10,NULL,NULL,1,NULL,NULL,NULL,NULL),
 (197,2,'2016-03-23','5000000','275000',10,10,NULL,NULL,1,NULL,NULL,NULL,NULL),
 (198,2,'2016-04-23','5000000','275000',10,10,NULL,NULL,1,NULL,NULL,NULL,NULL),
 (199,2,'2016-05-24','5000000','275000',10,10,NULL,NULL,1,NULL,NULL,NULL,NULL),
 (200,2,'2016-06-24','5000000','275000',10,10,NULL,NULL,1,NULL,NULL,NULL,NULL),
 (201,2,'2016-07-25','5000000','275000',10,10,NULL,NULL,1,NULL,NULL,NULL,NULL),
 (202,2,'2016-08-25','5000000','275000',10,10,NULL,NULL,1,NULL,NULL,NULL,NULL),
 (203,2,'2016-09-25','5000000','275000',10,10,NULL,NULL,1,NULL,NULL,NULL,NULL),
 (204,2,'2016-10-25','5000000','274439',10,10,NULL,NULL,1,NULL,NULL,NULL,NULL),
 (205,4,'2016-02-20','5000000','275000',10,4,NULL,NULL,1,NULL,NULL,NULL,NULL),
 (206,4,'2016-03-20','5000000','275000',10,4,NULL,NULL,1,NULL,NULL,NULL,NULL),
 (207,4,'2016-04-20','5000000','275000',10,4,NULL,NULL,1,NULL,NULL,NULL,NULL),
 (208,4,'2016-05-21','5000000','275000',10,4,NULL,NULL,1,NULL,NULL,NULL,NULL),
 (209,4,'2016-06-21','5000000','275000',10,4,NULL,NULL,1,NULL,NULL,NULL,NULL),
 (210,4,'2016-07-22','5000000','275000',10,4,NULL,NULL,1,NULL,NULL,NULL,NULL),
 (211,4,'2016-08-22','5000000','275000',10,4,NULL,NULL,1,NULL,NULL,NULL,NULL),
 (212,4,'2016-09-22','5000000','275000',10,4,NULL,NULL,1,NULL,NULL,NULL,NULL),
 (213,4,'2016-10-22','5000000','275000',10,4,NULL,NULL,1,NULL,NULL,NULL,NULL),
 (214,4,'2016-11-21','5000000','275000',10,4,NULL,NULL,1,NULL,NULL,NULL,NULL),
 (215,4,'2016-12-21','5000000','275000',10,4,NULL,NULL,1,NULL,NULL,NULL,NULL),
 (216,4,'2017-01-20','5000000','274439',10,4,NULL,NULL,1,NULL,NULL,NULL,NULL),
 (217,6,'2016-02-05','5000000','137000',5,10,NULL,NULL,1,NULL,NULL,NULL,NULL),
 (218,6,'2016-03-06','5000000','137000',5,10,NULL,NULL,1,NULL,NULL,NULL,NULL),
 (219,6,'2016-04-04','5000000','137000',5,10,NULL,NULL,1,NULL,NULL,NULL,NULL),
 (220,6,'2016-05-05','5000000','137000',5,10,NULL,NULL,1,NULL,NULL,NULL,NULL),
 (221,6,'2016-06-05','5000000','137000',5,10,NULL,NULL,1,NULL,NULL,NULL,NULL),
 (222,6,'2016-07-06','5000000','137000',5,10,NULL,NULL,1,NULL,NULL,NULL,NULL),
 (223,6,'2016-08-06','5000000','137000',5,10,NULL,NULL,1,NULL,NULL,NULL,NULL),
 (224,6,'2016-09-06','5000000','137000',5,10,NULL,NULL,1,NULL,NULL,NULL,NULL),
 (225,6,'2016-10-07','5000000','137000',5,10,NULL,NULL,1,NULL,NULL,NULL,NULL),
 (226,6,'2016-11-06','5000000','137000',5,10,NULL,NULL,1,NULL,NULL,NULL,NULL),
 (227,6,'2016-12-06','5000000','137000',5,10,NULL,NULL,1,NULL,NULL,NULL,NULL),
 (228,6,'2017-01-05','5000000','130387',5,10,NULL,NULL,1,NULL,NULL,NULL,NULL);
/*!40000 ALTER TABLE `LON_PartPayments` ENABLE KEYS */;


--
-- Definition of table `LON_ReqDocs`
--

DROP TABLE IF EXISTS `LON_ReqDocs`;
CREATE TABLE `LON_ReqDocs` (
  `ReqDocID` int(10) unsigned NOT NULL auto_increment COMMENT 'مدرک درخواست',
  `RequestID` int(10) unsigned NOT NULL COMMENT 'شماره درخواست',
  `DocType` int(10) unsigned NOT NULL COMMENT 'نوع مدرک',
  `description` varchar(5000) NOT NULL COMMENT 'توضیحات',
  PRIMARY KEY  (`ReqDocID`),
  KEY `FK_LON_ReqDocs_1` (`RequestID`),
  CONSTRAINT `FK_LON_ReqDocs_1` FOREIGN KEY (`RequestID`) REFERENCES `lon_requests` (`RequestID`)
) ENGINE=InnoDB DEFAULT CHARSET=utf8;

--
-- Dumping data for table `LON_ReqDocs`
--

/*!40000 ALTER TABLE `LON_ReqDocs` DISABLE KEYS */;
/*!40000 ALTER TABLE `LON_ReqDocs` ENABLE KEYS */;


--
-- Definition of table `LON_ReqFlow`
--

DROP TABLE IF EXISTS `LON_ReqFlow`;
CREATE TABLE `LON_ReqFlow` (
  `FlowID` int(10) unsigned NOT NULL auto_increment,
  `RequestID` int(10) unsigned NOT NULL,
  `PersonID` int(10) unsigned NOT NULL,
  `StatusID` smallint(5) unsigned NOT NULL,
  `ActDate` datetime NOT NULL,
  `StepComment` varchar(500) character set utf8 default NULL,
  PRIMARY KEY  (`FlowID`)
) ENGINE=InnoDB DEFAULT CHARSET=latin1;

--
-- Dumping data for table `LON_ReqFlow`
--

/*!40000 ALTER TABLE `LON_ReqFlow` DISABLE KEYS */;
INSERT INTO `LON_ReqFlow` (`FlowID`,`RequestID`,`PersonID`,`StatusID`,`ActDate`,`StepComment`) VALUES 
 (1,228,1000,70,'2015-12-19 12:59:37','[تغییر وضعیت]'),
 (3,228,1000,80,'2015-12-19 13:01:30','1'),
 (4,228,1000,80,'2015-12-19 13:03:10','1'),
 (5,229,1001,1,'2015-12-31 18:11:53',''),
 (6,229,1001,10,'2015-12-31 18:12:36',''),
 (7,229,1000,70,'2016-01-10 18:52:52','[تغییر وضعیت]');
/*!40000 ALTER TABLE `LON_ReqFlow` ENABLE KEYS */;


--
-- Definition of table `LON_ReqParts`
--

DROP TABLE IF EXISTS `LON_ReqParts`;
CREATE TABLE `LON_ReqParts` (
  `PartID` int(10) unsigned NOT NULL auto_increment,
  `RequestID` int(10) unsigned NOT NULL,
  `PartDesc` varchar(200) NOT NULL,
  `PartDate` date NOT NULL,
  `PartAmount` decimal(15,0) NOT NULL,
  `InstallmentCount` smallint(5) unsigned NOT NULL default '1',
  `IntervalType` enum('MONTH','DAY') NOT NULL default 'MONTH',
  `PayInterval` smallint(5) unsigned NOT NULL default '1',
  `DelayMonths` smallint(5) unsigned NOT NULL default '0',
  `ForfeitPercent` smallint(5) unsigned NOT NULL default '0',
  `CustomerWage` float NOT NULL default '0',
  `FundWage` float NOT NULL default '0',
  `IsPayed` enum('YES','NO') NOT NULL default 'NO',
  PRIMARY KEY  (`PartID`),
  KEY `FK_LON_ReqParts_1` (`RequestID`),
  CONSTRAINT `FK_LON_ReqParts_1` FOREIGN KEY (`RequestID`) REFERENCES `lon_requests` (`RequestID`)
) ENGINE=InnoDB DEFAULT CHARSET=utf8;

--
-- Dumping data for table `LON_ReqParts`
--

/*!40000 ALTER TABLE `LON_ReqParts` DISABLE KEYS */;
INSERT INTO `LON_ReqParts` (`PartID`,`RequestID`,`PartDesc`,`PartDate`,`PartAmount`,`InstallmentCount`,`IntervalType`,`PayInterval`,`DelayMonths`,`ForfeitPercent`,`CustomerWage`,`FundWage`,`IsPayed`) VALUES 
 (1,1,'مرحله اول','2012-04-07','30000000',2,'MONTH',1,0,0,0,0,'YES'),
 (2,2,'مرحله اول','2012-04-04','30000000',1,'MONTH',1,0,0,0,0,'YES'),
 (3,3,'مرحله اول','2012-04-15','222166667',18,'MONTH',1,0,0,0,0,'YES'),
 (4,4,'مرحله اول','2012-04-28','31000000',2,'MONTH',1,0,0,3.22581,3.22581,'YES'),
 (5,5,'مرحله اول','2012-04-28','31000000',2,'MONTH',1,0,0,3.22581,3.22581,'YES'),
 (6,6,'مرحله اول','2012-04-28','103958333',1,'MONTH',1,0,0,0,0,'YES'),
 (7,7,'مرحله اول','2012-04-28','103958333',12,'MONTH',1,0,0,0,0,'YES'),
 (8,8,'مرحله اول','2012-05-05','118541296',8,'MONTH',1,0,0,6.29145,6.29145,'YES'),
 (9,9,'مرحله اول','2012-05-12','30000000',18,'MONTH',1,0,0,0,0,'YES'),
 (10,10,'مرحله اول','2012-05-12','30000000',1,'MONTH',1,0,0,0,0,'YES'),
 (11,11,'مرحله اول','2012-05-16','30000000',1,'MONTH',1,0,0,0,0,'YES'),
 (12,12,'مرحله اول','2012-05-16','36918082',22,'MONTH',1,0,0,18.739,18.739,'YES'),
 (13,13,'مرحله اول','2012-05-16','30000000',1,'MONTH',1,0,0,0,0,'YES'),
 (14,14,'مرحله اول','2012-05-16','30000000',1,'MONTH',1,0,0,0,0,'YES'),
 (15,15,'مرحله اول','2012-05-16','222166667',9,'MONTH',1,0,0,0,0,'YES'),
 (16,16,'مرحله اول','2012-05-27','30000000',1,'MONTH',1,0,0,0,0,'YES'),
 (17,17,'مرحله اول','2012-05-27','40500000',23,'MONTH',1,0,0,25.9259,25.9259,'YES'),
 (18,18,'مرحله اول','2012-05-24','221885449',18,'MONTH',1,0,0,1.88255,1.88255,'YES'),
 (19,19,'مرحله اول','2012-06-10','30000000',1,'MONTH',1,0,0,0,0,'YES'),
 (20,20,'مرحله اول','2012-06-10','30000000',1,'MONTH',1,0,0,0,0,'YES'),
 (21,21,'مرحله اول','2012-06-10','30000000',1,'MONTH',1,0,0,0,0,'YES'),
 (22,22,'مرحله اول','2012-05-21','1500000000',3,'MONTH',1,0,0,0,0,'YES'),
 (23,23,'مرحله اول','2012-05-21','1150000000',4,'MONTH',1,0,0,0,0,'YES'),
 (24,24,'مرحله اول','2012-05-21','400000000',3,'MONTH',1,0,0,0,0,'YES'),
 (25,25,'مرحله اول','2012-05-21','1250000000',3,'MONTH',1,0,0,0,0,'YES'),
 (26,26,'مرحله اول','2012-05-21','1450000000',3,'MONTH',1,0,0,0,0,'YES'),
 (27,27,'مرحله اول','2012-05-21','400000000',3,'MONTH',1,0,0,0,0,'YES'),
 (28,28,'مرحله اول','2012-06-13','1500000000',3,'MONTH',1,0,0,0,0,'YES'),
 (29,29,'مرحله اول','2012-05-31','20000000',28,'MONTH',1,0,0,0,0,'YES'),
 (30,30,'مرحله اول','2012-06-07','30000000',1,'MONTH',1,0,0,0,0,'YES'),
 (31,31,'مرحله اول','2012-06-22','30000000',1,'MONTH',1,0,0,0,0,'YES'),
 (32,32,'مرحله اول','2012-06-24','37125480',17,'MONTH',1,0,0,19.193,19.193,'YES'),
 (33,33,'مرحله اول','2012-06-24','37580167',17,'MONTH',1,0,0,20.1707,20.1707,'YES'),
 (34,34,'مرحله اول','2012-05-15','40897260',16,'MONTH',1,0,0,26.6455,26.6455,'YES'),
 (35,35,'مرحله اول','2012-07-03','20000000',12,'MONTH',1,0,0,0,0,'YES'),
 (36,36,'مرحله اول','2012-07-03','33970000',2,'MONTH',1,0,0,11.6868,11.6868,'YES'),
 (37,37,'مرحله اول','2012-07-03','22000000',13,'MONTH',1,0,0,181.818,181.818,'YES'),
 (38,38,'مرحله اول','2012-07-03','30000000',1,'MONTH',1,0,0,0,0,'YES'),
 (39,39,'مرحله اول','2012-07-03','20000000',1,'MONTH',1,0,0,0,0,'YES'),
 (40,40,'مرحله اول','2012-06-23','103958333',1,'MONTH',1,0,0,0,0,'YES'),
 (41,41,'مرحله اول','2012-06-30','30000000',1,'MONTH',1,0,0,0,0,'YES'),
 (42,42,'مرحله اول','2012-07-07','30000000',1,'MONTH',1,0,0,0,0,'YES'),
 (43,43,'مرحله اول','2012-07-02','30000000',1,'MONTH',1,0,0,0,0,'YES'),
 (44,44,'مرحله اول','2012-07-08','30000000',1,'MONTH',1,0,0,0,0,'YES'),
 (45,45,'مرحله اول','2012-07-08','30000000',1,'MONTH',1,0,0,0,0,'YES'),
 (46,46,'مرحله اول','2012-07-08','20000000',1,'MONTH',1,0,0,0,0,'YES'),
 (47,47,'مرحله اول','2012-07-09','31730000',2,'MONTH',1,0,0,5.45225,5.45225,'YES'),
 (48,48,'مرحله اول','2012-07-10','20000000',12,'MONTH',1,0,0,0,0,'YES'),
 (49,49,'مرحله اول','2012-07-16','20000000',13,'MONTH',1,0,0,0,0,'YES'),
 (50,50,'مرحله اول','2012-07-12','30000000',2,'MONTH',1,0,0,0,0,'YES'),
 (51,51,'مرحله اول','2012-07-12','30000000',1,'MONTH',1,0,0,0,0,'YES'),
 (52,52,'مرحله اول','2012-07-15','20000000',24,'MONTH',1,0,0,0,0,'YES'),
 (53,53,'مرحله اول','2012-07-30','20000000',15,'MONTH',1,0,0,0,0,'YES'),
 (54,54,'مرحله اول','2012-07-16','1000000000',0,'MONTH',1,0,0,0,0,'YES'),
 (55,55,'مرحله اول','2012-07-16','1000000000',3,'MONTH',1,0,0,0,0,'YES'),
 (56,56,'مرحله اول','2012-05-15','111083000',12,'MONTH',1,0,0,0,0,'YES'),
 (57,57,'مرحله اول','2012-08-06','30325000',3,'MONTH',1,0,0,1.07172,1.07172,'YES'),
 (58,58,'مرحله اول','2012-08-06','30000000',1,'MONTH',1,0,0,0,0,'YES'),
 (59,59,'مرحله اول','2012-08-07','30000000',1,'MONTH',1,0,0,0,0,'YES'),
 (60,60,'مرحله اول','2012-08-07','30000000',2,'MONTH',1,0,0,0,0,'YES'),
 (61,61,'مرحله اول','2012-08-07','30000000',1,'MONTH',1,0,0,0,0,'YES'),
 (62,62,'مرحله اول','2012-08-07','30000000',1,'MONTH',1,0,0,0,0,'YES'),
 (63,63,'مرحله اول','2012-08-07','30000000',1,'MONTH',1,0,0,0,0,'YES'),
 (64,64,'مرحله اول','2012-08-07','30000000',1,'MONTH',1,0,0,0,0,'YES'),
 (65,65,'مرحله اول','2012-08-07','30000000',1,'MONTH',1,0,0,0,0,'YES'),
 (66,66,'مرحله اول','2012-08-06','34500000',2,'MONTH',1,0,0,13.0435,13.0435,'YES'),
 (67,67,'مرحله اول','2012-08-07','1150000000',3,'MONTH',1,0,0,0,0,'YES'),
 (68,68,'مرحله اول','2012-08-11','1250000000',3,'MONTH',1,0,0,0,0,'YES'),
 (69,69,'مرحله اول','2012-09-03','30000000',12,'MONTH',1,0,0,0,0,'YES'),
 (70,70,'مرحله اول','2012-09-08','1000000000',3,'MONTH',1,0,0,0,0,'YES'),
 (71,71,'مرحله اول','2012-09-08','1450000000',2,'MONTH',1,0,0,0,0,'YES'),
 (72,72,'مرحله اول','2012-09-15','30000000',20,'MONTH',1,0,0,0,0,'YES'),
 (73,73,'مرحله اول','2012-09-23','400000000',3,'MONTH',1,0,0,0,0,'YES'),
 (74,74,'مرحله اول','2012-09-24','40000000',23,'MONTH',1,0,0,0,0,'YES'),
 (75,75,'مرحله اول','2012-09-30','30000000',1,'MONTH',1,0,0,0,0,'YES'),
 (76,76,'مرحله اول','2012-10-14','30000000',12,'MONTH',1,0,0,0,0,'YES'),
 (77,77,'مرحله اول','2012-10-14','30000000',1,'MONTH',1,0,0,0,0,'YES'),
 (78,78,'مرحله اول','2012-10-14','30000000',1,'MONTH',1,0,0,0,0,'YES'),
 (79,79,'مرحله اول','2012-10-21','20000000',24,'MONTH',1,0,0,0,0,'YES'),
 (80,80,'مرحله اول','2012-10-22','1000000000',3,'MONTH',1,0,0,0,0,'YES'),
 (81,81,'مرحله اول','2012-11-07','10000000',24,'MONTH',1,0,0,0,0,'YES'),
 (82,82,'مرحله اول','2012-11-07','10000000',12,'MONTH',1,0,0,0,0,'YES'),
 (83,83,'مرحله اول','2012-11-17','10000000',24,'MONTH',1,0,0,0,0,'YES'),
 (84,84,'مرحله اول','2012-11-19','30000000',1,'MONTH',1,0,0,0,0,'YES'),
 (85,85,'مرحله اول','2012-11-19','20254038',25,'MONTH',1,0,0,1.25426,1.25426,'YES'),
 (86,86,'مرحله اول','2012-11-19','30000000',1,'MONTH',1,0,0,0,0,'YES'),
 (87,87,'مرحله اول','2012-10-18','256000000',2,'MONTH',1,0,0,0,0,'YES'),
 (88,88,'مرحله اول','2012-11-29','21041667',24,'MONTH',1,0,0,0,0,'YES'),
 (89,89,'مرحله اول','2012-12-05','256000000',4,'MONTH',1,0,0,0,0,'YES'),
 (90,90,'مرحله اول','2012-12-07','309573973',17,'MONTH',1,0,0,1.53403,1.53403,'YES'),
 (91,91,'مرحله اول','2012-12-26','30000000',1,'MONTH',1,0,0,0,0,'YES'),
 (92,92,'مرحله اول','2013-01-16','30000000',1,'MONTH',1,0,0,0,0,'YES'),
 (93,93,'مرحله اول','2013-01-20','37331507',17,'MONTH',1,0,0,19.6389,19.6389,'YES'),
 (94,94,'مرحله اول','2013-02-02','200000000',1,'MONTH',1,0,0,0,0,'YES'),
 (95,95,'مرحله اول','2013-02-11','30000000',3,'MONTH',1,0,0,0,0,'YES'),
 (96,96,'مرحله اول','2013-02-11','30000000',1,'MONTH',1,0,0,0,0,'YES'),
 (97,97,'مرحله اول','2013-02-18','150000000',4,'MONTH',1,0,0,0,0,'YES'),
 (98,98,'مرحله اول','2013-02-18','570836112',10,'MONTH',1,0,0,51.3863,51.3863,'YES'),
 (99,99,'مرحله اول','2013-02-18','21000000',3,'MONTH',1,0,0,19.0476,19.0476,'YES'),
 (100,100,'مرحله اول','2013-02-18','50000000',25,'MONTH',1,0,0,0,0,'YES'),
 (101,101,'مرحله اول','2013-02-28','30000000',1,'MONTH',1,0,0,0,0,'YES'),
 (102,102,'مرحله اول','2013-02-28','30000000',1,'MONTH',1,0,0,0,0,'YES'),
 (103,103,'مرحله اول','2013-03-14','20000000',12,'MONTH',1,0,0,0,0,'YES'),
 (104,104,'مرحله اول','2013-03-16','30000000',12,'MONTH',1,0,0,0,0,'YES'),
 (105,105,'مرحله اول','2013-03-18','30000000',1,'MONTH',1,0,0,0,0,'YES'),
 (106,106,'مرحله اول','2013-04-06','20000000',24,'MONTH',1,0,0,0,0,'YES'),
 (107,107,'مرحله اول','2013-04-22','1066111111',5,'MONTH',1,0,0,6.20115,6.20115,'YES'),
 (108,108,'مرحله اول','2013-04-30','700000000',1,'MONTH',1,0,0,0,0,'YES'),
 (109,109,'مرحله اول','2013-06-02','28000000',25,'MONTH',1,0,0,0,0,'YES'),
 (110,110,'مرحله اول','2013-06-10','30000000',1,'MONTH',1,0,0,0,0,'YES'),
 (111,111,'مرحله اول','2013-05-27','20000000',12,'MONTH',1,0,0,0,0,'YES'),
 (112,112,'مرحله اول','2013-06-18','30000000',21,'MONTH',1,0,0,0,0,'YES'),
 (113,113,'مرحله اول','2013-06-22','30000000',1,'MONTH',1,0,0,0,0,'YES'),
 (114,114,'مرحله اول','2013-07-21','20000000',20,'MONTH',1,0,0,0,0,'YES'),
 (115,115,'مرحله اول','2013-07-25','103958333',18,'MONTH',1,0,0,3.80761,3.80761,'YES'),
 (116,116,'مرحله اول','2013-07-25','208604977',19,'MONTH',1,0,0,0.329959,0.329959,'YES'),
 (117,117,'مرحله اول','2013-07-25','10000000',24,'MONTH',1,0,0,0,0,'YES'),
 (118,118,'مرحله اول','2013-08-12','30000000',12,'MONTH',1,0,0,0,0,'YES'),
 (119,119,'مرحله اول','2013-08-12','111083334',18,'MONTH',1,0,0,0,0,'YES'),
 (120,120,'مرحله اول','2013-08-18','30000000',2,'MONTH',1,0,0,0,0,'YES'),
 (121,121,'مرحله اول','2013-08-19','30000000',12,'MONTH',1,0,0,0,0,'YES'),
 (122,122,'مرحله اول','2013-08-26','31000000',7,'MONTH',1,0,0,3.22581,3.22581,'YES'),
 (123,123,'مرحله اول','2013-09-30','30000000',3,'MONTH',1,0,0,0,0,'YES'),
 (124,124,'مرحله اول','2013-11-21','20000000',12,'MONTH',1,0,0,0,0,'YES'),
 (125,125,'مرحله اول','2013-12-29','30000000',1,'MONTH',1,0,0,0,0,'YES'),
 (126,126,'مرحله اول','2014-01-06','103541667',16,'MONTH',1,0,0,0,0,'YES'),
 (127,127,'مرحله اول','2014-01-12','30000000',12,'MONTH',1,0,0,0,0,'YES'),
 (128,128,'مرحله اول','2014-01-20','30000000',12,'MONTH',1,0,0,0,0,'YES'),
 (129,129,'مرحله اول','2014-02-08','20000000',24,'MONTH',1,0,0,0,0,'YES'),
 (130,130,'مرحله اول','2014-03-05','20000000',12,'MONTH',1,0,0,0,0,'YES'),
 (131,131,'مرحله اول','2014-03-15','30000000',3,'MONTH',1,0,0,0,0,'YES'),
 (132,132,'مرحله اول','2014-03-31','1110833334',18,'MONTH',1,0,0,0,0,'YES'),
 (133,133,'مرحله اول','2014-04-16','30000000',13,'MONTH',1,0,0,0,0,'YES'),
 (134,134,'مرحله اول','2014-05-28','104004962',18,'MONTH',1,0,0,0,0,'YES'),
 (135,135,'مرحله اول','2014-06-08','30000000',20,'MONTH',1,0,0,0,0,'YES'),
 (136,136,'مرحله اول','2014-07-06','20000000',12,'MONTH',1,0,0,0,0,'YES'),
 (137,137,'مرحله اول','2014-07-06','30000000',20,'MONTH',1,0,0,0,0,'YES'),
 (138,138,'مرحله اول','2014-07-24','30000000',1,'MONTH',1,0,0,0,0,'YES'),
 (139,139,'مرحله اول','2014-07-24','2000000000',1,'MONTH',1,0,0,0,0,'YES'),
 (140,140,'مرحله اول','2014-07-26','1000000000',1,'MONTH',1,0,0,0,0,'YES'),
 (141,141,'مرحله اول','2014-08-26','30000000',12,'MONTH',1,0,0,0,0,'YES'),
 (142,142,'مرحله اول','2014-09-02','1000000000',1,'MONTH',1,0,0,0,0,'YES'),
 (143,143,'مرحله اول','2014-09-14','51002740',3,'MONTH',1,0,0,1.96605,1.96605,'YES'),
 (144,144,'مرحله اول','2014-09-16','30690000',9,'MONTH',1,0,0,0.200505,0.200505,'YES'),
 (145,145,'مرحله اول','2014-09-25','30628465',10,'MONTH',1,0,0,0,0,'YES'),
 (146,146,'مرحله اول','2014-10-15','30628465',9,'MONTH',1,0,0,0,0,'YES'),
 (147,147,'مرحله اول','2014-10-19','20000000',12,'MONTH',1,0,0,0,0,'YES'),
 (148,148,'مرحله اول','2014-10-22','312052477',18,'MONTH',1,0,0,0,0,'YES'),
 (149,149,'مرحله اول','2014-11-02','30000000',15,'MONTH',1,0,0,0,0,'YES'),
 (150,150,'مرحله اول','2014-11-10','200000000',1,'MONTH',1,0,0,0,0,'YES'),
 (151,151,'مرحله اول','2014-11-16','20000000',12,'MONTH',1,0,0,0,0,'YES'),
 (152,152,'مرحله اول','2014-11-16','20000000',12,'MONTH',1,0,0,0,0,'YES'),
 (153,153,'مرحله اول','2014-12-03','2000000000',1,'MONTH',1,0,0,0,0,'YES'),
 (154,154,'مرحله اول','2014-12-09','111083334',18,'MONTH',1,0,0,0,0,'YES'),
 (155,155,'مرحله اول','2014-12-15','305374816',24,'MONTH',1,0,0,0,0,'YES'),
 (156,156,'مرحله اول','2014-12-24','16795615',24,'MONTH',1,0,0,0,0,'YES'),
 (157,157,'مرحله اول','2014-12-24','15844251',24,'MONTH',1,0,0,0,0,'YES'),
 (158,158,'مرحله اول','2015-01-01','30628465',9,'MONTH',1,0,0,0,0,'YES'),
 (159,159,'مرحله اول','2015-01-03','1000000000',1,'MONTH',1,0,0,0,0,'YES'),
 (160,160,'مرحله اول','2015-01-04','1000000000',2,'MONTH',1,0,0,0,0,'YES'),
 (161,161,'مرحله اول','2015-01-06','1000000000',1,'MONTH',1,0,0,0,0,'YES'),
 (162,162,'مرحله اول','2015-01-07','557236566',18,'MONTH',1,0,0,0,0,'YES'),
 (163,163,'مرحله اول','2015-01-21','30000000',20,'MONTH',1,0,0,0,0,'YES'),
 (164,164,'مرحله اول','2015-01-27','55723657',17,'MONTH',1,0,0,0,0,'YES'),
 (165,165,'مرحله اول','2015-01-27','835854849',18,'MONTH',1,0,0,0,0,'YES'),
 (166,166,'مرحله اول','2015-02-04','1000000000',2,'MONTH',1,0,0,0,0,'YES'),
 (167,167,'مرحله اول','2015-02-05','1000000000',1,'MONTH',1,0,0,0,0,'YES'),
 (168,168,'مرحله اول','2015-02-19','5000000000',1,'MONTH',1,0,0,0,0,'YES'),
 (169,169,'مرحله اول','2015-02-23','30628465',9,'MONTH',1,3,0,5,5,'YES'),
 (170,170,'مرحله اول','2015-02-23','1845592007',23,'MONTH',1,6,0,18.7253,18.7253,'YES'),
 (171,171,'مرحله اول','2015-03-02','400000000',1,'MONTH',1,12,0,0.5,0.5,'YES'),
 (172,172,'مرحله اول','2015-03-02','835854849',18,'MONTH',1,6,0,14,14,'YES'),
 (173,173,'مرحله اول','2015-03-02','1000000000',1,'MONTH',1,0,0,0,0,'YES'),
 (174,174,'مرحله اول','2015-03-02','253508024',24,'MONTH',1,0,0,14,14,'YES'),
 (175,175,'مرحله اول','2015-03-02','134364919',24,'MONTH',1,0,0,20,20,'YES'),
 (176,176,'مرحله اول','2015-03-02','1000000000',1,'MONTH',1,0,0,0,0,'YES'),
 (177,177,'مرحله اول','2015-03-04','278618283',18,'MONTH',1,6,0,14,14,'YES'),
 (178,178,'مرحله اول','2015-03-05','1000000000',1,'MONTH',1,0,0,0,0,'YES'),
 (179,179,'مرحله اول','2015-03-09','646467247',12,'MONTH',1,6,0,14,14,'YES'),
 (180,180,'مرحله اول','2015-03-10','475000000',6,'MONTH',1,12,0,0,0,'YES'),
 (181,181,'مرحله اول','2015-03-11','22232281',12,'MONTH',1,0,0,20,20,'YES'),
 (182,182,'مرحله اول','2015-03-11','22232281',12,'MONTH',1,0,0,20,20,'YES'),
 (183,183,'مرحله اول','2015-03-11','40837953',9,'MONTH',1,3,0,5,5,'YES'),
 (184,184,'مرحله اول','2015-03-11','1425000000',1,'MONTH',1,0,0,0,0,'YES'),
 (185,185,'مرحله اول','2015-03-12','1900000000',1,'MONTH',1,0,0,0,0,'YES'),
 (186,186,'مرحله اول','2015-03-12','52624878',30,'MONTH',1,0,0,4,4,'YES'),
 (187,187,'مرحله اول','2015-03-12','52624878',30,'MONTH',1,0,0,4,4,'YES'),
 (188,188,'مرحله اول','2015-03-12','20435977',12,'MONTH',1,0,0,4,4,'YES'),
 (189,189,'مرحله اول','2015-03-12','278618283',18,'MONTH',1,6,0,14,14,'YES'),
 (190,190,'مرحله اول','2015-03-12','278618283',18,'MONTH',1,6,0,14,14,'YES'),
 (191,191,'مرحله اول','2015-03-15','22232281',12,'MONTH',1,0,0,20,20,'YES'),
 (192,192,'مرحله اول','2015-03-15','222894626',2,'MONTH',1,6,0,14,14,'YES'),
 (193,193,'مرحله اول','2015-04-08','1900000000',1,'MONTH',1,0,0,0,0,'YES'),
 (194,194,'مرحله اول','2015-04-14','950000000',1,'MONTH',1,0,0,0,0,'YES'),
 (195,195,'مرحله اول','2015-04-30','222894626',18,'MONTH',1,6,0,14,14,'YES'),
 (196,196,'مرحله اول','2015-05-05','111447313',18,'MONTH',1,6,0,14,14,'YES'),
 (197,197,'مرحله اول','2015-05-18','950000000',1,'MONTH',1,0,0,0,0,'YES'),
 (198,198,'مرحله اول','2015-05-19','921000000',1,'MONTH',1,0,0,2.28013,2.28013,'YES'),
 (199,199,'مرحله اول','2015-05-27','30628465',9,'MONTH',1,3,0,5,5,'YES'),
 (200,200,'مرحله اول','2015-05-27','222894626',18,'MONTH',1,6,0,14,14,'YES'),
 (201,201,'مرحله اول','2015-05-27','78013119',18,'MONTH',1,6,0,14,14,'YES'),
 (202,202,'مرحله اول','2015-05-28','124805955',18,'MONTH',1,6,0,5,5,'YES'),
 (203,203,'مرحله اول','2015-06-11','500000000',1,'MONTH',1,6,0,14,14,'YES'),
 (204,204,'مرحله اول','2015-06-11','278618283',18,'MONTH',1,6,0,14,14,'YES'),
 (205,205,'مرحله اول','2015-06-13','1298000000',1,'MONTH',1,0,0,0,0,'YES'),
 (206,206,'مرحله اول','2015-06-14','3280000000',1,'MONTH',1,0,0,0,0,'YES'),
 (207,207,'مرحله اول','2015-06-14','8000000000',1,'MONTH',1,0,0,0,0,'YES'),
 (208,208,'مرحله اول','2015-06-14','1100000000',1,'MONTH',1,0,0,0,0,'YES'),
 (209,209,'مرحله اول','2015-06-17','30628465',9,'MONTH',1,3,0,5,5,'YES'),
 (210,210,'مرحله اول','2015-07-30','10000000000',1,'MONTH',1,0,0,0,0,'YES'),
 (211,211,'مرحله اول','2015-08-08','30744845',24,'MONTH',1,0,0,4,4,'YES'),
 (212,212,'مرحله اول','2015-08-16','30000000',20,'MONTH',1,0,0,0,0,'YES'),
 (213,213,'مرحله اول','2015-08-19','20545796',12,'MONTH',1,0,0,5,5,'YES'),
 (214,214,'مرحله اول','2015-09-01','320000000',2,'MONTH',1,24,0,21.875,21.875,'YES'),
 (215,215,'مرحله اول','2015-09-01','156125000',1,'MONTH',1,6,0,3.92314,3.92314,'YES'),
 (216,216,'مرحله اول','2015-09-08','278618283',18,'MONTH',1,6,0,14,14,'YES'),
 (217,217,'مرحله اول','2015-09-17','30628465',9,'MONTH',1,3,0,5,5,'YES'),
 (218,218,'مرحله اول','2015-09-17','1000000000',1,'MONTH',1,0,0,0,0,'YES'),
 (219,219,'مرحله اول','2015-09-20','1000000000',1,'MONTH',1,0,0,0,0,'YES'),
 (220,220,'مرحله اول','2015-09-20','42099902',30,'MONTH',1,0,0,4,4,'YES'),
 (221,221,'مرحله اول','2015-09-21','250000000',1,'MONTH',1,0,0,20,20,'YES'),
 (222,222,'مرحله اول','2015-09-22','475000000',1,'MONTH',1,0,0,0,0,'YES'),
 (223,223,'مرحله اول','2015-10-11','475000000',12,'MONTH',1,12,0,0,0,'YES'),
 (224,224,'مرحله اول','2015-10-13','2300000000',1,'MONTH',1,0,0,0,0,'YES'),
 (225,225,'مرحله اول','2015-10-13','7500000000',1,'MONTH',1,0,0,0,0,'YES'),
 (226,226,'مرحله اول','2015-10-29','30628465',9,'MONTH',1,3,0,5,5,'YES'),
 (227,228,'1','2015-12-14','10000000',1,'MONTH',1,0,0,0,0,'YES'),
 (228,229,'مرحله اول','2015-12-31','120000000',24,'MONTH',1,0,0,4,4,'NO');
/*!40000 ALTER TABLE `LON_ReqParts` ENABLE KEYS */;


--
-- Definition of table `LON_guarantors`
--

DROP TABLE IF EXISTS `LON_guarantors`;
CREATE TABLE `LON_guarantors` (
  `RowID` int(10) unsigned NOT NULL auto_increment,
  `LoanID` int(10) unsigned NOT NULL,
  `fullname` varchar(500) NOT NULL,
  PRIMARY KEY  (`RowID`)
) ENGINE=InnoDB DEFAULT CHARSET=latin1;

--
-- Dumping data for table `LON_guarantors`
--

/*!40000 ALTER TABLE `LON_guarantors` DISABLE KEYS */;
/*!40000 ALTER TABLE `LON_guarantors` ENABLE KEYS */;


--
-- Definition of table `LON_installments`
--

DROP TABLE IF EXISTS `LON_installments`;
CREATE TABLE `LON_installments` (
  `InstallmentID` int(10) unsigned NOT NULL auto_increment COMMENT 'ردیف پرداخت',
  `PartID` int(10) unsigned NOT NULL COMMENT 'کد مرحله وام',
  `InstallmentDate` date NOT NULL COMMENT 'تاریخ سررسید',
  `InstallmentAmount` decimal(15,0) NOT NULL COMMENT 'مبلغ خالص',
  `PaidType` smallint(5) unsigned NOT NULL default '0',
  `PaidDate` datetime default NULL COMMENT 'تاریخ پرداخت',
  `PaidAmount` decimal(15,0) default NULL COMMENT 'مبلغ چرداخت شده',
  `PaidRefNo` varchar(100) default NULL COMMENT 'شماره پیگیری پرداخت',
  `PaidBillNo` varchar(50) default NULL COMMENT 'شماره فیش پرداخت',
  `IsPaid` enum('YES','NO') NOT NULL default 'NO',
  `ChequeNo` decimal(10,0) default NULL,
  `ChequeBank` smallint(5) unsigned default NULL,
  `ChequeBranch` varchar(200) default NULL,
  `details` varchar(500) default NULL COMMENT 'توضیحات',
  `imp_SerialNo` int(10) unsigned default NULL,
  PRIMARY KEY  (`InstallmentID`),
  KEY `FK_LON_installments_1` (`PartID`),
  CONSTRAINT `FK_LON_installments_1` FOREIGN KEY (`PartID`) REFERENCES `lon_reqparts` (`PartID`)
) ENGINE=InnoDB DEFAULT CHARSET=utf8;

--
-- Dumping data for table `LON_installments`
--

/*!40000 ALTER TABLE `LON_installments` DISABLE KEYS */;
INSERT INTO `LON_installments` (`InstallmentID`,`PartID`,`InstallmentDate`,`InstallmentAmount`,`PaidType`,`PaidDate`,`PaidAmount`,`PaidRefNo`,`PaidBillNo`,`IsPaid`,`ChequeNo`,`ChequeBank`,`ChequeBranch`,`details`,`imp_SerialNo`) VALUES 
 (1,1,'2012-07-09','30000000',1,'2013-03-17 00:00:00','30000000',NULL,'0','YES',NULL,NULL,NULL,'',100718),
 (2,2,'2012-07-06','30000000',1,'2012-08-26 00:00:00','30000000',NULL,'0','YES',NULL,NULL,NULL,'',100002),
 (3,3,'2012-05-16','12350000',1,'2012-11-17 00:00:00','12350000',NULL,'0','YES',NULL,NULL,NULL,'',100514),
 (4,3,'2012-06-16','12350000',1,'2012-12-18 00:00:00','12350000',NULL,'0','YES',NULL,NULL,NULL,'',100515),
 (5,3,'2012-07-17','12350000',1,'2013-02-19 00:00:00','12350000',NULL,'0','YES',NULL,NULL,NULL,'',100516),
 (6,3,'2012-08-17','12350000',1,'2013-03-13 00:00:00','12350000',NULL,'0','YES',NULL,NULL,NULL,'',100517),
 (7,3,'2012-09-17','12350000',1,'2013-04-18 00:00:00','12350000',NULL,'0','YES',NULL,NULL,NULL,'',100518),
 (8,3,'2012-10-18','12350000',1,'2013-04-18 00:00:00','12350000',NULL,'0','YES',NULL,NULL,NULL,'',100519),
 (9,3,'2012-11-17','12350000',1,'2013-05-18 00:00:00','12350000',NULL,'0','YES',NULL,NULL,NULL,'',100520),
 (10,3,'2012-12-17','12350000',1,'2013-06-18 00:00:00','12350000',NULL,'0','YES',NULL,NULL,NULL,'',100521),
 (11,3,'2013-01-16','12350000',1,'2013-07-23 00:00:00','12350000',NULL,'0','YES',NULL,NULL,NULL,'',100522),
 (12,3,'2013-02-15','12350000',1,'2013-08-20 00:00:00','12350000',NULL,'0','YES',NULL,NULL,NULL,'',100523),
 (13,3,'2013-03-17','12350000',1,'2013-09-19 00:00:00','12350000',NULL,'0','YES',NULL,NULL,NULL,'',100524),
 (14,3,'2013-04-16','12350000',1,'2013-10-22 00:00:00','12350000',NULL,'0','YES',NULL,NULL,NULL,'',100525),
 (15,3,'2013-05-17','12350000',1,'2013-11-21 00:00:00','12350000',NULL,'0','YES',NULL,NULL,NULL,'',100526),
 (16,3,'2013-06-17','12350000',1,'2013-12-19 00:00:00','12350000',NULL,'0','YES',NULL,NULL,NULL,'',100527),
 (17,3,'2013-07-18','12350000',2,'2014-01-18 00:00:00','12350000',NULL,'0','YES',NULL,NULL,NULL,'',100528),
 (18,3,'2013-08-18','12350000',2,'2014-03-01 00:00:00','12350000',NULL,'0','YES',NULL,NULL,NULL,'',100529),
 (19,3,'2013-09-18','12350000',2,'2014-03-13 00:00:00','12350000',NULL,'0','YES',NULL,NULL,NULL,'',100530),
 (20,3,'2013-10-19','12216667',2,'2014-04-21 00:00:00','12216667',NULL,'0','YES',NULL,NULL,NULL,'',100531),
 (21,4,'2012-11-29','30000000',2,'2014-03-04 00:00:00','30000000',NULL,'0','YES',NULL,NULL,NULL,'',100279),
 (22,4,'2012-12-29','1000000',0,NULL,'0',NULL,'0','NO',NULL,NULL,NULL,'قسط اضافه شده بابت کارمزد',101339),
 (23,5,'2012-11-29','30000000',2,'2014-03-04 00:00:00','30000000',NULL,'0','YES',NULL,NULL,NULL,'',100280),
 (24,5,'2012-12-29','1000000',0,NULL,'0',NULL,'0','NO',NULL,NULL,NULL,'قسط اضافه شده بابت کارمزد',101340),
 (25,6,'2012-10-30','5800000',1,'2012-11-25 00:00:00','5800000',NULL,'0','YES',NULL,NULL,NULL,'',100006),
 (26,6,'2012-10-30','98158333',1,'2012-12-07 00:00:00','98158333',NULL,'','YES',NULL,NULL,NULL,'',100006),
 (27,7,'2012-10-30','5800000',1,'2012-11-27 00:00:00','5800000',NULL,'0','YES',NULL,NULL,NULL,'',100729),
 (28,7,'2012-11-29','5800000',1,'2013-01-06 00:00:00','5800000',NULL,'0','YES',NULL,NULL,NULL,'',100730),
 (29,7,'2012-12-29','5800000',1,'2013-02-03 00:00:00','5800000',NULL,'0','YES',NULL,NULL,NULL,'',100731),
 (30,7,'2013-01-28','5800000',1,'2013-02-26 00:00:00','5800000',NULL,'0','YES',NULL,NULL,NULL,'',100732),
 (31,7,'2013-02-27','5800000',2,'2013-04-07 00:00:00','5800000',NULL,'0','YES',NULL,NULL,NULL,'واریزی به اقتصاد نوین ',100763),
 (32,7,'2013-03-29','5800000',2,'2013-05-02 00:00:00','5800000',NULL,'0','YES',NULL,NULL,NULL,'',100824),
 (33,7,'2013-04-29','5800000',2,'2013-05-28 00:00:00','5800000',NULL,'0','YES',NULL,NULL,NULL,'',100825),
 (34,7,'2013-05-30','5800000',2,'2013-07-11 00:00:00','5800000',NULL,'0','YES',NULL,NULL,NULL,'',100927),
 (35,7,'2013-06-30','5800000',2,'2013-07-25 00:00:00','5800000',NULL,'0','YES',NULL,NULL,NULL,'',100928),
 (36,7,'2013-07-31','5800000',2,'2013-09-01 00:00:00','5800000',NULL,'0','YES',NULL,NULL,NULL,'',101133),
 (37,7,'2013-08-31','5800000',2,'2013-10-02 00:00:00','5800000',NULL,'0','YES',NULL,NULL,NULL,'',101147),
 (38,7,'2013-10-01','5800000',2,'2013-10-30 00:00:00','5800000',NULL,'0','YES',NULL,NULL,NULL,'',101148),
 (39,7,'2013-10-31','5800000',1,'2013-12-16 00:00:00','5800000',NULL,'0','YES',NULL,NULL,NULL,'',101168),
 (40,7,'2013-11-30','5800000',1,'2014-01-14 00:00:00','5800000',NULL,'0','YES',NULL,NULL,NULL,'',101219),
 (41,7,'2013-12-30','5800000',2,'2014-02-03 00:00:00','5800000',NULL,'0','YES',NULL,NULL,NULL,'',101258),
 (42,7,'2014-01-29','5800000',2,'2014-03-05 00:00:00','5800000',NULL,'0','YES',NULL,NULL,NULL,'',101294),
 (43,7,'2014-02-28','5800000',2,'2014-05-03 00:00:00','5800000',NULL,'0','YES',NULL,NULL,NULL,'',101359),
 (44,7,'2014-03-29','5358333',2,'2014-06-16 00:00:00','5358333',NULL,'0','YES',NULL,NULL,NULL,'',101425),
 (45,8,'2012-12-06','6171296',2,'2013-09-07 00:00:00','6171296',NULL,'0','YES',NULL,NULL,NULL,'',100008),
 (46,8,'2013-01-05','7000000',2,'2013-10-15 00:00:00','7000000',NULL,'0','YES',NULL,NULL,NULL,'',101139),
 (47,8,'2013-02-04','1916667',2,'2013-10-19 00:00:00','6000000',NULL,'0','YES',NULL,NULL,NULL,'',101162),
 (48,8,'2013-03-06','6000000',2,'2014-02-17 00:00:00','50000000',NULL,'0','YES',NULL,NULL,NULL,'',101163),
 (49,8,'2013-04-05','50000000',2,'2014-03-05 00:00:00','14300000',NULL,'0','YES',NULL,NULL,NULL,'',101164),
 (50,8,'2013-05-06','41912037',2,'2014-05-08 00:00:00','30000000',NULL,'0','YES',NULL,NULL,NULL,'',101325),
 (51,8,'2013-06-06','5530467',2,'2014-05-11 00:00:00','5070000',NULL,'0','YES',NULL,NULL,NULL,'',101436),
 (52,8,'2013-07-07','10829',0,NULL,'0',NULL,'0','NO',NULL,NULL,NULL,'قسط اضافه شده بابت کارمزد',101437),
 (53,9,'2012-08-13','1500000',2,'2014-06-02 00:00:00','1500000',NULL,'0','YES',NULL,NULL,NULL,'چک ش 603592',100458),
 (54,9,'2012-09-13','1500000',2,'2014-07-12 00:00:00','1500000',NULL,'0','YES',NULL,NULL,NULL,'',101463),
 (55,9,'2012-10-14','1500000',1,'2014-07-27 00:00:00','1500000',NULL,'0','YES',NULL,NULL,NULL,'',101536),
 (56,9,'2012-11-13','1500000',3,'2014-09-02 00:00:00','1500000',NULL,'0','YES',NULL,NULL,NULL,'',101543),
 (57,9,'2012-12-13','1500000',3,'2014-10-02 00:00:00','1500000',NULL,'0','YES',NULL,NULL,NULL,'',101567),
 (58,9,'2013-01-12','1500000',2,'2014-11-05 00:00:00','1500000',NULL,'0','YES',NULL,NULL,NULL,'',101590),
 (59,9,'2013-02-11','1500000',1,'2014-11-29 00:00:00','1500000',NULL,'0','YES',NULL,NULL,NULL,'',101655),
 (60,9,'2013-03-13','1500000',1,'2015-01-01 00:00:00','1500000',NULL,'0','YES',NULL,NULL,NULL,'',101686),
 (61,9,'2013-04-12','1500000',3,'2015-01-27 00:00:00','1500000',NULL,'0','YES',NULL,NULL,NULL,'',101781),
 (62,9,'2013-05-13','1500000',3,'2015-02-25 00:00:00','1500000',NULL,'0','YES',NULL,NULL,NULL,'',101845),
 (63,9,'2013-06-13','1500000',3,'2015-04-05 00:00:00','1500000',NULL,'0','YES',NULL,NULL,NULL,'',101921),
 (64,9,'2013-07-14','1500000',1,'2015-04-27 00:00:00','1500000',NULL,'0','YES',NULL,NULL,NULL,'',102208),
 (65,9,'2013-08-14','1500000',1,'2015-06-08 00:00:00','1500000',NULL,'0','YES',NULL,NULL,NULL,'',102216),
 (66,9,'2013-09-14','1500000',1,'2015-07-01 00:00:00','1500000',NULL,'0','YES',NULL,NULL,NULL,'کسرحقوق چک ملی آمزش و پرورش ',102358),
 (67,9,'2013-10-15','1500000',1,'2015-07-30 00:00:00','1500000',NULL,'0','YES',NULL,NULL,NULL,'',102397),
 (68,9,'2013-11-14','1500000',3,'2015-10-01 00:00:00','1500000',NULL,'0','YES',NULL,NULL,NULL,'چک شماره 608175 بانک ملی بابت کسر حقوق که نقدا از بانک دریافت شد',102401),
 (69,9,'2013-12-14','1500000',3,'2015-10-05 00:00:00','1500000',NULL,'0','YES',NULL,NULL,NULL,'چک شماره 608373 آموزش و پرورش',102540),
 (70,9,'2014-01-13','4500000',0,NULL,'0',NULL,'0','NO',NULL,NULL,NULL,'',102546),
 (71,10,'2012-08-13','30000000',0,NULL,'0',NULL,'0','NO',NULL,NULL,NULL,'',100457),
 (72,11,'2012-11-17','30000000',1,'2013-02-18 00:00:00','30000000',NULL,'0','YES',NULL,NULL,NULL,'',100431),
 (73,12,'2012-11-17','1500000',1,'2013-02-21 00:00:00','1500000',NULL,'0','YES',NULL,NULL,NULL,'',100317),
 (74,12,'2012-12-17','1500000',2,'2013-06-18 00:00:00','1500000',NULL,'0','YES',NULL,NULL,NULL,'',100902),
 (75,12,'2013-01-16','1500000',2,'2013-09-01 00:00:00','1500000',NULL,'0','YES',NULL,NULL,NULL,'',100903),
 (76,12,'2013-02-15','1500000',2,'2013-10-10 00:00:00','1500000',NULL,'0','YES',NULL,NULL,NULL,'',100904),
 (77,12,'2013-03-17','1500000',2,'2013-11-07 00:00:00','1500000',NULL,'0','YES',NULL,NULL,NULL,'',100905),
 (78,12,'2013-04-16','1500000',2,'2013-12-04 00:00:00','1500000',NULL,'0','YES',NULL,NULL,NULL,'',100906),
 (79,12,'2013-05-17','1500000',2,'2013-12-26 00:00:00','1500000',NULL,'0','YES',NULL,NULL,NULL,'',100907),
 (80,12,'2013-06-17','1500000',2,'2014-02-05 00:00:00','1500000',NULL,'0','YES',NULL,NULL,NULL,'',100908),
 (81,12,'2013-07-18','1500000',2,'2014-03-09 00:00:00','1500000',NULL,'0','YES',NULL,NULL,NULL,'',100909),
 (82,12,'2013-08-18','1500000',2,'2014-03-26 00:00:00','1500000',NULL,'0','YES',NULL,NULL,NULL,'',100910),
 (83,12,'2013-09-18','1500000',2,'2014-05-05 00:00:00','1500000',NULL,'0','YES',NULL,NULL,NULL,'',100911),
 (84,12,'2013-10-19','1500000',2,'2014-06-02 00:00:00','1500000',NULL,'0','YES',NULL,NULL,NULL,'چک ش 819554',100912),
 (85,12,'2013-11-18','1500000',2,'2014-07-01 00:00:00','1500000',NULL,'0','YES',NULL,NULL,NULL,'',100913),
 (86,12,'2013-12-18','1500000',2,'2014-08-12 00:00:00','1500000',NULL,'0','YES',NULL,NULL,NULL,'',100914),
 (87,12,'2014-01-17','1500000',2,'2014-09-04 00:00:00','1500000',NULL,'0','YES',NULL,NULL,NULL,'',100915),
 (88,12,'2014-02-16','1500000',2,'2014-10-09 00:00:00','1500000',NULL,'0','YES',NULL,NULL,NULL,'',100916),
 (89,12,'2014-03-18','1500000',2,'2014-11-08 00:00:00','1500000',NULL,'0','YES',NULL,NULL,NULL,'',100917),
 (90,12,'2014-04-16','1500000',2,'2014-12-09 00:00:00','1500000',NULL,'0','YES',NULL,NULL,NULL,'',100918),
 (91,12,'2014-05-17','1500000',2,'2015-01-03 00:00:00','1500000',NULL,'0','YES',NULL,NULL,NULL,'',100919),
 (92,12,'2014-06-17','1500000',2,'2015-03-05 00:00:00','1500000',NULL,'0','YES',NULL,NULL,NULL,'',100920),
 (93,12,'2014-07-18','1500000',2,'2015-04-07 00:00:00','1500000',NULL,'0','YES',NULL,NULL,NULL,'',102015),
 (94,12,'2014-08-18','5418082',0,NULL,'0',NULL,'0','NO',NULL,NULL,NULL,'',102211),
 (95,13,'2012-12-17','30000000',1,'2012-10-25 00:00:00','30000000',NULL,'0','YES',NULL,NULL,NULL,'پرداخت بابت تسویه وام',100282),
 (96,14,'2012-12-17','30000000',1,'2012-12-22 00:00:00','30000000',NULL,'0','YES',NULL,NULL,NULL,'بابت تسویه وام کارگشایی',100284),
 (97,15,'2012-06-16','2500000',2,'2014-02-25 00:00:00','3000000',NULL,'0','YES',NULL,NULL,NULL,'',101149),
 (98,15,'2012-07-17','3000000',2,'2014-02-25 00:00:00','3000000',NULL,'0','YES',NULL,NULL,NULL,'',101335),
 (99,15,'2012-08-17','2500000',2,'2015-06-29 00:00:00','2500000',NULL,'0','YES',NULL,NULL,NULL,'',101336),
 (100,15,'2012-09-17','2500000',2,'2015-06-29 00:00:00','2500000',NULL,'0','YES',NULL,NULL,NULL,'',102395),
 (101,15,'2012-10-18','2500000',2,'2015-08-01 00:00:00','2500000',NULL,'0','YES',NULL,NULL,NULL,'',102396),
 (102,15,'2012-11-17','2500000',2,'2015-08-01 00:00:00','2500000',NULL,'0','YES',NULL,NULL,NULL,'',102402),
 (103,15,'2012-12-17','5000000',2,'2015-09-14 00:00:00','5000000',NULL,'0','YES',NULL,NULL,NULL,'',102403),
 (104,15,'2013-01-16','5000000',2,'2015-10-11 00:00:00','5000000',NULL,'0','YES',NULL,NULL,NULL,'',102495),
 (105,15,'2013-02-15','196666667',0,NULL,'0',NULL,'0','NO',NULL,NULL,NULL,'',102551),
 (106,16,'2012-12-27','30000000',1,'2013-03-13 00:00:00','30000000',NULL,'0','YES',NULL,NULL,NULL,'پرداخت نقدی',100285),
 (107,17,'2012-06-27','1500000',2,'2013-09-01 00:00:00','1500000',NULL,'0','YES',NULL,NULL,NULL,'',101135),
 (108,17,'2012-07-28','1500000',2,'2013-10-10 00:00:00','1500000',NULL,'0','YES',NULL,NULL,NULL,'',101136),
 (109,17,'2012-08-28','1500000',2,'2013-11-07 00:00:00','1500000',NULL,'0','YES',NULL,NULL,NULL,'',101157),
 (110,17,'2012-09-28','1500000',2,'2013-12-04 00:00:00','1500000',NULL,'0','YES',NULL,NULL,NULL,'',101171),
 (111,17,'2012-10-28','1500000',2,'2013-12-26 00:00:00','1500000',NULL,'0','YES',NULL,NULL,NULL,'',101214),
 (112,17,'2012-11-27','1500000',2,'2014-02-05 00:00:00','1500000',NULL,'0','YES',NULL,NULL,NULL,'',101222),
 (113,17,'2012-12-27','1500000',2,'2014-03-09 00:00:00','1500000',NULL,'0','YES',NULL,NULL,NULL,'',101296),
 (114,17,'2013-01-26','1500000',2,'2014-03-26 00:00:00','1500000',NULL,'0','YES',NULL,NULL,NULL,'',101373),
 (115,17,'2013-02-25','1500000',2,'2014-05-05 00:00:00','1500000',NULL,'0','YES',NULL,NULL,NULL,'',101382),
 (116,17,'2013-03-27','1500000',2,'2014-06-02 00:00:00','1500000',NULL,'0','YES',NULL,NULL,NULL,'چک ش 819554',101434),
 (117,17,'2013-04-27','1500000',2,'2014-07-01 00:00:00','1500000',NULL,'0','YES',NULL,NULL,NULL,'',101465),
 (118,17,'2013-05-28','1500000',2,'2014-08-12 00:00:00','1500000',NULL,'0','YES',NULL,NULL,NULL,'',101500),
 (119,17,'2013-06-28','1500000',2,'2015-02-07 00:00:00','1500000',NULL,'0','YES',NULL,NULL,NULL,'',101551),
 (120,17,'2013-07-29','1500000',2,'2015-03-05 00:00:00','1500000',NULL,'0','YES',NULL,NULL,NULL,'',101887),
 (121,17,'2013-08-29','1500000',2,'2015-04-07 00:00:00','1500000',NULL,'0','YES',NULL,NULL,NULL,'',102014),
 (122,17,'2013-09-29','1500000',2,'2015-05-04 00:00:00','1500000',NULL,'0','YES',NULL,NULL,NULL,'',102210),
 (123,17,'2013-10-29','1500000',2,'2015-06-10 00:00:00','1500000',NULL,'0','YES',NULL,NULL,NULL,'',102238),
 (124,17,'2013-11-28','1500000',2,'2015-07-29 00:00:00','1500000',NULL,'0','YES',NULL,NULL,NULL,'',102360),
 (125,17,'2013-12-28','1500000',2,'2015-08-20 00:00:00','1500000',NULL,'0','YES',NULL,NULL,NULL,'',102398),
 (126,17,'2014-01-27','1500000',2,'2015-09-13 00:00:00','1500000',NULL,'0','YES',NULL,NULL,NULL,'',102463),
 (127,17,'2014-02-26','1500000',2,'2015-10-01 00:00:00','1500000',NULL,'0','YES',NULL,NULL,NULL,'',102492),
 (128,17,'2014-03-27','9000000',0,NULL,'0',NULL,'0','NO',NULL,NULL,NULL,'',102543),
 (129,18,'2012-06-24','9000000',1,'2012-06-24 00:00:00','9000000',NULL,'0','YES',NULL,NULL,NULL,'',100715),
 (130,18,'2012-07-25','9000000',1,'2012-06-24 00:00:00','9000000',NULL,'0','YES',NULL,NULL,NULL,'',100734),
 (131,18,'2012-08-25','9000000',1,'2012-11-18 00:00:00','9000000',NULL,'0','YES',NULL,NULL,NULL,'',100735),
 (132,18,'2012-09-25','9000000',1,'2012-11-18 00:00:00','9000000',NULL,'0','YES',NULL,NULL,NULL,'',100736),
 (133,18,'2012-10-25','18000000',2,'2013-02-26 00:00:00','18000000',NULL,'0','YES',NULL,NULL,NULL,'',100737),
 (134,18,'2012-11-24','18000000',2,'2013-02-26 00:00:00','18000000',NULL,'0','YES',NULL,NULL,NULL,'',100764),
 (135,18,'2012-12-24','18000000',2,'2013-04-16 00:00:00','18000000',NULL,'0','YES',NULL,NULL,NULL,'چک شماره 295279 بانک ملی ',100765),
 (136,18,'2013-01-23','18000000',2,'2013-05-25 00:00:00','18000000',NULL,'0','YES',NULL,NULL,NULL,'',100830),
 (137,18,'2013-02-22','18000000',2,'2013-08-17 00:00:00','18000000',NULL,'0','YES',NULL,NULL,NULL,'',101113),
 (138,18,'2013-03-24','9000000',2,'2013-09-04 00:00:00','9000000',NULL,'0','YES',NULL,NULL,NULL,'',101114),
 (139,18,'2013-04-24','9000000',2,'2013-10-01 00:00:00','9000000',NULL,'0','YES',NULL,NULL,NULL,'',101138),
 (140,18,'2013-05-25','9000000',2,'2013-11-09 00:00:00','9000000',NULL,'0','YES',NULL,NULL,NULL,'',101144),
 (141,18,'2013-06-25','9000000',2,'2014-01-07 00:00:00','9000000',NULL,'0','YES',NULL,NULL,NULL,'',101173),
 (142,18,'2013-07-26','9000000',2,'2014-01-07 00:00:00','9000000',NULL,'0','YES',NULL,NULL,NULL,'',101242),
 (143,18,'2013-08-26','9000000',2,'2014-02-22 00:00:00','9000000',NULL,'0','YES',NULL,NULL,NULL,'',101243),
 (144,18,'2013-09-26','37708334',2,'2014-10-12 00:00:00','41885449',NULL,'0','YES',NULL,NULL,NULL,'',101333),
 (145,18,'2013-10-26','4177115',0,NULL,'0',NULL,'0','NO',NULL,NULL,NULL,'قسط اضافه شده بابت کارمزد',101594),
 (146,19,'2012-12-11','30000000',2,'2013-06-15 00:00:00','30000000',NULL,'0','YES',NULL,NULL,NULL,'',100315),
 (147,20,'2012-09-11','30000000',2,'2013-05-08 00:00:00','30000000',NULL,'0','YES',NULL,NULL,NULL,'',100294),
 (148,21,'2012-09-11','30000000',2,'2013-05-08 00:00:00','30000000',NULL,'0','YES',NULL,NULL,NULL,'',100293),
 (149,22,'2012-05-21','500000000',0,NULL,'0',NULL,'','NO',NULL,NULL,NULL,'',100012),
 (150,22,'2012-05-21','500000000',0,NULL,'0',NULL,'','NO',NULL,NULL,NULL,'',100013),
 (151,22,'2012-05-21','500000000',0,NULL,'0',NULL,'','NO',NULL,NULL,NULL,'',100014),
 (152,23,'2012-05-21','383333333',1,'2014-07-28 00:00:00','383333333',NULL,'0','YES',NULL,NULL,NULL,'',100015),
 (153,23,'2012-05-21','383333333',1,'2014-08-09 00:00:00','383333333',NULL,'0','YES',NULL,NULL,NULL,'',100016),
 (154,23,'2012-05-21','383333333',1,'2014-09-22 00:00:00','383333333',NULL,'0','YES',NULL,NULL,NULL,'',100017),
 (155,23,'2012-07-22','1',1,'2014-09-22 00:00:00','1',NULL,'0','YES',NULL,NULL,NULL,'',100018),
 (156,24,'2012-05-21','133333334',1,'2014-07-28 00:00:00','133333333',NULL,'0','YES',NULL,NULL,NULL,'',100019),
 (157,24,'2012-05-21','133333333',2,'2014-11-23 00:00:00','133333333',NULL,'0','YES',NULL,NULL,NULL,'',100020),
 (158,24,'2012-05-21','133333333',2,'2015-03-02 00:00:00','133333334',NULL,'0','YES',NULL,NULL,NULL,'',100021),
 (159,25,'2012-05-21','416666667',1,'2014-07-28 00:00:00','416666667',NULL,'0','YES',NULL,NULL,NULL,'',100022),
 (160,25,'2012-05-21','416666667',1,'2014-09-22 00:00:00','416666667',NULL,'0','YES',NULL,NULL,NULL,'',100023),
 (161,25,'2012-05-21','416666667',1,'2014-10-07 00:00:00','416666667',NULL,'0','YES',NULL,NULL,NULL,'',100024),
 (162,26,'2012-05-21','483333334',1,'2014-07-24 00:00:00','483333333',NULL,'0','YES',NULL,NULL,NULL,'',100026),
 (163,26,'2012-05-21','483333333',2,'2015-04-05 00:00:00','966666667',NULL,'0','YES',NULL,NULL,NULL,'',100027),
 (164,26,'2012-05-21','483333333',0,NULL,'0',NULL,'','NO',NULL,NULL,NULL,'',100028),
 (165,27,'2012-05-21','133333334',0,NULL,'0',NULL,'','NO',NULL,NULL,NULL,'',100029),
 (166,27,'2012-05-21','133333333',0,NULL,'0',NULL,'','NO',NULL,NULL,NULL,'',100030),
 (167,27,'2012-05-21','133333333',0,NULL,'0',NULL,'','NO',NULL,NULL,NULL,'',100031),
 (168,28,'2012-06-13','500000000',0,NULL,'0',NULL,'','NO',NULL,NULL,NULL,'',100032),
 (169,28,'2012-06-13','500000000',0,NULL,'0',NULL,'','NO',NULL,NULL,NULL,'',100033),
 (170,28,'2012-06-13','500000000',0,NULL,'0',NULL,'','NO',NULL,NULL,NULL,'',100034),
 (171,29,'2012-07-01','835000',1,'2012-06-24 00:00:00','835000',NULL,'0','YES',NULL,NULL,NULL,'',100433),
 (172,29,'2012-08-01','835000',1,'2012-07-28 00:00:00','835000',NULL,'0','YES',NULL,NULL,NULL,'',100434),
 (173,29,'2012-09-01','835000',1,'2012-08-26 00:00:00','835000',NULL,'0','YES',NULL,NULL,NULL,'',100435),
 (174,29,'2012-10-02','835000',1,'2012-09-24 00:00:00','835000',NULL,'0','YES',NULL,NULL,NULL,'',100436),
 (175,29,'2012-11-01','830000',1,'2012-10-27 00:00:00','835000',NULL,'0','YES',NULL,NULL,NULL,'واریزی در بانک تجارت فیش 272337',100437),
 (176,29,'2012-12-01','830000',1,'2012-11-26 00:00:00','835000',NULL,'0','YES',NULL,NULL,NULL,'',100438),
 (177,29,'2012-12-31','830000',1,'2012-12-22 00:00:00','835000',NULL,'0','YES',NULL,NULL,NULL,'واریز به بانک تجارت ',100439),
 (178,29,'2013-01-30','830000',1,'2013-01-21 00:00:00','835000',NULL,'0','YES',NULL,NULL,NULL,'',100440),
 (179,29,'2013-03-01','835000',1,'2013-02-23 00:00:00','835000',NULL,'0','YES',NULL,NULL,NULL,'',100747),
 (180,29,'2013-03-31','835000',1,'2013-02-23 00:00:00','835000',NULL,'0','YES',NULL,NULL,NULL,'',100748),
 (181,29,'2013-05-01','835000',1,'2013-04-24 00:00:00','835000',NULL,'0','YES',NULL,NULL,NULL,'واریزی به بانک تجارت',100749),
 (182,29,'2013-06-01','835000',2,'2013-05-28 00:00:00','835000',NULL,'0','YES',NULL,NULL,NULL,'',100750),
 (183,29,'2013-07-02','835000',2,'2013-06-17 00:00:00','835000',NULL,'0','YES',NULL,NULL,NULL,'',100751),
 (184,29,'2013-08-02','835000',2,'2013-07-24 00:00:00','835000',NULL,'0','YES',NULL,NULL,NULL,'',100752),
 (185,29,'2013-09-02','835000',2,'2013-08-25 00:00:00','835000',NULL,'0','YES',NULL,NULL,NULL,'',100753),
 (186,29,'2013-10-03','835000',2,'2013-09-29 00:00:00','835000',NULL,'0','YES',NULL,NULL,NULL,'',100754),
 (187,29,'2013-11-02','835000',2,'2013-10-27 00:00:00','835000',NULL,'0','YES',NULL,NULL,NULL,'',100755),
 (188,29,'2013-12-02','835000',2,'2013-11-30 00:00:00','835000',NULL,'0','YES',NULL,NULL,NULL,'',100756),
 (189,29,'2014-01-01','835000',2,'2013-12-26 00:00:00','835000',NULL,'0','YES',NULL,NULL,NULL,'',100757),
 (190,29,'2014-01-31','835000',2,'2014-01-23 00:00:00','835000',NULL,'0','YES',NULL,NULL,NULL,'',100758),
 (191,29,'2014-03-02','835000',2,'2014-01-23 00:00:00','2800000',NULL,'0','YES',NULL,NULL,NULL,'',100759),
 (192,29,'2014-03-31','835000',1,'2014-01-25 00:00:00','500000',NULL,'0','YES',NULL,NULL,NULL,'',100760),
 (193,29,'2014-05-01','835000',0,NULL,'0',NULL,'0','NO',NULL,NULL,NULL,'',100761),
 (194,29,'2014-06-01','815000',0,NULL,'0',NULL,'0','NO',NULL,NULL,NULL,'',100762),
 (195,30,'2012-12-08','30000000',1,'2013-06-22 00:00:00','30000000',NULL,'0','YES',NULL,NULL,NULL,'',100316),
 (196,31,'2012-09-23','30000000',1,'2013-04-10 00:00:00','30000000',NULL,'0','YES',NULL,NULL,NULL,'',100426),
 (197,32,'2012-09-25','3000000',2,'2013-11-21 00:00:00','3000000',NULL,'0','YES',NULL,NULL,NULL,'',100085),
 (198,32,'2012-10-25','3000000',2,'2013-12-02 00:00:00','3000000',NULL,'0','YES',NULL,NULL,NULL,'',101208),
 (199,32,'2012-11-24','3000000',2,'2013-12-24 00:00:00','3000000',NULL,'0','YES',NULL,NULL,NULL,'',101213),
 (200,32,'2012-12-24','3000000',2,'2014-01-26 00:00:00','3000000',NULL,'0','YES',NULL,NULL,NULL,'',101220),
 (201,32,'2013-01-23','2000000',2,'2014-02-22 00:00:00','2000000',NULL,'0','YES',NULL,NULL,NULL,'',101292),
 (202,32,'2013-02-22','2000000',2,'2014-04-09 00:00:00','2000000',NULL,'0','YES',NULL,NULL,NULL,'',101331),
 (203,32,'2013-03-24','3000000',2,'2014-04-26 00:00:00','3000000',NULL,'0','YES',NULL,NULL,NULL,'',101406),
 (204,32,'2013-04-24','2000000',2,'2014-05-29 00:00:00','2000000',NULL,'0','YES',NULL,NULL,NULL,'',101421),
 (205,32,'2013-05-25','2000000',2,'2014-06-26 00:00:00','2000000',NULL,'0','YES',NULL,NULL,NULL,'',101461),
 (206,32,'2013-06-25','3000000',2,'2014-07-24 00:00:00','3000000',NULL,'0','YES',NULL,NULL,NULL,'',101494),
 (207,32,'2013-07-26','1300529',1,'2014-07-28 00:00:00','1300529',NULL,'0','YES',NULL,NULL,NULL,'',101541),
 (208,32,'2013-08-26','2000000',2,'2014-09-23 00:00:00','2000000',NULL,'0','YES',NULL,NULL,NULL,'',101544),
 (209,32,'2013-09-26','699471',2,'2014-10-25 00:00:00','2000000',NULL,'0','YES',NULL,NULL,NULL,'',101586),
 (210,32,'2013-10-26','2000000',2,'2014-12-27 00:00:00','2000000',NULL,'0','YES',NULL,NULL,NULL,'',101638),
 (211,32,'2013-11-25','2000000',2,'2015-01-25 00:00:00','2000000',NULL,'0','YES',NULL,NULL,NULL,'',101639),
 (212,32,'2013-12-25','1000000',2,'2015-02-24 00:00:00','1000000',NULL,'0','YES',NULL,NULL,NULL,'',101919),
 (213,32,'2014-01-24','2125480',0,NULL,'0',NULL,'0','NO',NULL,NULL,NULL,'',101920),
 (214,33,'2012-09-25','1500000',1,'2013-07-11 00:00:00','1500000',NULL,'0','YES',NULL,NULL,NULL,'',100086),
 (215,33,'2012-10-25','1500000',1,'2013-07-20 00:00:00','1500000',NULL,'0','YES',NULL,NULL,NULL,'واریزی در بانک تجارت مرکز',100932),
 (216,33,'2012-11-24','3000000',1,'2013-09-14 00:00:00','3000000',NULL,'0','YES',NULL,NULL,NULL,'',100933),
 (217,33,'2012-12-24','3000000',1,'2013-10-13 00:00:00','3000000',NULL,'0','YES',NULL,NULL,NULL,'',101142),
 (218,33,'2013-01-23','3000000',1,'2013-10-23 00:00:00','3000000',NULL,'0','YES',NULL,NULL,NULL,'',101159),
 (219,33,'2013-02-22','3000000',1,'2013-11-07 00:00:00','3000000',NULL,'0','YES',NULL,NULL,NULL,'',101165),
 (220,33,'2013-03-24','700000',2,'2013-11-21 00:00:00','700000',NULL,'0','YES',NULL,NULL,NULL,'',101172),
 (221,33,'2013-04-24','700000',2,'2013-12-02 00:00:00','700000',NULL,'0','YES',NULL,NULL,NULL,'',101209),
 (222,33,'2013-05-25','3000000',3,'2013-12-10 00:00:00','3000000',NULL,'0','YES',NULL,NULL,NULL,'',101212),
 (223,33,'2013-06-25','1000000',2,'2013-12-24 00:00:00','1000000',NULL,'0','YES',NULL,NULL,NULL,'',101217),
 (224,33,'2013-07-26','3000000',3,'2014-01-11 00:00:00','3000000',NULL,'0','YES',NULL,NULL,NULL,'',101221),
 (225,33,'2013-08-26','3300000',3,'2014-02-17 00:00:00','3000000',NULL,'0','YES',NULL,NULL,NULL,'',101326),
 (226,33,'2013-09-26','1000000',2,'2014-02-22 00:00:00','1000000',NULL,'0','YES',NULL,NULL,NULL,'',101327),
 (227,33,'2013-10-26','2700000',1,'2014-03-17 00:00:00','3000000',NULL,'0','YES',NULL,NULL,NULL,'',101377),
 (228,33,'2013-11-25','1000000',2,'2014-04-09 00:00:00','1000000',NULL,'0','YES',NULL,NULL,NULL,'',101404),
 (229,33,'2013-12-25','3000000',3,'2014-04-13 00:00:00','3000000',NULL,'0','YES',NULL,NULL,NULL,'',101405),
 (230,33,'2014-01-24','1000000',2,'2014-04-26 00:00:00','1000000',NULL,'0','YES',NULL,NULL,NULL,'',101407),
 (231,33,'2014-02-23','1000000',2,'2014-05-29 00:00:00','1000000',NULL,'0','YES',NULL,NULL,NULL,'',101420),
 (232,33,'2014-03-24','1000000',2,'2014-06-26 00:00:00','1000000',NULL,'0','YES',NULL,NULL,NULL,'',101462),
 (233,33,'2014-04-24','180167',1,'2014-07-28 00:00:00','180167',NULL,'0','YES',NULL,NULL,NULL,'',101493),
 (234,34,'2012-08-16','1500000',2,'2013-11-07 00:00:00','1500000',NULL,'0','YES',NULL,NULL,NULL,'',100087),
 (235,34,'2012-09-16','1500000',2,'2013-12-04 00:00:00','1500000',NULL,'0','YES',NULL,NULL,NULL,'',101170),
 (236,34,'2012-10-17','1500000',2,'2013-12-26 00:00:00','1500000',NULL,'0','YES',NULL,NULL,NULL,'',101215),
 (237,34,'2012-11-16','1500000',2,'2014-02-05 00:00:00','1500000',NULL,'0','YES',NULL,NULL,NULL,'',101223),
 (238,34,'2012-12-16','1500000',2,'2014-03-09 00:00:00','1500000',NULL,'0','YES',NULL,NULL,NULL,'',101297),
 (239,34,'2013-01-15','1500000',2,'2014-03-26 00:00:00','1500000',NULL,'0','YES',NULL,NULL,NULL,'',101374),
 (240,34,'2013-02-14','13000000',2,'2014-04-30 00:00:00','13000000',NULL,'0','YES',NULL,NULL,NULL,'',101383),
 (241,34,'2013-03-16','1500000',2,'2014-05-05 00:00:00','1500000',NULL,'0','YES',NULL,NULL,NULL,'',101422),
 (242,34,'2013-04-15','1500000',2,'2014-06-02 00:00:00','1500000',NULL,'0','YES',NULL,NULL,NULL,'چک ش 819554',101435),
 (243,34,'2013-05-16','1500000',2,'2014-07-01 00:00:00','1500000',NULL,'0','YES',NULL,NULL,NULL,'',101466),
 (244,34,'2013-06-16','1500000',2,'2014-08-12 00:00:00','1500000',NULL,'0','YES',NULL,NULL,NULL,'',101501),
 (245,34,'2013-07-17','1500000',2,'2014-09-04 00:00:00','1500000',NULL,'0','YES',NULL,NULL,NULL,'',101552),
 (246,34,'2013-08-17','500000',2,'2014-10-09 00:00:00','1500000',NULL,'0','YES',NULL,NULL,NULL,'',101572),
 (247,34,'2013-09-17','10878082',9,'2014-12-24 00:00:00','3000000',NULL,'0','YES','991157',NULL,NULL,'وصول چک',101593),
 (248,34,'2013-10-18','19178',9,'2015-01-27 00:00:00','3000000',NULL,'0','YES','991158',NULL,NULL,'وصول چک',101605),
 (249,34,'2015-02-21','0',9,'2015-02-21 00:00:00','3000000',NULL,'0','YES','991159',NULL,NULL,'بابت تسویه وام',10000),
 (250,34,'2015-03-22','0',1,'2015-02-28 00:00:00','897260',NULL,'0','YES',NULL,NULL,NULL,'',101923),
 (251,35,'2012-08-03','1660000',1,'2012-08-05 00:00:00','1660000',NULL,'0','YES',NULL,NULL,NULL,'',100297),
 (252,35,'2012-09-03','1600000',1,'2012-09-03 00:00:00','1600000',NULL,'0','YES',NULL,NULL,NULL,'',100298),
 (253,35,'2012-10-04','1660000',1,'2012-10-13 00:00:00','1600000',NULL,'0','YES',NULL,NULL,NULL,'',100299),
 (254,35,'2012-11-03','1660000',1,'2012-11-18 00:00:00','1600000',NULL,'0','YES',NULL,NULL,NULL,'',100300),
 (255,35,'2012-12-03','1600000',1,'2013-02-18 00:00:00','1600000',NULL,'0','YES',NULL,NULL,NULL,'',100301),
 (256,35,'2013-01-02','1660000',1,'2013-02-19 00:00:00','1600000',NULL,'0','YES',NULL,NULL,NULL,'بابت قسط شماره 5 از قلم افتاده ',100302),
 (257,35,'2013-02-01','1660000',1,'2013-03-17 00:00:00','1600000',NULL,'0','YES',NULL,NULL,NULL,'',100303),
 (258,35,'2013-03-03','1660000',1,'2013-03-17 00:00:00','1600000',NULL,'0','YES',NULL,NULL,NULL,'',100304),
 (259,35,'2013-04-02','1660000',1,'2013-05-20 00:00:00','1600000',NULL,'0','YES',NULL,NULL,NULL,'',100305),
 (260,35,'2013-05-03','1660000',1,'2013-05-20 00:00:00','1600000',NULL,'0','YES',NULL,NULL,NULL,'',100306),
 (261,35,'2013-06-03','1600000',1,'2013-07-11 00:00:00','1600000',NULL,'0','YES',NULL,NULL,NULL,'',100922),
 (262,35,'2013-07-04','1920000',1,'2013-08-08 00:00:00','2340000',NULL,'0','YES',NULL,NULL,NULL,'',101081),
 (263,36,'2013-06-07','11000000',1,'2013-04-21 00:00:00','11000000',NULL,'0','YES',NULL,NULL,NULL,'',100826),
 (264,36,'2013-07-08','8000000',1,'2013-05-18 00:00:00','8000000',NULL,'0','YES',NULL,NULL,NULL,'',100827),
 (265,36,'2013-08-08','14970000',1,'2013-07-11 00:00:00','14970000',NULL,'0','YES',NULL,NULL,NULL,'',100931),
 (266,37,'2012-08-03','2000000',1,'2014-01-23 00:00:00','2000000',NULL,'0','YES',NULL,NULL,NULL,'',100733),
 (267,37,'2012-09-03','2000000',1,'2014-02-22 00:00:00','2000000',NULL,'0','YES',NULL,NULL,NULL,'',101274),
 (268,37,'2012-10-04','2000000',1,'2014-03-26 00:00:00','2000000',NULL,'0','YES',NULL,NULL,NULL,'',101275),
 (269,37,'2012-11-03','2000000',1,'2014-04-26 00:00:00','2000000',NULL,'0','YES',NULL,NULL,NULL,'',101276),
 (270,37,'2012-12-03','2000000',1,'2014-06-02 00:00:00','2000000',NULL,'0','YES',NULL,NULL,NULL,'',101277),
 (271,37,'2013-01-02','2000000',1,'2014-07-23 00:00:00','2000000',NULL,'0','YES',NULL,NULL,NULL,'',101278),
 (272,37,'2013-02-01','2000000',1,'2014-09-29 00:00:00','2000000',NULL,'0','YES',NULL,NULL,NULL,'',101279),
 (273,37,'2013-03-03','2000000',1,'2014-11-02 00:00:00','2000000',NULL,'0','YES',NULL,NULL,NULL,'',101280),
 (274,37,'2013-04-02','2000000',1,'2014-12-07 00:00:00','2000000',NULL,'0','YES',NULL,NULL,NULL,'',101281),
 (275,37,'2013-05-03','2000000',1,'2015-01-03 00:00:00','2000000',NULL,'0','YES',NULL,NULL,NULL,'',101282),
 (276,37,'2013-06-03','2000000',1,'2015-01-28 00:00:00','2000000',NULL,'0','YES',NULL,NULL,NULL,'',101283),
 (277,37,'2013-07-04','2000000',2,'2015-05-17 00:00:00','2000000',NULL,'0','YES',NULL,NULL,NULL,'',101284),
 (278,37,'2013-08-04','2000000',2,'2015-05-17 00:00:00','2000000',NULL,'0','YES',NULL,NULL,NULL,'',101285),
 (279,37,'2013-09-04','2000000',2,'2015-05-17 00:00:00','2000000',NULL,'0','YES',NULL,NULL,NULL,'',101286),
 (280,37,'2013-10-05','2000000',2,'2015-05-17 00:00:00','2000000',NULL,'0','YES',NULL,NULL,NULL,'',101287),
 (281,37,'2013-11-04','2000000',1,'2015-07-26 00:00:00','2000000',NULL,'0','YES',NULL,NULL,NULL,'',101288),
 (282,37,'2013-12-04','2000000',1,'2015-10-26 00:00:00','2000000',NULL,'0','YES',NULL,NULL,NULL,'حواله ازشعبه پارک ',101289),
 (283,37,'2014-01-03','2000000',0,NULL,'0',NULL,'0','NO',NULL,NULL,NULL,'',101290),
 (284,38,'2013-01-02','30000000',1,'2013-07-28 00:00:00','30000000',NULL,'0','YES',NULL,NULL,NULL,'',100427),
 (285,39,'2012-10-04','20000000',1,'2012-09-26 00:00:00','20000000',NULL,'0','YES',NULL,NULL,NULL,'',100208),
 (286,40,'2012-12-23','103958333',0,NULL,'0',NULL,'0','NO',NULL,NULL,NULL,'',100717),
 (287,41,'2012-12-30','30000000',1,'2013-10-21 00:00:00','30000000',NULL,'0','YES',NULL,NULL,NULL,'',100428),
 (288,42,'2013-01-06','30000000',1,'2013-04-06 00:00:00','30000000',NULL,'0','YES',NULL,NULL,NULL,'تسویه وام',100429),
 (289,43,'2013-01-01','30000000',1,'2013-06-02 00:00:00','30000000',NULL,'0','YES',NULL,NULL,NULL,'',100430),
 (290,44,'2012-10-09','30000000',1,'2013-04-20 00:00:00','30000000',NULL,'0','YES',NULL,NULL,NULL,'',100168),
 (291,45,'2012-10-09','30000000',1,'2013-04-25 00:00:00','30000000',NULL,'0','YES',NULL,NULL,NULL,'',100169),
 (292,46,'2012-10-09','20000000',1,'2013-01-10 00:00:00','20000000',NULL,'0','YES',NULL,NULL,NULL,'',100170),
 (293,47,'2012-10-10','20000000',1,'2012-09-18 00:00:00','20000000',NULL,'0','YES',NULL,NULL,NULL,'',100171),
 (294,47,'2012-11-09','10000000',1,'2013-10-14 00:00:00','6800000',NULL,'0','YES',NULL,NULL,NULL,'',101161),
 (295,47,'2012-12-09','1730000',2,'2014-03-04 00:00:00','4430000',NULL,'0','YES',NULL,NULL,NULL,'',101337),
 (296,47,'2013-01-08','0',8,'2014-03-04 00:00:00','500000',NULL,'0','YES',NULL,NULL,NULL,'',101338),
 (297,48,'2012-08-10','1670000',1,'2012-08-11 00:00:00','1670000',NULL,'0','YES',NULL,NULL,NULL,'',100335),
 (298,48,'2012-09-10','1670000',1,'2012-09-13 00:00:00','1670000',NULL,'0','YES',NULL,NULL,NULL,'',100336),
 (299,48,'2012-10-11','1670000',1,'2012-10-11 00:00:00','1670000',NULL,'0','YES',NULL,NULL,NULL,'',100337),
 (300,48,'2012-11-10','1670000',1,'2012-11-08 00:00:00','1660000',NULL,'0','YES',NULL,NULL,NULL,'',100338),
 (301,48,'2012-12-10','1670000',1,'2012-12-20 00:00:00','1670000',NULL,'0','YES',NULL,NULL,NULL,'',100339),
 (302,48,'2013-01-09','1670000',1,'2013-01-17 00:00:00','1670000',NULL,'0','YES',NULL,NULL,NULL,'',100340),
 (303,48,'2013-02-08','1670000',1,'2013-02-21 00:00:00','1670000',NULL,'0','YES',NULL,NULL,NULL,'',100341),
 (304,48,'2013-03-10','1670000',1,'2013-03-07 00:00:00','1670000',NULL,'0','YES',NULL,NULL,NULL,'',100342),
 (305,48,'2013-04-09','1670000',1,'2013-04-25 00:00:00','1700000',NULL,'0','YES',NULL,NULL,NULL,'',100343),
 (306,48,'2013-05-10','1670000',1,'2013-05-22 00:00:00','1700000',NULL,'0','YES',NULL,NULL,NULL,'',100344),
 (307,48,'2013-06-10','1670000',1,'2013-06-27 00:00:00','1670000',NULL,'0','YES',NULL,NULL,NULL,'',100345),
 (308,48,'2013-07-11','1630000',1,'2013-07-25 00:00:00','1580000',NULL,'0','YES',NULL,NULL,NULL,'',100346),
 (309,49,'2012-08-16','1670000',5,'2012-08-16 00:00:00','1670000',NULL,'0','YES',NULL,NULL,NULL,'',100243),
 (310,49,'2012-09-16','1670000',1,'2012-09-18 00:00:00','1670000',NULL,'0','YES',NULL,NULL,NULL,'',100244),
 (311,49,'2012-10-17','1670000',1,'2012-10-18 00:00:00','1670000',NULL,'0','YES',NULL,NULL,NULL,'',100245),
 (312,49,'2012-11-16','1670000',1,'2012-11-18 00:00:00','1670000',NULL,'0','YES',NULL,NULL,NULL,'',100246),
 (313,49,'2012-12-16','1670000',1,'2012-12-19 00:00:00','1670000',NULL,'0','YES',NULL,NULL,NULL,'',100247),
 (314,49,'2013-01-15','1670000',1,'2013-01-20 00:00:00','1670000',NULL,'0','YES',NULL,NULL,NULL,'',100248),
 (315,49,'2013-02-14','1670000',1,'2013-02-19 00:00:00','1670000',NULL,'0','YES',NULL,NULL,NULL,'',100249),
 (316,49,'2013-03-16','1670000',1,'2013-03-16 00:00:00','1670000',NULL,'0','YES',NULL,NULL,NULL,'',100250),
 (317,49,'2013-04-15','1670000',1,'2013-04-24 00:00:00','1700000',NULL,'0','YES',NULL,NULL,NULL,'2303',100251),
 (318,49,'2013-05-16','1670000',1,'2013-05-22 00:00:00','1670000',NULL,'0','YES',NULL,NULL,NULL,'',100252),
 (319,49,'2013-06-16','1670000',1,'2013-06-20 00:00:00','1670000',NULL,'0','YES',NULL,NULL,NULL,'',100253),
 (320,49,'2013-07-17','1600000',1,'2013-07-24 00:00:00','1600000',NULL,'0','YES',NULL,NULL,NULL,'',100254),
 (321,49,'2013-08-17','30000',0,NULL,'0',NULL,'0','NO',NULL,NULL,NULL,'',100954),
 (322,50,'2012-10-13','20100000',1,'2013-10-14 00:00:00','20100000',NULL,'0','YES',NULL,NULL,NULL,'',100195),
 (323,50,'2012-11-12','9900000',1,'2013-11-11 00:00:00','9900000',NULL,'0','YES',NULL,NULL,NULL,'',101160),
 (324,51,'2012-10-13','30000000',1,'2013-09-09 00:00:00','30000000',NULL,'0','YES',NULL,NULL,NULL,'',100196),
 (325,52,'2012-08-15','830000',1,'2012-08-26 00:00:00','830000',NULL,'0','YES',NULL,NULL,NULL,'',100255),
 (326,52,'2012-09-15','830000',1,'2012-09-24 00:00:00','830000',NULL,'0','YES',NULL,NULL,NULL,'',100256),
 (327,52,'2012-10-16','830000',1,'2012-10-21 00:00:00','830000',NULL,'0','YES',NULL,NULL,NULL,'',100257),
 (328,52,'2012-11-15','830000',1,'2012-11-20 00:00:00','830000',NULL,'0','YES',NULL,NULL,NULL,'',100258),
 (329,52,'2012-12-15','830000',1,'2012-12-20 00:00:00','830000',NULL,'0','YES',NULL,NULL,NULL,'',100259),
 (330,52,'2013-01-14','830000',1,'2013-01-19 00:00:00','830000',NULL,'0','YES',NULL,NULL,NULL,'',100260),
 (331,52,'2013-02-13','830000',1,'2013-02-19 00:00:00','830000',NULL,'0','YES',NULL,NULL,NULL,'',100261),
 (332,52,'2013-03-15','830000',1,'2013-03-18 00:00:00','830000',NULL,'0','YES',NULL,NULL,NULL,'',100262),
 (333,52,'2013-04-14','830000',1,'2013-04-24 00:00:00','830000',NULL,'0','YES',NULL,NULL,NULL,'کسر از حقوق',100263),
 (334,52,'2013-05-15','830000',1,'2013-05-23 00:00:00','830000',NULL,'0','YES',NULL,NULL,NULL,'',100264),
 (335,52,'2013-06-15','830000',1,'2013-06-23 00:00:00','830000',NULL,'0','YES',NULL,NULL,NULL,'',100265),
 (336,52,'2013-07-16','830000',1,'2013-07-25 00:00:00','830000',NULL,'0','YES',NULL,NULL,NULL,'',100266),
 (337,52,'2013-08-16','830000',1,'2013-08-24 00:00:00','830000',NULL,'0','YES',NULL,NULL,NULL,'',100267),
 (338,52,'2013-09-16','830000',1,'2013-09-23 00:00:00','830000',NULL,'0','YES',NULL,NULL,NULL,'',100268),
 (339,52,'2013-10-17','830000',1,'2013-10-23 00:00:00','830000',NULL,'0','YES',NULL,NULL,NULL,'',100269),
 (340,52,'2013-11-16','830000',1,'2013-11-18 00:00:00','830000',NULL,'0','YES',NULL,NULL,NULL,'',100270),
 (341,52,'2013-12-16','830000',1,'2013-11-18 00:00:00','830000',NULL,'0','YES',NULL,NULL,NULL,'',100271),
 (342,52,'2014-01-15','830000',1,'2013-11-18 00:00:00','830000',NULL,'0','YES',NULL,NULL,NULL,'',100272),
 (343,52,'2014-02-14','830000',1,'2013-11-18 00:00:00','830000',NULL,'0','YES',NULL,NULL,NULL,'',100273),
 (344,52,'2014-03-16','830000',1,'2013-11-18 00:00:00','830000',NULL,'0','YES',NULL,NULL,NULL,'',100274),
 (345,52,'2014-04-14','830000',1,'2013-11-18 00:00:00','830000',NULL,'0','YES',NULL,NULL,NULL,'',100275),
 (346,52,'2014-05-15','830000',1,'2013-11-18 00:00:00','830000',NULL,'0','YES',NULL,NULL,NULL,'',100276),
 (347,52,'2014-06-15','830000',1,'2013-11-18 00:00:00','830000',NULL,'0','YES',NULL,NULL,NULL,'',100277),
 (348,52,'2014-07-16','910000',1,'2013-11-18 00:00:00','910000',NULL,'0','YES',NULL,NULL,NULL,'',100278),
 (349,53,'2012-08-30','1660000',1,'2012-10-07 00:00:00','1667000',NULL,'0','YES',NULL,NULL,NULL,'واریز به شعبه مرکز',100400),
 (350,53,'2012-09-30','1660000',1,'2012-10-21 00:00:00','1667000',NULL,'0','YES',NULL,NULL,NULL,'پرداخت در مرکز',100401),
 (351,53,'2012-10-30','1666600',1,'2013-01-31 00:00:00','1670000',NULL,'0','YES',NULL,NULL,NULL,'',100719),
 (352,53,'2012-11-29','1670000',1,'2013-02-27 00:00:00','1670000',NULL,'0','YES',NULL,NULL,NULL,'',100720),
 (353,53,'2013-02-27','1666600',1,'2013-06-16 00:00:00','1667000',NULL,'0','YES',NULL,NULL,NULL,'',100723),
 (354,53,'2013-03-29','1666600',1,'2013-06-16 00:00:00','1667000',NULL,'0','YES',NULL,NULL,NULL,'',100724),
 (355,53,'2013-06-30','1666600',2,'2013-11-05 00:00:00','9920000',NULL,'0','YES',NULL,NULL,NULL,'',100727),
 (356,53,'2013-07-31','1666600',1,'2013-11-06 00:00:00','72000',NULL,'0','YES',NULL,NULL,NULL,'',100728),
 (357,53,'2013-08-31','10600',0,NULL,'0',NULL,'0','NO',NULL,NULL,NULL,'',100789),
 (358,53,'2013-10-01','1666600',0,NULL,'0',NULL,'0','NO',NULL,NULL,NULL,'',100790),
 (359,53,'2013-10-31','1649200',0,NULL,'0',NULL,'0','NO',NULL,NULL,NULL,'',100791),
 (360,53,'2013-11-30','17400',0,NULL,'0',NULL,'0','NO',NULL,NULL,NULL,'',100792),
 (361,53,'2013-12-30','1673400',0,NULL,'0',NULL,'0','NO',NULL,NULL,NULL,'',100899),
 (362,53,'2014-01-29','1659800',0,NULL,'0',NULL,'0','NO',NULL,NULL,NULL,'',100900),
 (363,55,'2014-09-17','333333333',1,'2014-11-18 00:00:00','330000000',NULL,'0','YES',NULL,NULL,NULL,'',100475),
 (364,55,'2014-10-18','333333333',2,'2015-03-14 00:00:00','330000000',NULL,'0','YES',NULL,NULL,NULL,'',100476),
 (365,55,'2014-11-17','333333334',0,NULL,'0',NULL,'0','NO',NULL,NULL,NULL,'',100477),
 (366,56,'2012-06-15','6180000',1,'2013-04-24 00:00:00','6180000',NULL,'0','YES',NULL,NULL,NULL,'',100819),
 (367,56,'2012-07-16','6180000',1,'2013-04-25 00:00:00','6180000',NULL,'0','YES',NULL,NULL,NULL,'',100820),
 (368,56,'2012-06-15','12360000',1,'2013-06-17 00:00:00','12360000',NULL,'0','YES',NULL,NULL,NULL,'',100856),
 (369,56,'2012-06-18','12360000',1,'2013-07-11 00:00:00','12360000',NULL,'0','YES',NULL,NULL,NULL,'',100929),
 (370,56,'2012-07-19','12360000',1,'2013-09-04 00:00:00','12360000',NULL,'0','YES',NULL,NULL,NULL,'',100930),
 (371,56,'2012-08-19','6180000',2,'2014-04-05 00:00:00','6180000',NULL,'0','YES',NULL,NULL,NULL,'',101137),
 (372,56,'2012-09-19','6180000',2,'2014-05-03 00:00:00','6180000',NULL,'0','YES',NULL,NULL,NULL,'',101402),
 (373,56,'2012-10-20','6180000',2,'2014-05-03 00:00:00','6180000',NULL,'0','YES',NULL,NULL,NULL,'',101423),
 (374,56,'2012-11-19','6180000',2,'2014-06-09 00:00:00','6180000',NULL,'0','YES',NULL,NULL,NULL,'',101424),
 (375,56,'2012-12-19','6180000',2,'2014-07-06 00:00:00','6180000',NULL,'0','YES',NULL,NULL,NULL,'',101489),
 (376,56,'2013-01-18','6180000',2,'2014-07-06 00:00:00','6180000',NULL,'0','YES',NULL,NULL,NULL,'',101502),
 (377,56,'2013-02-17','24563000',2,'2014-08-19 00:00:00','24563000',NULL,'0','YES',NULL,NULL,NULL,'',101503),
 (378,57,'2012-11-06','28500000',1,'2013-10-08 00:00:00','28500000',NULL,'0','YES',NULL,NULL,NULL,'',100221),
 (379,57,'2012-12-06','1500000',2,'2013-12-04 00:00:00','1500000',NULL,'0','YES',NULL,NULL,NULL,'',101156),
 (380,57,'2013-01-05','325000',2,'2013-12-26 00:00:00','325000',NULL,'0','YES',NULL,NULL,NULL,'',101216),
 (381,58,'2012-11-06','30000000',1,'2012-11-06 00:00:00','30000000',NULL,'0','YES',NULL,NULL,NULL,'بابت تسویه وام',100222),
 (382,59,'2012-11-07','30000000',1,'2013-01-01 00:00:00','30000000',NULL,'0','YES',NULL,NULL,NULL,'',100223),
 (383,60,'2012-11-07','28000000',1,'2013-10-26 00:00:00','28000000',NULL,'0','YES',NULL,NULL,NULL,'',100224),
 (384,60,'2012-12-07','2000000',1,'2014-08-27 00:00:00','2000000',NULL,'0','YES',NULL,NULL,NULL,'',101166),
 (385,61,'2012-11-07','30000000',1,'2012-12-19 00:00:00','30000000',NULL,'0','YES',NULL,NULL,NULL,'',100225),
 (386,62,'2012-11-07','30000000',1,'2013-06-18 00:00:00','30000000',NULL,'0','YES',NULL,NULL,NULL,'',100226),
 (387,63,'2012-11-07','30000000',1,'2013-05-07 00:00:00','30000000',NULL,'0','YES',NULL,NULL,NULL,'',100227),
 (388,64,'2012-11-07','30000000',1,'2013-05-15 00:00:00','30000000',NULL,'0','YES',NULL,NULL,NULL,'',100228),
 (389,65,'2012-11-07','30000000',2,'2013-10-02 00:00:00','30000000',NULL,'0','YES',NULL,NULL,NULL,'',100229),
 (390,66,'2012-11-06','30000000',1,'2014-05-12 00:00:00','34500000',NULL,'0','YES',NULL,NULL,NULL,'',100230),
 (391,66,'2012-12-06','4500000',0,NULL,'0',NULL,'0','NO',NULL,NULL,NULL,'قسط اضافه شده بابت کارمزد',101439),
 (392,67,'2014-11-06','383333333',1,'2014-10-15 00:00:00','383333333',NULL,'0','YES',NULL,NULL,NULL,'',100237),
 (393,67,'2014-12-06','383333333',2,'2014-11-23 00:00:00','383333333',NULL,'0','YES',NULL,NULL,NULL,'',100238),
 (394,67,'2015-01-05','383333334',2,'2014-12-10 00:00:00','383333334',NULL,'0','YES',NULL,NULL,NULL,'',100239),
 (395,68,'2014-11-06','416666666',2,'2015-02-21 00:00:00','416666666',NULL,'0','YES',NULL,NULL,NULL,'',100234),
 (396,68,'2014-12-06','416666667',2,'2015-05-05 00:00:00','416666667',NULL,'0','YES',NULL,NULL,NULL,'',100235),
 (397,68,'2015-01-05','416666666',9,'2015-07-07 00:00:00','416666666',NULL,'0','YES','378860',NULL,NULL,'وصول چک',100236),
 (398,68,'2015-02-04','1',1,'2015-08-24 00:00:00','1',NULL,'0','YES',NULL,NULL,NULL,'',102464),
 (399,69,'2012-10-04','2500000',1,'2013-04-13 00:00:00','2500000',NULL,'0','YES',NULL,NULL,NULL,'',100319),
 (400,69,'2012-11-03','2500000',1,'2013-04-13 00:00:00','2500000',NULL,'0','YES',NULL,NULL,NULL,'',100320),
 (401,69,'2012-12-03','2500000',1,'2013-04-13 00:00:00','2500000',NULL,'0','YES',NULL,NULL,NULL,'',100321),
 (402,69,'2013-01-02','2500000',1,'2013-04-13 00:00:00','2500000',NULL,'0','YES',NULL,NULL,NULL,'',100322),
 (403,69,'2013-02-01','2500000',1,'2013-04-13 00:00:00','2500000',NULL,'0','YES',NULL,NULL,NULL,'',100323),
 (404,69,'2013-03-03','2500000',1,'2013-04-13 00:00:00','2500000',NULL,'0','YES',NULL,NULL,NULL,'',100324),
 (405,69,'2013-04-02','2500000',1,'2013-04-13 00:00:00','2500000',NULL,'0','YES',NULL,NULL,NULL,'',100325),
 (406,69,'2013-05-03','2500000',1,'2013-07-31 00:00:00','2500000',NULL,'0','YES',NULL,NULL,NULL,'',100326),
 (407,69,'2013-06-03','2500000',1,'2013-07-31 00:00:00','2500000',NULL,'0','YES',NULL,NULL,NULL,'',100327),
 (408,69,'2013-07-04','2500000',1,'2013-10-12 00:00:00','2500000',NULL,'0','YES',NULL,NULL,NULL,'',100328),
 (409,69,'2013-08-04','2500000',1,'2013-10-12 00:00:00','2500000',NULL,'0','YES',NULL,NULL,NULL,'',100329),
 (410,69,'2013-09-04','2500000',1,'2013-10-12 00:00:00','2500000',NULL,'0','YES',NULL,NULL,NULL,'',100330),
 (411,70,'2012-11-08','330000000',0,NULL,'0',NULL,'0','NO',NULL,NULL,NULL,'',100331),
 (412,70,'2013-01-07','330000000',0,NULL,'0',NULL,'0','NO',NULL,NULL,NULL,'',100332),
 (413,70,'2013-03-08','340000000',0,NULL,'0',NULL,'0','NO',NULL,NULL,NULL,'',100333),
 (414,71,'2014-11-09','484000000',2,'2015-01-29 00:00:00','484000000',NULL,'0','YES',NULL,NULL,NULL,'',100334),
 (415,71,'2014-12-09','966000000',2,'2015-04-05 00:00:00','966000000',NULL,'0','YES',NULL,NULL,NULL,'',101882),
 (416,72,'2012-12-15','1400000',2,'2014-06-02 00:00:00','1400000',NULL,'0','YES',NULL,NULL,NULL,'چک ش 819554',100347),
 (417,72,'2013-01-14','600000',2,'2014-06-02 00:00:00','600000',NULL,'0','YES',NULL,NULL,NULL,'',101464),
 (418,72,'2013-02-13','600000',2,'2014-07-01 00:00:00','600000',NULL,'0','YES',NULL,NULL,NULL,'',101468),
 (419,72,'2013-03-15','1400000',2,'2014-07-01 00:00:00','1400000',NULL,'0','YES',NULL,NULL,NULL,'',101497),
 (420,72,'2013-04-14','1400000',2,'2014-08-12 00:00:00','1400000',NULL,'0','YES',NULL,NULL,NULL,'',101499),
 (421,72,'2013-05-15','1400000',2,'2014-09-04 00:00:00','1400000',NULL,'0','YES',NULL,NULL,NULL,'',101550),
 (422,72,'2013-06-15','1400000',2,'2014-10-09 00:00:00','1400000',NULL,'0','YES',NULL,NULL,NULL,'',101571),
 (423,72,'2013-07-16','1400000',2,'2014-11-08 00:00:00','1400000',NULL,'0','YES',NULL,NULL,NULL,'',101592),
 (424,72,'2013-08-16','1400000',2,'2014-12-09 00:00:00','1400000',NULL,'0','YES',NULL,NULL,NULL,'',101657),
 (425,72,'2013-09-16','1400000',2,'2015-01-03 00:00:00','1400000',NULL,'0','YES',NULL,NULL,NULL,'',101689),
 (426,72,'2013-10-17','1400000',2,'2015-02-07 00:00:00','1400000',NULL,'0','YES',NULL,NULL,NULL,'',101792),
 (427,72,'2013-11-16','1400000',2,'2015-03-05 00:00:00','1400000',NULL,'0','YES',NULL,NULL,NULL,'',101886),
 (428,72,'2013-12-16','1400000',2,'2015-04-07 00:00:00','1400000',NULL,'0','YES',NULL,NULL,NULL,'',102013),
 (429,72,'2014-01-15','1400000',2,'2015-05-04 00:00:00','1400000',NULL,'0','YES',NULL,NULL,NULL,'',102209),
 (430,72,'2014-02-14','1400000',2,'2015-06-10 00:00:00','1400000',NULL,'0','YES',NULL,NULL,NULL,'',102237),
 (431,72,'2014-03-16','1400000',2,'2015-07-29 00:00:00','1400000',NULL,'0','YES',NULL,NULL,NULL,'',102359),
 (432,72,'2014-04-14','1400000',2,'2015-08-20 00:00:00','1400000',NULL,'0','YES',NULL,NULL,NULL,'',102461),
 (433,72,'2014-05-15','1400000',2,'2015-09-13 00:00:00','1400000',NULL,'0','YES',NULL,NULL,NULL,'',102462),
 (434,72,'2014-06-15','1400000',2,'2015-10-01 00:00:00','1400000',NULL,'0','YES',NULL,NULL,NULL,'',102490),
 (435,72,'2014-07-16','5000000',0,NULL,'0',NULL,'0','NO',NULL,NULL,NULL,'',102541),
 (436,73,'2012-11-22','133000000',0,NULL,'0',NULL,'0','NO',NULL,NULL,NULL,'',100348),
 (437,73,'2013-01-21','133000000',0,NULL,'0',NULL,'0','NO',NULL,NULL,NULL,'',100349),
 (438,73,'2013-03-22','134000000',0,NULL,'0',NULL,'0','NO',NULL,NULL,NULL,'',100350),
 (439,74,'2012-10-24','1670000',1,'2013-01-26 00:00:00','1590000',NULL,'0','YES',NULL,NULL,NULL,'',100710),
 (440,74,'2012-11-23','1670000',1,'2013-01-26 00:00:00','1670000',NULL,'0','YES',NULL,NULL,NULL,'',100711),
 (441,74,'2012-12-23','1670000',1,'2013-01-26 00:00:00','1670000',NULL,'0','YES',NULL,NULL,NULL,'',100712),
 (442,74,'2013-01-22','1670000',1,'2013-01-26 00:00:00','1670000',NULL,'0','YES',NULL,NULL,NULL,'',100713),
 (443,74,'2013-02-21','1670000',1,'2013-10-06 00:00:00','1670000',NULL,'0','YES',NULL,NULL,NULL,'',100714),
 (444,74,'2013-03-23','1670000',1,'2013-10-06 00:00:00','1670000',NULL,'0','YES',NULL,NULL,NULL,'',101150),
 (445,74,'2013-04-23','1670000',1,'2013-10-06 00:00:00','1670000',NULL,'0','YES',NULL,NULL,NULL,'',101151),
 (446,74,'2013-05-24','1670000',1,'2013-10-06 00:00:00','1670000',NULL,'0','YES',NULL,NULL,NULL,'',101152),
 (447,74,'2013-06-24','1670000',1,'2013-10-07 00:00:00','1670000',NULL,'0','YES',NULL,NULL,NULL,'',101153),
 (448,74,'2013-07-25','1670000',1,'2013-10-07 00:00:00','1670000',NULL,'0','YES',NULL,NULL,NULL,'',101154),
 (449,74,'2013-08-25','1670000',2,'2014-05-05 00:00:00','1670000',NULL,'0','YES',NULL,NULL,NULL,'',101155),
 (450,74,'2013-09-25','1670000',2,'2014-05-05 00:00:00','1670000',NULL,'0','YES',NULL,NULL,NULL,'',101426),
 (451,74,'2013-10-25','1670000',2,'2014-05-05 00:00:00','1670000',NULL,'0','YES',NULL,NULL,NULL,'',101427),
 (452,74,'2013-11-24','1670000',2,'2014-05-05 00:00:00','1670000',NULL,'0','YES',NULL,NULL,NULL,'',101428),
 (453,74,'2013-12-24','1670000',2,'2014-05-05 00:00:00','1670000',NULL,'0','YES',NULL,NULL,NULL,'',101429),
 (454,74,'2014-01-23','1670000',2,'2014-05-05 00:00:00','1670000',NULL,'0','YES',NULL,NULL,NULL,'',101430),
 (455,74,'2014-02-22','1780000',2,'2014-05-05 00:00:00','1780000',NULL,'0','YES',NULL,NULL,NULL,'',101431),
 (456,74,'2014-03-23','1670000',2,'2014-08-11 00:00:00','1670000',NULL,'0','YES',NULL,NULL,NULL,'',101432),
 (457,74,'2014-04-23','1670000',2,'2014-08-11 00:00:00','1670000',NULL,'0','YES',NULL,NULL,NULL,'',101545),
 (458,74,'2014-05-24','1670000',2,'2014-08-11 00:00:00','1670000',NULL,'0','YES',NULL,NULL,NULL,'',101546),
 (459,74,'2014-06-24','1670000',2,'2014-08-11 00:00:00','1670000',NULL,'0','YES',NULL,NULL,NULL,'',101547),
 (460,74,'2014-07-25','1670000',2,'2014-08-11 00:00:00','1670000',NULL,'0','YES',NULL,NULL,NULL,'',101548),
 (461,74,'2014-08-25','3150000',2,'2014-11-12 00:00:00','3230000',NULL,'0','YES',NULL,NULL,NULL,'',101549),
 (462,75,'2012-12-29','30000000',1,'2013-09-09 00:00:00','30000000',NULL,'0','YES',NULL,NULL,NULL,'',100399),
 (463,76,'2012-11-13','2500000',1,'2012-11-12 00:00:00','2500000',NULL,'0','YES',NULL,NULL,NULL,'',100412),
 (464,76,'2012-12-13','2500000',1,'2012-12-12 00:00:00','2500000',NULL,'0','YES',NULL,NULL,NULL,'',100413),
 (465,76,'2013-01-12','2500000',1,'2013-01-14 00:00:00','2500000',NULL,'0','YES',NULL,NULL,NULL,'',100414),
 (466,76,'2013-02-11','2500000',1,'2013-02-18 00:00:00','2500000',NULL,'0','YES',NULL,NULL,NULL,'',100415),
 (467,76,'2013-03-13','2500000',1,'2013-03-13 00:00:00','2500000',NULL,'0','YES',NULL,NULL,NULL,'',100416),
 (468,76,'2013-04-12','2500000',1,'2013-04-16 00:00:00','2500000',NULL,'0','YES',NULL,NULL,NULL,'',100417),
 (469,76,'2013-05-13','2500000',1,'2013-05-14 00:00:00','2500000',NULL,'0','YES',NULL,NULL,NULL,'',100418),
 (470,76,'2013-06-13','2500000',1,'2013-06-23 00:00:00','2500000',NULL,'0','YES',NULL,NULL,NULL,'',100419),
 (471,76,'2013-07-14','2500000',1,'2013-07-17 00:00:00','2500000',NULL,'0','YES',NULL,NULL,NULL,'',100420),
 (472,76,'2013-08-14','2500000',3,'2013-08-21 00:00:00','2500000',NULL,'0','YES',NULL,NULL,NULL,'',100421),
 (473,76,'2013-09-14','2500000',1,'2013-09-19 00:00:00','2500000',NULL,'0','YES',NULL,NULL,NULL,'',100422),
 (474,76,'2013-10-15','2500000',1,'2013-10-21 00:00:00','2500000',NULL,'0','YES',NULL,NULL,NULL,'',100423),
 (475,77,'2013-01-12','30000000',1,'2013-07-25 00:00:00','30000000',NULL,'0','YES',NULL,NULL,NULL,'',100424),
 (476,78,'2013-01-12','30000000',1,'2013-07-27 00:00:00','30000000',NULL,'0','YES',NULL,NULL,NULL,'',100459),
 (477,79,'2012-11-20','850000',1,'2012-12-18 00:00:00','850000',NULL,'0','YES',NULL,NULL,NULL,'',100667),
 (478,79,'2012-12-20','850000',1,'2012-12-23 00:00:00','850000',NULL,'0','YES',NULL,NULL,NULL,'',100668),
 (479,79,'2013-01-19','850000',1,'2013-02-18 00:00:00','850000',NULL,'0','YES',NULL,NULL,NULL,'',100669),
 (480,79,'2013-02-18','850000',1,'2013-04-15 00:00:00','850000',NULL,'0','YES',NULL,NULL,NULL,'',100670),
 (481,79,'2013-03-20','850000',1,'2013-04-15 00:00:00','850000',NULL,'0','YES',NULL,NULL,NULL,'',100671),
 (482,79,'2013-04-19','850000',1,'2013-06-13 00:00:00','850000',NULL,'0','YES',NULL,NULL,NULL,'',100672),
 (483,79,'2013-05-20','850000',1,'2013-06-13 00:00:00','850000',NULL,'0','YES',NULL,NULL,NULL,'',100673),
 (484,79,'2013-06-20','850000',1,'2013-08-27 00:00:00','850000',NULL,'0','YES',NULL,NULL,NULL,'',100674),
 (485,79,'2013-07-21','850000',1,'2013-10-23 00:00:00','850000',NULL,'0','YES',NULL,NULL,NULL,'',100675),
 (486,79,'2013-08-21','850000',1,'2013-10-23 00:00:00','850000',NULL,'0','YES',NULL,NULL,NULL,'',100676),
 (487,79,'2013-09-21','850000',1,'2013-12-01 00:00:00','850000',NULL,'0','YES',NULL,NULL,NULL,'',100677),
 (488,79,'2013-10-22','850000',1,'2014-01-25 00:00:00','850000',NULL,'0','YES',NULL,NULL,NULL,'',100678),
 (489,79,'2013-11-21','850000',1,'2014-01-25 00:00:00','850000',NULL,'0','YES',NULL,NULL,NULL,'',100679),
 (490,79,'2013-12-21','850000',1,'2014-04-07 00:00:00','850000',NULL,'0','YES',NULL,NULL,NULL,'',100680),
 (491,79,'2014-01-20','850000',1,'2014-04-07 00:00:00','850000',NULL,'0','YES',NULL,NULL,NULL,'',100681),
 (492,79,'2014-02-19','850000',1,'2014-05-25 00:00:00','850000',NULL,'0','YES',NULL,NULL,NULL,'',100682),
 (493,79,'2014-03-21','850000',1,'2014-05-25 00:00:00','850000',NULL,'0','YES',NULL,NULL,NULL,'',100683),
 (494,79,'2014-04-19','850000',1,'2014-06-25 00:00:00','850000',NULL,'0','YES',NULL,NULL,NULL,'',100684),
 (495,79,'2014-05-20','850000',1,'2014-08-07 00:00:00','850000',NULL,'0','YES',NULL,NULL,NULL,'',100685),
 (496,79,'2014-06-20','850000',1,'2014-09-07 00:00:00','850000',NULL,'0','YES',NULL,NULL,NULL,'',100686),
 (497,79,'2014-07-21','850000',1,'2014-10-11 00:00:00','850000',NULL,'0','YES',NULL,NULL,NULL,'',100687),
 (498,79,'2014-08-21','850000',1,'2014-11-22 00:00:00','2150000',NULL,'0','YES',NULL,NULL,NULL,'',100688),
 (499,79,'2014-09-21','850000',0,NULL,'0',NULL,'0','NO',NULL,NULL,NULL,'',100689),
 (500,79,'2014-10-22','450000',0,NULL,'0',NULL,'0','NO',NULL,NULL,NULL,'',100690),
 (501,80,'2012-12-21','330000000',1,'2014-11-18 00:00:00','330000000',NULL,'0','YES',NULL,NULL,NULL,'',100472),
 (502,80,'2013-02-19','330000000',0,NULL,'0',NULL,'0','NO',NULL,NULL,NULL,'',100473),
 (503,80,'2013-04-21','340000000',0,NULL,'0',NULL,'0','NO',NULL,NULL,NULL,'',100474),
 (504,81,'2012-12-07','400000',1,'2012-12-07 00:00:00','400000',NULL,'0','YES',NULL,NULL,NULL,'',100643),
 (505,81,'2013-01-06','400000',1,'2013-01-07 00:00:00','400000',NULL,'0','YES',NULL,NULL,NULL,'',100644),
 (506,81,'2013-02-05','400000',1,'2013-02-27 00:00:00','400000',NULL,'0','YES',NULL,NULL,NULL,'',100645),
 (507,81,'2013-03-07','400000',1,'2013-05-29 00:00:00','400000',NULL,'0','YES',NULL,NULL,NULL,'در تاریخ 91/12/17',100646),
 (508,81,'2013-04-06','400000',1,'2013-05-29 00:00:00','400000',NULL,'0','YES',NULL,NULL,NULL,'92/1/8',100647),
 (509,81,'2013-05-07','400000',1,'2013-05-29 00:00:00','400000',NULL,'0','YES',NULL,NULL,NULL,'92/2/8',100648),
 (510,81,'2013-06-07','400000',1,'2013-05-30 00:00:00','400000',NULL,'0','YES',NULL,NULL,NULL,'',100649),
 (511,81,'2013-07-08','400000',1,'2013-06-29 00:00:00','400000',NULL,'0','YES',NULL,NULL,NULL,'',100650),
 (512,81,'2013-08-08','400000',1,'2013-07-31 00:00:00','400000',NULL,'0','YES',NULL,NULL,NULL,'واریزی به بانک تجارت ',100651),
 (513,81,'2013-09-08','400000',1,'2013-08-28 00:00:00','400000',NULL,'0','YES',NULL,NULL,NULL,'',100652),
 (514,81,'2013-10-09','400000',1,'2013-09-22 00:00:00','400000',NULL,'0','YES',NULL,NULL,NULL,'',100653),
 (515,81,'2013-11-08','400000',1,'2013-11-04 00:00:00','400000',NULL,'0','YES',NULL,NULL,NULL,'',100654),
 (516,81,'2013-12-08','400000',1,'2013-12-01 00:00:00','400000',NULL,'0','YES',NULL,NULL,NULL,'',100655),
 (517,81,'2014-01-07','400000',1,'2014-01-09 00:00:00','400000',NULL,'0','YES',NULL,NULL,NULL,'',100656),
 (518,81,'2014-02-06','400000',1,'2014-01-25 00:00:00','400000',NULL,'0','YES',NULL,NULL,NULL,'',100657),
 (519,81,'2014-03-08','400000',1,'2014-02-27 00:00:00','400000',NULL,'0','YES',NULL,NULL,NULL,'',100658),
 (520,81,'2014-04-06','400000',1,'2014-03-26 00:00:00','400000',NULL,'0','YES',NULL,NULL,NULL,'',100659),
 (521,81,'2014-05-07','400000',1,'2014-05-21 00:00:00','400000',NULL,'0','YES',NULL,NULL,NULL,'',100660),
 (522,81,'2014-06-07','400000',1,'2014-05-21 00:00:00','400000',NULL,'0','YES',NULL,NULL,NULL,'',100661),
 (523,81,'2014-07-08','400000',1,'2014-06-03 00:00:00','400000',NULL,'0','YES',NULL,NULL,NULL,'',100662),
 (524,81,'2014-08-08','400000',1,'2014-06-22 00:00:00','400000',NULL,'0','YES',NULL,NULL,NULL,'',100663),
 (525,81,'2014-09-08','400000',1,'2014-07-23 00:00:00','400000',NULL,'0','YES',NULL,NULL,NULL,'',100664),
 (526,81,'2014-10-09','400000',1,'2014-08-25 00:00:00','400000',NULL,'0','YES',NULL,NULL,NULL,'',100665),
 (527,81,'2014-11-08','800000',1,'2014-09-29 00:00:00','800000',NULL,'0','YES',NULL,NULL,NULL,'',100666),
 (528,82,'2012-12-07','800000',0,NULL,'0',NULL,'0','NO',NULL,NULL,NULL,'',100502),
 (529,82,'2013-01-06','800000',0,NULL,'0',NULL,'0','NO',NULL,NULL,NULL,'',100503),
 (530,82,'2013-02-05','800000',0,NULL,'0',NULL,'0','NO',NULL,NULL,NULL,'',100504),
 (531,82,'2013-03-07','800000',0,NULL,'0',NULL,'0','NO',NULL,NULL,NULL,'',100505),
 (532,82,'2013-04-06','800000',0,NULL,'0',NULL,'0','NO',NULL,NULL,NULL,'',100506),
 (533,82,'2013-05-07','800000',0,NULL,'0',NULL,'0','NO',NULL,NULL,NULL,'',100507),
 (534,82,'2013-06-07','800000',0,NULL,'0',NULL,'0','NO',NULL,NULL,NULL,'',100508),
 (535,82,'2013-07-08','800000',0,NULL,'0',NULL,'0','NO',NULL,NULL,NULL,'',100509),
 (536,82,'2013-08-08','800000',0,NULL,'0',NULL,'0','NO',NULL,NULL,NULL,'',100510),
 (537,82,'2013-09-08','800000',0,NULL,'0',NULL,'0','NO',NULL,NULL,NULL,'',100511),
 (538,82,'2013-10-09','800000',0,NULL,'0',NULL,'0','NO',NULL,NULL,NULL,'',100512),
 (539,82,'2013-11-08','1200000',0,NULL,'0',NULL,'0','NO',NULL,NULL,NULL,'',100513),
 (540,83,'2012-12-17','400000',0,NULL,'0',NULL,'','NO',NULL,NULL,NULL,'',100532),
 (541,83,'2013-01-16','400000',0,NULL,'0',NULL,'0','NO',NULL,NULL,NULL,'',100533),
 (542,83,'2013-02-15','400000',0,NULL,'0',NULL,'0','NO',NULL,NULL,NULL,'',100534),
 (543,83,'2013-03-17','400000',0,NULL,'0',NULL,'0','NO',NULL,NULL,NULL,'',100535),
 (544,83,'2013-04-16','400000',0,NULL,'0',NULL,'0','NO',NULL,NULL,NULL,'',100536),
 (545,83,'2013-05-17','400000',0,NULL,'0',NULL,'0','NO',NULL,NULL,NULL,'',100537),
 (546,83,'2013-06-17','400000',0,NULL,'0',NULL,'0','NO',NULL,NULL,NULL,'',100538),
 (547,83,'2013-07-18','400000',0,NULL,'0',NULL,'0','NO',NULL,NULL,NULL,'',100539),
 (548,83,'2013-08-18','400000',0,NULL,'0',NULL,'0','NO',NULL,NULL,NULL,'',100540),
 (549,83,'2013-09-18','400000',0,NULL,'0',NULL,'0','NO',NULL,NULL,NULL,'',100541),
 (550,83,'2013-10-19','400000',0,NULL,'0',NULL,'0','NO',NULL,NULL,NULL,'',100542),
 (551,83,'2013-11-18','400000',0,NULL,'0',NULL,'0','NO',NULL,NULL,NULL,'',100543),
 (552,83,'2013-12-18','400000',0,NULL,'0',NULL,'0','NO',NULL,NULL,NULL,'',100544),
 (553,83,'2014-01-17','400000',0,NULL,'0',NULL,'0','NO',NULL,NULL,NULL,'',100545),
 (554,83,'2014-02-16','400000',0,NULL,'0',NULL,'0','NO',NULL,NULL,NULL,'',100546),
 (555,83,'2014-03-18','400000',0,NULL,'0',NULL,'0','NO',NULL,NULL,NULL,'',100547),
 (556,83,'2014-04-16','400000',0,NULL,'0',NULL,'0','NO',NULL,NULL,NULL,'',100548),
 (557,83,'2014-05-17','400000',0,NULL,'0',NULL,'0','NO',NULL,NULL,NULL,'',100549),
 (558,83,'2014-06-17','400000',0,NULL,'0',NULL,'0','NO',NULL,NULL,NULL,'',100550),
 (559,83,'2014-07-18','400000',0,NULL,'0',NULL,'0','NO',NULL,NULL,NULL,'',100551),
 (560,83,'2014-08-18','400000',0,NULL,'0',NULL,'0','NO',NULL,NULL,NULL,'',100552),
 (561,83,'2014-09-18','400000',0,NULL,'0',NULL,'0','NO',NULL,NULL,NULL,'',100553),
 (562,83,'2014-10-19','400000',0,NULL,'0',NULL,'0','NO',NULL,NULL,NULL,'',100554),
 (563,83,'2014-11-18','800000',0,NULL,'0',NULL,'0','NO',NULL,NULL,NULL,'',100555),
 (564,84,'2013-02-17','30000000',2,'2013-02-19 00:00:00','30000000',NULL,'0','YES',NULL,NULL,NULL,'',100556),
 (565,85,'2012-12-19','840000',2,'2013-05-12 00:00:00','840000',NULL,'0','YES',NULL,NULL,NULL,'',100557),
 (566,85,'2013-01-18','840000',2,'2013-06-03 00:00:00','840000',NULL,'0','YES',NULL,NULL,NULL,'',100558),
 (567,85,'2013-02-17','840000',2,'2013-07-11 00:00:00','840000',NULL,'0','YES',NULL,NULL,NULL,'',100559),
 (568,85,'2013-03-19','840000',2,'2013-08-12 00:00:00','840000',NULL,'0','YES',NULL,NULL,NULL,'',100560),
 (569,85,'2013-04-18','840000',2,'2013-09-15 00:00:00','840000',NULL,'0','YES',NULL,NULL,NULL,'',100561),
 (570,85,'2013-05-19','840000',2,'2013-10-10 00:00:00','840000',NULL,'0','YES',NULL,NULL,NULL,'',100562),
 (571,85,'2013-06-19','840000',2,'2013-11-17 00:00:00','840000',NULL,'0','YES',NULL,NULL,NULL,'',100563),
 (572,85,'2013-07-20','840000',2,'2013-12-16 00:00:00','840000',NULL,'0','YES',NULL,NULL,NULL,'',100564),
 (573,85,'2013-08-20','840000',2,'2014-02-09 00:00:00','840000',NULL,'0','YES',NULL,NULL,NULL,'',100565),
 (574,85,'2013-09-20','840000',2,'2014-02-09 00:00:00','840000',NULL,'0','YES',NULL,NULL,NULL,'',100566),
 (575,85,'2013-10-21','840000',2,'2014-03-11 00:00:00','840000',NULL,'0','YES',NULL,NULL,NULL,'',100567),
 (576,85,'2013-11-20','840000',2,'2014-04-10 00:00:00','840000',NULL,'0','YES',NULL,NULL,NULL,'',100568),
 (577,85,'2013-12-20','840000',2,'2014-04-10 00:00:00','840000',NULL,'0','YES',NULL,NULL,NULL,'',100569),
 (578,85,'2014-01-19','840000',2,'2014-05-01 00:00:00','840000',NULL,'0','YES',NULL,NULL,NULL,'',100570),
 (579,85,'2014-02-18','840000',2,'2014-05-01 00:00:00','840000',NULL,'0','YES',NULL,NULL,NULL,'',100571),
 (580,85,'2014-03-20','840000',2,'2014-06-12 00:00:00','840000',NULL,'0','YES',NULL,NULL,NULL,'',100572),
 (581,85,'2014-04-18','840000',2,'2014-06-12 00:00:00','840000',NULL,'0','YES',NULL,NULL,NULL,'',100573),
 (582,85,'2014-05-19','840000',2,'2014-07-12 00:00:00','840000',NULL,'0','YES',NULL,NULL,NULL,'',100574),
 (583,85,'2014-06-19','840000',2,'2014-07-12 00:00:00','840000',NULL,'0','YES',NULL,NULL,NULL,'',100575),
 (584,85,'2014-07-20','840000',2,'2014-08-10 00:00:00','840000',NULL,'0','YES',NULL,NULL,NULL,'',100576),
 (585,85,'2014-08-20','840000',2,'2014-08-10 00:00:00','840000',NULL,'0','YES',NULL,NULL,NULL,'',100577),
 (586,85,'2014-09-20','840000',2,'2014-09-02 00:00:00','840000',NULL,'0','YES',NULL,NULL,NULL,'',100578),
 (587,85,'2014-10-21','840000',2,'2014-09-02 00:00:00','840000',NULL,'0','YES',NULL,NULL,NULL,'',100579),
 (588,85,'2014-11-20','680000',2,'2014-10-21 00:00:00','934038',NULL,'0','YES',NULL,NULL,NULL,'',100580),
 (589,85,'2014-12-20','254038',0,NULL,'0',NULL,'0','NO',NULL,NULL,NULL,'قسط اضافه شده بابت کارمزد',101618),
 (590,86,'2013-02-17','30000000',1,'2013-07-27 00:00:00','30000000',NULL,'0','YES',NULL,NULL,NULL,'',100581),
 (591,87,'2014-10-29','200000000',2,'2015-04-27 00:00:00','200000000',NULL,'0','YES',NULL,NULL,NULL,'',100625),
 (592,87,'2014-11-28','56000000',0,NULL,'0',NULL,'0','NO',NULL,NULL,NULL,'',102217),
 (593,88,'2012-12-29','877000',2,'2013-03-18 00:00:00','877000',NULL,'0','YES',NULL,NULL,NULL,'',100601),
 (594,88,'2013-01-28','877000',2,'2013-03-18 00:00:00','877000',NULL,'0','YES',NULL,NULL,NULL,'',100602),
 (595,88,'2013-02-27','877000',2,'2013-03-18 00:00:00','877000',NULL,'0','YES',NULL,NULL,NULL,'',100603),
 (596,88,'2013-03-29','877000',1,'2013-08-07 00:00:00','410667',NULL,'0','YES',NULL,NULL,NULL,'',100604),
 (597,88,'2013-04-29','877000',1,'2013-08-07 00:00:00','15888889',NULL,'0','YES',NULL,NULL,NULL,'',100605),
 (598,88,'2013-05-30','877000',2,'2013-08-21 00:00:00','2110000',NULL,'0','YES',NULL,NULL,NULL,'',100606),
 (599,88,'2013-06-30','877000',1,'2013-08-22 00:00:00','1111',NULL,'0','YES',NULL,NULL,NULL,'',100607),
 (600,88,'2013-07-31','877000',0,NULL,'0',NULL,'0','NO',NULL,NULL,NULL,'',100608),
 (601,88,'2013-08-31','877000',0,NULL,'0',NULL,'0','NO',NULL,NULL,NULL,'',100609);
INSERT INTO `LON_installments` (`InstallmentID`,`PartID`,`InstallmentDate`,`InstallmentAmount`,`PaidType`,`PaidDate`,`PaidAmount`,`PaidRefNo`,`PaidBillNo`,`IsPaid`,`ChequeNo`,`ChequeBank`,`ChequeBranch`,`details`,`imp_SerialNo`) VALUES 
 (602,88,'2013-10-01','877000',0,NULL,'0',NULL,'0','NO',NULL,NULL,NULL,'',100610),
 (603,88,'2013-10-31','877000',0,NULL,'0',NULL,'0','NO',NULL,NULL,NULL,'',100611),
 (604,88,'2013-11-30','877000',0,NULL,'0',NULL,'0','NO',NULL,NULL,NULL,'',100612),
 (605,88,'2013-12-30','877000',0,NULL,'0',NULL,'0','NO',NULL,NULL,NULL,'',100613),
 (606,88,'2014-01-29','877000',0,NULL,'0',NULL,'0','NO',NULL,NULL,NULL,'',100614),
 (607,88,'2014-02-28','877000',0,NULL,'0',NULL,'0','NO',NULL,NULL,NULL,'',100615),
 (608,88,'2014-03-29','877000',0,NULL,'0',NULL,'0','NO',NULL,NULL,NULL,'',100616),
 (609,88,'2014-04-29','877000',0,NULL,'0',NULL,'0','NO',NULL,NULL,NULL,'',100617),
 (610,88,'2014-05-30','877000',0,NULL,'0',NULL,'0','NO',NULL,NULL,NULL,'',100618),
 (611,88,'2014-06-30','877000',0,NULL,'0',NULL,'0','NO',NULL,NULL,NULL,'',100619),
 (612,88,'2014-07-31','877000',0,NULL,'0',NULL,'0','NO',NULL,NULL,NULL,'',100620),
 (613,88,'2014-08-31','877000',0,NULL,'0',NULL,'0','NO',NULL,NULL,NULL,'',100621),
 (614,88,'2014-10-01','877000',0,NULL,'0',NULL,'0','NO',NULL,NULL,NULL,'',100622),
 (615,88,'2014-10-31','877000',0,NULL,'0',NULL,'0','NO',NULL,NULL,NULL,'',100623),
 (616,88,'2014-11-30','870667',0,NULL,'0',NULL,'0','NO',NULL,NULL,NULL,'',100624),
 (617,89,'2014-12-06','10000000',1,'2013-03-07 00:00:00','10000000',NULL,'0','YES',NULL,NULL,NULL,'',100626),
 (618,89,'2015-06-05','28000000',2,'2014-02-20 00:00:00','28000000',NULL,'0','YES',NULL,NULL,NULL,'',100771),
 (619,89,'2015-07-06','18000000',1,'2014-10-25 00:00:00','18000000',NULL,'0','YES',NULL,NULL,NULL,'',101329),
 (620,89,'2015-08-06','200000000',2,'2014-12-06 00:00:00','200000000',NULL,'0','YES',NULL,NULL,NULL,'',101637),
 (621,90,'2013-01-06','19400000',1,'2012-12-24 00:00:00','19400000',NULL,'0','YES',NULL,NULL,NULL,'',100691),
 (622,90,'2013-02-05','19400000',2,'2013-04-20 00:00:00','19400000',NULL,'0','YES',NULL,NULL,NULL,'',100692),
 (623,90,'2013-03-07','19400000',1,'2013-08-05 00:00:00','19400000',NULL,'0','YES',NULL,NULL,NULL,'',100693),
 (624,90,'2013-04-06','19400000',2,'2013-11-21 00:00:00','19400000',NULL,'0','YES',NULL,NULL,NULL,'',100694),
 (625,90,'2013-05-07','19400000',2,'2014-01-25 00:00:00','19400000',NULL,'0','YES',NULL,NULL,NULL,'',100695),
 (626,90,'2013-06-07','19400000',2,'2014-03-13 00:00:00','19400000',NULL,'0','YES',NULL,NULL,NULL,'',100696),
 (627,90,'2013-07-08','19400000',2,'2014-04-27 00:00:00','19400000',NULL,'0','YES',NULL,NULL,NULL,'',100697),
 (628,90,'2013-08-08','19400000',2,'2014-04-27 00:00:00','19400000',NULL,'0','YES',NULL,NULL,NULL,'',100698),
 (629,90,'2013-09-08','19400000',1,'2014-06-03 00:00:00','58200000',NULL,'0','YES',NULL,NULL,NULL,'',100699),
 (630,90,'2013-10-09','19400000',8,'2014-07-01 00:00:00','96173973',NULL,'0','YES',NULL,NULL,NULL,'',100700),
 (631,90,'2013-11-08','19400000',0,NULL,'0',NULL,'0','NO',NULL,NULL,NULL,'',100701),
 (632,90,'2013-12-08','19400000',0,NULL,'0',NULL,'0','NO',NULL,NULL,NULL,'',100702),
 (633,90,'2014-01-07','19400000',0,NULL,'0',NULL,'0','NO',NULL,NULL,NULL,'',100703),
 (634,90,'2014-02-06','19400000',0,NULL,'0',NULL,'0','NO',NULL,NULL,NULL,'',100704),
 (635,90,'2014-03-08','19400000',0,NULL,'0',NULL,'0','NO',NULL,NULL,NULL,'',100705),
 (636,90,'2014-04-06','13825000',0,NULL,'0',NULL,'0','NO',NULL,NULL,NULL,'',100706),
 (637,90,'2014-05-07','4748973',0,NULL,'0',NULL,'0','NO',NULL,NULL,NULL,'قسط اضافه شده بابت کارمزد',101496),
 (638,91,'2013-03-26','30000000',1,'2013-09-30 00:00:00','30000000',NULL,'0','YES',NULL,NULL,NULL,'',100707),
 (639,92,'2013-04-16','30000000',1,'2013-10-19 00:00:00','30000000',NULL,'0','YES',NULL,NULL,NULL,'',100708),
 (640,93,'2013-04-21','2700000',2,'2014-02-05 00:00:00','2700000',NULL,'0','YES',NULL,NULL,NULL,'',100709),
 (641,93,'2013-05-22','2700000',2,'2014-03-09 00:00:00','2700000',NULL,'0','YES',NULL,NULL,NULL,'',101295),
 (642,93,'2013-06-22','2700000',2,'2014-03-26 00:00:00','2700000',NULL,'0','YES',NULL,NULL,NULL,'',101375),
 (643,93,'2013-07-23','2700000',2,'2014-05-05 00:00:00','2700000',NULL,'0','YES',NULL,NULL,NULL,'',101381),
 (644,93,'2013-08-23','2700000',2,'2014-06-02 00:00:00','2700000',NULL,'0','YES',NULL,NULL,NULL,'',101433),
 (645,93,'2013-09-23','2700000',2,'2014-07-01 00:00:00','2700000',NULL,'0','YES',NULL,NULL,NULL,'',101467),
 (646,93,'2013-10-23','2700000',2,'2014-08-12 00:00:00','2700000',NULL,'0','YES',NULL,NULL,NULL,'',101498),
 (647,93,'2013-11-22','2700000',2,'2014-09-04 00:00:00','2700000',NULL,'0','YES',NULL,NULL,NULL,'',101553),
 (648,93,'2013-12-22','2700000',2,'2014-10-09 00:00:00','2700000',NULL,'0','YES',NULL,NULL,NULL,'',101570),
 (649,93,'2014-01-21','2700000',2,'2014-11-08 00:00:00','2700000',NULL,'0','YES',NULL,NULL,NULL,'',101591),
 (650,93,'2014-02-20','1200000',2,'2014-12-09 00:00:00','1200000',NULL,'0','YES',NULL,NULL,NULL,'',101656),
 (651,93,'2014-03-21','1200000',2,'2015-01-03 00:00:00','1200000',NULL,'0','YES',NULL,NULL,NULL,'',101688),
 (652,93,'2014-04-21','2100000',2,'2015-02-08 00:00:00','2100000',NULL,'0','YES',NULL,NULL,NULL,'',101791),
 (653,93,'2014-05-22','1500000',2,'2015-03-05 00:00:00','1500000',NULL,'0','YES',NULL,NULL,NULL,'',101888),
 (654,93,'2014-06-22','1500000',2,'2015-04-07 00:00:00','1500000',NULL,'0','YES',NULL,NULL,NULL,'',102212),
 (655,93,'2014-07-23','1500000',2,'2015-05-04 00:00:00','1500000',NULL,'0','YES',NULL,NULL,NULL,'',102213),
 (656,93,'2014-08-23','1331507',8,'2015-06-23 00:00:00','1331507',NULL,'0','YES',NULL,NULL,NULL,'',102236),
 (657,94,'2013-08-05','200000000',0,NULL,'0',NULL,'0','NO',NULL,NULL,NULL,'',100738),
 (658,95,'2013-05-13','3800000',2,'2015-09-13 00:00:00','3800000',NULL,'0','YES',NULL,NULL,NULL,'',100739),
 (659,95,'2013-06-13','3800000',2,'2015-10-01 00:00:00','3800000',NULL,'0','YES',NULL,NULL,NULL,'',102491),
 (660,95,'2013-07-14','22400000',0,NULL,'0',NULL,'0','NO',NULL,NULL,NULL,'',102542),
 (661,96,'2013-05-13','30000000',1,'2013-06-18 00:00:00','30000000',NULL,'0','YES',NULL,NULL,NULL,'',100740),
 (662,97,'2013-09-21','60000000',1,'2014-03-09 00:00:00','60000000',NULL,'0','YES',NULL,NULL,NULL,'',100743),
 (663,97,'2013-10-22','20000000',1,'2014-05-17 00:00:00','20000000',NULL,'0','YES',NULL,NULL,NULL,'',101372),
 (664,97,'2013-11-21','30000000',1,'2014-06-29 00:00:00','30000000',NULL,'0','YES',NULL,NULL,NULL,'',101440),
 (665,97,'2013-12-21','40000000',1,'2015-09-03 00:00:00','8000000',NULL,'0','YES',NULL,NULL,NULL,'',101495),
 (666,98,'2013-09-20','185138886',2,'2014-02-25 00:00:00','185138886',NULL,'0','YES',NULL,NULL,NULL,'',101128),
 (667,98,'2013-10-21','150000000',2,'2015-02-02 00:00:00','150000000',NULL,'0','YES',NULL,NULL,NULL,'',101334),
 (668,98,'2013-11-20','100000000',2,'2015-08-10 00:00:00','100000000',NULL,'0','YES',NULL,NULL,NULL,'',101883),
 (669,98,'2013-12-20','70697226',9,'2015-08-29 00:00:00','70697226',NULL,'0','YES','983249',NULL,NULL,'وصول چک',102428),
 (670,98,'2015-09-13','65000000',9,'2015-09-13 00:00:00','65000000',NULL,'0','YES','983250',NULL,NULL,'بابت تسویه وام',10000),
 (671,99,'2013-05-20','20000000',2,'2013-06-17 00:00:00','20000000',NULL,'0','YES',NULL,NULL,NULL,'',100745),
 (672,99,'2013-06-20','200000',1,'2013-08-22 00:00:00','800000',NULL,'0','YES',NULL,NULL,NULL,'',100874),
 (673,99,'2013-07-21','800000',1,'2013-08-24 00:00:00','200000',NULL,'0','YES',NULL,NULL,NULL,'',101131),
 (674,100,'2013-03-30','2000000',1,'2013-03-16 00:00:00','2000000',NULL,'0','YES',NULL,NULL,NULL,'',100746),
 (675,100,'2013-04-30','2000000',1,'2013-05-09 00:00:00','2000000',NULL,'0','YES',NULL,NULL,NULL,'',100784),
 (676,100,'2013-05-31','2000000',1,'2013-06-17 00:00:00','2000000',NULL,'0','YES',NULL,NULL,NULL,'',100828),
 (677,100,'2013-07-01','2000000',1,'2013-07-11 00:00:00','2000000',NULL,'0','YES',NULL,NULL,NULL,'',100925),
 (678,100,'2013-08-01','2000000',1,'2013-08-11 00:00:00','2000000',NULL,'0','YES',NULL,NULL,NULL,'',100926),
 (679,100,'2013-09-01','2000000',2,'2013-09-10 00:00:00','2000000',NULL,'0','YES',NULL,NULL,NULL,'',101082),
 (680,100,'2013-10-02','2000000',2,'2013-10-12 00:00:00','2000000',NULL,'0','YES',NULL,NULL,NULL,'',101140),
 (681,100,'2013-11-01','2000000',2,'2013-11-11 00:00:00','2000000',NULL,'0','YES',NULL,NULL,NULL,'',101158),
 (682,100,'2013-12-01','2000000',2,'2013-12-10 00:00:00','2000000',NULL,'0','YES',NULL,NULL,NULL,'',101174),
 (683,100,'2013-12-02','2000000',2,'2014-01-11 00:00:00','2000000',NULL,'0','YES',NULL,NULL,NULL,'',101218),
 (684,100,'2014-01-01','2000000',2,'2014-02-10 00:00:00','2000000',NULL,'0','YES',NULL,NULL,NULL,'',101244),
 (685,100,'2014-01-31','2000000',2,'2014-03-11 00:00:00','2000000',NULL,'0','YES',NULL,NULL,NULL,'',101324),
 (686,100,'2014-03-02','2000000',2,'2014-04-09 00:00:00','2000000',NULL,'0','YES',NULL,NULL,NULL,'',101376),
 (687,100,'2014-03-31','2000000',2,'2014-05-11 00:00:00','2000000',NULL,'0','YES',NULL,NULL,NULL,'',101403),
 (688,100,'2014-05-01','2000000',2,'2014-06-09 00:00:00','2000000',NULL,'0','YES',NULL,NULL,NULL,'',101438),
 (689,100,'2014-06-01','2000000',2,'2014-07-13 00:00:00','2000000',NULL,'0','YES',NULL,NULL,NULL,'',101490),
 (690,100,'2014-07-02','2000000',2,'2014-08-14 00:00:00','2000000',NULL,'0','YES',NULL,NULL,NULL,'',101537),
 (691,100,'2014-08-02','2000000',2,'2014-09-15 00:00:00','2000000',NULL,'0','YES',NULL,NULL,NULL,'',101575),
 (692,100,'2014-09-02','2000000',2,'2014-10-15 00:00:00','2000000',NULL,'0','YES',NULL,NULL,NULL,'',101576),
 (693,100,'2014-10-03','2000000',2,'2014-11-15 00:00:00','2000000',NULL,'0','YES',NULL,NULL,NULL,'',101604),
 (694,100,'2014-11-02','2000000',2,'2014-12-15 00:00:00','2000000',NULL,'0','YES',NULL,NULL,NULL,'',101661),
 (695,100,'2014-12-02','2000000',2,'2015-01-13 00:00:00','2000000',NULL,'0','YES',NULL,NULL,NULL,'',101708),
 (696,100,'2015-01-01','2000000',2,'2015-02-12 00:00:00','2000000',NULL,'0','YES',NULL,NULL,NULL,'',101814),
 (697,100,'2015-01-31','2000000',2,'2015-03-14 00:00:00','2000000',NULL,'0','YES',NULL,NULL,NULL,'',101889),
 (698,100,'2015-03-02','2000000',1,'2015-04-14 00:00:00','2000000',NULL,'0','YES',NULL,NULL,NULL,'',102177),
 (699,101,'2013-05-31','30000000',2,'2013-12-25 00:00:00','30000000',NULL,'0','YES',NULL,NULL,NULL,'',100769),
 (700,102,'2013-05-31','30000000',2,'2013-12-25 00:00:00','30000000',NULL,'0','YES',NULL,NULL,NULL,'',100770),
 (701,103,'2013-04-13','1667000',1,'2013-04-11 00:00:00','1667000',NULL,'0','YES',NULL,NULL,NULL,'',100772),
 (702,103,'2013-05-14','1667000',1,'2013-05-14 00:00:00','1667000',NULL,'0','YES',NULL,NULL,NULL,'',100773),
 (703,103,'2013-06-14','1667000',1,'2013-06-12 00:00:00','1667000',NULL,'0','YES',NULL,NULL,NULL,'',100774),
 (704,103,'2013-07-15','1667000',1,'2013-07-15 00:00:00','1667000',NULL,'0','YES',NULL,NULL,NULL,'',100775),
 (705,103,'2013-08-15','1667000',1,'2013-08-14 00:00:00','1667000',NULL,'0','YES',NULL,NULL,NULL,'',100776),
 (706,103,'2013-09-15','1667000',1,'2013-09-16 00:00:00','1700000',NULL,'0','YES',NULL,NULL,NULL,'',100777),
 (707,103,'2013-10-16','1667000',1,'2013-10-23 00:00:00','1700000',NULL,'0','YES',NULL,NULL,NULL,'',100778),
 (708,103,'2013-11-15','1667000',1,'2013-11-21 00:00:00','1700000',NULL,'0','YES',NULL,NULL,NULL,'',100779),
 (709,103,'2013-12-15','1667000',1,'2013-12-12 00:00:00','1700000',NULL,'0','YES',NULL,NULL,NULL,'',100780),
 (710,103,'2014-01-14','1667000',1,'2014-01-23 00:00:00','1700000',NULL,'0','YES',NULL,NULL,NULL,'',100781),
 (711,103,'2014-02-13','1667000',1,'2014-02-22 00:00:00','1700000',NULL,'0','YES',NULL,NULL,NULL,'',100782),
 (712,103,'2014-03-15','1663000',1,'2014-03-18 00:00:00','1465000',NULL,'0','YES',NULL,NULL,NULL,'',100783),
 (713,104,'2013-04-15','2500000',1,'2013-04-20 00:00:00','2500000',NULL,'0','YES',NULL,NULL,NULL,'',100859),
 (714,104,'2013-05-16','2500000',1,'2013-05-18 00:00:00','2500000',NULL,'0','YES',NULL,NULL,NULL,'',100860),
 (715,104,'2013-06-16','2500000',1,'2013-06-17 00:00:00','2500000',NULL,'0','YES',NULL,NULL,NULL,'',100861),
 (716,104,'2013-07-17','2500000',1,'2013-07-17 00:00:00','2500000',NULL,'0','YES',NULL,NULL,NULL,'',100862),
 (717,104,'2013-08-17','2500000',1,'2013-08-19 00:00:00','2500000',NULL,'0','YES',NULL,NULL,NULL,'',100863),
 (718,104,'2013-09-17','2500000',1,'2013-09-18 00:00:00','2500000',NULL,'0','YES',NULL,NULL,NULL,'',100864),
 (719,104,'2013-10-18','2500000',1,'2013-10-27 00:00:00','2500000',NULL,'0','YES',NULL,NULL,NULL,'',100865),
 (720,104,'2013-11-17','2500000',1,'2013-11-19 00:00:00','2500000',NULL,'0','YES',NULL,NULL,NULL,'',100866),
 (721,104,'2013-12-17','2500000',2,'2013-12-24 00:00:00','2500000',NULL,'0','YES',NULL,NULL,NULL,'',100867),
 (722,104,'2014-01-16','2500000',2,'2014-01-21 00:00:00','2500000',NULL,'0','YES',NULL,NULL,NULL,'',100868),
 (723,104,'2014-02-15','2500000',2,'2014-02-25 00:00:00','2500000',NULL,'0','YES',NULL,NULL,NULL,'',100869),
 (724,104,'2014-03-17','2500000',2,'2014-02-25 00:00:00','2500000',NULL,'0','YES',NULL,NULL,NULL,'',100870),
 (725,105,'2013-06-18','30000000',1,'2013-12-22 00:00:00','30000000',NULL,'0','YES',NULL,NULL,NULL,'',100787),
 (726,106,'2013-05-07','850000',2,'2013-04-30 00:00:00','850000',NULL,'0','YES',NULL,NULL,NULL,'',100794),
 (727,106,'2013-06-07','850000',2,'2013-05-21 00:00:00','850000',NULL,'0','YES',NULL,NULL,NULL,'',100795),
 (728,106,'2013-07-08','850000',0,NULL,'0',NULL,'0','NO',NULL,NULL,NULL,'',100796),
 (729,106,'2013-08-08','850000',0,NULL,'0',NULL,'0','NO',NULL,NULL,NULL,'',100797),
 (730,106,'2013-09-08','850000',0,NULL,'0',NULL,'0','NO',NULL,NULL,NULL,'',100798),
 (731,106,'2013-10-09','850000',0,NULL,'0',NULL,'0','NO',NULL,NULL,NULL,'',100799),
 (732,106,'2013-11-08','850000',0,NULL,'0',NULL,'0','NO',NULL,NULL,NULL,'',100800),
 (733,106,'2013-12-08','850000',0,NULL,'0',NULL,'0','NO',NULL,NULL,NULL,'',100801),
 (734,106,'2014-01-07','850000',0,NULL,'0',NULL,'0','NO',NULL,NULL,NULL,'',100802),
 (735,106,'2014-02-06','850000',0,NULL,'0',NULL,'0','NO',NULL,NULL,NULL,'',100803),
 (736,106,'2014-03-08','850000',0,NULL,'0',NULL,'0','NO',NULL,NULL,NULL,'',100804),
 (737,106,'2014-04-06','850000',0,NULL,'0',NULL,'0','NO',NULL,NULL,NULL,'',100805),
 (738,106,'2014-05-07','850000',0,NULL,'0',NULL,'0','NO',NULL,NULL,NULL,'',100806),
 (739,106,'2014-06-07','850000',0,NULL,'0',NULL,'0','NO',NULL,NULL,NULL,'',100807),
 (740,106,'2014-07-08','850000',0,NULL,'0',NULL,'0','NO',NULL,NULL,NULL,'',100808),
 (741,106,'2014-08-08','850000',0,NULL,'0',NULL,'0','NO',NULL,NULL,NULL,'',100809),
 (742,106,'2014-09-08','850000',0,NULL,'0',NULL,'0','NO',NULL,NULL,NULL,'',100810),
 (743,106,'2014-10-09','850000',0,NULL,'0',NULL,'0','NO',NULL,NULL,NULL,'',100811),
 (744,106,'2014-11-08','850000',0,NULL,'0',NULL,'0','NO',NULL,NULL,NULL,'',100812),
 (745,106,'2014-12-08','850000',0,NULL,'0',NULL,'0','NO',NULL,NULL,NULL,'',100813),
 (746,106,'2015-01-07','850000',0,NULL,'0',NULL,'0','NO',NULL,NULL,NULL,'',100814),
 (747,106,'2015-02-06','850000',0,NULL,'0',NULL,'0','NO',NULL,NULL,NULL,'',100815),
 (748,106,'2015-03-08','850000',0,NULL,'0',NULL,'0','NO',NULL,NULL,NULL,'',100816),
 (749,106,'2015-04-06','450000',0,NULL,'0',NULL,'0','NO',NULL,NULL,NULL,'',100817),
 (750,107,'2013-07-24','30000000',1,'2014-01-16 00:00:00','30000000',NULL,'0','YES',NULL,NULL,NULL,'چک167892توسط صندوق نقدا\"دریافت شد ',100818),
 (751,107,'2013-09-24','300000000',1,'2014-01-16 00:00:00','300000000',NULL,'0','YES',NULL,NULL,NULL,'',101260),
 (752,107,'2013-10-24','200000000',2,'2014-02-09 00:00:00','200000000',NULL,'0','YES',NULL,NULL,NULL,'',101322),
 (753,107,'2013-11-23','61766000',1,'2015-01-13 00:00:00','61766000',NULL,'848153','YES',NULL,NULL,NULL,'وصول چک 848153',101660),
 (754,107,'2013-12-23','474345111',9,'2015-02-19 00:00:00','17500000',NULL,'0','YES','34686470',NULL,NULL,'وصول چک',101890),
 (755,108,'2013-12-01','700000000',2,'2014-02-19 00:00:00','202938192',NULL,'0','YES',NULL,NULL,NULL,'',100823),
 (756,108,'2013-12-31','0',1,'2014-02-19 00:00:00','497061808',NULL,'0','YES',NULL,NULL,NULL,'',101328),
 (757,109,'2013-07-03','1170000',1,'2013-06-22 00:00:00','1170000',NULL,'0','YES',NULL,NULL,NULL,'',100832),
 (758,109,'2013-08-03','1170000',1,'2013-07-24 00:00:00','1170000',NULL,'0','YES',NULL,NULL,NULL,'',100833),
 (759,109,'2013-09-03','1170000',1,'2013-08-26 00:00:00','1170000',NULL,'0','YES',NULL,NULL,NULL,'',100834),
 (760,109,'2013-10-04','1170000',1,'2013-10-14 00:00:00','1170000',NULL,'0','YES',NULL,NULL,NULL,'',100835),
 (761,109,'2013-11-03','1170000',1,'2013-10-23 00:00:00','1170000',NULL,'0','YES',NULL,NULL,NULL,'',100836),
 (762,109,'2013-12-03','1170000',1,'2013-11-24 00:00:00','1170000',NULL,'0','YES',NULL,NULL,NULL,'',100837),
 (763,109,'2014-01-02','1000000',2,'2013-12-29 00:00:00','1000000',NULL,'0','YES',NULL,NULL,NULL,'',100838),
 (764,109,'2014-02-01','1170000',1,'2013-12-29 00:00:00','170000',NULL,'0','YES',NULL,NULL,NULL,'',100839),
 (765,109,'2014-03-03','1170000',1,'2014-01-30 00:00:00','1170000',NULL,'0','YES',NULL,NULL,NULL,'',100840),
 (766,109,'2014-04-01','1170000',2,'2014-03-01 00:00:00','1170000',NULL,'0','YES',NULL,NULL,NULL,'',100841),
 (767,109,'2014-05-02','1170000',1,'2014-04-05 00:00:00','670000',NULL,'0','YES',NULL,NULL,NULL,'',100842),
 (768,109,'2014-06-02','1170000',2,'2014-04-05 00:00:00','500000',NULL,'0','YES',NULL,NULL,NULL,'',100843),
 (769,109,'2014-07-03','1170000',2,'2014-05-07 00:00:00','1170000',NULL,'0','YES',NULL,NULL,NULL,'',100844),
 (770,109,'2014-08-03','1170000',2,'2014-06-12 00:00:00','1170000',NULL,'0','YES',NULL,NULL,NULL,'',100845),
 (771,109,'2014-09-03','1170000',1,'2014-07-12 00:00:00','1170000',NULL,'0','YES',NULL,NULL,NULL,'',100846),
 (772,109,'2014-10-04','1170000',1,'2014-07-12 00:00:00','1170000',NULL,'0','YES',NULL,NULL,NULL,'',100847),
 (773,109,'2014-11-03','1170000',2,'2014-08-23 00:00:00','1170000',NULL,'0','YES',NULL,NULL,NULL,'',100848),
 (774,109,'2014-12-03','1170000',2,'2014-10-22 00:00:00','2340000',NULL,'0','YES',NULL,NULL,NULL,'',100849),
 (775,109,'2015-01-02','1170000',2,'2014-12-15 00:00:00','2340000',NULL,'0','YES',NULL,NULL,NULL,'',100850),
 (776,109,'2015-02-01','1170000',2,'2015-01-20 00:00:00','2340000',NULL,'0','YES',NULL,NULL,NULL,'',100851),
 (777,109,'2015-03-03','1170000',2,'2015-03-17 00:00:00','1170000',NULL,'0','YES',NULL,NULL,NULL,'',100852),
 (778,109,'2015-04-01','1170000',2,'2015-04-21 00:00:00','2260000',NULL,'0','YES',NULL,NULL,NULL,'',100853),
 (779,109,'2015-05-02','1170000',0,NULL,'0',NULL,'0','NO',NULL,NULL,NULL,'',100854),
 (780,109,'2015-06-02','1090000',0,NULL,'0',NULL,'0','NO',NULL,NULL,NULL,'',100855),
 (781,109,'2015-07-03','170000',0,NULL,'0',NULL,'0','NO',NULL,NULL,NULL,'',101659),
 (782,110,'2013-09-11','30000000',0,NULL,'0',NULL,'0','NO',NULL,NULL,NULL,'',100858),
 (783,111,'2013-06-27','1000000',1,'2013-07-11 00:00:00','1000000',NULL,'0','YES',NULL,NULL,NULL,'',100871),
 (784,111,'2013-07-28','1000000',1,'2013-08-07 00:00:00','1000000',NULL,'0','YES',NULL,NULL,NULL,'',100923),
 (785,111,'2013-08-28','1000000',1,'2013-09-10 00:00:00','1000000',NULL,'0','YES',NULL,NULL,NULL,'',101080),
 (786,111,'2013-09-28','1000000',1,'2013-10-01 00:00:00','1000000',NULL,'0','YES',NULL,NULL,NULL,'',101141),
 (787,111,'2013-10-28','1000000',1,'2013-10-30 00:00:00','1000000',NULL,'0','YES',NULL,NULL,NULL,'',101145),
 (788,111,'2013-11-27','1000000',1,'2013-12-01 00:00:00','1000000',NULL,'0','YES',NULL,NULL,NULL,'',101167),
 (789,111,'2013-12-27','1000000',1,'2013-12-28 00:00:00','1000000',NULL,'0','YES',NULL,NULL,NULL,'',101211),
 (790,111,'2014-01-26','1000000',1,'2014-02-20 00:00:00','1000000',NULL,'0','YES',NULL,NULL,NULL,'',101224),
 (791,111,'2014-02-25','1000000',1,'2014-03-19 00:00:00','1000000',NULL,'0','YES',NULL,NULL,NULL,'',101330),
 (792,111,'2014-03-26','1000000',1,'2014-05-29 00:00:00','1000000',NULL,'0','YES',NULL,NULL,NULL,'',101380),
 (793,111,'2014-04-26','1000000',1,'2014-05-29 00:00:00','1000000',NULL,'0','YES',NULL,NULL,NULL,'',101459),
 (794,111,'2014-05-27','9000000',1,'2014-06-08 00:00:00','9000000',NULL,'0','YES',NULL,NULL,NULL,'',101460),
 (795,112,'2013-07-19','1250000',1,'2013-07-25 00:00:00','1250000',NULL,'0','YES',NULL,NULL,NULL,'',100875),
 (796,112,'2013-08-19','1250000',1,'2013-08-24 00:00:00','1250000',NULL,'0','YES',NULL,NULL,NULL,'',100876),
 (797,112,'2013-09-19','1250000',1,'2013-09-23 00:00:00','1250000',NULL,'0','YES',NULL,NULL,NULL,'',100877),
 (798,112,'2013-10-20','1250000',1,'2013-10-23 00:00:00','1250000',NULL,'0','YES',NULL,NULL,NULL,'',100878),
 (799,112,'2013-11-19','1250000',1,'2013-11-18 00:00:00','1250000',NULL,'0','YES',NULL,NULL,NULL,'',101175),
 (800,112,'2013-12-19','1250000',1,'2013-11-18 00:00:00','1250000',NULL,'0','YES',NULL,NULL,NULL,'',101176),
 (801,112,'2014-01-18','1250000',1,'2013-11-18 00:00:00','1250000',NULL,'0','YES',NULL,NULL,NULL,'',101177),
 (802,112,'2014-02-17','1250000',1,'2013-11-18 00:00:00','1250000',NULL,'0','YES',NULL,NULL,NULL,'',101178),
 (803,112,'2014-03-19','1250000',1,'2013-11-21 00:00:00','1250000',NULL,'0','YES',NULL,NULL,NULL,'',101179),
 (804,112,'2014-04-17','1250000',1,'2013-12-21 00:00:00','1250000',NULL,'0','YES',NULL,NULL,NULL,'',101180),
 (805,112,'2014-05-18','1250000',1,'2014-01-20 00:00:00','1250000',NULL,'0','YES',NULL,NULL,NULL,'',101181),
 (806,112,'2014-06-18','1250000',1,'2014-02-20 00:00:00','1250000',NULL,'0','YES',NULL,NULL,NULL,'',101182),
 (807,112,'2014-07-19','1250000',1,'2014-03-15 00:00:00','1250000',NULL,'0','YES',NULL,NULL,NULL,'',101183),
 (808,112,'2014-08-19','1250000',1,'2014-04-20 00:00:00','1250000',NULL,'0','YES',NULL,NULL,NULL,'',101184),
 (809,112,'2014-09-19','1250000',1,'2014-05-21 00:00:00','1250000',NULL,'0','YES',NULL,NULL,NULL,'',101185),
 (810,112,'2014-10-20','1250000',1,'2014-06-21 00:00:00','1250000',NULL,'0','YES',NULL,NULL,NULL,'',101186),
 (811,112,'2014-11-19','1250000',1,'2014-07-22 00:00:00','1250000',NULL,'0','YES',NULL,NULL,NULL,'',101187),
 (812,112,'2014-12-19','1250000',1,'2014-08-21 00:00:00','1250000',NULL,'0','YES',NULL,NULL,NULL,'',101188),
 (813,112,'2015-01-18','1250000',1,'2014-09-22 00:00:00','1250000',NULL,'0','YES',NULL,NULL,NULL,'',101189),
 (814,112,'2015-02-17','1250000',1,'2014-10-22 00:00:00','1250000',NULL,'0','YES',NULL,NULL,NULL,'',101190),
 (815,112,'2015-03-19','1250000',1,'2014-11-20 00:00:00','1250000',NULL,'0','YES',NULL,NULL,NULL,'',101191),
 (816,112,'2015-04-17','1250000',1,'2014-12-20 00:00:00','1250000',NULL,'0','YES',NULL,NULL,NULL,'',101192),
 (817,112,'2015-05-18','1250000',1,'2015-01-20 00:00:00','1250000',NULL,'0','YES',NULL,NULL,NULL,'',101193),
 (818,112,'2015-06-18','1250000',1,'2015-02-19 00:00:00','1250000',NULL,'0','YES',NULL,NULL,NULL,'',101194),
 (819,113,'2013-09-23','30000000',1,'2014-08-06 00:00:00','30000000',NULL,'0','YES',NULL,NULL,NULL,'',100901),
 (820,114,'2013-08-21','1000000',1,'2013-08-24 00:00:00','1000000',NULL,'0','YES',NULL,NULL,NULL,'',100934),
 (821,114,'2013-09-21','1000000',1,'2013-09-21 00:00:00','1000000',NULL,'0','YES',NULL,NULL,NULL,'',100935),
 (822,114,'2013-10-22','1000000',1,'2013-10-26 00:00:00','1000000',NULL,'0','YES',NULL,NULL,NULL,'',100936),
 (823,114,'2013-11-21','1000000',1,'2013-11-25 00:00:00','1000000',NULL,'0','YES',NULL,NULL,NULL,'',100937),
 (824,114,'2013-12-21','1000000',1,'2013-12-22 00:00:00','1000000',NULL,'0','YES',NULL,NULL,NULL,'',100938),
 (825,114,'2014-01-20','1000000',1,'2014-01-23 00:00:00','1000000',NULL,'0','YES',NULL,NULL,NULL,'',100939),
 (826,114,'2014-02-19','1000000',1,'2014-02-22 00:00:00','1000000',NULL,'0','YES',NULL,NULL,NULL,'',100940),
 (827,114,'2014-03-21','1000000',1,'2014-03-16 00:00:00','1000000',NULL,'0','YES',NULL,NULL,NULL,'',100941),
 (828,114,'2014-04-19','1000000',1,'2014-04-23 00:00:00','1000000',NULL,'0','YES',NULL,NULL,NULL,'',100942),
 (829,114,'2014-05-20','1000000',1,'2014-05-21 00:00:00','1000000',NULL,'0','YES',NULL,NULL,NULL,'',100943),
 (830,114,'2014-06-20','1000000',1,'2014-06-18 00:00:00','1000000',NULL,'0','YES',NULL,NULL,NULL,'',100944),
 (831,114,'2014-07-21','1000000',1,'2014-07-23 00:00:00','1000000',NULL,'0','YES',NULL,NULL,NULL,'',100945),
 (832,114,'2014-08-21','1000000',1,'2014-09-21 00:00:00','1000000',NULL,'0','YES',NULL,NULL,NULL,'',100946),
 (833,114,'2014-09-21','1000000',0,NULL,'0',NULL,'0','NO',NULL,NULL,NULL,'',100947),
 (834,114,'2014-10-22','1000000',0,NULL,'0',NULL,'0','NO',NULL,NULL,NULL,'',100948),
 (835,114,'2014-11-21','1000000',0,NULL,'0',NULL,'0','NO',NULL,NULL,NULL,'',100949),
 (836,114,'2014-12-21','1000000',0,NULL,'0',NULL,'0','NO',NULL,NULL,NULL,'',100950),
 (837,114,'2015-01-20','1000000',0,NULL,'0',NULL,'0','NO',NULL,NULL,NULL,'',100951),
 (838,114,'2015-02-19','1000000',0,NULL,'0',NULL,'0','NO',NULL,NULL,NULL,'',100952),
 (839,114,'2015-03-21','1000000',0,NULL,'0',NULL,'0','NO',NULL,NULL,NULL,'',100953),
 (840,115,'2013-08-25','5800000',2,'2014-02-23 00:00:00','5800000',NULL,'0','YES',NULL,NULL,NULL,'',101034),
 (841,115,'2013-09-25','5800000',2,'2014-11-26 00:00:00','58000000',NULL,'0','YES',NULL,NULL,NULL,'',101035),
 (842,115,'2013-10-25','5800000',2,'2015-07-04 00:00:00','34800000',NULL,'0','YES',NULL,NULL,NULL,'',101036),
 (843,115,'2013-11-24','5800000',0,NULL,'0',NULL,'0','NO',NULL,NULL,NULL,'',101037),
 (844,115,'2013-12-24','5800000',0,NULL,'0',NULL,'0','NO',NULL,NULL,NULL,'',101038),
 (845,115,'2014-01-23','5800000',0,NULL,'0',NULL,'0','NO',NULL,NULL,NULL,'',101039),
 (846,115,'2014-02-22','5800000',0,NULL,'0',NULL,'0','NO',NULL,NULL,NULL,'',101040),
 (847,115,'2014-03-23','5800000',0,NULL,'0',NULL,'0','NO',NULL,NULL,NULL,'',101041),
 (848,115,'2014-04-23','5800000',0,NULL,'0',NULL,'0','NO',NULL,NULL,NULL,'',101042),
 (849,115,'2014-05-24','5800000',0,NULL,'0',NULL,'0','NO',NULL,NULL,NULL,'',101043),
 (850,115,'2014-06-24','5800000',0,NULL,'0',NULL,'0','NO',NULL,NULL,NULL,'',101044),
 (851,115,'2014-07-25','5800000',0,NULL,'0',NULL,'0','NO',NULL,NULL,NULL,'',101045),
 (852,115,'2014-08-25','5800000',0,NULL,'0',NULL,'0','NO',NULL,NULL,NULL,'',101046),
 (853,115,'2014-09-25','5800000',0,NULL,'0',NULL,'0','NO',NULL,NULL,NULL,'',101047),
 (854,115,'2014-10-25','5800000',0,NULL,'0',NULL,'0','NO',NULL,NULL,NULL,'',101048),
 (855,115,'2014-11-24','5800000',0,NULL,'0',NULL,'0','NO',NULL,NULL,NULL,'',101049),
 (856,115,'2014-12-24','5800000',0,NULL,'0',NULL,'0','NO',NULL,NULL,NULL,'',101050),
 (857,115,'2015-01-23','5358333',0,NULL,'0',NULL,'0','NO',NULL,NULL,NULL,'',101051),
 (858,116,'2013-08-25','11551000',2,'2014-03-05 00:00:00','11551000',NULL,'0','YES',NULL,NULL,NULL,'',101341),
 (859,116,'2013-09-25','11551000',2,'2014-05-03 00:00:00','11551000',NULL,'0','YES',NULL,NULL,NULL,'',101342),
 (860,116,'2013-10-25','11551000',2,'2014-07-17 00:00:00','11551000',NULL,'0','YES',NULL,NULL,NULL,'',101343),
 (861,116,'2013-11-24','11551000',2,'2014-08-19 00:00:00','11551000',NULL,'0','YES',NULL,NULL,NULL,'',101344),
 (862,116,'2013-12-24','11551000',2,'2014-09-25 00:00:00','11551000',NULL,'0','YES',NULL,NULL,NULL,'',101345),
 (863,116,'2014-01-23','11551000',2,'2014-11-18 00:00:00','11551000',NULL,'0','YES',NULL,NULL,NULL,'',101346),
 (864,116,'2014-02-22','11551000',2,'2014-12-22 00:00:00','11551000',NULL,'0','YES',NULL,NULL,NULL,'',101347),
 (865,116,'2014-03-23','11551000',2,'2015-02-24 00:00:00','11551000',NULL,'0','YES',NULL,NULL,NULL,'',101348),
 (866,116,'2014-04-23','11551000',2,'2015-04-22 00:00:00','11551000',NULL,'0','YES',NULL,NULL,NULL,'',101349),
 (867,116,'2014-05-24','11551000',2,'2015-06-01 00:00:00','11550000',NULL,'0','YES',NULL,NULL,NULL,'',101350),
 (868,116,'2014-06-24','11551000',2,'2015-08-23 00:00:00','11551000',NULL,'0','YES',NULL,NULL,NULL,'',101351),
 (869,116,'2014-07-25','11551000',1,'2015-10-15 00:00:00','81544977',NULL,'0','YES',NULL,NULL,NULL,'',101352),
 (870,116,'2014-08-25','11551000',0,NULL,'0',NULL,'0','NO',NULL,NULL,NULL,'',101353),
 (871,116,'2014-09-25','11551000',0,NULL,'0',NULL,'0','NO',NULL,NULL,NULL,'',101354),
 (872,116,'2014-10-25','11551000',0,NULL,'0',NULL,'0','NO',NULL,NULL,NULL,'',101355),
 (873,116,'2014-11-24','11551000',0,NULL,'0',NULL,'0','NO',NULL,NULL,NULL,'',101356),
 (874,116,'2014-12-24','11551000',0,NULL,'0',NULL,'0','NO',NULL,NULL,NULL,'',101357),
 (875,116,'2015-01-23','11549667',0,NULL,'0',NULL,'0','NO',NULL,NULL,NULL,'',101358),
 (876,116,'2015-02-22','688310',0,NULL,'0',NULL,'0','NO',NULL,NULL,NULL,'قسط اضافه شده بابت کارمزد',102566),
 (877,117,'2013-08-25','420000',0,NULL,'0',NULL,'0','NO',NULL,NULL,NULL,'',101052),
 (878,117,'2013-09-25','420000',0,NULL,'0',NULL,'0','NO',NULL,NULL,NULL,'',101053),
 (879,117,'2013-10-25','420000',0,NULL,'0',NULL,'0','NO',NULL,NULL,NULL,'',101054),
 (880,117,'2013-11-24','420000',0,NULL,'0',NULL,'0','NO',NULL,NULL,NULL,'',101055),
 (881,117,'2013-12-24','420000',0,NULL,'0',NULL,'0','NO',NULL,NULL,NULL,'',101056),
 (882,117,'2014-01-23','420000',0,NULL,'0',NULL,'0','NO',NULL,NULL,NULL,'',101057),
 (883,117,'2014-02-22','420000',0,NULL,'0',NULL,'0','NO',NULL,NULL,NULL,'',101058),
 (884,117,'2014-03-23','420000',0,NULL,'0',NULL,'0','NO',NULL,NULL,NULL,'',101059),
 (885,117,'2014-04-23','420000',0,NULL,'0',NULL,'0','NO',NULL,NULL,NULL,'',101060),
 (886,117,'2014-05-24','420000',0,NULL,'0',NULL,'0','NO',NULL,NULL,NULL,'',101061),
 (887,117,'2014-06-24','420000',0,NULL,'0',NULL,'0','NO',NULL,NULL,NULL,'',101062),
 (888,117,'2014-07-25','420000',0,NULL,'0',NULL,'0','NO',NULL,NULL,NULL,'',101063),
 (889,117,'2014-08-25','420000',0,NULL,'0',NULL,'0','NO',NULL,NULL,NULL,'',101064),
 (890,117,'2014-09-25','420000',0,NULL,'0',NULL,'0','NO',NULL,NULL,NULL,'',101065),
 (891,117,'2014-10-25','420000',0,NULL,'0',NULL,'0','NO',NULL,NULL,NULL,'',101066),
 (892,117,'2014-11-24','420000',0,NULL,'0',NULL,'0','NO',NULL,NULL,NULL,'',101067),
 (893,117,'2014-12-24','420000',0,NULL,'0',NULL,'0','NO',NULL,NULL,NULL,'',101068),
 (894,117,'2015-01-23','420000',0,NULL,'0',NULL,'0','NO',NULL,NULL,NULL,'',101069),
 (895,117,'2015-02-22','420000',0,NULL,'0',NULL,'0','NO',NULL,NULL,NULL,'',101070),
 (896,117,'2015-03-23','420000',0,NULL,'0',NULL,'0','NO',NULL,NULL,NULL,'',101071),
 (897,117,'2015-04-23','420000',0,NULL,'0',NULL,'0','NO',NULL,NULL,NULL,'',101072),
 (898,117,'2015-05-24','420000',0,NULL,'0',NULL,'0','NO',NULL,NULL,NULL,'',101073),
 (899,117,'2015-06-24','420000',0,NULL,'0',NULL,'0','NO',NULL,NULL,NULL,'',101074),
 (900,117,'2015-07-25','340000',0,NULL,'0',NULL,'0','NO',NULL,NULL,NULL,'',101075),
 (901,118,'2013-09-12','2500000',2,'2013-09-01 00:00:00','2500000',NULL,'0','YES',NULL,NULL,NULL,'',101083),
 (902,118,'2013-10-13','2500000',2,'2013-10-05 00:00:00','2500000',NULL,'0','YES',NULL,NULL,NULL,'',101084),
 (903,118,'2013-11-12','2500000',2,'2013-10-28 00:00:00','2500000',NULL,'0','YES',NULL,NULL,NULL,'',101085),
 (904,118,'2013-12-12','2500000',2,'2013-12-10 00:00:00','2500000',NULL,'0','YES',NULL,NULL,NULL,'',101086),
 (905,118,'2014-01-11','2500000',2,'2014-01-29 00:00:00','2500000',NULL,'0','YES',NULL,NULL,NULL,'',101087),
 (906,118,'2014-02-10','2500000',2,'2014-01-29 00:00:00','2500000',NULL,'0','YES',NULL,NULL,NULL,'',101088),
 (907,118,'2014-03-12','2500000',2,'2014-04-19 00:00:00','2500000',NULL,'0','YES',NULL,NULL,NULL,'',101089),
 (908,118,'2014-04-10','2500000',2,'2014-05-29 00:00:00','2500000',NULL,'0','YES',NULL,NULL,NULL,'',101090),
 (909,118,'2014-05-11','2500000',2,'2014-09-30 00:00:00','2500000',NULL,'0','YES',NULL,NULL,NULL,'',101091),
 (910,118,'2014-06-11','2500000',2,'2014-09-30 00:00:00','2500000',NULL,'0','YES',NULL,NULL,NULL,'',101092),
 (911,118,'2014-07-12','2500000',1,'2015-08-02 00:00:00','5000000',NULL,'0','YES',NULL,NULL,NULL,'',101093),
 (912,118,'2014-08-12','2500000',0,NULL,'0',NULL,'0','NO',NULL,NULL,NULL,'',101094),
 (913,119,'2013-09-12','6170000',1,'2014-05-22 00:00:00','20000000',NULL,'0','YES',NULL,NULL,NULL,'',101095),
 (914,119,'2013-10-13','6170000',2,'2014-09-25 00:00:00','12000000',NULL,'0','YES',NULL,NULL,NULL,'',101096),
 (915,119,'2013-11-12','6170000',0,NULL,'0',NULL,'0','NO',NULL,NULL,NULL,'',101097),
 (916,119,'2013-12-12','6170000',0,NULL,'0',NULL,'0','NO',NULL,NULL,NULL,'',101098),
 (917,119,'2014-01-11','6170000',0,NULL,'0',NULL,'0','NO',NULL,NULL,NULL,'',101099),
 (918,119,'2014-02-10','6170000',0,NULL,'0',NULL,'0','NO',NULL,NULL,NULL,'',101100),
 (919,119,'2014-03-12','6170000',0,NULL,'0',NULL,'0','NO',NULL,NULL,NULL,'',101101),
 (920,119,'2014-04-10','6170000',0,NULL,'0',NULL,'0','NO',NULL,NULL,NULL,'',101102),
 (921,119,'2014-05-11','6170000',0,NULL,'0',NULL,'0','NO',NULL,NULL,NULL,'',101103),
 (922,119,'2014-06-11','6170000',0,NULL,'0',NULL,'0','NO',NULL,NULL,NULL,'',101104),
 (923,119,'2014-07-12','6170000',0,NULL,'0',NULL,'0','NO',NULL,NULL,NULL,'',101105),
 (924,119,'2014-08-12','6170000',0,NULL,'0',NULL,'0','NO',NULL,NULL,NULL,'',101106),
 (925,119,'2014-09-12','6170000',0,NULL,'0',NULL,'0','NO',NULL,NULL,NULL,'',101107),
 (926,119,'2014-10-13','6170000',0,NULL,'0',NULL,'0','NO',NULL,NULL,NULL,'',101108),
 (927,119,'2014-11-12','6170000',0,NULL,'0',NULL,'0','NO',NULL,NULL,NULL,'',101109),
 (928,119,'2014-12-12','6170000',0,NULL,'0',NULL,'0','NO',NULL,NULL,NULL,'',101110),
 (929,119,'2015-01-11','6170000',0,NULL,'0',NULL,'0','NO',NULL,NULL,NULL,'',101111),
 (930,119,'2015-02-10','6193334',0,NULL,'0',NULL,'0','NO',NULL,NULL,NULL,'',101112),
 (931,120,'2013-11-18','15000000',1,'2013-11-04 00:00:00','15000000',NULL,'0','YES',NULL,NULL,NULL,'',101115),
 (932,120,'2013-12-18','15000000',1,'2013-11-11 00:00:00','15000000',NULL,'0','YES',NULL,NULL,NULL,'',101169),
 (933,121,'2013-09-19','2500000',1,'2013-09-21 00:00:00','2500000',NULL,'0','YES',NULL,NULL,NULL,'',101116),
 (934,121,'2013-10-20','2500000',1,'2013-10-22 00:00:00','2500000',NULL,'0','YES',NULL,NULL,NULL,'',101117),
 (935,121,'2013-11-19','2500000',2,'2013-11-23 00:00:00','2500000',NULL,'0','YES',NULL,NULL,NULL,'',101118),
 (936,121,'2013-12-19','2500000',2,'2013-12-17 00:00:00','2500000',NULL,'0','YES',NULL,NULL,NULL,'',101119),
 (937,121,'2014-01-18','2500000',2,'2014-01-20 00:00:00','2500000',NULL,'0','YES',NULL,NULL,NULL,'',101120),
 (938,121,'2014-02-17','2500000',2,'2014-02-19 00:00:00','2500000',NULL,'0','YES',NULL,NULL,NULL,'',101121),
 (939,121,'2014-03-19','2500000',1,'2014-04-06 00:00:00','2500000',NULL,'0','YES',NULL,NULL,NULL,'',101122),
 (940,121,'2014-04-17','2500000',2,'2014-04-23 00:00:00','2500000',NULL,'0','YES',NULL,NULL,NULL,'',101123),
 (941,121,'2014-05-18','2500000',2,'2014-05-29 00:00:00','2500000',NULL,'0','YES',NULL,NULL,NULL,'',101124),
 (942,121,'2014-06-18','2500000',2,'2014-06-22 00:00:00','2500000',NULL,'0','YES',NULL,NULL,NULL,'',101125),
 (943,121,'2014-07-19','2500000',2,'2014-07-26 00:00:00','2500000',NULL,'0','YES',NULL,NULL,NULL,'',101126),
 (944,121,'2014-08-19','2500000',2,'2014-08-23 00:00:00','2500000',NULL,'0','YES',NULL,NULL,NULL,'',101127),
 (945,122,'2013-11-25','10000000',1,'2014-06-18 00:00:00','10000000',NULL,'0','YES',NULL,NULL,NULL,'',101491),
 (946,122,'2013-12-25','11700000',1,'2014-07-20 00:00:00','11700000',NULL,'0','YES',NULL,NULL,NULL,'',101492),
 (947,122,'2014-01-24','1200000',1,'2014-09-03 00:00:00','1200000',NULL,'0','YES',NULL,NULL,NULL,'',101538),
 (948,122,'2014-02-23','5000000',1,'2014-09-27 00:00:00','5000000',NULL,'0','YES',NULL,NULL,NULL,'',101569),
 (949,122,'2014-03-24','2100000',1,'2014-09-28 00:00:00','2100000',NULL,'0','YES',NULL,NULL,NULL,'',101588),
 (950,122,'2014-04-24','432055',1,'2015-06-11 00:00:00','1000000',NULL,'0','YES',NULL,NULL,NULL,'',101589),
 (951,122,'2014-05-25','567945',0,NULL,'0',NULL,'0','NO',NULL,NULL,NULL,'قسط اضافه شده بابت کارمزد',102362),
 (952,123,'2013-12-29','5000000',2,'2015-09-14 00:00:00','5000000',NULL,'0','YES',NULL,NULL,NULL,'',101143),
 (953,123,'2014-01-28','5000000',2,'2015-10-01 00:00:00','5000000',NULL,'0','YES',NULL,NULL,NULL,'',102494),
 (954,123,'2014-02-27','20000000',0,NULL,'0',NULL,'0','NO',NULL,NULL,NULL,'',102545),
 (955,124,'2013-12-21','1660000',9,'2014-12-24 00:00:00','1660000',NULL,'0','YES','201584',NULL,NULL,'وصول چک',101196),
 (956,124,'2014-01-20','1660000',9,'2014-12-24 00:00:00','1660000',NULL,'0','YES','201584',NULL,NULL,'وصول چک',101197),
 (957,124,'2014-02-19','1660000',9,'2014-12-24 00:00:00','1660000',NULL,'0','YES','201584',NULL,NULL,'وصول چک',101198),
 (958,124,'2014-03-21','1660000',9,'2014-12-24 00:00:00','1660000',NULL,'0','YES','201584',NULL,NULL,'وصول چک',101199),
 (959,124,'2014-04-19','1660000',9,'2014-12-24 00:00:00','1660000',NULL,'0','YES','201584',NULL,NULL,'وصول چک',101200),
 (960,124,'2014-05-20','1660000',9,'2014-12-24 00:00:00','1660000',NULL,'0','YES','201584',NULL,NULL,'وصول چک',101201),
 (961,124,'2014-06-20','1660000',9,'2014-12-24 00:00:00','40000',NULL,'0','YES','201584',NULL,NULL,'وصول چک',101202),
 (962,124,'2014-07-21','1660000',9,'2015-01-22 00:00:00','1660000',NULL,'0','YES','201585',NULL,NULL,'وصول چک',101203),
 (963,124,'2014-08-21','1660000',9,'2015-01-22 00:00:00','1660000',NULL,'0','YES','201585',NULL,NULL,'وصول چک',101204),
 (964,124,'2014-09-21','1660000',9,'2015-01-22 00:00:00','1660000',NULL,'0','YES','201585',NULL,NULL,'وصول چک',101205),
 (965,124,'2014-10-22','1660000',9,'2015-01-22 00:00:00','1660000',NULL,'0','YES','201585',NULL,NULL,'وصول چک',101206),
 (966,124,'2014-11-21','1740000',9,'2015-01-22 00:00:00','3360000',NULL,'0','YES','201585',NULL,NULL,'وصول چک',101207),
 (967,125,'2014-03-28','30000000',2,'2014-10-20 00:00:00','30000000',NULL,'0','YES',NULL,NULL,NULL,'',101225),
 (968,126,'2014-01-06','6476667',2,'2014-10-01 00:00:00','6491667',NULL,'0','YES',NULL,NULL,NULL,'',101226),
 (969,126,'2014-01-06','6471000',2,'2014-11-12 00:00:00','6470000',NULL,'0','YES',NULL,NULL,NULL,'',101227),
 (970,126,'2014-01-06','6470000',2,'2015-01-04 00:00:00','6471000',NULL,'0','YES',NULL,NULL,NULL,'',101228),
 (971,126,'2014-01-06','6470000',2,'2015-01-04 00:00:00','6471000',NULL,'0','YES',NULL,NULL,NULL,'',101229),
 (972,126,'2014-01-06','6471000',2,'2015-03-09 00:00:00','6470000',NULL,'0','YES',NULL,NULL,NULL,'',101230),
 (973,126,'2014-01-06','6471000',2,'2015-03-09 00:00:00','6470000',NULL,'0','YES',NULL,NULL,NULL,'',101231),
 (974,126,'2014-01-06','6471000',0,NULL,'0',NULL,'','NO',NULL,NULL,NULL,'',101232),
 (975,126,'2014-01-06','6471000',0,NULL,'0',NULL,'','NO',NULL,NULL,NULL,'',101233),
 (976,126,'2014-01-06','6471000',0,NULL,'0',NULL,'','NO',NULL,NULL,NULL,'',101234),
 (977,126,'2014-01-06','6471000',0,NULL,'0',NULL,'','NO',NULL,NULL,NULL,'',101235),
 (978,126,'2014-01-06','6471000',0,NULL,'0',NULL,'','NO',NULL,NULL,NULL,'',101236),
 (979,126,'2014-01-06','6471000',0,NULL,'0',NULL,'','NO',NULL,NULL,NULL,'',101237),
 (980,126,'2014-01-06','6471000',0,NULL,'0',NULL,'','NO',NULL,NULL,NULL,'',101238),
 (981,126,'2014-01-06','6471000',0,NULL,'0',NULL,'','NO',NULL,NULL,NULL,'',101239),
 (982,126,'2014-01-06','6471000',0,NULL,'0',NULL,'','NO',NULL,NULL,NULL,'',101240),
 (983,126,'2014-01-06','6471000',0,NULL,'0',NULL,'','NO',NULL,NULL,NULL,'',101241),
 (984,127,'2014-02-11','2500000',1,'2014-02-12 00:00:00','2500000',NULL,'0','YES',NULL,NULL,NULL,'',101246),
 (985,127,'2014-03-13','2500000',1,'2014-03-18 00:00:00','2500000',NULL,'0','YES',NULL,NULL,NULL,'',101247),
 (986,127,'2014-04-11','2500000',1,'2014-04-13 00:00:00','2500000',NULL,'0','YES',NULL,NULL,NULL,'',101248),
 (987,127,'2014-05-12','2500000',2,'2014-05-12 00:00:00','2500000',NULL,'0','YES',NULL,NULL,NULL,'',101249),
 (988,127,'2014-06-12','2500000',2,'2014-06-16 00:00:00','2500000',NULL,'0','YES',NULL,NULL,NULL,'',101250),
 (989,127,'2014-07-13','2500000',2,'2014-07-14 00:00:00','2500000',NULL,'0','YES',NULL,NULL,NULL,'',101251),
 (990,127,'2014-08-13','2500000',1,'2014-08-18 00:00:00','2500000',NULL,'0','YES',NULL,NULL,NULL,'',101252),
 (991,127,'2014-09-13','2500000',2,'2014-10-15 00:00:00','2500000',NULL,'0','YES',NULL,NULL,NULL,'',101253),
 (992,127,'2014-10-14','2500000',2,'2014-12-24 00:00:00','2500000',NULL,'0','YES',NULL,NULL,NULL,'',101254),
 (993,127,'2014-11-13','2500000',1,'2015-01-21 00:00:00','2500000',NULL,'0','YES',NULL,NULL,NULL,'',101255),
 (994,127,'2014-12-13','2500000',1,'2015-02-15 00:00:00','2500000',NULL,'0','YES',NULL,NULL,NULL,'',101256),
 (995,127,'2015-01-12','2500000',1,'2015-07-29 00:00:00','2500000',NULL,'0','YES',NULL,NULL,NULL,'',101257),
 (996,128,'2014-02-19','2500000',2,'2014-03-04 00:00:00','2500000',NULL,'0','YES',NULL,NULL,NULL,'',101262),
 (997,128,'2014-03-21','2500000',2,'2014-05-03 00:00:00','2500000',NULL,'0','YES',NULL,NULL,NULL,'',101263),
 (998,128,'2014-04-19','2500000',2,'2014-07-05 00:00:00','2500000',NULL,'0','YES',NULL,NULL,NULL,'',101264),
 (999,128,'2014-05-20','2500000',2,'2014-07-05 00:00:00','2500000',NULL,'0','YES',NULL,NULL,NULL,'',101265),
 (1000,128,'2014-06-20','2500000',1,'2015-03-08 00:00:00','20000000',NULL,'0','YES',NULL,NULL,NULL,'',101266),
 (1001,128,'2014-07-21','2500000',0,NULL,'0',NULL,'0','NO',NULL,NULL,NULL,'',101267),
 (1002,128,'2014-08-21','2500000',0,NULL,'0',NULL,'0','NO',NULL,NULL,NULL,'',101268),
 (1003,128,'2014-09-21','2500000',0,NULL,'0',NULL,'0','NO',NULL,NULL,NULL,'',101269),
 (1004,128,'2014-10-22','2500000',0,NULL,'0',NULL,'0','NO',NULL,NULL,NULL,'',101270),
 (1005,128,'2014-11-21','2500000',0,NULL,'0',NULL,'0','NO',NULL,NULL,NULL,'',101271),
 (1006,128,'2014-12-21','2500000',0,NULL,'0',NULL,'0','NO',NULL,NULL,NULL,'',101272),
 (1007,128,'2015-01-20','2500000',0,NULL,'0',NULL,'0','NO',NULL,NULL,NULL,'',101273),
 (1008,129,'2014-03-10','830000',1,'2014-02-20 00:00:00','830000',NULL,'0','YES',NULL,NULL,NULL,'',101298),
 (1009,129,'2014-04-08','830000',1,'2014-03-15 00:00:00','830000',NULL,'0','YES',NULL,NULL,NULL,'',101299),
 (1010,129,'2014-05-09','830000',1,'2014-04-20 00:00:00','830000',NULL,'0','YES',NULL,NULL,NULL,'',101300),
 (1011,129,'2014-06-09','830000',1,'2014-05-21 00:00:00','830000',NULL,'0','YES',NULL,NULL,NULL,'',101301),
 (1012,129,'2014-07-10','830000',1,'2014-06-21 00:00:00','830000',NULL,'0','YES',NULL,NULL,NULL,'',101302),
 (1013,129,'2014-08-10','830000',1,'2014-07-22 00:00:00','830000',NULL,'0','YES',NULL,NULL,NULL,'',101303),
 (1014,129,'2014-09-10','830000',1,'2014-08-21 00:00:00','830000',NULL,'0','YES',NULL,NULL,NULL,'',101304),
 (1015,129,'2014-10-11','830000',1,'2014-09-22 00:00:00','830000',NULL,'0','YES',NULL,NULL,NULL,'',101305),
 (1016,129,'2014-11-10','830000',1,'2014-10-22 00:00:00','830000',NULL,'0','YES',NULL,NULL,NULL,'',101306),
 (1017,129,'2014-12-10','830000',1,'2014-11-20 00:00:00','830000',NULL,'0','YES',NULL,NULL,NULL,'',101307),
 (1018,129,'2015-01-09','830000',1,'2014-12-20 00:00:00','830000',NULL,'0','YES',NULL,NULL,NULL,'',101308),
 (1019,129,'2015-02-08','830000',1,'2015-01-20 00:00:00','830000',NULL,'0','YES',NULL,NULL,NULL,'',101309),
 (1020,129,'2015-03-10','830000',1,'2015-02-19 00:00:00','830000',NULL,'0','YES',NULL,NULL,NULL,'',101310),
 (1021,129,'2015-04-08','830000',1,'2015-03-14 00:00:00','830000',NULL,'0','YES',NULL,NULL,NULL,'',101311),
 (1022,129,'2015-05-09','830000',1,'2015-04-20 00:00:00','830000',NULL,'0','YES',NULL,NULL,NULL,'',101312),
 (1023,129,'2015-06-09','830000',1,'2015-05-21 00:00:00','830000',NULL,'0','YES',NULL,NULL,NULL,'',101313),
 (1024,129,'2015-07-10','830000',8,'2015-06-21 00:00:00','830000',NULL,'0','YES',NULL,NULL,NULL,'',101314),
 (1025,129,'2015-08-10','830000',1,'2015-07-22 00:00:00','830000',NULL,'0','YES',NULL,NULL,NULL,'',101315),
 (1026,129,'2015-09-10','830000',1,'2015-08-22 00:00:00','830000',NULL,'0','YES',NULL,NULL,NULL,'',101316),
 (1027,129,'2015-10-11','830000',1,'2015-09-22 00:00:00','830000',NULL,'0','YES',NULL,NULL,NULL,'',101317),
 (1028,129,'2015-11-10','830000',1,'2015-10-28 00:00:00','830000',NULL,'0','YES',NULL,NULL,NULL,'',101318),
 (1029,129,'2015-12-10','830000',0,NULL,'0',NULL,'0','NO',NULL,NULL,NULL,'',101319),
 (1030,129,'2016-01-09','830000',0,NULL,'0',NULL,'0','NO',NULL,NULL,NULL,'',101320),
 (1031,129,'2016-02-08','910000',0,NULL,'0',NULL,'0','NO',NULL,NULL,NULL,'',101321),
 (1032,130,'2014-04-03','1660000',1,'2014-04-07 00:00:00','1740000',NULL,'0','YES',NULL,NULL,NULL,'',101360),
 (1033,130,'2014-05-04','1660000',1,'2014-05-18 00:00:00','1660000',NULL,'0','YES',NULL,NULL,NULL,'',101361),
 (1034,130,'2014-06-04','1660000',1,'2014-08-24 00:00:00','1660000',NULL,'0','YES',NULL,NULL,NULL,'',101362),
 (1035,130,'2014-07-05','1660000',1,'2014-11-24 00:00:00','5000000',NULL,'0','YES',NULL,NULL,NULL,'',101363),
 (1036,130,'2014-08-05','1660000',0,NULL,'0',NULL,'0','NO',NULL,NULL,NULL,'',101364),
 (1037,130,'2014-09-05','1660000',0,NULL,'0',NULL,'0','NO',NULL,NULL,NULL,'',101365),
 (1038,130,'2014-10-06','1660000',0,NULL,'0',NULL,'0','NO',NULL,NULL,NULL,'',101366),
 (1039,130,'2014-11-05','1660000',0,NULL,'0',NULL,'0','NO',NULL,NULL,NULL,'',101367),
 (1040,130,'2014-12-05','1660000',0,NULL,'0',NULL,'0','NO',NULL,NULL,NULL,'',101368),
 (1041,130,'2015-01-04','1660000',0,NULL,'0',NULL,'0','NO',NULL,NULL,NULL,'',101369),
 (1042,130,'2015-02-03','1660000',0,NULL,'0',NULL,'0','NO',NULL,NULL,NULL,'',101370),
 (1043,130,'2015-03-05','1740000',0,NULL,'0',NULL,'0','NO',NULL,NULL,NULL,'',101371),
 (1044,131,'2014-06-14','5000000',2,'2015-09-14 00:00:00','5000000',NULL,'0','YES',NULL,NULL,NULL,'',101378),
 (1045,131,'2014-07-15','5000000',2,'2015-10-01 00:00:00','5000000',NULL,'0','YES',NULL,NULL,NULL,'',102493),
 (1046,131,'2014-08-15','20000000',0,NULL,'0',NULL,'0','NO',NULL,NULL,NULL,'',102544),
 (1047,132,'2014-05-01','61715000',1,'2014-11-08 00:00:00','61715000',NULL,'0','YES',NULL,NULL,NULL,'',101384),
 (1048,132,'2014-06-01','61715000',1,'2014-12-03 00:00:00','61715000',NULL,'0','YES',NULL,NULL,NULL,'',101385),
 (1049,132,'2014-07-02','61715000',1,'2015-01-08 00:00:00','61715000',NULL,'0','YES',NULL,NULL,NULL,'',101386),
 (1050,132,'2014-08-02','61715000',1,'2015-01-26 00:00:00','61750000',NULL,'0','YES',NULL,NULL,NULL,'',101387),
 (1051,132,'2014-09-02','61715000',1,'2015-03-19 00:00:00','61750000',NULL,'0','YES',NULL,NULL,NULL,'',101388),
 (1052,132,'2014-10-03','61715000',1,'2015-04-14 00:00:00','61715000',NULL,'0','YES',NULL,NULL,NULL,'',101389),
 (1053,132,'2014-11-02','61715000',1,'2015-05-24 00:00:00','61715000',NULL,'0','YES',NULL,NULL,NULL,'',101390),
 (1054,132,'2014-12-02','61715000',1,'2015-06-02 00:00:00','61715000',NULL,'0','YES',NULL,NULL,NULL,'',101391),
 (1055,132,'2015-01-01','61715000',1,'2015-08-15 00:00:00','61715000',NULL,'0','YES',NULL,NULL,NULL,'',101392),
 (1056,132,'2015-01-31','61715000',1,'2015-09-20 00:00:00','61715000',NULL,'0','YES',NULL,NULL,NULL,'',101393),
 (1057,132,'2015-03-02','61715000',0,NULL,'0',NULL,'0','NO',NULL,NULL,NULL,'',101394),
 (1058,132,'2015-03-31','61715000',0,NULL,'0',NULL,'0','NO',NULL,NULL,NULL,'',101395),
 (1059,132,'2015-05-01','61715000',0,NULL,'0',NULL,'0','NO',NULL,NULL,NULL,'',101396),
 (1060,132,'2015-06-01','61715000',0,NULL,'0',NULL,'0','NO',NULL,NULL,NULL,'',101397),
 (1061,132,'2015-07-02','61715000',0,NULL,'0',NULL,'0','NO',NULL,NULL,NULL,'',101398),
 (1062,132,'2015-08-02','61715000',0,NULL,'0',NULL,'0','NO',NULL,NULL,NULL,'',101399),
 (1063,132,'2015-09-02','61715000',0,NULL,'0',NULL,'0','NO',NULL,NULL,NULL,'',101400),
 (1064,132,'2015-10-03','61678334',0,NULL,'0',NULL,'0','NO',NULL,NULL,NULL,'',101401),
 (1065,133,'2014-05-17','2000000',1,'2014-05-17 00:00:00','2000000',NULL,'0','YES',NULL,NULL,NULL,'',101408),
 (1066,133,'2014-06-17','500000',2,'2014-05-17 00:00:00','500000',NULL,'0','YES',NULL,NULL,NULL,'',101409),
 (1067,133,'2014-07-18','2500000',2,'2014-06-18 00:00:00','2500000',NULL,'0','YES',NULL,NULL,NULL,'',101410),
 (1068,133,'2014-08-18','2500000',2,'2014-07-20 00:00:00','2500000',NULL,'0','YES',NULL,NULL,NULL,'',101411),
 (1069,133,'2014-09-18','2500000',2,'2014-08-19 00:00:00','2500000',NULL,'0','YES',NULL,NULL,NULL,'',101412),
 (1070,133,'2014-10-19','2500000',2,'2014-09-23 00:00:00','2500000',NULL,'0','YES',NULL,NULL,NULL,'',101413),
 (1071,133,'2014-11-18','2500000',2,'2014-10-18 00:00:00','2500000',NULL,'0','YES',NULL,NULL,NULL,'',101414),
 (1072,133,'2014-12-18','2500000',2,'2014-11-10 00:00:00','2500000',NULL,'0','YES',NULL,NULL,NULL,'',101415),
 (1073,133,'2015-01-17','2500000',2,'2014-12-20 00:00:00','2500000',NULL,'0','YES',NULL,NULL,NULL,'',101416),
 (1074,133,'2015-02-16','2500000',2,'2015-01-20 00:00:00','2500000',NULL,'0','YES',NULL,NULL,NULL,'',101417),
 (1075,133,'2015-03-18','2500000',2,'2015-02-02 00:00:00','2500000',NULL,'0','YES',NULL,NULL,NULL,'',101418),
 (1076,133,'2015-04-16','2500000',2,'2015-02-28 00:00:00','2500000',NULL,'0','YES',NULL,NULL,NULL,'',101419),
 (1077,133,'2015-05-17','2500000',2,'2015-04-06 00:00:00','2500000',NULL,'0','YES',NULL,NULL,NULL,'',101922),
 (1078,134,'2014-06-28','5780000',1,'2014-12-06 00:00:00','5780000',NULL,'0','YES',NULL,NULL,NULL,'',101441),
 (1079,134,'2014-07-29','5780000',1,'2015-01-26 00:00:00','5780000',NULL,'0','YES',NULL,NULL,NULL,'',101442),
 (1080,134,'2014-08-29','5780000',1,'2015-02-24 00:00:00','5780000',NULL,'0','YES',NULL,NULL,NULL,'',101443),
 (1081,134,'2014-09-29','5780000',1,'2015-04-04 00:00:00','5780000',NULL,'0','YES',NULL,NULL,NULL,'',101444),
 (1082,134,'2014-10-29','5780000',1,'2015-04-26 00:00:00','5780000',NULL,'0','YES',NULL,NULL,NULL,'',101445),
 (1083,134,'2014-11-28','5780000',2,'2015-05-24 00:00:00','5780000',NULL,'0','YES',NULL,NULL,NULL,'',101446),
 (1084,134,'2014-12-28','5780000',2,'2015-06-24 00:00:00','5780000',NULL,'0','YES',NULL,NULL,NULL,'',101447),
 (1085,134,'2015-01-27','5780000',1,'2015-07-28 00:00:00','5780000',NULL,'0','YES',NULL,NULL,NULL,'',101448),
 (1086,134,'2015-02-26','5780000',1,'2015-08-29 00:00:00','5780000',NULL,'0','YES',NULL,NULL,NULL,'',101449),
 (1087,134,'2015-03-27','5780000',1,'2015-09-30 00:00:00','5780000',NULL,'0','YES',NULL,NULL,NULL,'واریز نقدی',101450),
 (1088,134,'2015-04-27','5780000',1,'2015-10-28 00:00:00','5780000',NULL,'0','YES',NULL,NULL,NULL,'',101451),
 (1089,134,'2015-05-28','5780000',0,NULL,'0',NULL,'0','NO',NULL,NULL,NULL,'',101452),
 (1090,134,'2015-06-28','5780000',0,NULL,'0',NULL,'0','NO',NULL,NULL,NULL,'',101453),
 (1091,134,'2015-07-29','5780000',0,NULL,'0',NULL,'0','NO',NULL,NULL,NULL,'',101454),
 (1092,134,'2015-08-29','5780000',0,NULL,'0',NULL,'0','NO',NULL,NULL,NULL,'',101455),
 (1093,134,'2015-09-29','5780000',0,NULL,'0',NULL,'0','NO',NULL,NULL,NULL,'',101456),
 (1094,134,'2015-10-29','5780000',0,NULL,'0',NULL,'0','NO',NULL,NULL,NULL,'',101457),
 (1095,134,'2015-11-28','5744962',0,NULL,'0',NULL,'0','NO',NULL,NULL,NULL,'',101458),
 (1096,135,'2014-06-08','1500000',1,'2014-07-14 00:00:00','1500000',NULL,'0','YES',NULL,NULL,NULL,'',101469),
 (1097,135,'2014-06-08','1500000',1,'2014-08-11 00:00:00','1500000',NULL,'0','YES',NULL,NULL,NULL,'',101470),
 (1098,135,'2014-06-08','1500000',1,'2014-09-08 00:00:00','1500000',NULL,'0','YES',NULL,NULL,NULL,'',101471),
 (1099,135,'2014-06-08','1500000',1,'2014-11-02 00:00:00','1500000',NULL,'0','YES',NULL,NULL,NULL,'',101472),
 (1100,135,'2014-06-08','1500000',1,'2014-11-29 00:00:00','1500000',NULL,'0','YES',NULL,NULL,NULL,'',101473),
 (1101,135,'2014-06-08','1500000',1,'2015-01-12 00:00:00','1500000',NULL,'0','YES',NULL,NULL,NULL,'',101474),
 (1102,135,'2014-06-08','1500000',1,'2015-02-15 00:00:00','1500000',NULL,'0','YES',NULL,NULL,NULL,'',101475),
 (1103,135,'2014-06-08','1500000',1,'2015-02-28 00:00:00','1500000',NULL,'0','YES',NULL,NULL,NULL,'',101476),
 (1104,135,'2014-06-08','1500000',1,'2015-08-16 00:00:00','18000000',NULL,'0','YES',NULL,NULL,NULL,'',101477),
 (1105,135,'2014-06-08','1500000',0,NULL,'0',NULL,'','NO',NULL,NULL,NULL,'',101478),
 (1106,135,'2014-06-08','1500000',0,NULL,'0',NULL,'','NO',NULL,NULL,NULL,'',101479),
 (1107,135,'2014-06-08','1500000',0,NULL,'0',NULL,'','NO',NULL,NULL,NULL,'',101480),
 (1108,135,'2014-06-08','1500000',0,NULL,'0',NULL,'','NO',NULL,NULL,NULL,'',101481),
 (1109,135,'2014-06-08','1500000',0,NULL,'0',NULL,'','NO',NULL,NULL,NULL,'',101482),
 (1110,135,'2014-06-08','1500000',0,NULL,'0',NULL,'','NO',NULL,NULL,NULL,'',101483),
 (1111,135,'2014-06-08','1500000',0,NULL,'0',NULL,'','NO',NULL,NULL,NULL,'',101484),
 (1112,135,'2014-06-08','1500000',0,NULL,'0',NULL,'','NO',NULL,NULL,NULL,'',101485),
 (1113,135,'2014-06-08','1500000',0,NULL,'0',NULL,'','NO',NULL,NULL,NULL,'',101486),
 (1114,135,'2014-06-08','1500000',0,NULL,'0',NULL,'','NO',NULL,NULL,NULL,'',101487),
 (1115,135,'2014-06-08','1500000',0,NULL,'0',NULL,'','NO',NULL,NULL,NULL,'',101488),
 (1116,136,'2014-08-06','1670000',2,'2014-09-27 00:00:00','1650000',NULL,'0','YES',NULL,NULL,NULL,'',101504),
 (1117,136,'2014-09-06','1670000',2,'2014-09-27 00:00:00','1650000',NULL,'0','YES',NULL,NULL,NULL,'',101505),
 (1118,136,'2014-10-07','1670000',2,'2015-01-31 00:00:00','1670000',NULL,'0','YES',NULL,NULL,NULL,'',101506),
 (1119,136,'2014-11-06','1670000',2,'2015-01-31 00:00:00','1670000',NULL,'0','YES',NULL,NULL,NULL,'',101507),
 (1120,136,'2014-12-06','1670000',2,'2015-01-31 00:00:00','1670000',NULL,'0','YES',NULL,NULL,NULL,'',101508),
 (1121,136,'2015-01-05','1670000',0,NULL,'0',NULL,'0','NO',NULL,NULL,NULL,'',101509),
 (1122,136,'2015-02-04','1670000',0,NULL,'0',NULL,'0','NO',NULL,NULL,NULL,'',101510),
 (1123,136,'2015-03-06','1670000',0,NULL,'0',NULL,'0','NO',NULL,NULL,NULL,'',101511),
 (1124,136,'2015-04-04','1670000',0,NULL,'0',NULL,'0','NO',NULL,NULL,NULL,'',101512),
 (1125,136,'2015-05-05','1670000',0,NULL,'0',NULL,'0','NO',NULL,NULL,NULL,'',101513),
 (1126,136,'2015-06-05','1670000',0,NULL,'0',NULL,'0','NO',NULL,NULL,NULL,'',101514),
 (1127,136,'2015-07-06','1630000',0,NULL,'0',NULL,'0','NO',NULL,NULL,NULL,'',101515),
 (1128,137,'2014-08-06','1500000',1,'2014-08-06 00:00:00','1500000',NULL,'0','YES',NULL,NULL,NULL,'',101516),
 (1129,137,'2014-09-06','1500000',1,'2014-09-11 00:00:00','1500000',NULL,'0','YES',NULL,NULL,NULL,'',101517),
 (1130,137,'2014-10-07','1500000',1,'2014-10-18 00:00:00','1500000',NULL,'0','YES',NULL,NULL,NULL,'',101518),
 (1131,137,'2014-11-06','1500000',1,'2014-12-03 00:00:00','1500000',NULL,'0','YES',NULL,NULL,NULL,'',101519),
 (1132,137,'2014-12-06','1500000',1,'2015-01-11 00:00:00','1500000',NULL,'0','YES',NULL,NULL,NULL,'',101520),
 (1133,137,'2015-01-05','1500000',1,'2015-04-20 00:00:00','1500000',NULL,'0','YES',NULL,NULL,NULL,'',101521),
 (1134,137,'2015-02-04','1500000',2,'2015-06-15 00:00:00','1500000',NULL,'0','YES',NULL,NULL,NULL,'واریز به شعبه پارک ',101522),
 (1135,137,'2015-03-06','1500000',0,NULL,'0',NULL,'0','NO',NULL,NULL,NULL,'',101523),
 (1136,137,'2015-04-04','1500000',0,NULL,'0',NULL,'0','NO',NULL,NULL,NULL,'',101524),
 (1137,137,'2015-05-05','1500000',0,NULL,'0',NULL,'0','NO',NULL,NULL,NULL,'',101525),
 (1138,137,'2015-06-05','1500000',0,NULL,'0',NULL,'0','NO',NULL,NULL,NULL,'',101526),
 (1139,137,'2015-07-06','1500000',0,NULL,'0',NULL,'0','NO',NULL,NULL,NULL,'',101527),
 (1140,137,'2015-08-06','1500000',0,NULL,'0',NULL,'0','NO',NULL,NULL,NULL,'',101528),
 (1141,137,'2015-09-06','1500000',0,NULL,'0',NULL,'0','NO',NULL,NULL,NULL,'',101529),
 (1142,137,'2015-10-07','1500000',0,NULL,'0',NULL,'0','NO',NULL,NULL,NULL,'',101530),
 (1143,137,'2015-11-06','1500000',0,NULL,'0',NULL,'0','NO',NULL,NULL,NULL,'',101531),
 (1144,137,'2015-12-06','1500000',0,NULL,'0',NULL,'0','NO',NULL,NULL,NULL,'',101532),
 (1145,137,'2016-01-05','1500000',0,NULL,'0',NULL,'0','NO',NULL,NULL,NULL,'',101533),
 (1146,137,'2016-02-04','1500000',0,NULL,'0',NULL,'0','NO',NULL,NULL,NULL,'',101534),
 (1147,137,'2016-03-05','1500000',0,NULL,'0',NULL,'0','NO',NULL,NULL,NULL,'',101535),
 (1148,138,'2014-08-29','30000000',0,NULL,'0',NULL,'0','NO',NULL,NULL,NULL,'',101539),
 (1149,139,'2015-07-24','2000000000',9,'2015-10-15 00:00:00','340000000',NULL,'0','YES','407153',NULL,NULL,'وصول چک',101540),
 (1150,140,'2015-07-31','1000000000',0,NULL,'0',NULL,'0','NO',NULL,NULL,NULL,'',101542),
 (1151,141,'2014-09-26','2500000',2,'2014-09-20 00:00:00','2500000',NULL,'0','YES',NULL,NULL,NULL,'',101555),
 (1152,141,'2014-10-26','2500000',2,'2014-10-12 00:00:00','2500000',NULL,'0','YES',NULL,NULL,NULL,'',101556),
 (1153,141,'2014-11-25','2500000',2,'2014-11-29 00:00:00','2500000',NULL,'0','YES',NULL,NULL,NULL,'',101557),
 (1154,141,'2014-12-25','2500000',1,'2015-03-02 00:00:00','2500000',NULL,'0','YES',NULL,NULL,NULL,'',101558),
 (1155,141,'2015-01-24','2500000',1,'2015-03-02 00:00:00','2500000',NULL,'0','YES',NULL,NULL,NULL,'',101559),
 (1156,141,'2015-02-23','2500000',0,NULL,'0',NULL,'0','NO',NULL,NULL,NULL,'',101560),
 (1157,141,'2015-03-24','2500000',0,NULL,'0',NULL,'0','NO',NULL,NULL,NULL,'',101561),
 (1158,141,'2015-04-24','2500000',0,NULL,'0',NULL,'0','NO',NULL,NULL,NULL,'',101562),
 (1159,141,'2015-05-25','2500000',0,NULL,'0',NULL,'0','NO',NULL,NULL,NULL,'',101563),
 (1160,141,'2015-06-25','2500000',0,NULL,'0',NULL,'0','NO',NULL,NULL,NULL,'',101564),
 (1161,141,'2015-07-26','2500000',0,NULL,'0',NULL,'0','NO',NULL,NULL,NULL,'',101565),
 (1162,141,'2015-08-26','2500000',0,NULL,'0',NULL,'0','NO',NULL,NULL,NULL,'',101566),
 (1163,142,'2016-09-01','1000000000',9,'2015-10-10 00:00:00','170000000',NULL,'0','YES','398287',NULL,NULL,'وصول چک',101568),
 (1164,143,'2014-12-14','40000000',2,'2015-01-20 00:00:00','40000000',NULL,'0','YES',NULL,NULL,NULL,'',101573),
 (1165,143,'2015-01-13','10000000',2,'2015-05-28 00:00:00','11002740',NULL,'0','YES',NULL,NULL,NULL,'',101815),
 (1166,143,'2015-02-12','1002740',0,NULL,'0',NULL,'0','NO',NULL,NULL,NULL,'قسط اضافه شده بابت کارمزد',102357),
 (1167,144,'2014-10-17','3410000',1,'2015-01-17 00:00:00','3410000',NULL,'0','YES',NULL,NULL,NULL,'',101577),
 (1168,144,'2014-11-16','3410000',1,'2015-02-26 00:00:00','3410000',NULL,'0','YES',NULL,NULL,NULL,'',101578),
 (1169,144,'2014-12-16','3410000',2,'2015-04-12 00:00:00','3410000',NULL,'0','YES',NULL,NULL,NULL,'',101579),
 (1170,144,'2015-01-15','3410000',2,'2015-04-12 00:00:00','3410000',NULL,'0','YES',NULL,NULL,NULL,'',101580),
 (1171,144,'2015-02-14','3410000',2,'2015-06-02 00:00:00','3410000',NULL,'0','YES',NULL,NULL,NULL,'',101581),
 (1172,144,'2015-03-16','3410000',2,'2015-07-13 00:00:00','3410000',NULL,'0','YES',NULL,NULL,NULL,'',101582),
 (1173,144,'2015-04-14','3410000',2,'2015-07-13 00:00:00','3410000',NULL,'0','YES',NULL,NULL,NULL,'',101583),
 (1174,144,'2015-05-15','3410000',1,'2015-09-19 00:00:00','3410000',NULL,'0','YES',NULL,NULL,NULL,'',101584),
 (1175,144,'2015-06-15','3410000',1,'2015-09-19 00:00:00','3410000',NULL,'0','YES',NULL,NULL,NULL,'',102506),
 (1176,145,'2014-10-25','3348465',2,'2015-01-25 00:00:00','3348465',NULL,'0','YES',NULL,NULL,NULL,'',101836),
 (1177,145,'2014-11-24','3410000',2,'2015-02-23 00:00:00','3410000',NULL,'0','YES',NULL,NULL,NULL,'',101837),
 (1178,145,'2014-12-24','3410000',2,'2015-04-04 00:00:00','3410000',NULL,'0','YES',NULL,NULL,NULL,'',101838),
 (1179,145,'2015-01-23','3410000',2,'2015-05-24 00:00:00','3410000',NULL,'0','YES',NULL,NULL,NULL,'',101839),
 (1180,145,'2015-02-22','3410000',2,'2015-05-24 00:00:00','3410000',NULL,'0','YES',NULL,NULL,NULL,'',101840),
 (1181,145,'2015-03-23','3410000',2,'2015-07-25 00:00:00','3410000',NULL,'0','YES',NULL,NULL,NULL,'',101841),
 (1182,145,'2015-04-23','3410000',2,'2015-07-25 00:00:00','3410000',NULL,'0','YES',NULL,NULL,NULL,'',101842),
 (1183,145,'2015-05-24','3410000',2,'2015-10-01 00:00:00','6820000',NULL,'0','YES',NULL,NULL,NULL,'پرداخت 2 قسط همزمان',101843),
 (1184,145,'2015-06-24','3410000',0,NULL,'0',NULL,'0','NO',NULL,NULL,NULL,'',101844),
 (1185,146,'2014-11-14','3410000',1,'2015-02-28 00:00:00','3410000',NULL,'0','YES',NULL,NULL,NULL,'',101595),
 (1186,146,'2014-12-14','3410000',1,'2015-02-28 00:00:00','3410000',NULL,'0','YES',NULL,NULL,NULL,'',101596),
 (1187,146,'2015-01-13','3410000',1,'2015-05-05 00:00:00','3410000',NULL,'0','YES',NULL,NULL,NULL,'',101597),
 (1188,146,'2015-02-12','3410000',1,'2015-05-23 00:00:00','3410000',NULL,'0','YES',NULL,NULL,NULL,'',101598),
 (1189,146,'2015-03-14','3410000',2,'2015-07-07 00:00:00','3410000',NULL,'0','YES',NULL,NULL,NULL,'',101599),
 (1190,146,'2015-04-12','3410000',2,'2015-08-12 00:00:00','3410000',NULL,'0','YES',NULL,NULL,NULL,'',101600),
 (1191,146,'2015-05-13','3410000',2,'2015-08-12 00:00:00','3410000',NULL,'0','YES',NULL,NULL,NULL,'',101601),
 (1192,146,'2015-06-13','3410000',2,'2015-09-20 00:00:00','3410000',NULL,'0','YES',NULL,NULL,NULL,'',101602),
 (1193,146,'2015-07-14','3348465',2,'2015-10-20 00:00:00','3348465',NULL,'0','YES',NULL,NULL,NULL,'',101603),
 (1194,147,'2014-11-18','1670000',1,'2014-11-26 00:00:00','1500000',NULL,'0','YES',NULL,NULL,NULL,'',101606),
 (1195,147,'2014-12-18','1670000',2,'2014-11-26 00:00:00','170000',NULL,'0','YES',NULL,NULL,NULL,'',101607),
 (1196,147,'2015-01-17','1670000',2,'2015-01-06 00:00:00','1600000',NULL,'0','YES',NULL,NULL,NULL,'',101608),
 (1197,147,'2015-02-16','1670000',1,'2015-01-06 00:00:00','70000',NULL,'0','YES',NULL,NULL,NULL,'',101609),
 (1198,147,'2015-03-18','1670000',2,'2015-02-08 00:00:00','1670000',NULL,'0','YES',NULL,NULL,NULL,'',101610),
 (1199,147,'2015-04-16','1670000',0,NULL,'0',NULL,'0','NO',NULL,NULL,NULL,'',101611),
 (1200,147,'2015-05-17','1670000',0,NULL,'0',NULL,'0','NO',NULL,NULL,NULL,'',101612),
 (1201,147,'2015-06-17','1670000',0,NULL,'0',NULL,'0','NO',NULL,NULL,NULL,'',101613),
 (1202,147,'2015-07-18','1670000',0,NULL,'0',NULL,'0','NO',NULL,NULL,NULL,'',101614),
 (1203,147,'2015-08-18','1670000',0,NULL,'0',NULL,'0','NO',NULL,NULL,NULL,'',101615),
 (1204,147,'2015-09-18','1670000',0,NULL,'0',NULL,'0','NO',NULL,NULL,NULL,'',101616),
 (1205,147,'2015-10-19','1630000',0,NULL,'0',NULL,'0','NO',NULL,NULL,NULL,'',101617),
 (1206,148,'2014-10-22','17272477',2,'2015-08-09 00:00:00','17340000',NULL,'0','YES',NULL,NULL,NULL,'',101619),
 (1207,148,'2014-10-22','17340000',2,'2015-08-09 00:00:00','17340000',NULL,'0','YES',NULL,NULL,NULL,'',101620),
 (1208,148,'2014-10-22','17340000',2,'2015-08-09 00:00:00','17340000',NULL,'0','YES',NULL,NULL,NULL,'',101621),
 (1209,148,'2014-10-22','17340000',0,NULL,'0',NULL,'','NO',NULL,NULL,NULL,'',101622),
 (1210,148,'2014-10-22','17340000',0,NULL,'0',NULL,'','NO',NULL,NULL,NULL,'',101623),
 (1211,148,'2014-10-22','17340000',0,NULL,'0',NULL,'','NO',NULL,NULL,NULL,'',101624),
 (1212,148,'2014-10-22','17340000',0,NULL,'0',NULL,'','NO',NULL,NULL,NULL,'',101625),
 (1213,148,'2014-10-22','17340000',0,NULL,'0',NULL,'','NO',NULL,NULL,NULL,'',101626),
 (1214,148,'2014-10-22','17340000',0,NULL,'0',NULL,'','NO',NULL,NULL,NULL,'',101627),
 (1215,148,'2014-10-22','17340000',0,NULL,'0',NULL,'','NO',NULL,NULL,NULL,'',101628),
 (1216,148,'2014-10-22','17340000',0,NULL,'0',NULL,'','NO',NULL,NULL,NULL,'',101629),
 (1217,148,'2014-10-22','17340000',0,NULL,'0',NULL,'','NO',NULL,NULL,NULL,'',101630),
 (1218,148,'2014-10-22','17340000',0,NULL,'0',NULL,'','NO',NULL,NULL,NULL,'',101631),
 (1219,148,'2014-10-22','17340000',0,NULL,'0',NULL,'','NO',NULL,NULL,NULL,'',101632),
 (1220,148,'2014-10-22','17340000',0,NULL,'0',NULL,'','NO',NULL,NULL,NULL,'',101633),
 (1221,148,'2014-10-22','17340000',0,NULL,'0',NULL,'','NO',NULL,NULL,NULL,'',101634),
 (1222,148,'2014-10-22','17340000',0,NULL,'0',NULL,'','NO',NULL,NULL,NULL,'',101635),
 (1223,148,'2014-10-22','17340000',0,NULL,'0',NULL,'','NO',NULL,NULL,NULL,'',101636),
 (1224,149,'2014-11-02','2000000',1,'2014-12-24 00:00:00','2000000',NULL,'0','YES',NULL,NULL,NULL,'',101640),
 (1225,149,'2014-11-02','2000000',1,'2015-01-01 00:00:00','2000000',NULL,'0','YES',NULL,NULL,NULL,'',101641),
 (1226,149,'2014-11-02','2000000',1,'2015-02-07 00:00:00','2000000',NULL,'0','YES',NULL,NULL,NULL,'',101642),
 (1227,149,'2014-11-02','2000000',1,'2015-03-11 00:00:00','2000000',NULL,'0','YES',NULL,NULL,NULL,'',101643),
 (1228,149,'2014-11-02','2000000',2,'2015-04-07 00:00:00','2000000',NULL,'0','YES',NULL,NULL,NULL,'',101644),
 (1229,149,'2014-11-02','2000000',1,'2015-05-05 00:00:00','2000000',NULL,'0','YES',NULL,NULL,NULL,'',101645),
 (1230,149,'2014-11-02','2000000',0,NULL,'0',NULL,'','NO',NULL,NULL,NULL,'',101646);
INSERT INTO `LON_installments` (`InstallmentID`,`PartID`,`InstallmentDate`,`InstallmentAmount`,`PaidType`,`PaidDate`,`PaidAmount`,`PaidRefNo`,`PaidBillNo`,`IsPaid`,`ChequeNo`,`ChequeBank`,`ChequeBranch`,`details`,`imp_SerialNo`) VALUES 
 (1231,149,'2014-11-02','2000000',0,NULL,'0',NULL,'','NO',NULL,NULL,NULL,'',101647),
 (1232,149,'2014-11-02','2000000',0,NULL,'0',NULL,'','NO',NULL,NULL,NULL,'',101648),
 (1233,149,'2014-11-02','2000000',0,NULL,'0',NULL,'','NO',NULL,NULL,NULL,'',101649),
 (1234,149,'2014-11-02','2000000',0,NULL,'0',NULL,'','NO',NULL,NULL,NULL,'',101650),
 (1235,149,'2014-11-02','2000000',0,NULL,'0',NULL,'','NO',NULL,NULL,NULL,'',101651),
 (1236,149,'2014-11-02','2000000',0,NULL,'0',NULL,'','NO',NULL,NULL,NULL,'',101652),
 (1237,149,'2014-11-02','2000000',0,NULL,'0',NULL,'','NO',NULL,NULL,NULL,'',101653),
 (1238,149,'2014-11-02','2000000',0,NULL,'0',NULL,'','NO',NULL,NULL,NULL,'',101654),
 (1239,150,'2014-11-10','200000000',0,NULL,'0',NULL,'','NO',NULL,NULL,NULL,'',101658),
 (1240,151,'2014-12-16','1630000',1,'2015-01-01 00:00:00','1670000',NULL,'0','YES',NULL,NULL,NULL,'',101662),
 (1241,151,'2014-12-16','1670000',2,'2015-01-24 00:00:00','1670000',NULL,'0','YES',NULL,NULL,NULL,'',101663),
 (1242,151,'2014-12-16','1670000',2,'2015-03-18 00:00:00','1670000',NULL,'0','YES',NULL,NULL,NULL,'',101664),
 (1243,151,'2014-12-16','1670000',2,'2015-04-25 00:00:00','1670000',NULL,'0','YES',NULL,NULL,NULL,'',101665),
 (1244,151,'2014-12-16','1670000',2,'2015-05-23 00:00:00','1670000',NULL,'0','YES',NULL,NULL,NULL,'',101666),
 (1245,151,'2014-12-16','1670000',1,'2015-06-28 00:00:00','1670000',NULL,'0','YES',NULL,NULL,NULL,'',101667),
 (1246,151,'2014-12-16','1670000',2,'2015-08-01 00:00:00','1670000',NULL,'0','YES',NULL,NULL,NULL,'',101668),
 (1247,151,'2014-12-16','1670000',2,'2015-08-30 00:00:00','1670000',NULL,'0','YES',NULL,NULL,NULL,'توسط دستگاه پاز',101669),
 (1248,151,'2014-12-16','1670000',2,'2015-09-27 00:00:00','1670000',NULL,'0','YES',NULL,NULL,NULL,'',101670),
 (1249,151,'2014-12-16','1670000',2,'2015-11-02 00:00:00','1670000',NULL,'0','YES',NULL,NULL,NULL,'',101671),
 (1250,151,'2014-12-16','1670000',0,NULL,'0',NULL,'','NO',NULL,NULL,NULL,'',101672),
 (1251,151,'2014-12-16','1670000',0,NULL,'0',NULL,'','NO',NULL,NULL,NULL,'',101673),
 (1252,152,'2014-12-16','1630000',2,'2015-01-01 00:00:00','1670000',NULL,'0','YES',NULL,NULL,NULL,'',101674),
 (1253,152,'2014-12-16','1670000',2,'2015-01-24 00:00:00','1670000',NULL,'0','YES',NULL,NULL,NULL,'',101675),
 (1254,152,'2014-12-16','1670000',2,'2015-03-18 00:00:00','1670000',NULL,'0','YES',NULL,NULL,NULL,'',101676),
 (1255,152,'2014-12-16','1670000',2,'2015-04-25 00:00:00','1670000',NULL,'0','YES',NULL,NULL,NULL,'',101677),
 (1256,152,'2014-12-16','1670000',2,'2015-05-23 00:00:00','1670000',NULL,'0','YES',NULL,NULL,NULL,'',101678),
 (1257,152,'2014-12-16','1670000',1,'2015-06-28 00:00:00','1670000',NULL,'0','YES',NULL,NULL,NULL,'',101679),
 (1258,152,'2014-12-16','1670000',2,'2015-08-01 00:00:00','1670000',NULL,'0','YES',NULL,NULL,NULL,'',101680),
 (1259,152,'2014-12-16','1670000',2,'2015-08-30 00:00:00','1670000',NULL,'0','YES',NULL,NULL,NULL,'توسط دستگاه پاز',101681),
 (1260,152,'2014-12-16','1670000',2,'2015-09-27 00:00:00','1670000',NULL,'0','YES',NULL,NULL,NULL,'',101682),
 (1261,152,'2014-12-16','1670000',2,'2015-11-02 00:00:00','1670000',NULL,'0','YES',NULL,NULL,NULL,'',101683),
 (1262,152,'2014-12-16','1670000',0,NULL,'0',NULL,'','NO',NULL,NULL,NULL,'',101684),
 (1263,152,'2014-12-16','1670000',0,NULL,'0',NULL,'','NO',NULL,NULL,NULL,'',101685),
 (1264,153,'2015-12-08','2000000000',0,NULL,'0',NULL,'0','NO',NULL,NULL,NULL,'',101687),
 (1265,154,'2014-12-09','6023334',1,'2015-09-01 00:00:00','6180000',NULL,'0','YES',NULL,NULL,NULL,'',101690),
 (1266,154,'2014-12-09','6180000',1,'2015-09-01 00:00:00','6180000',NULL,'0','YES',NULL,NULL,NULL,'',101691),
 (1267,154,'2014-12-09','6180000',2,'2015-09-22 00:00:00','6180000',NULL,'0','YES',NULL,NULL,NULL,'',101692),
 (1268,154,'2014-12-09','6180000',1,'2015-10-26 00:00:00','6180000',NULL,'0','YES',NULL,NULL,NULL,'',101693),
 (1269,154,'2014-12-09','6180000',0,NULL,'0',NULL,'','NO',NULL,NULL,NULL,'',101694),
 (1270,154,'2014-12-09','6180000',0,NULL,'0',NULL,'','NO',NULL,NULL,NULL,'',101695),
 (1271,154,'2014-12-09','6180000',0,NULL,'0',NULL,'','NO',NULL,NULL,NULL,'',101696),
 (1272,154,'2014-12-09','6180000',0,NULL,'0',NULL,'','NO',NULL,NULL,NULL,'',101697),
 (1273,154,'2014-12-09','6180000',0,NULL,'0',NULL,'','NO',NULL,NULL,NULL,'',101698),
 (1274,154,'2014-12-09','6180000',0,NULL,'0',NULL,'','NO',NULL,NULL,NULL,'',101699),
 (1275,154,'2014-12-09','6180000',0,NULL,'0',NULL,'','NO',NULL,NULL,NULL,'',101700),
 (1276,154,'2014-12-09','6180000',0,NULL,'0',NULL,'','NO',NULL,NULL,NULL,'',101701),
 (1277,154,'2014-12-09','6180000',0,NULL,'0',NULL,'','NO',NULL,NULL,NULL,'',101702),
 (1278,154,'2014-12-09','6180000',0,NULL,'0',NULL,'','NO',NULL,NULL,NULL,'',101703),
 (1279,154,'2014-12-09','6180000',0,NULL,'0',NULL,'','NO',NULL,NULL,NULL,'',101704),
 (1280,154,'2014-12-09','6180000',0,NULL,'0',NULL,'','NO',NULL,NULL,NULL,'',101705),
 (1281,154,'2014-12-09','6180000',0,NULL,'0',NULL,'','NO',NULL,NULL,NULL,'',101706),
 (1282,154,'2014-12-09','6180000',0,NULL,'0',NULL,'','NO',NULL,NULL,NULL,'',101707),
 (1283,155,'2014-12-15','12584816',2,'2015-01-31 00:00:00','12584816',NULL,'0','YES',NULL,NULL,NULL,'',101709),
 (1284,155,'2014-12-15','12730000',2,'2015-03-08 00:00:00','12730000',NULL,'0','YES',NULL,NULL,NULL,'',101709),
 (1285,155,'2014-12-15','12730000',2,'2015-03-08 00:00:00','12730000',NULL,'0','YES',NULL,NULL,NULL,'',101710),
 (1286,155,'2014-12-15','12730000',2,'2015-04-14 00:00:00','12730000',NULL,'0','YES',NULL,NULL,NULL,'',101711),
 (1287,155,'2014-12-15','12730000',2,'2015-05-14 00:00:00','12730000',NULL,'0','YES',NULL,NULL,NULL,'',101712),
 (1288,155,'2014-12-15','12730000',2,'2015-06-16 00:00:00','12730000',NULL,'0','YES',NULL,NULL,NULL,'',101713),
 (1289,155,'2014-12-15','12730000',2,'2015-07-16 00:00:00','12730000',NULL,'0','YES',NULL,NULL,NULL,'',101714),
 (1290,155,'2014-12-15','12730000',2,'2015-08-29 00:00:00','12730000',NULL,'0','YES',NULL,NULL,NULL,'',101715),
 (1291,155,'2014-12-15','12730000',2,'2015-09-21 00:00:00','12730000',NULL,'0','YES',NULL,NULL,NULL,'',101716),
 (1292,155,'2014-12-15','12730000',2,'2015-10-20 00:00:00','12730000',NULL,'0','YES',NULL,NULL,NULL,'',101717),
 (1293,155,'2014-12-15','12730000',0,NULL,'0',NULL,'','NO',NULL,NULL,NULL,'',101718),
 (1294,155,'2014-12-15','12730000',0,NULL,'0',NULL,'','NO',NULL,NULL,NULL,'',101719),
 (1295,155,'2014-12-15','12730000',0,NULL,'0',NULL,'','NO',NULL,NULL,NULL,'',101720),
 (1296,155,'2014-12-15','12730000',0,NULL,'0',NULL,'','NO',NULL,NULL,NULL,'',101721),
 (1297,155,'2014-12-15','12730000',0,NULL,'0',NULL,'','NO',NULL,NULL,NULL,'',101722),
 (1298,155,'2014-12-15','12730000',0,NULL,'0',NULL,'','NO',NULL,NULL,NULL,'',101723),
 (1299,155,'2014-12-15','12730000',0,NULL,'0',NULL,'','NO',NULL,NULL,NULL,'',101724),
 (1300,155,'2014-12-15','12730000',0,NULL,'0',NULL,'','NO',NULL,NULL,NULL,'',101725),
 (1301,155,'2014-12-15','12730000',0,NULL,'0',NULL,'','NO',NULL,NULL,NULL,'',101726),
 (1302,155,'2014-12-15','12730000',0,NULL,'0',NULL,'','NO',NULL,NULL,NULL,'',101727),
 (1303,155,'2014-12-15','12730000',0,NULL,'0',NULL,'','NO',NULL,NULL,NULL,'',101728),
 (1304,155,'2014-12-15','12730000',0,NULL,'0',NULL,'','NO',NULL,NULL,NULL,'',101729),
 (1305,155,'2014-12-15','12730000',0,NULL,'0',NULL,'','NO',NULL,NULL,NULL,'',101730),
 (1306,155,'2014-12-15','12730000',0,NULL,'0',NULL,'','NO',NULL,NULL,NULL,'',101731),
 (1307,156,'2014-12-24','695615',0,NULL,'0',NULL,'','NO',NULL,NULL,NULL,'',101732),
 (1308,156,'2014-12-24','700000',0,NULL,'0',NULL,'','NO',NULL,NULL,NULL,'',101733),
 (1309,156,'2014-12-24','700000',0,NULL,'0',NULL,'','NO',NULL,NULL,NULL,'',101734),
 (1310,156,'2014-12-24','700000',0,NULL,'0',NULL,'','NO',NULL,NULL,NULL,'',101735),
 (1311,156,'2014-12-24','700000',0,NULL,'0',NULL,'','NO',NULL,NULL,NULL,'',101736),
 (1312,156,'2014-12-24','700000',0,NULL,'0',NULL,'','NO',NULL,NULL,NULL,'',101737),
 (1313,156,'2014-12-24','700000',0,NULL,'0',NULL,'','NO',NULL,NULL,NULL,'',101738),
 (1314,156,'2014-12-24','700000',0,NULL,'0',NULL,'','NO',NULL,NULL,NULL,'',101739),
 (1315,156,'2014-12-24','700000',0,NULL,'0',NULL,'','NO',NULL,NULL,NULL,'',101740),
 (1316,156,'2014-12-24','700000',0,NULL,'0',NULL,'','NO',NULL,NULL,NULL,'',101741),
 (1317,156,'2014-12-24','700000',0,NULL,'0',NULL,'','NO',NULL,NULL,NULL,'',101742),
 (1318,156,'2014-12-24','700000',0,NULL,'0',NULL,'','NO',NULL,NULL,NULL,'',101743),
 (1319,156,'2014-12-24','700000',0,NULL,'0',NULL,'','NO',NULL,NULL,NULL,'',101744),
 (1320,156,'2014-12-24','700000',0,NULL,'0',NULL,'','NO',NULL,NULL,NULL,'',101745),
 (1321,156,'2014-12-24','700000',0,NULL,'0',NULL,'','NO',NULL,NULL,NULL,'',101746),
 (1322,156,'2014-12-24','700000',0,NULL,'0',NULL,'','NO',NULL,NULL,NULL,'',101747),
 (1323,156,'2014-12-24','700000',0,NULL,'0',NULL,'','NO',NULL,NULL,NULL,'',101748),
 (1324,156,'2014-12-24','700000',0,NULL,'0',NULL,'','NO',NULL,NULL,NULL,'',101749),
 (1325,156,'2014-12-24','700000',0,NULL,'0',NULL,'','NO',NULL,NULL,NULL,'',101750),
 (1326,156,'2014-12-24','700000',0,NULL,'0',NULL,'','NO',NULL,NULL,NULL,'',101751),
 (1327,156,'2014-12-24','700000',0,NULL,'0',NULL,'','NO',NULL,NULL,NULL,'',101752),
 (1328,156,'2014-12-24','700000',0,NULL,'0',NULL,'','NO',NULL,NULL,NULL,'',101753),
 (1329,156,'2014-12-24','700000',0,NULL,'0',NULL,'','NO',NULL,NULL,NULL,'',101754),
 (1330,156,'2014-12-24','700000',0,NULL,'0',NULL,'','NO',NULL,NULL,NULL,'',101755),
 (1331,157,'2014-12-24','434251',1,'2015-06-07 00:00:00','3305000',NULL,'0','YES',NULL,NULL,NULL,'',101756),
 (1332,157,'2014-12-24','670000',1,'2015-06-21 00:00:00','661000',NULL,'0','YES',NULL,NULL,NULL,'',101757),
 (1333,157,'2014-12-24','670000',0,NULL,'0',NULL,'','NO',NULL,NULL,NULL,'',101758),
 (1334,157,'2014-12-24','670000',0,NULL,'0',NULL,'','NO',NULL,NULL,NULL,'',101759),
 (1335,157,'2014-12-24','670000',0,NULL,'0',NULL,'','NO',NULL,NULL,NULL,'',101760),
 (1336,157,'2014-12-24','670000',0,NULL,'0',NULL,'','NO',NULL,NULL,NULL,'',101761),
 (1337,157,'2014-12-24','670000',0,NULL,'0',NULL,'','NO',NULL,NULL,NULL,'',101762),
 (1338,157,'2014-12-24','670000',0,NULL,'0',NULL,'','NO',NULL,NULL,NULL,'',101763),
 (1339,157,'2014-12-24','670000',0,NULL,'0',NULL,'','NO',NULL,NULL,NULL,'',101764),
 (1340,157,'2014-12-24','670000',0,NULL,'0',NULL,'','NO',NULL,NULL,NULL,'',101765),
 (1341,157,'2014-12-24','670000',0,NULL,'0',NULL,'','NO',NULL,NULL,NULL,'',101766),
 (1342,157,'2014-12-24','670000',0,NULL,'0',NULL,'','NO',NULL,NULL,NULL,'',101767),
 (1343,157,'2014-12-24','670000',0,NULL,'0',NULL,'','NO',NULL,NULL,NULL,'',101768),
 (1344,157,'2014-12-24','670000',0,NULL,'0',NULL,'','NO',NULL,NULL,NULL,'',101769),
 (1345,157,'2014-12-24','670000',0,NULL,'0',NULL,'','NO',NULL,NULL,NULL,'',101770),
 (1346,157,'2014-12-24','670000',0,NULL,'0',NULL,'','NO',NULL,NULL,NULL,'',101771),
 (1347,157,'2014-12-24','670000',0,NULL,'0',NULL,'','NO',NULL,NULL,NULL,'',101772),
 (1348,157,'2014-12-24','670000',0,NULL,'0',NULL,'','NO',NULL,NULL,NULL,'',101773),
 (1349,157,'2014-12-24','670000',0,NULL,'0',NULL,'','NO',NULL,NULL,NULL,'',101774),
 (1350,157,'2014-12-24','670000',0,NULL,'0',NULL,'','NO',NULL,NULL,NULL,'',101775),
 (1351,157,'2014-12-24','670000',0,NULL,'0',NULL,'','NO',NULL,NULL,NULL,'',101776),
 (1352,157,'2014-12-24','670000',0,NULL,'0',NULL,'','NO',NULL,NULL,NULL,'',101777),
 (1353,157,'2014-12-24','670000',0,NULL,'0',NULL,'','NO',NULL,NULL,NULL,'',101778),
 (1354,157,'2014-12-24','670000',0,NULL,'0',NULL,'','NO',NULL,NULL,NULL,'',101779),
 (1355,158,'2015-01-01','3348465',2,'2015-04-29 00:00:00','3348465',NULL,'0','YES',NULL,NULL,NULL,'',101782),
 (1356,158,'2015-01-01','3410000',2,'2015-05-27 00:00:00','3410000',NULL,'0','YES',NULL,NULL,NULL,'',101783),
 (1357,158,'2015-01-01','3410000',2,'2015-06-30 00:00:00','3410000',NULL,'0','YES',NULL,NULL,NULL,'',101784),
 (1358,158,'2015-01-01','3410000',2,'2015-08-01 00:00:00','3410000',NULL,'0','YES',NULL,NULL,NULL,'',101785),
 (1359,158,'2015-01-01','3410000',2,'2015-09-01 00:00:00','3410000',NULL,'0','YES',NULL,NULL,NULL,'',101786),
 (1360,158,'2015-01-01','3410000',1,'2015-10-01 00:00:00','3400000',NULL,'0','YES',NULL,NULL,NULL,'',101787),
 (1361,158,'2015-01-01','3410000',1,'2015-11-01 00:00:00','3410000',NULL,'0','YES',NULL,NULL,NULL,'',101788),
 (1362,158,'2015-01-01','3410000',0,NULL,'0',NULL,'','NO',NULL,NULL,NULL,'',101789),
 (1363,158,'2015-01-01','3410000',0,NULL,'0',NULL,'','NO',NULL,NULL,NULL,'',101790),
 (1364,159,'2015-03-04','1000000000',0,NULL,'0',NULL,'0','NO',NULL,NULL,NULL,'',101793),
 (1365,160,'2015-03-05','250000000',1,'2015-10-21 00:00:00','250000000',NULL,'0','YES',NULL,NULL,NULL,'',101794),
 (1366,160,'2015-06-04','750000000',0,NULL,'0',NULL,'0','NO',NULL,NULL,NULL,'',102567),
 (1367,161,'2015-04-05','1000000000',0,NULL,'0',NULL,'0','NO',NULL,NULL,NULL,'',101795),
 (1368,162,'2015-01-07','30916566',2,'2015-08-08 00:00:00','30916566',NULL,'0','YES',NULL,NULL,NULL,'',101796),
 (1369,162,'2015-01-07','30960000',2,'2015-09-08 00:00:00','30960000',NULL,'0','YES',NULL,NULL,NULL,'',101797),
 (1370,162,'2015-01-07','30960000',0,NULL,'0',NULL,'','NO',NULL,NULL,NULL,'',101798),
 (1371,162,'2015-01-07','30960000',0,NULL,'0',NULL,'','NO',NULL,NULL,NULL,'',101799),
 (1372,162,'2015-01-07','30960000',0,NULL,'0',NULL,'','NO',NULL,NULL,NULL,'',101800),
 (1373,162,'2015-01-07','30960000',0,NULL,'0',NULL,'','NO',NULL,NULL,NULL,'',101801),
 (1374,162,'2015-01-07','30960000',0,NULL,'0',NULL,'','NO',NULL,NULL,NULL,'',101802),
 (1375,162,'2015-01-07','30960000',0,NULL,'0',NULL,'','NO',NULL,NULL,NULL,'',101803),
 (1376,162,'2015-01-07','30960000',0,NULL,'0',NULL,'','NO',NULL,NULL,NULL,'',101804),
 (1377,162,'2015-01-07','30960000',0,NULL,'0',NULL,'','NO',NULL,NULL,NULL,'',101805),
 (1378,162,'2015-01-07','30960000',0,NULL,'0',NULL,'','NO',NULL,NULL,NULL,'',101806),
 (1379,162,'2015-01-07','30960000',0,NULL,'0',NULL,'','NO',NULL,NULL,NULL,'',101807),
 (1380,162,'2015-01-07','30960000',0,NULL,'0',NULL,'','NO',NULL,NULL,NULL,'',101808),
 (1381,162,'2015-01-07','30960000',0,NULL,'0',NULL,'','NO',NULL,NULL,NULL,'',101809),
 (1382,162,'2015-01-07','30960000',0,NULL,'0',NULL,'','NO',NULL,NULL,NULL,'',101810),
 (1383,162,'2015-01-07','30960000',0,NULL,'0',NULL,'','NO',NULL,NULL,NULL,'',101811),
 (1384,162,'2015-01-07','30960000',0,NULL,'0',NULL,'','NO',NULL,NULL,NULL,'',101812),
 (1385,162,'2015-01-07','30960000',0,NULL,'0',NULL,'','NO',NULL,NULL,NULL,'',101813),
 (1386,163,'2015-01-21','1500000',1,'2015-02-25 00:00:00','1500000',NULL,'0','YES',NULL,NULL,NULL,'',101816),
 (1387,163,'2015-01-21','1500000',0,NULL,'0',NULL,'','NO',NULL,NULL,NULL,'',101817),
 (1388,163,'2015-01-21','1500000',0,NULL,'0',NULL,'','NO',NULL,NULL,NULL,'',101818),
 (1389,163,'2015-01-21','1500000',0,NULL,'0',NULL,'','NO',NULL,NULL,NULL,'',101819),
 (1390,163,'2015-01-21','1500000',0,NULL,'0',NULL,'','NO',NULL,NULL,NULL,'',101820),
 (1391,163,'2015-01-21','1500000',0,NULL,'0',NULL,'','NO',NULL,NULL,NULL,'',101821),
 (1392,163,'2015-01-21','1500000',0,NULL,'0',NULL,'','NO',NULL,NULL,NULL,'',101822),
 (1393,163,'2015-01-21','1500000',0,NULL,'0',NULL,'','NO',NULL,NULL,NULL,'',101823),
 (1394,163,'2015-01-21','1500000',0,NULL,'0',NULL,'','NO',NULL,NULL,NULL,'',101824),
 (1395,163,'2015-01-21','1500000',0,NULL,'0',NULL,'','NO',NULL,NULL,NULL,'',101825),
 (1396,163,'2015-01-21','1500000',0,NULL,'0',NULL,'','NO',NULL,NULL,NULL,'',101826),
 (1397,163,'2015-01-21','1500000',0,NULL,'0',NULL,'','NO',NULL,NULL,NULL,'',101827),
 (1398,163,'2015-01-21','1500000',0,NULL,'0',NULL,'','NO',NULL,NULL,NULL,'',101828),
 (1399,163,'2015-01-21','1500000',0,NULL,'0',NULL,'','NO',NULL,NULL,NULL,'',101829),
 (1400,163,'2015-01-21','1500000',0,NULL,'0',NULL,'','NO',NULL,NULL,NULL,'',101830),
 (1401,163,'2015-01-21','1500000',0,NULL,'0',NULL,'','NO',NULL,NULL,NULL,'',101831),
 (1402,163,'2015-01-21','1500000',0,NULL,'0',NULL,'','NO',NULL,NULL,NULL,'',101832),
 (1403,163,'2015-01-21','1500000',0,NULL,'0',NULL,'','NO',NULL,NULL,NULL,'',101833),
 (1404,163,'2015-01-21','1500000',0,NULL,'0',NULL,'','NO',NULL,NULL,NULL,'',101834),
 (1405,163,'2015-01-21','1500000',0,NULL,'0',NULL,'','NO',NULL,NULL,NULL,'',101835),
 (1406,164,'2015-01-27','3100000',1,'2015-09-01 00:00:00','3100000',NULL,'0','YES',NULL,NULL,NULL,'',101846),
 (1407,164,'2015-01-27','6680000',1,'2015-10-26 00:00:00','6680000',NULL,'0','YES',NULL,NULL,NULL,'',101847),
 (1408,164,'2015-01-27','3100000',0,NULL,'0',NULL,'','NO',NULL,NULL,NULL,'',101848),
 (1409,164,'2015-01-27','3100000',0,NULL,'0',NULL,'','NO',NULL,NULL,NULL,'',101849),
 (1410,164,'2015-01-27','3100000',0,NULL,'0',NULL,'','NO',NULL,NULL,NULL,'',101850),
 (1411,164,'2015-01-27','3100000',0,NULL,'0',NULL,'','NO',NULL,NULL,NULL,'',101851),
 (1412,164,'2015-01-27','3100000',0,NULL,'0',NULL,'','NO',NULL,NULL,NULL,'',101852),
 (1413,164,'2015-01-27','3100000',0,NULL,'0',NULL,'','NO',NULL,NULL,NULL,'',101853),
 (1414,164,'2015-01-27','3100000',0,NULL,'0',NULL,'','NO',NULL,NULL,NULL,'',101854),
 (1415,164,'2015-01-27','3100000',0,NULL,'0',NULL,'','NO',NULL,NULL,NULL,'',101855),
 (1416,164,'2015-01-27','3100000',0,NULL,'0',NULL,'','NO',NULL,NULL,NULL,'',101856),
 (1417,164,'2015-01-27','3100000',0,NULL,'0',NULL,'','NO',NULL,NULL,NULL,'',101857),
 (1418,164,'2015-01-27','3100000',0,NULL,'0',NULL,'','NO',NULL,NULL,NULL,'',101858),
 (1419,164,'2015-01-27','3100000',0,NULL,'0',NULL,'','NO',NULL,NULL,NULL,'',101859),
 (1420,164,'2015-01-27','3100000',0,NULL,'0',NULL,'','NO',NULL,NULL,NULL,'',101860),
 (1421,164,'2015-01-27','3100000',0,NULL,'0',NULL,'','NO',NULL,NULL,NULL,'',101861),
 (1422,164,'2015-02-26','2543657',0,NULL,'0',NULL,'0','NO',NULL,NULL,NULL,'',102568),
 (1423,165,'2015-01-27','46374849',0,NULL,'0',NULL,'','NO',NULL,NULL,NULL,'',101864),
 (1424,165,'2015-01-27','46440000',0,NULL,'0',NULL,'','NO',NULL,NULL,NULL,'',101865),
 (1425,165,'2015-01-27','46440000',0,NULL,'0',NULL,'','NO',NULL,NULL,NULL,'',101866),
 (1426,165,'2015-01-27','46440000',0,NULL,'0',NULL,'','NO',NULL,NULL,NULL,'',101867),
 (1427,165,'2015-01-27','46440000',0,NULL,'0',NULL,'','NO',NULL,NULL,NULL,'',101868),
 (1428,165,'2015-01-27','46440000',0,NULL,'0',NULL,'','NO',NULL,NULL,NULL,'',101869),
 (1429,165,'2015-01-27','46440000',0,NULL,'0',NULL,'','NO',NULL,NULL,NULL,'',101870),
 (1430,165,'2015-01-27','46440000',0,NULL,'0',NULL,'','NO',NULL,NULL,NULL,'',101871),
 (1431,165,'2015-01-27','46440000',0,NULL,'0',NULL,'','NO',NULL,NULL,NULL,'',101872),
 (1432,165,'2015-01-27','46440000',0,NULL,'0',NULL,'','NO',NULL,NULL,NULL,'',101873),
 (1433,165,'2015-01-27','46440000',0,NULL,'0',NULL,'','NO',NULL,NULL,NULL,'',101874),
 (1434,165,'2015-01-27','46440000',0,NULL,'0',NULL,'','NO',NULL,NULL,NULL,'',101875),
 (1435,165,'2015-01-27','46440000',0,NULL,'0',NULL,'','NO',NULL,NULL,NULL,'',101876),
 (1436,165,'2015-01-27','46440000',0,NULL,'0',NULL,'','NO',NULL,NULL,NULL,'',101877),
 (1437,165,'2015-01-27','46440000',0,NULL,'0',NULL,'','NO',NULL,NULL,NULL,'',101878),
 (1438,165,'2015-01-27','46440000',0,NULL,'0',NULL,'','NO',NULL,NULL,NULL,'',101879),
 (1439,165,'2015-01-27','46440000',0,NULL,'0',NULL,'','NO',NULL,NULL,NULL,'',101880),
 (1440,165,'2015-01-27','46440000',0,NULL,'0',NULL,'','NO',NULL,NULL,NULL,'',101881),
 (1441,166,'2015-03-06','1000000000',0,NULL,'0',NULL,'0','NO',NULL,NULL,NULL,'',101884),
 (1442,167,'2015-03-07','1000000000',0,NULL,'0',NULL,'0','NO',NULL,NULL,NULL,'',101885),
 (1443,168,'2015-03-21','5000000000',0,NULL,'0',NULL,'','NO',NULL,NULL,NULL,'',101891),
 (1444,169,'2015-06-25','3404000',1,'2015-06-20 00:00:00','3400000',NULL,'0','YES',NULL,NULL,NULL,'',101892),
 (1445,169,'2015-06-25','3404000',1,'2015-07-20 00:00:00','3400000',NULL,'0','YES',NULL,NULL,NULL,'',101893),
 (1446,169,'2015-06-25','3404000',1,'2015-08-20 00:00:00','3400000',NULL,'0','YES',NULL,NULL,NULL,'',101894),
 (1447,169,'2015-06-25','3404000',2,'2015-09-20 00:00:00','3400000',NULL,'0','YES',NULL,NULL,NULL,'',101895),
 (1448,169,'2015-06-25','3404000',1,'2015-10-21 00:00:00','3400000',NULL,'0','YES',NULL,NULL,NULL,'',101896),
 (1449,169,'2015-06-25','3404000',0,NULL,'0',NULL,'','NO',NULL,NULL,NULL,'',101897),
 (1450,169,'2015-06-25','3404000',0,NULL,'0',NULL,'','NO',NULL,NULL,NULL,'',101898),
 (1451,169,'2015-06-25','3404000',0,NULL,'0',NULL,'','NO',NULL,NULL,NULL,'',101899),
 (1452,169,'2015-06-25','3396465',0,NULL,'0',NULL,'','NO',NULL,NULL,NULL,'',101900),
 (1453,170,'2015-09-26','70000000',1,'2015-05-05 00:00:00','70000000',NULL,'0','YES',NULL,NULL,NULL,'',101901),
 (1454,170,'2015-09-26','35000000',1,'2015-05-14 00:00:00','35000000',NULL,'0','YES',NULL,NULL,NULL,'',101902),
 (1455,170,'2015-10-26','50000000',2,'2015-10-10 00:00:00','50000000',NULL,'0','YES',NULL,NULL,NULL,'',102548),
 (1456,170,'2015-11-25','50000000',2,'2015-10-10 00:00:00','50000000',NULL,'0','YES',NULL,NULL,NULL,'',102549),
 (1457,170,'2015-12-25','1640592007',0,NULL,'0',NULL,'0','NO',NULL,NULL,NULL,'',102550),
 (1458,171,'2016-03-30','400000000',0,NULL,'0',NULL,'','NO',NULL,NULL,NULL,'',101924),
 (1459,172,'2015-10-03','46437000',0,NULL,'0',NULL,'','NO',NULL,NULL,NULL,'',101925),
 (1460,172,'2015-10-03','46437000',0,NULL,'0',NULL,'','NO',NULL,NULL,NULL,'',101926),
 (1461,172,'2015-10-03','46437000',0,NULL,'0',NULL,'','NO',NULL,NULL,NULL,'',101927),
 (1462,172,'2015-10-03','46437000',0,NULL,'0',NULL,'','NO',NULL,NULL,NULL,'',101928),
 (1463,172,'2015-10-03','46437000',0,NULL,'0',NULL,'','NO',NULL,NULL,NULL,'',101929),
 (1464,172,'2015-10-03','46437000',0,NULL,'0',NULL,'','NO',NULL,NULL,NULL,'',101930),
 (1465,172,'2015-10-03','46437000',0,NULL,'0',NULL,'','NO',NULL,NULL,NULL,'',101931),
 (1466,172,'2015-10-03','46437000',0,NULL,'0',NULL,'','NO',NULL,NULL,NULL,'',101932),
 (1467,172,'2015-10-03','46437000',0,NULL,'0',NULL,'','NO',NULL,NULL,NULL,'',101933),
 (1468,172,'2015-10-03','46437000',0,NULL,'0',NULL,'','NO',NULL,NULL,NULL,'',101934),
 (1469,172,'2015-10-03','46437000',0,NULL,'0',NULL,'','NO',NULL,NULL,NULL,'',101935),
 (1470,172,'2015-10-03','46437000',0,NULL,'0',NULL,'','NO',NULL,NULL,NULL,'',101936),
 (1471,172,'2015-10-03','46437000',0,NULL,'0',NULL,'','NO',NULL,NULL,NULL,'',101937),
 (1472,172,'2015-10-03','46437000',0,NULL,'0',NULL,'','NO',NULL,NULL,NULL,'',101938),
 (1473,172,'2015-10-03','46437000',0,NULL,'0',NULL,'','NO',NULL,NULL,NULL,'',101939),
 (1474,172,'2015-10-03','46437000',0,NULL,'0',NULL,'','NO',NULL,NULL,NULL,'',101940),
 (1475,172,'2015-10-03','46437000',0,NULL,'0',NULL,'','NO',NULL,NULL,NULL,'',101941),
 (1476,172,'2015-10-03','46425849',0,NULL,'0',NULL,'','NO',NULL,NULL,NULL,'',101942),
 (1477,173,'2015-03-31','1000000000',0,NULL,'0',NULL,'','NO',NULL,NULL,NULL,'',101943),
 (1478,174,'2015-03-31','10570000',1,'2015-04-05 00:00:00','10570000',NULL,'0','YES',NULL,NULL,NULL,'',101944),
 (1479,174,'2015-03-31','10570000',1,'2015-05-09 00:00:00','10570000',NULL,'0','YES',NULL,NULL,NULL,'',101945),
 (1480,174,'2015-03-31','10570000',1,'2015-06-01 00:00:00','10570000',NULL,'0','YES',NULL,NULL,NULL,'',101946),
 (1481,174,'2015-03-31','10570000',1,'2015-07-14 00:00:00','10570000',NULL,'0','YES',NULL,NULL,NULL,'',101947),
 (1482,174,'2015-03-31','10570000',1,'2015-08-19 00:00:00','10570000',NULL,'0','YES',NULL,NULL,NULL,'',101948),
 (1483,174,'2015-03-31','10570000',1,'2015-08-19 00:00:00','10570000',NULL,'0','YES',NULL,NULL,NULL,'',101949),
 (1484,174,'2015-03-31','21140000',2,'2015-11-02 00:00:00','21140000',NULL,'0','YES',NULL,NULL,NULL,'',101950),
 (1485,174,'2015-03-31','10563000',0,NULL,'0',NULL,'','NO',NULL,NULL,NULL,'',101951),
 (1486,174,'2015-03-31','10563000',0,NULL,'0',NULL,'','NO',NULL,NULL,NULL,'',101952),
 (1487,174,'2015-03-31','10563000',0,NULL,'0',NULL,'','NO',NULL,NULL,NULL,'',101953),
 (1488,174,'2015-03-31','10563000',0,NULL,'0',NULL,'','NO',NULL,NULL,NULL,'',101954),
 (1489,174,'2015-03-31','10563000',0,NULL,'0',NULL,'','NO',NULL,NULL,NULL,'',101955),
 (1490,174,'2015-03-31','10563000',0,NULL,'0',NULL,'','NO',NULL,NULL,NULL,'',101956),
 (1491,174,'2015-03-31','10563000',0,NULL,'0',NULL,'','NO',NULL,NULL,NULL,'',101957),
 (1492,174,'2015-03-31','10563000',0,NULL,'0',NULL,'','NO',NULL,NULL,NULL,'',101958),
 (1493,174,'2015-03-31','10563000',0,NULL,'0',NULL,'','NO',NULL,NULL,NULL,'',101959),
 (1494,174,'2015-03-31','10563000',0,NULL,'0',NULL,'','NO',NULL,NULL,NULL,'',101960),
 (1495,174,'2015-03-31','10563000',0,NULL,'0',NULL,'','NO',NULL,NULL,NULL,'',101961),
 (1496,174,'2015-03-31','10563000',0,NULL,'0',NULL,'','NO',NULL,NULL,NULL,'',101962),
 (1497,174,'2015-03-31','10563000',0,NULL,'0',NULL,'','NO',NULL,NULL,NULL,'',101963),
 (1498,174,'2015-03-31','10563000',0,NULL,'0',NULL,'','NO',NULL,NULL,NULL,'',101964),
 (1499,174,'2015-03-31','10563000',0,NULL,'0',NULL,'','NO',NULL,NULL,NULL,'',101965),
 (1500,174,'2015-03-31','59976',0,NULL,'0',NULL,'','NO',NULL,NULL,NULL,'',101966),
 (1501,174,'2015-05-01','10443048',0,NULL,'0',NULL,'0','NO',NULL,NULL,NULL,'',102578),
 (1502,175,'2015-03-31','5599000',1,'2015-04-05 00:00:00','5600000',NULL,'0','YES',NULL,NULL,NULL,'',101968),
 (1503,175,'2015-03-31','5599000',1,'2015-05-09 00:00:00','5600000',NULL,'0','YES',NULL,NULL,NULL,'',101969),
 (1504,175,'2015-03-31','5599000',1,'2015-06-01 00:00:00','5600000',NULL,'0','YES',NULL,NULL,NULL,'',101970),
 (1505,175,'2015-03-31','5600000',1,'2015-06-28 00:00:00','5600000',NULL,'0','YES',NULL,NULL,NULL,'',101971),
 (1506,175,'2015-03-31','5599000',1,'2015-08-05 00:00:00','5600000',NULL,'0','YES',NULL,NULL,NULL,'',101972),
 (1507,175,'2015-03-31','5599000',1,'2015-09-20 00:00:00','5600000',NULL,'0','YES',NULL,NULL,NULL,'',101973),
 (1508,175,'2015-03-31','5599000',1,'2015-10-10 00:00:00','5600000',NULL,'0','YES',NULL,NULL,NULL,'',101974),
 (1509,175,'2015-03-31','5599000',1,'2015-11-02 00:00:00','5600000',NULL,'0','YES',NULL,NULL,NULL,'',101975),
 (1510,175,'2015-03-31','5599000',0,NULL,'0',NULL,'','NO',NULL,NULL,NULL,'',101976),
 (1511,175,'2015-03-31','5599000',0,NULL,'0',NULL,'','NO',NULL,NULL,NULL,'',101977),
 (1512,175,'2015-03-31','5599000',0,NULL,'0',NULL,'','NO',NULL,NULL,NULL,'',101978),
 (1513,175,'2015-03-31','5599000',0,NULL,'0',NULL,'','NO',NULL,NULL,NULL,'',101979),
 (1514,175,'2015-03-31','5599000',0,NULL,'0',NULL,'','NO',NULL,NULL,NULL,'',101980),
 (1515,175,'2015-03-31','5599000',0,NULL,'0',NULL,'','NO',NULL,NULL,NULL,'',101981),
 (1516,175,'2015-03-31','5599000',0,NULL,'0',NULL,'','NO',NULL,NULL,NULL,'',101982),
 (1517,175,'2015-03-31','5599000',0,NULL,'0',NULL,'','NO',NULL,NULL,NULL,'',101983),
 (1518,175,'2015-03-31','5599000',0,NULL,'0',NULL,'','NO',NULL,NULL,NULL,'',101984),
 (1519,175,'2015-03-31','5599000',0,NULL,'0',NULL,'','NO',NULL,NULL,NULL,'',101985),
 (1520,175,'2015-03-31','5599000',0,NULL,'0',NULL,'','NO',NULL,NULL,NULL,'',101986),
 (1521,175,'2015-03-31','5599000',0,NULL,'0',NULL,'','NO',NULL,NULL,NULL,'',101987),
 (1522,175,'2015-03-31','5599000',0,NULL,'0',NULL,'','NO',NULL,NULL,NULL,'',101988),
 (1523,175,'2015-03-31','5599000',0,NULL,'0',NULL,'','NO',NULL,NULL,NULL,'',101989),
 (1524,175,'2015-03-31','5599000',0,NULL,'0',NULL,'','NO',NULL,NULL,NULL,'',101990),
 (1525,175,'2015-03-31','5587919',0,NULL,'0',NULL,'','NO',NULL,NULL,NULL,'',101991),
 (1526,176,'2015-03-31','1000000000',0,NULL,'0',NULL,'','NO',NULL,NULL,NULL,'',101992),
 (1527,177,'2015-10-05','15479000',0,NULL,'0',NULL,'','NO',NULL,NULL,NULL,'',101993),
 (1528,177,'2015-10-05','15479000',0,NULL,'0',NULL,'','NO',NULL,NULL,NULL,'',101994),
 (1529,177,'2015-10-05','15479000',0,NULL,'0',NULL,'','NO',NULL,NULL,NULL,'',101995),
 (1530,177,'2015-10-05','15479000',0,NULL,'0',NULL,'','NO',NULL,NULL,NULL,'',101996),
 (1531,177,'2015-10-05','15479000',0,NULL,'0',NULL,'','NO',NULL,NULL,NULL,'',101997),
 (1532,177,'2015-10-05','15479000',0,NULL,'0',NULL,'','NO',NULL,NULL,NULL,'',101998),
 (1533,177,'2015-10-05','15479000',0,NULL,'0',NULL,'','NO',NULL,NULL,NULL,'',101999),
 (1534,177,'2015-10-05','15479000',0,NULL,'0',NULL,'','NO',NULL,NULL,NULL,'',102000),
 (1535,177,'2015-10-05','15479000',0,NULL,'0',NULL,'','NO',NULL,NULL,NULL,'',102001),
 (1536,177,'2015-10-05','15479000',0,NULL,'0',NULL,'','NO',NULL,NULL,NULL,'',102002),
 (1537,177,'2015-10-05','15479000',0,NULL,'0',NULL,'','NO',NULL,NULL,NULL,'',102003),
 (1538,177,'2015-10-05','15479000',0,NULL,'0',NULL,'','NO',NULL,NULL,NULL,'',102004),
 (1539,177,'2015-10-05','15479000',0,NULL,'0',NULL,'','NO',NULL,NULL,NULL,'',102005),
 (1540,177,'2015-10-05','15479000',0,NULL,'0',NULL,'','NO',NULL,NULL,NULL,'',102006),
 (1541,177,'2015-10-05','15479000',0,NULL,'0',NULL,'','NO',NULL,NULL,NULL,'',102007),
 (1542,177,'2015-10-05','15479000',0,NULL,'0',NULL,'','NO',NULL,NULL,NULL,'',102008),
 (1543,177,'2015-10-05','15479000',0,NULL,'0',NULL,'','NO',NULL,NULL,NULL,'',102009),
 (1544,177,'2015-10-05','15475283',0,NULL,'0',NULL,'','NO',NULL,NULL,NULL,'',102010),
 (1545,178,'2015-04-03','1000000000',0,NULL,'0',NULL,'','NO',NULL,NULL,NULL,'',102011),
 (1546,179,'2015-10-10','53873000',0,NULL,'0',NULL,'','NO',NULL,NULL,NULL,'',102016),
 (1547,179,'2015-10-10','53873000',0,NULL,'0',NULL,'','NO',NULL,NULL,NULL,'',102017),
 (1548,179,'2015-10-10','53873000',0,NULL,'0',NULL,'','NO',NULL,NULL,NULL,'',102018),
 (1549,179,'2015-10-10','53873000',0,NULL,'0',NULL,'','NO',NULL,NULL,NULL,'',102019),
 (1550,179,'2015-10-10','53873000',0,NULL,'0',NULL,'','NO',NULL,NULL,NULL,'',102020),
 (1551,179,'2015-10-10','53873000',0,NULL,'0',NULL,'','NO',NULL,NULL,NULL,'',102021),
 (1552,179,'2015-10-10','53873000',0,NULL,'0',NULL,'','NO',NULL,NULL,NULL,'',102022),
 (1553,179,'2015-10-10','53873000',0,NULL,'0',NULL,'','NO',NULL,NULL,NULL,'',102023),
 (1554,179,'2015-10-10','53873000',0,NULL,'0',NULL,'','NO',NULL,NULL,NULL,'',102024),
 (1555,179,'2015-10-10','53873000',0,NULL,'0',NULL,'','NO',NULL,NULL,NULL,'',102025),
 (1556,179,'2015-10-10','53873000',0,NULL,'0',NULL,'','NO',NULL,NULL,NULL,'',102026),
 (1557,179,'2015-10-10','53864247',0,NULL,'0',NULL,'','NO',NULL,NULL,NULL,'',102027),
 (1558,180,'2016-04-07','79167000',0,NULL,'0',NULL,'','NO',NULL,NULL,NULL,'',102028),
 (1559,180,'2016-04-07','79167000',0,NULL,'0',NULL,'','NO',NULL,NULL,NULL,'',102029),
 (1560,180,'2016-04-07','79167000',0,NULL,'0',NULL,'','NO',NULL,NULL,NULL,'',102030),
 (1561,180,'2016-04-07','79167000',0,NULL,'0',NULL,'','NO',NULL,NULL,NULL,'',102031),
 (1562,180,'2016-04-07','79167000',0,NULL,'0',NULL,'','NO',NULL,NULL,NULL,'',102032),
 (1563,180,'2016-04-07','79165000',0,NULL,'0',NULL,'','NO',NULL,NULL,NULL,'',102033),
 (1564,181,'2015-04-09','1853000',2,'2015-09-07 00:00:00','3000000',NULL,'0','YES',NULL,NULL,NULL,'',102034),
 (1565,181,'2015-04-09','1853000',0,NULL,'0',NULL,'','NO',NULL,NULL,NULL,'',102035),
 (1566,181,'2015-04-09','1853000',0,NULL,'0',NULL,'','NO',NULL,NULL,NULL,'',102036),
 (1567,181,'2015-04-09','1853000',0,NULL,'0',NULL,'','NO',NULL,NULL,NULL,'',102037),
 (1568,181,'2015-04-09','1853000',0,NULL,'0',NULL,'','NO',NULL,NULL,NULL,'',102038),
 (1569,181,'2015-04-09','1853000',0,NULL,'0',NULL,'','NO',NULL,NULL,NULL,'',102039),
 (1570,181,'2015-04-09','1853000',0,NULL,'0',NULL,'','NO',NULL,NULL,NULL,'',102040),
 (1571,181,'2015-04-09','1853000',0,NULL,'0',NULL,'','NO',NULL,NULL,NULL,'',102041),
 (1572,181,'2015-04-09','1853000',0,NULL,'0',NULL,'','NO',NULL,NULL,NULL,'',102042),
 (1573,181,'2015-04-09','1853000',0,NULL,'0',NULL,'','NO',NULL,NULL,NULL,'',102043),
 (1574,181,'2015-04-09','1853000',0,NULL,'0',NULL,'','NO',NULL,NULL,NULL,'',102044),
 (1575,181,'2015-04-09','1849281',0,NULL,'0',NULL,'','NO',NULL,NULL,NULL,'',102045),
 (1576,182,'2015-04-09','1853000',0,NULL,'0',NULL,'','NO',NULL,NULL,NULL,'',102046),
 (1577,182,'2015-04-09','1853000',0,NULL,'0',NULL,'','NO',NULL,NULL,NULL,'',102047),
 (1578,182,'2015-04-09','1853000',0,NULL,'0',NULL,'','NO',NULL,NULL,NULL,'',102048),
 (1579,182,'2015-04-09','1853000',0,NULL,'0',NULL,'','NO',NULL,NULL,NULL,'',102049),
 (1580,182,'2015-04-09','1853000',0,NULL,'0',NULL,'','NO',NULL,NULL,NULL,'',102050),
 (1581,182,'2015-04-09','1853000',0,NULL,'0',NULL,'','NO',NULL,NULL,NULL,'',102051),
 (1582,182,'2015-04-09','1853000',0,NULL,'0',NULL,'','NO',NULL,NULL,NULL,'',102052),
 (1583,182,'2015-04-09','1853000',0,NULL,'0',NULL,'','NO',NULL,NULL,NULL,'',102053),
 (1584,182,'2015-04-09','1853000',0,NULL,'0',NULL,'','NO',NULL,NULL,NULL,'',102054),
 (1585,182,'2015-04-09','1853000',0,NULL,'0',NULL,'','NO',NULL,NULL,NULL,'',102055),
 (1586,182,'2015-04-09','1853000',0,NULL,'0',NULL,'','NO',NULL,NULL,NULL,'',102056),
 (1587,182,'2015-04-09','1849281',0,NULL,'0',NULL,'','NO',NULL,NULL,NULL,'',102057),
 (1588,183,'2015-07-11','4538000',1,'2015-06-28 00:00:00','4538000',NULL,'0','YES',NULL,NULL,NULL,'',102058),
 (1589,183,'2015-07-11','4538000',1,'2015-07-28 00:00:00','4538000',NULL,'0','YES',NULL,NULL,NULL,'',102059),
 (1590,183,'2015-07-11','4538000',1,'2015-09-01 00:00:00','4538000',NULL,'0','YES',NULL,NULL,NULL,'',102060),
 (1591,183,'2015-07-11','4538000',1,'2015-10-10 00:00:00','4538000',NULL,'0','YES',NULL,NULL,NULL,'',102061),
 (1592,183,'2015-07-11','4538000',1,'2015-11-02 00:00:00','4538000',NULL,'0','YES',NULL,NULL,NULL,'',102062),
 (1593,183,'2015-07-11','4538000',0,NULL,'0',NULL,'','NO',NULL,NULL,NULL,'',102063),
 (1594,183,'2015-07-11','4538000',0,NULL,'0',NULL,'','NO',NULL,NULL,NULL,'',102064),
 (1595,183,'2015-07-11','4538000',0,NULL,'0',NULL,'','NO',NULL,NULL,NULL,'',102065),
 (1596,183,'2015-07-11','4533953',0,NULL,'0',NULL,'','NO',NULL,NULL,NULL,'',102066),
 (1597,184,'2015-04-09','1425000000',0,NULL,'0',NULL,'','NO',NULL,NULL,NULL,'',102067),
 (1598,185,'2015-04-10','1900000000',0,NULL,'0',NULL,'','NO',NULL,NULL,NULL,'',102068),
 (1599,186,'2015-04-10','1755000',1,'2015-04-20 00:00:00','1755000',NULL,'0','YES',NULL,NULL,NULL,'',102069),
 (1600,186,'2015-04-10','1755000',8,'2015-05-24 00:00:00','1755000',NULL,'0','YES',NULL,NULL,NULL,'',102070),
 (1601,186,'2015-04-10','1755000',1,'2015-06-23 00:00:00','1755000',NULL,'0','YES',NULL,NULL,NULL,'',102071),
 (1602,186,'2015-04-10','1755000',1,'2015-07-25 00:00:00','1755000',NULL,'0','YES',NULL,NULL,NULL,'',102072),
 (1603,186,'2015-04-10','1755000',1,'2015-08-26 00:00:00','1755000',NULL,'0','YES',NULL,NULL,NULL,'',102073),
 (1604,186,'2015-04-10','1755000',0,NULL,'0',NULL,'','NO',NULL,NULL,NULL,'',102074),
 (1605,186,'2015-04-10','1755000',0,NULL,'0',NULL,'','NO',NULL,NULL,NULL,'',102075),
 (1606,186,'2015-04-10','1755000',0,NULL,'0',NULL,'','NO',NULL,NULL,NULL,'',102076),
 (1607,186,'2015-04-10','1755000',0,NULL,'0',NULL,'','NO',NULL,NULL,NULL,'',102077),
 (1608,186,'2015-04-10','1755000',0,NULL,'0',NULL,'','NO',NULL,NULL,NULL,'',102078),
 (1609,186,'2015-04-10','1755000',0,NULL,'0',NULL,'','NO',NULL,NULL,NULL,'',102079),
 (1610,186,'2015-04-10','1755000',0,NULL,'0',NULL,'','NO',NULL,NULL,NULL,'',102080),
 (1611,186,'2015-04-10','1755000',0,NULL,'0',NULL,'','NO',NULL,NULL,NULL,'',102081),
 (1612,186,'2015-04-10','1755000',0,NULL,'0',NULL,'','NO',NULL,NULL,NULL,'',102082),
 (1613,186,'2015-04-10','1755000',0,NULL,'0',NULL,'','NO',NULL,NULL,NULL,'',102083),
 (1614,186,'2015-04-10','1755000',0,NULL,'0',NULL,'','NO',NULL,NULL,NULL,'',102084),
 (1615,186,'2015-04-10','1755000',0,NULL,'0',NULL,'','NO',NULL,NULL,NULL,'',102085),
 (1616,186,'2015-04-10','1755000',0,NULL,'0',NULL,'','NO',NULL,NULL,NULL,'',102086),
 (1617,186,'2015-04-10','1755000',0,NULL,'0',NULL,'','NO',NULL,NULL,NULL,'',102087),
 (1618,186,'2015-04-10','1755000',0,NULL,'0',NULL,'','NO',NULL,NULL,NULL,'',102088),
 (1619,186,'2015-04-10','1755000',0,NULL,'0',NULL,'','NO',NULL,NULL,NULL,'',102089),
 (1620,186,'2015-04-10','1755000',0,NULL,'0',NULL,'','NO',NULL,NULL,NULL,'',102090),
 (1621,186,'2015-04-10','1755000',0,NULL,'0',NULL,'','NO',NULL,NULL,NULL,'',102091),
 (1622,186,'2015-04-10','1755000',0,NULL,'0',NULL,'','NO',NULL,NULL,NULL,'',102092),
 (1623,186,'2015-04-10','1755000',0,NULL,'0',NULL,'','NO',NULL,NULL,NULL,'',102093),
 (1624,186,'2015-04-10','1755000',0,NULL,'0',NULL,'','NO',NULL,NULL,NULL,'',102094),
 (1625,186,'2015-04-10','1755000',0,NULL,'0',NULL,'','NO',NULL,NULL,NULL,'',102095),
 (1626,186,'2015-04-10','1755000',0,NULL,'0',NULL,'','NO',NULL,NULL,NULL,'',102096),
 (1627,186,'2015-04-10','1755000',0,NULL,'0',NULL,'','NO',NULL,NULL,NULL,'',102097),
 (1628,186,'2015-04-10','1729878',0,NULL,'0',NULL,'','NO',NULL,NULL,NULL,'',102098),
 (1629,187,'2015-04-10','1755000',1,'2015-04-20 00:00:00','1755000',NULL,'0','YES',NULL,NULL,NULL,'',102099),
 (1630,187,'2015-04-10','1755000',1,'2015-05-21 00:00:00','1755000',NULL,'0','YES',NULL,NULL,NULL,'',102100),
 (1631,187,'2015-04-10','1755000',8,'2015-06-21 00:00:00','1755000',NULL,'0','YES',NULL,NULL,NULL,'',102101),
 (1632,187,'2015-04-10','1755000',1,'2015-07-22 00:00:00','1755000',NULL,'0','YES',NULL,NULL,NULL,'',102102),
 (1633,187,'2015-04-10','1755000',1,'2015-08-22 00:00:00','1755000',NULL,'0','YES',NULL,NULL,NULL,'',102103),
 (1634,187,'2015-04-10','1755000',1,'2015-09-22 00:00:00','1755000',NULL,'0','YES',NULL,NULL,NULL,'',102104),
 (1635,187,'2015-04-10','1755000',1,'2015-10-28 00:00:00','1755000',NULL,'0','YES',NULL,NULL,NULL,'',102105),
 (1636,187,'2015-04-10','1755000',0,NULL,'0',NULL,'','NO',NULL,NULL,NULL,'',102106),
 (1637,187,'2015-04-10','1755000',0,NULL,'0',NULL,'','NO',NULL,NULL,NULL,'',102107),
 (1638,187,'2015-04-10','1755000',0,NULL,'0',NULL,'','NO',NULL,NULL,NULL,'',102108),
 (1639,187,'2015-04-10','1755000',0,NULL,'0',NULL,'','NO',NULL,NULL,NULL,'',102109),
 (1640,187,'2015-04-10','1755000',0,NULL,'0',NULL,'','NO',NULL,NULL,NULL,'',102110),
 (1641,187,'2015-04-10','1755000',0,NULL,'0',NULL,'','NO',NULL,NULL,NULL,'',102111),
 (1642,187,'2015-04-10','1755000',0,NULL,'0',NULL,'','NO',NULL,NULL,NULL,'',102112),
 (1643,187,'2015-04-10','1755000',0,NULL,'0',NULL,'','NO',NULL,NULL,NULL,'',102113),
 (1644,187,'2015-04-10','1755000',0,NULL,'0',NULL,'','NO',NULL,NULL,NULL,'',102114),
 (1645,187,'2015-04-10','1755000',0,NULL,'0',NULL,'','NO',NULL,NULL,NULL,'',102115),
 (1646,187,'2015-04-10','1755000',0,NULL,'0',NULL,'','NO',NULL,NULL,NULL,'',102116),
 (1647,187,'2015-04-10','1755000',0,NULL,'0',NULL,'','NO',NULL,NULL,NULL,'',102117),
 (1648,187,'2015-04-10','1755000',0,NULL,'0',NULL,'','NO',NULL,NULL,NULL,'',102118),
 (1649,187,'2015-04-10','1755000',0,NULL,'0',NULL,'','NO',NULL,NULL,NULL,'',102119),
 (1650,187,'2015-04-10','1755000',0,NULL,'0',NULL,'','NO',NULL,NULL,NULL,'',102120),
 (1651,187,'2015-04-10','1755000',0,NULL,'0',NULL,'','NO',NULL,NULL,NULL,'',102121),
 (1652,187,'2015-04-10','1755000',0,NULL,'0',NULL,'','NO',NULL,NULL,NULL,'',102122),
 (1653,187,'2015-04-10','1755000',0,NULL,'0',NULL,'','NO',NULL,NULL,NULL,'',102123),
 (1654,187,'2015-04-10','1755000',0,NULL,'0',NULL,'','NO',NULL,NULL,NULL,'',102124),
 (1655,187,'2015-04-10','1755000',0,NULL,'0',NULL,'','NO',NULL,NULL,NULL,'',102125),
 (1656,187,'2015-04-10','1755000',0,NULL,'0',NULL,'','NO',NULL,NULL,NULL,'',102126),
 (1657,187,'2015-04-10','1755000',0,NULL,'0',NULL,'','NO',NULL,NULL,NULL,'',102127),
 (1658,187,'2015-04-10','1729878',0,NULL,'0',NULL,'','NO',NULL,NULL,NULL,'',102128),
 (1659,188,'2015-04-10','1703000',1,'2015-04-20 00:00:00','1703000',NULL,'0','YES',NULL,NULL,NULL,'',102129),
 (1660,188,'2015-04-10','1703000',1,'2015-05-21 00:00:00','1703000',NULL,'0','YES',NULL,NULL,NULL,'',102130),
 (1661,188,'2015-04-10','1703000',8,'2015-06-21 00:00:00','1703000',NULL,'0','YES',NULL,NULL,NULL,'',102131),
 (1662,188,'2015-04-10','1703000',1,'2015-07-22 00:00:00','1703000',NULL,'0','YES',NULL,NULL,NULL,'',102132),
 (1663,188,'2015-04-10','1703000',1,'2015-08-22 00:00:00','1703000',NULL,'0','YES',NULL,NULL,NULL,'',102133),
 (1664,188,'2015-04-10','1703000',0,NULL,'0',NULL,'','NO',NULL,NULL,NULL,'',102134),
 (1665,188,'2015-04-10','1703000',0,NULL,'0',NULL,'','NO',NULL,NULL,NULL,'',102135),
 (1666,188,'2015-04-10','1703000',0,NULL,'0',NULL,'','NO',NULL,NULL,NULL,'',102136),
 (1667,188,'2015-04-10','1703000',0,NULL,'0',NULL,'','NO',NULL,NULL,NULL,'',102137),
 (1668,188,'2015-04-10','1703000',0,NULL,'0',NULL,'','NO',NULL,NULL,NULL,'',102138),
 (1669,188,'2015-04-10','1703000',0,NULL,'0',NULL,'','NO',NULL,NULL,NULL,'',102139),
 (1670,188,'2015-04-10','1702977',0,NULL,'0',NULL,'','NO',NULL,NULL,NULL,'',102140),
 (1671,189,'2015-10-13','15479000',1,'2015-10-10 00:00:00','15479000',NULL,'0','YES',NULL,NULL,NULL,'',102141),
 (1672,189,'2015-10-13','15479000',0,NULL,'0',NULL,'','NO',NULL,NULL,NULL,'',102142),
 (1673,189,'2015-10-13','15479000',0,NULL,'0',NULL,'','NO',NULL,NULL,NULL,'',102143),
 (1674,189,'2015-10-13','15479000',0,NULL,'0',NULL,'','NO',NULL,NULL,NULL,'',102144),
 (1675,189,'2015-10-13','15479000',0,NULL,'0',NULL,'','NO',NULL,NULL,NULL,'',102145),
 (1676,189,'2015-10-13','15479000',0,NULL,'0',NULL,'','NO',NULL,NULL,NULL,'',102146),
 (1677,189,'2015-10-13','15479000',0,NULL,'0',NULL,'','NO',NULL,NULL,NULL,'',102147),
 (1678,189,'2015-10-13','15479000',0,NULL,'0',NULL,'','NO',NULL,NULL,NULL,'',102148),
 (1679,189,'2015-10-13','15479000',0,NULL,'0',NULL,'','NO',NULL,NULL,NULL,'',102149),
 (1680,189,'2015-10-13','15479000',0,NULL,'0',NULL,'','NO',NULL,NULL,NULL,'',102150),
 (1681,189,'2015-10-13','15479000',0,NULL,'0',NULL,'','NO',NULL,NULL,NULL,'',102151),
 (1682,189,'2015-10-13','15479000',0,NULL,'0',NULL,'','NO',NULL,NULL,NULL,'',102152),
 (1683,189,'2015-10-13','15479000',0,NULL,'0',NULL,'','NO',NULL,NULL,NULL,'',102153),
 (1684,189,'2015-10-13','15479000',0,NULL,'0',NULL,'','NO',NULL,NULL,NULL,'',102154),
 (1685,189,'2015-10-13','15479000',0,NULL,'0',NULL,'','NO',NULL,NULL,NULL,'',102155),
 (1686,189,'2015-10-13','15479000',0,NULL,'0',NULL,'','NO',NULL,NULL,NULL,'',102156),
 (1687,189,'2015-10-13','15479000',0,NULL,'0',NULL,'','NO',NULL,NULL,NULL,'',102157),
 (1688,189,'2015-10-13','15475283',0,NULL,'0',NULL,'','NO',NULL,NULL,NULL,'',102158),
 (1689,190,'2015-10-13','15479000',1,'2015-10-10 00:00:00','15479000',NULL,'0','YES',NULL,NULL,NULL,'',102159),
 (1690,190,'2015-10-13','15479000',0,NULL,'0',NULL,'','NO',NULL,NULL,NULL,'',102160),
 (1691,190,'2015-10-13','15479000',0,NULL,'0',NULL,'','NO',NULL,NULL,NULL,'',102161),
 (1692,190,'2015-10-13','15479000',0,NULL,'0',NULL,'','NO',NULL,NULL,NULL,'',102162),
 (1693,190,'2015-10-13','15479000',0,NULL,'0',NULL,'','NO',NULL,NULL,NULL,'',102163),
 (1694,190,'2015-10-13','15479000',0,NULL,'0',NULL,'','NO',NULL,NULL,NULL,'',102164),
 (1695,190,'2015-10-13','15479000',0,NULL,'0',NULL,'','NO',NULL,NULL,NULL,'',102165),
 (1696,190,'2015-10-13','15479000',0,NULL,'0',NULL,'','NO',NULL,NULL,NULL,'',102166),
 (1697,190,'2015-10-13','15479000',0,NULL,'0',NULL,'','NO',NULL,NULL,NULL,'',102167),
 (1698,190,'2015-10-13','15479000',0,NULL,'0',NULL,'','NO',NULL,NULL,NULL,'',102168),
 (1699,190,'2015-10-13','15479000',0,NULL,'0',NULL,'','NO',NULL,NULL,NULL,'',102169),
 (1700,190,'2015-10-13','15479000',0,NULL,'0',NULL,'','NO',NULL,NULL,NULL,'',102170),
 (1701,190,'2015-10-13','15479000',0,NULL,'0',NULL,'','NO',NULL,NULL,NULL,'',102171),
 (1702,190,'2015-10-13','15479000',0,NULL,'0',NULL,'','NO',NULL,NULL,NULL,'',102172),
 (1703,190,'2015-10-13','15479000',0,NULL,'0',NULL,'','NO',NULL,NULL,NULL,'',102173),
 (1704,190,'2015-10-13','15479000',0,NULL,'0',NULL,'','NO',NULL,NULL,NULL,'',102174),
 (1705,190,'2015-10-13','15479000',0,NULL,'0',NULL,'','NO',NULL,NULL,NULL,'',102175),
 (1706,190,'2015-10-13','15475283',0,NULL,'0',NULL,'','NO',NULL,NULL,NULL,'',102176),
 (1707,191,'2015-04-13','1853000',2,'2015-06-17 00:00:00','1853000',NULL,'0','YES',NULL,NULL,NULL,'',102178),
 (1708,191,'2015-04-13','1853000',2,'2015-06-17 00:00:00','1853000',NULL,'0','YES',NULL,NULL,NULL,'',102179),
 (1709,191,'2015-04-13','1853000',2,'2015-06-17 00:00:00','1853000',NULL,'0','YES',NULL,NULL,NULL,'',102180),
 (1710,191,'2015-04-13','1853000',0,NULL,'0',NULL,'','NO',NULL,NULL,NULL,'',102181),
 (1711,191,'2015-04-13','1853000',0,NULL,'0',NULL,'','NO',NULL,NULL,NULL,'',102182),
 (1712,191,'2015-04-13','1853000',0,NULL,'0',NULL,'','NO',NULL,NULL,NULL,'',102183),
 (1713,191,'2015-04-13','1853000',0,NULL,'0',NULL,'','NO',NULL,NULL,NULL,'',102184),
 (1714,191,'2015-04-13','1853000',0,NULL,'0',NULL,'','NO',NULL,NULL,NULL,'',102185),
 (1715,191,'2015-04-13','1853000',0,NULL,'0',NULL,'','NO',NULL,NULL,NULL,'',102186),
 (1716,191,'2015-04-13','1853000',0,NULL,'0',NULL,'','NO',NULL,NULL,NULL,'',102187),
 (1717,191,'2015-04-13','1853000',0,NULL,'0',NULL,'','NO',NULL,NULL,NULL,'',102188),
 (1718,191,'2015-04-13','1849281',0,NULL,'0',NULL,'','NO',NULL,NULL,NULL,'',102189),
 (1719,192,'2015-10-16','12384000',2,'2015-10-10 00:00:00','12384000',NULL,'0','YES',NULL,NULL,NULL,'',102190),
 (1720,192,'2015-11-15','210510626',0,NULL,'0',NULL,'0','NO',NULL,NULL,NULL,'',102547),
 (1721,193,'2015-05-09','1900000000',0,NULL,'0',NULL,'','NO',NULL,NULL,NULL,'',102214),
 (1722,194,'2015-05-15','950000000',0,NULL,'0',NULL,'','NO',NULL,NULL,NULL,'',102215),
 (1723,195,'2015-12-01','12384000',0,NULL,'0',NULL,'','NO',NULL,NULL,NULL,'',102218),
 (1724,195,'2015-12-01','12384000',0,NULL,'0',NULL,'','NO',NULL,NULL,NULL,'',102219),
 (1725,195,'2015-12-01','12384000',0,NULL,'0',NULL,'','NO',NULL,NULL,NULL,'',102220),
 (1726,195,'2015-12-01','12384000',0,NULL,'0',NULL,'','NO',NULL,NULL,NULL,'',102221),
 (1727,195,'2015-12-01','12384000',0,NULL,'0',NULL,'','NO',NULL,NULL,NULL,'',102222),
 (1728,195,'2015-12-01','12384000',0,NULL,'0',NULL,'','NO',NULL,NULL,NULL,'',102223),
 (1729,195,'2015-12-01','12384000',0,NULL,'0',NULL,'','NO',NULL,NULL,NULL,'',102224),
 (1730,195,'2015-12-01','12384000',0,NULL,'0',NULL,'','NO',NULL,NULL,NULL,'',102225),
 (1731,195,'2015-12-01','12384000',0,NULL,'0',NULL,'','NO',NULL,NULL,NULL,'',102226),
 (1732,195,'2015-12-01','12384000',0,NULL,'0',NULL,'','NO',NULL,NULL,NULL,'',102227),
 (1733,195,'2015-12-01','12384000',0,NULL,'0',NULL,'','NO',NULL,NULL,NULL,'',102228),
 (1734,195,'2015-12-01','12384000',0,NULL,'0',NULL,'','NO',NULL,NULL,NULL,'',102229),
 (1735,195,'2015-12-01','12384000',0,NULL,'0',NULL,'','NO',NULL,NULL,NULL,'',102230),
 (1736,195,'2015-12-01','12384000',0,NULL,'0',NULL,'','NO',NULL,NULL,NULL,'',102231),
 (1737,195,'2015-12-01','12384000',0,NULL,'0',NULL,'','NO',NULL,NULL,NULL,'',102232),
 (1738,195,'2015-12-01','12384000',0,NULL,'0',NULL,'','NO',NULL,NULL,NULL,'',102233),
 (1739,195,'2015-12-01','12384000',0,NULL,'0',NULL,'','NO',NULL,NULL,NULL,'',102234),
 (1740,195,'2015-12-01','12366626',0,NULL,'0',NULL,'','NO',NULL,NULL,NULL,'',102235),
 (1741,196,'2015-12-06','6192000',0,NULL,'0',NULL,'','NO',NULL,NULL,NULL,'',102240),
 (1742,196,'2015-12-06','6192000',0,NULL,'0',NULL,'','NO',NULL,NULL,NULL,'',102241),
 (1743,196,'2015-12-06','6192000',0,NULL,'0',NULL,'','NO',NULL,NULL,NULL,'',102242),
 (1744,196,'2015-12-06','6192000',0,NULL,'0',NULL,'','NO',NULL,NULL,NULL,'',102243),
 (1745,196,'2015-12-06','6192000',0,NULL,'0',NULL,'','NO',NULL,NULL,NULL,'',102244),
 (1746,196,'2015-12-06','6192000',0,NULL,'0',NULL,'','NO',NULL,NULL,NULL,'',102245),
 (1747,196,'2015-12-06','6192000',0,NULL,'0',NULL,'','NO',NULL,NULL,NULL,'',102246),
 (1748,196,'2015-12-06','6192000',0,NULL,'0',NULL,'','NO',NULL,NULL,NULL,'',102247),
 (1749,196,'2015-12-06','6192000',0,NULL,'0',NULL,'','NO',NULL,NULL,NULL,'',102248),
 (1750,196,'2015-12-06','6192000',0,NULL,'0',NULL,'','NO',NULL,NULL,NULL,'',102249),
 (1751,196,'2015-12-06','6192000',0,NULL,'0',NULL,'','NO',NULL,NULL,NULL,'',102250),
 (1752,196,'2015-12-06','6192000',0,NULL,'0',NULL,'','NO',NULL,NULL,NULL,'',102251),
 (1753,196,'2015-12-06','6192000',0,NULL,'0',NULL,'','NO',NULL,NULL,NULL,'',102252),
 (1754,196,'2015-12-06','6192000',0,NULL,'0',NULL,'','NO',NULL,NULL,NULL,'',102253),
 (1755,196,'2015-12-06','6192000',0,NULL,'0',NULL,'','NO',NULL,NULL,NULL,'',102254),
 (1756,196,'2015-12-06','6192000',0,NULL,'0',NULL,'','NO',NULL,NULL,NULL,'',102255),
 (1757,196,'2015-12-06','6192000',0,NULL,'0',NULL,'','NO',NULL,NULL,NULL,'',102256),
 (1758,196,'2015-12-06','6183313',0,NULL,'0',NULL,'','NO',NULL,NULL,NULL,'',102257),
 (1759,197,'2015-06-18','950000000',0,NULL,'0',NULL,'','NO',NULL,NULL,NULL,'',102292),
 (1760,198,'2015-06-19','900000000',1,'2015-07-26 00:00:00','21000000',NULL,'0','YES',NULL,NULL,NULL,'برگشت کارمزد اضافه شده ',102293),
 (1761,198,'2015-07-20','21000000',0,NULL,'0',NULL,'0','NO',NULL,NULL,NULL,'قسط اضافه شده بابت کارمزد',102394),
 (1762,199,'2015-09-28','3404000',2,'2015-10-26 00:00:00','3404000',NULL,'0','YES',NULL,NULL,NULL,'',102294),
 (1763,199,'2015-09-28','3404000',0,NULL,'0',NULL,'','NO',NULL,NULL,NULL,'',102295),
 (1764,199,'2015-09-28','3404000',0,NULL,'0',NULL,'','NO',NULL,NULL,NULL,'',102296),
 (1765,199,'2015-09-28','3404000',0,NULL,'0',NULL,'','NO',NULL,NULL,NULL,'',102297),
 (1766,199,'2015-09-28','3404000',0,NULL,'0',NULL,'','NO',NULL,NULL,NULL,'',102298),
 (1767,199,'2015-09-28','3404000',0,NULL,'0',NULL,'','NO',NULL,NULL,NULL,'',102299),
 (1768,199,'2015-09-28','3404000',0,NULL,'0',NULL,'','NO',NULL,NULL,NULL,'',102300),
 (1769,199,'2015-09-28','3404000',0,NULL,'0',NULL,'','NO',NULL,NULL,NULL,'',102301),
 (1770,199,'2015-09-28','3396465',0,NULL,'0',NULL,'','NO',NULL,NULL,NULL,'',102302),
 (1771,200,'2015-12-27','12384000',0,NULL,'0',NULL,'','NO',NULL,NULL,NULL,'',102303),
 (1772,200,'2015-12-27','12384000',0,NULL,'0',NULL,'','NO',NULL,NULL,NULL,'',102304),
 (1773,200,'2015-12-27','12384000',0,NULL,'0',NULL,'','NO',NULL,NULL,NULL,'',102305),
 (1774,200,'2015-12-27','12384000',0,NULL,'0',NULL,'','NO',NULL,NULL,NULL,'',102306),
 (1775,200,'2015-12-27','12384000',0,NULL,'0',NULL,'','NO',NULL,NULL,NULL,'',102307),
 (1776,200,'2015-12-27','12384000',0,NULL,'0',NULL,'','NO',NULL,NULL,NULL,'',102308),
 (1777,200,'2015-12-27','12384000',0,NULL,'0',NULL,'','NO',NULL,NULL,NULL,'',102309),
 (1778,200,'2015-12-27','12384000',0,NULL,'0',NULL,'','NO',NULL,NULL,NULL,'',102310),
 (1779,200,'2015-12-27','12384000',0,NULL,'0',NULL,'','NO',NULL,NULL,NULL,'',102311),
 (1780,200,'2015-12-27','12384000',0,NULL,'0',NULL,'','NO',NULL,NULL,NULL,'',102312),
 (1781,200,'2015-12-27','12384000',0,NULL,'0',NULL,'','NO',NULL,NULL,NULL,'',102313),
 (1782,200,'2015-12-27','12384000',0,NULL,'0',NULL,'','NO',NULL,NULL,NULL,'',102314),
 (1783,200,'2015-12-27','12384000',0,NULL,'0',NULL,'','NO',NULL,NULL,NULL,'',102315),
 (1784,200,'2015-12-27','12384000',0,NULL,'0',NULL,'','NO',NULL,NULL,NULL,'',102316),
 (1785,200,'2015-12-27','12384000',0,NULL,'0',NULL,'','NO',NULL,NULL,NULL,'',102317),
 (1786,200,'2015-12-27','12384000',0,NULL,'0',NULL,'','NO',NULL,NULL,NULL,'',102318),
 (1787,200,'2015-12-27','12384000',0,NULL,'0',NULL,'','NO',NULL,NULL,NULL,'',102319),
 (1788,200,'2015-12-27','12366626',0,NULL,'0',NULL,'','NO',NULL,NULL,NULL,'',102320),
 (1789,201,'2015-12-27','4335000',0,NULL,'0',NULL,'','NO',NULL,NULL,NULL,'',102321),
 (1790,201,'2015-12-27','4335000',0,NULL,'0',NULL,'','NO',NULL,NULL,NULL,'',102322),
 (1791,201,'2015-12-27','4335000',0,NULL,'0',NULL,'','NO',NULL,NULL,NULL,'',102323),
 (1792,201,'2015-12-27','4335000',0,NULL,'0',NULL,'','NO',NULL,NULL,NULL,'',102324),
 (1793,201,'2015-12-27','4335000',0,NULL,'0',NULL,'','NO',NULL,NULL,NULL,'',102325),
 (1794,201,'2015-12-27','4335000',0,NULL,'0',NULL,'','NO',NULL,NULL,NULL,'',102326),
 (1795,201,'2015-12-27','4335000',0,NULL,'0',NULL,'','NO',NULL,NULL,NULL,'',102327),
 (1796,201,'2015-12-27','4335000',0,NULL,'0',NULL,'','NO',NULL,NULL,NULL,'',102328),
 (1797,201,'2015-12-27','4335000',0,NULL,'0',NULL,'','NO',NULL,NULL,NULL,'',102329),
 (1798,201,'2015-12-27','4335000',0,NULL,'0',NULL,'','NO',NULL,NULL,NULL,'',102330),
 (1799,201,'2015-12-27','4335000',0,NULL,'0',NULL,'','NO',NULL,NULL,NULL,'',102331),
 (1800,201,'2015-12-27','4335000',0,NULL,'0',NULL,'','NO',NULL,NULL,NULL,'',102332),
 (1801,201,'2015-12-27','4335000',0,NULL,'0',NULL,'','NO',NULL,NULL,NULL,'',102333),
 (1802,201,'2015-12-27','4335000',0,NULL,'0',NULL,'','NO',NULL,NULL,NULL,'',102334),
 (1803,201,'2015-12-27','4335000',0,NULL,'0',NULL,'','NO',NULL,NULL,NULL,'',102335),
 (1804,201,'2015-12-27','4335000',0,NULL,'0',NULL,'','NO',NULL,NULL,NULL,'',102336),
 (1805,201,'2015-12-27','4335000',0,NULL,'0',NULL,'','NO',NULL,NULL,NULL,'',102337),
 (1806,201,'2015-12-27','4318119',0,NULL,'0',NULL,'','NO',NULL,NULL,NULL,'',102338),
 (1807,202,'2015-12-28','6934000',0,NULL,'0',NULL,'','NO',NULL,NULL,NULL,'',102339),
 (1808,202,'2015-12-28','6934000',0,NULL,'0',NULL,'','NO',NULL,NULL,NULL,'',102340),
 (1809,202,'2015-12-28','6934000',0,NULL,'0',NULL,'','NO',NULL,NULL,NULL,'',102341),
 (1810,202,'2015-12-28','6934000',0,NULL,'0',NULL,'','NO',NULL,NULL,NULL,'',102342),
 (1811,202,'2015-12-28','6934000',0,NULL,'0',NULL,'','NO',NULL,NULL,NULL,'',102343),
 (1812,202,'2015-12-28','6934000',0,NULL,'0',NULL,'','NO',NULL,NULL,NULL,'',102344),
 (1813,202,'2015-12-28','6934000',0,NULL,'0',NULL,'','NO',NULL,NULL,NULL,'',102345),
 (1814,202,'2015-12-28','6934000',0,NULL,'0',NULL,'','NO',NULL,NULL,NULL,'',102346),
 (1815,202,'2015-12-28','6934000',0,NULL,'0',NULL,'','NO',NULL,NULL,NULL,'',102347),
 (1816,202,'2015-12-28','6934000',0,NULL,'0',NULL,'','NO',NULL,NULL,NULL,'',102348),
 (1817,202,'2015-12-28','6934000',0,NULL,'0',NULL,'','NO',NULL,NULL,NULL,'',102349),
 (1818,202,'2015-12-28','6934000',0,NULL,'0',NULL,'','NO',NULL,NULL,NULL,'',102350),
 (1819,202,'2015-12-28','6934000',0,NULL,'0',NULL,'','NO',NULL,NULL,NULL,'',102351),
 (1820,202,'2015-12-28','6934000',0,NULL,'0',NULL,'','NO',NULL,NULL,NULL,'',102352),
 (1821,202,'2015-12-28','6934000',0,NULL,'0',NULL,'','NO',NULL,NULL,NULL,'',102353),
 (1822,202,'2015-12-28','6934000',0,NULL,'0',NULL,'','NO',NULL,NULL,NULL,'',102354),
 (1823,202,'2015-12-28','6934000',0,NULL,'0',NULL,'','NO',NULL,NULL,NULL,'',102355),
 (1824,202,'2015-12-28','6927955',0,NULL,'0',NULL,'','NO',NULL,NULL,NULL,'',102356),
 (1825,203,'2016-01-11','500000000',0,NULL,'0',NULL,'','NO',NULL,NULL,NULL,'',102361),
 (1826,204,'2016-01-11','15479000',0,NULL,'0',NULL,'','NO',NULL,NULL,NULL,'',102363),
 (1827,204,'2016-01-11','15479000',0,NULL,'0',NULL,'','NO',NULL,NULL,NULL,'',102364),
 (1828,204,'2016-01-11','15479000',0,NULL,'0',NULL,'','NO',NULL,NULL,NULL,'',102365),
 (1829,204,'2016-01-11','15479000',0,NULL,'0',NULL,'','NO',NULL,NULL,NULL,'',102366),
 (1830,204,'2016-01-11','15479000',0,NULL,'0',NULL,'','NO',NULL,NULL,NULL,'',102367),
 (1831,204,'2016-01-11','15479000',0,NULL,'0',NULL,'','NO',NULL,NULL,NULL,'',102368),
 (1832,204,'2016-01-11','15479000',0,NULL,'0',NULL,'','NO',NULL,NULL,NULL,'',102369),
 (1833,204,'2016-01-11','15479000',0,NULL,'0',NULL,'','NO',NULL,NULL,NULL,'',102370),
 (1834,204,'2016-01-11','15479000',0,NULL,'0',NULL,'','NO',NULL,NULL,NULL,'',102371),
 (1835,204,'2016-01-11','15479000',0,NULL,'0',NULL,'','NO',NULL,NULL,NULL,'',102372),
 (1836,204,'2016-01-11','15479000',0,NULL,'0',NULL,'','NO',NULL,NULL,NULL,'',102373),
 (1837,204,'2016-01-11','15479000',0,NULL,'0',NULL,'','NO',NULL,NULL,NULL,'',102374),
 (1838,204,'2016-01-11','15479000',0,NULL,'0',NULL,'','NO',NULL,NULL,NULL,'',102375),
 (1839,204,'2016-01-11','15479000',0,NULL,'0',NULL,'','NO',NULL,NULL,NULL,'',102376),
 (1840,204,'2016-01-11','15479000',0,NULL,'0',NULL,'','NO',NULL,NULL,NULL,'',102377),
 (1841,204,'2016-01-11','15479000',0,NULL,'0',NULL,'','NO',NULL,NULL,NULL,'',102378),
 (1842,204,'2016-01-11','15479000',0,NULL,'0',NULL,'','NO',NULL,NULL,NULL,'',102379),
 (1843,204,'2016-01-11','15475283',0,NULL,'0',NULL,'','NO',NULL,NULL,NULL,'',102380),
 (1844,205,'2015-07-14','1298000000',0,NULL,'0',NULL,'','NO',NULL,NULL,NULL,'',102381),
 (1845,206,'2015-07-15','3280000000',0,NULL,'0',NULL,'','NO',NULL,NULL,NULL,'',102382),
 (1846,207,'2015-07-15','8000000000',0,NULL,'0',NULL,'','NO',NULL,NULL,NULL,'',102383),
 (1847,208,'2015-07-15','1100000000',0,NULL,'0',NULL,'','NO',NULL,NULL,NULL,'',102384),
 (1848,209,'2015-10-19','3404000',0,NULL,'0',NULL,'','NO',NULL,NULL,NULL,'',102385),
 (1849,209,'2015-10-19','3404000',0,NULL,'0',NULL,'','NO',NULL,NULL,NULL,'',102386),
 (1850,209,'2015-10-19','3404000',0,NULL,'0',NULL,'','NO',NULL,NULL,NULL,'',102387),
 (1851,209,'2015-10-19','3404000',0,NULL,'0',NULL,'','NO',NULL,NULL,NULL,'',102388),
 (1852,209,'2015-10-19','3404000',0,NULL,'0',NULL,'','NO',NULL,NULL,NULL,'',102389),
 (1853,209,'2015-10-19','3404000',0,NULL,'0',NULL,'','NO',NULL,NULL,NULL,'',102390),
 (1854,209,'2015-10-19','3404000',0,NULL,'0',NULL,'','NO',NULL,NULL,NULL,'',102391),
 (1855,209,'2015-10-19','3404000',0,NULL,'0',NULL,'','NO',NULL,NULL,NULL,'',102392),
 (1856,209,'2015-10-19','3396465',0,NULL,'0',NULL,'','NO',NULL,NULL,NULL,'',102393),
 (1857,210,'2015-08-30','10000000000',0,NULL,'0',NULL,'','NO',NULL,NULL,NULL,'',102400),
 (1858,211,'2015-09-08','1282000',0,NULL,'0',NULL,'','NO',NULL,NULL,NULL,'',102404),
 (1859,211,'2015-09-08','1282000',0,NULL,'0',NULL,'','NO',NULL,NULL,NULL,'',102405),
 (1860,211,'2015-09-08','1282000',0,NULL,'0',NULL,'','NO',NULL,NULL,NULL,'',102406),
 (1861,211,'2015-09-08','1282000',0,NULL,'0',NULL,'','NO',NULL,NULL,NULL,'',102407),
 (1862,211,'2015-09-08','1282000',0,NULL,'0',NULL,'','NO',NULL,NULL,NULL,'',102408),
 (1863,211,'2015-09-08','1282000',0,NULL,'0',NULL,'','NO',NULL,NULL,NULL,'',102409),
 (1864,211,'2015-09-08','1282000',0,NULL,'0',NULL,'','NO',NULL,NULL,NULL,'',102410),
 (1865,211,'2015-09-08','1282000',0,NULL,'0',NULL,'','NO',NULL,NULL,NULL,'',102411),
 (1866,211,'2015-09-08','1282000',0,NULL,'0',NULL,'','NO',NULL,NULL,NULL,'',102412),
 (1867,211,'2015-09-08','1282000',0,NULL,'0',NULL,'','NO',NULL,NULL,NULL,'',102413),
 (1868,211,'2015-09-08','1282000',0,NULL,'0',NULL,'','NO',NULL,NULL,NULL,'',102414),
 (1869,211,'2015-09-08','1282000',0,NULL,'0',NULL,'','NO',NULL,NULL,NULL,'',102415),
 (1870,211,'2015-09-08','1282000',0,NULL,'0',NULL,'','NO',NULL,NULL,NULL,'',102416),
 (1871,211,'2015-09-08','1282000',0,NULL,'0',NULL,'','NO',NULL,NULL,NULL,'',102417),
 (1872,211,'2015-09-08','1282000',0,NULL,'0',NULL,'','NO',NULL,NULL,NULL,'',102418),
 (1873,211,'2015-09-08','1282000',0,NULL,'0',NULL,'','NO',NULL,NULL,NULL,'',102419),
 (1874,211,'2015-09-08','1282000',0,NULL,'0',NULL,'','NO',NULL,NULL,NULL,'',102420),
 (1875,211,'2015-09-08','1282000',0,NULL,'0',NULL,'','NO',NULL,NULL,NULL,'',102421),
 (1876,211,'2015-09-08','1282000',0,NULL,'0',NULL,'','NO',NULL,NULL,NULL,'',102422),
 (1877,211,'2015-09-08','1282000',0,NULL,'0',NULL,'','NO',NULL,NULL,NULL,'',102423),
 (1878,211,'2015-09-08','1282000',0,NULL,'0',NULL,'','NO',NULL,NULL,NULL,'',102424),
 (1879,211,'2015-09-08','1282000',0,NULL,'0',NULL,'','NO',NULL,NULL,NULL,'',102425),
 (1880,211,'2015-09-08','1282000',0,NULL,'0',NULL,'','NO',NULL,NULL,NULL,'',102426),
 (1881,211,'2015-09-08','1258845',0,NULL,'0',NULL,'','NO',NULL,NULL,NULL,'',102427),
 (1882,212,'2015-09-16','1501000',0,NULL,'0',NULL,'','NO',NULL,NULL,NULL,'',102429),
 (1883,212,'2015-09-16','1501000',0,NULL,'0',NULL,'','NO',NULL,NULL,NULL,'',102430),
 (1884,212,'2015-09-16','1501000',0,NULL,'0',NULL,'','NO',NULL,NULL,NULL,'',102431),
 (1885,212,'2015-09-16','1501000',0,NULL,'0',NULL,'','NO',NULL,NULL,NULL,'',102432),
 (1886,212,'2015-09-16','1501000',0,NULL,'0',NULL,'','NO',NULL,NULL,NULL,'',102433),
 (1887,212,'2015-09-16','1501000',0,NULL,'0',NULL,'','NO',NULL,NULL,NULL,'',102434),
 (1888,212,'2015-09-16','1501000',0,NULL,'0',NULL,'','NO',NULL,NULL,NULL,'',102435),
 (1889,212,'2015-09-16','1501000',0,NULL,'0',NULL,'','NO',NULL,NULL,NULL,'',102436),
 (1890,212,'2015-09-16','1501000',0,NULL,'0',NULL,'','NO',NULL,NULL,NULL,'',102437),
 (1891,212,'2015-09-16','1501000',0,NULL,'0',NULL,'','NO',NULL,NULL,NULL,'',102438),
 (1892,212,'2015-09-16','1501000',0,NULL,'0',NULL,'','NO',NULL,NULL,NULL,'',102439),
 (1893,212,'2015-09-16','1501000',0,NULL,'0',NULL,'','NO',NULL,NULL,NULL,'',102440),
 (1894,212,'2015-09-16','1501000',0,NULL,'0',NULL,'','NO',NULL,NULL,NULL,'',102441),
 (1895,212,'2015-09-16','1501000',0,NULL,'0',NULL,'','NO',NULL,NULL,NULL,'',102442),
 (1896,212,'2015-09-16','1501000',0,NULL,'0',NULL,'','NO',NULL,NULL,NULL,'',102443),
 (1897,212,'2015-09-16','1501000',0,NULL,'0',NULL,'','NO',NULL,NULL,NULL,'',102444),
 (1898,212,'2015-09-16','1501000',0,NULL,'0',NULL,'','NO',NULL,NULL,NULL,'',102445),
 (1899,212,'2015-09-16','1501000',0,NULL,'0',NULL,'','NO',NULL,NULL,NULL,'',102446),
 (1900,212,'2015-09-16','1501000',0,NULL,'0',NULL,'','NO',NULL,NULL,NULL,'',102447),
 (1901,212,'2015-09-16','1481000',0,NULL,'0',NULL,'','NO',NULL,NULL,NULL,'',102448),
 (1902,213,'2015-09-19','1713000',2,'2015-10-26 00:00:00','1713000',NULL,'0','YES',NULL,NULL,NULL,'',102449),
 (1903,213,'2015-09-19','1713000',0,NULL,'0',NULL,'','NO',NULL,NULL,NULL,'',102450),
 (1904,213,'2015-09-19','1713000',0,NULL,'0',NULL,'','NO',NULL,NULL,NULL,'',102451),
 (1905,213,'2015-09-19','1713000',0,NULL,'0',NULL,'','NO',NULL,NULL,NULL,'',102452),
 (1906,213,'2015-09-19','1713000',0,NULL,'0',NULL,'','NO',NULL,NULL,NULL,'',102453),
 (1907,213,'2015-09-19','1713000',0,NULL,'0',NULL,'','NO',NULL,NULL,NULL,'',102454),
 (1908,213,'2015-09-19','1713000',0,NULL,'0',NULL,'','NO',NULL,NULL,NULL,'',102455),
 (1909,213,'2015-09-19','1713000',0,NULL,'0',NULL,'','NO',NULL,NULL,NULL,'',102456),
 (1910,213,'2015-09-19','1713000',0,NULL,'0',NULL,'','NO',NULL,NULL,NULL,'',102457),
 (1911,213,'2015-09-19','1713000',0,NULL,'0',NULL,'','NO',NULL,NULL,NULL,'',102458),
 (1912,213,'2015-09-19','1713000',0,NULL,'0',NULL,'','NO',NULL,NULL,NULL,'',102459),
 (1913,213,'2015-09-19','1702796',0,NULL,'0',NULL,'','NO',NULL,NULL,NULL,'',102460),
 (1914,214,'2017-10-02','31922700',1,'2015-09-08 00:00:00','31922700',NULL,'0','YES',NULL,NULL,NULL,'برگشت سود وتغییرقرارداد',102465),
 (1915,214,'2017-11-01','70000000',0,NULL,'0',NULL,'0','NO',NULL,NULL,NULL,'قسط اضافه شده بابت کارمزد',102466),
 (1916,214,'2017-12-01','218077300',0,NULL,'0',NULL,'0','NO',NULL,NULL,NULL,'',102487),
 (1917,215,'2016-03-29','150000000',0,NULL,'0',NULL,'','NO',NULL,NULL,NULL,'',102467),
 (1918,215,'2016-04-29','6125000',0,NULL,'0',NULL,'0','NO',NULL,NULL,NULL,'قسط اضافه شده بابت کارمزد',102468),
 (1919,216,'2016-04-05','15479000',0,NULL,'0',NULL,'','NO',NULL,NULL,NULL,'',102469),
 (1920,216,'2016-04-05','15479000',0,NULL,'0',NULL,'','NO',NULL,NULL,NULL,'',102470),
 (1921,216,'2016-04-05','15479000',0,NULL,'0',NULL,'','NO',NULL,NULL,NULL,'',102471),
 (1922,216,'2016-04-05','15479000',0,NULL,'0',NULL,'','NO',NULL,NULL,NULL,'',102472),
 (1923,216,'2016-04-05','15479000',0,NULL,'0',NULL,'','NO',NULL,NULL,NULL,'',102473),
 (1924,216,'2016-04-05','15479000',0,NULL,'0',NULL,'','NO',NULL,NULL,NULL,'',102474),
 (1925,216,'2016-04-05','15479000',0,NULL,'0',NULL,'','NO',NULL,NULL,NULL,'',102475),
 (1926,216,'2016-04-05','15479000',0,NULL,'0',NULL,'','NO',NULL,NULL,NULL,'',102476),
 (1927,216,'2016-04-05','15479000',0,NULL,'0',NULL,'','NO',NULL,NULL,NULL,'',102477),
 (1928,216,'2016-04-05','15479000',0,NULL,'0',NULL,'','NO',NULL,NULL,NULL,'',102478),
 (1929,216,'2016-04-05','15479000',0,NULL,'0',NULL,'','NO',NULL,NULL,NULL,'',102479),
 (1930,216,'2016-04-05','15479000',0,NULL,'0',NULL,'','NO',NULL,NULL,NULL,'',102480),
 (1931,216,'2016-04-05','15479000',0,NULL,'0',NULL,'','NO',NULL,NULL,NULL,'',102481),
 (1932,216,'2016-04-05','15479000',0,NULL,'0',NULL,'','NO',NULL,NULL,NULL,'',102482),
 (1933,216,'2016-04-05','15479000',0,NULL,'0',NULL,'','NO',NULL,NULL,NULL,'',102483),
 (1934,216,'2016-04-05','15479000',0,NULL,'0',NULL,'','NO',NULL,NULL,NULL,'',102484),
 (1935,216,'2016-04-05','15479000',0,NULL,'0',NULL,'','NO',NULL,NULL,NULL,'',102485),
 (1936,216,'2016-04-05','15475283',0,NULL,'0',NULL,'','NO',NULL,NULL,NULL,'',102486),
 (1937,217,'2016-01-16','3404000',0,NULL,'0',NULL,'','NO',NULL,NULL,NULL,'',102496),
 (1938,217,'2016-01-16','3404000',0,NULL,'0',NULL,'','NO',NULL,NULL,NULL,'',102497),
 (1939,217,'2016-01-16','3404000',0,NULL,'0',NULL,'','NO',NULL,NULL,NULL,'',102498),
 (1940,217,'2016-01-16','3404000',0,NULL,'0',NULL,'','NO',NULL,NULL,NULL,'',102499),
 (1941,217,'2016-01-16','3404000',0,NULL,'0',NULL,'','NO',NULL,NULL,NULL,'',102500),
 (1942,217,'2016-01-16','3404000',0,NULL,'0',NULL,'','NO',NULL,NULL,NULL,'',102501),
 (1943,217,'2016-01-16','3404000',0,NULL,'0',NULL,'','NO',NULL,NULL,NULL,'',102502);
INSERT INTO `LON_installments` (`InstallmentID`,`PartID`,`InstallmentDate`,`InstallmentAmount`,`PaidType`,`PaidDate`,`PaidAmount`,`PaidRefNo`,`PaidBillNo`,`IsPaid`,`ChequeNo`,`ChequeBank`,`ChequeBranch`,`details`,`imp_SerialNo`) VALUES 
 (1944,217,'2016-01-16','3404000',0,NULL,'0',NULL,'','NO',NULL,NULL,NULL,'',102503),
 (1945,217,'2016-01-16','3396465',0,NULL,'0',NULL,'','NO',NULL,NULL,NULL,'',102504),
 (1946,218,'2015-10-18','1000000000',0,NULL,'0',NULL,'','NO',NULL,NULL,NULL,'',102505),
 (1947,219,'2015-10-21','1000000000',0,NULL,'0',NULL,'','NO',NULL,NULL,NULL,'',102507),
 (1948,220,'2015-10-21','1404000',1,'2015-10-28 00:00:00','1400000',NULL,'0','YES',NULL,NULL,NULL,'',102508),
 (1949,220,'2015-10-21','1404000',0,NULL,'0',NULL,'','NO',NULL,NULL,NULL,'',102509),
 (1950,220,'2015-10-21','1404000',0,NULL,'0',NULL,'','NO',NULL,NULL,NULL,'',102510),
 (1951,220,'2015-10-21','1404000',0,NULL,'0',NULL,'','NO',NULL,NULL,NULL,'',102511),
 (1952,220,'2015-10-21','1404000',0,NULL,'0',NULL,'','NO',NULL,NULL,NULL,'',102512),
 (1953,220,'2015-10-21','1404000',0,NULL,'0',NULL,'','NO',NULL,NULL,NULL,'',102513),
 (1954,220,'2015-10-21','1404000',0,NULL,'0',NULL,'','NO',NULL,NULL,NULL,'',102514),
 (1955,220,'2015-10-21','1404000',0,NULL,'0',NULL,'','NO',NULL,NULL,NULL,'',102515),
 (1956,220,'2015-10-21','1404000',0,NULL,'0',NULL,'','NO',NULL,NULL,NULL,'',102516),
 (1957,220,'2015-10-21','1404000',0,NULL,'0',NULL,'','NO',NULL,NULL,NULL,'',102517),
 (1958,220,'2015-10-21','1404000',0,NULL,'0',NULL,'','NO',NULL,NULL,NULL,'',102518),
 (1959,220,'2015-10-21','1404000',0,NULL,'0',NULL,'','NO',NULL,NULL,NULL,'',102519),
 (1960,220,'2015-10-21','1404000',0,NULL,'0',NULL,'','NO',NULL,NULL,NULL,'',102520),
 (1961,220,'2015-10-21','1404000',0,NULL,'0',NULL,'','NO',NULL,NULL,NULL,'',102521),
 (1962,220,'2015-10-21','1404000',0,NULL,'0',NULL,'','NO',NULL,NULL,NULL,'',102522),
 (1963,220,'2015-10-21','1404000',0,NULL,'0',NULL,'','NO',NULL,NULL,NULL,'',102523),
 (1964,220,'2015-10-21','1404000',0,NULL,'0',NULL,'','NO',NULL,NULL,NULL,'',102524),
 (1965,220,'2015-10-21','1404000',0,NULL,'0',NULL,'','NO',NULL,NULL,NULL,'',102525),
 (1966,220,'2015-10-21','1404000',0,NULL,'0',NULL,'','NO',NULL,NULL,NULL,'',102526),
 (1967,220,'2015-10-21','1404000',0,NULL,'0',NULL,'','NO',NULL,NULL,NULL,'',102527),
 (1968,220,'2015-10-21','1404000',0,NULL,'0',NULL,'','NO',NULL,NULL,NULL,'',102528),
 (1969,220,'2015-10-21','1404000',0,NULL,'0',NULL,'','NO',NULL,NULL,NULL,'',102529),
 (1970,220,'2015-10-21','1404000',0,NULL,'0',NULL,'','NO',NULL,NULL,NULL,'',102530),
 (1971,220,'2015-10-21','1404000',0,NULL,'0',NULL,'','NO',NULL,NULL,NULL,'',102531),
 (1972,220,'2015-10-21','1404000',0,NULL,'0',NULL,'','NO',NULL,NULL,NULL,'',102532),
 (1973,220,'2015-10-21','1404000',0,NULL,'0',NULL,'','NO',NULL,NULL,NULL,'',102533),
 (1974,220,'2015-10-21','1404000',0,NULL,'0',NULL,'','NO',NULL,NULL,NULL,'',102534),
 (1975,220,'2015-10-21','1404000',0,NULL,'0',NULL,'','NO',NULL,NULL,NULL,'',102535),
 (1976,220,'2015-10-21','1404000',0,NULL,'0',NULL,'','NO',NULL,NULL,NULL,'',102536),
 (1977,220,'2015-10-21','1383902',0,NULL,'0',NULL,'','NO',NULL,NULL,NULL,'',102537),
 (1978,221,'2015-10-22','250000000',0,NULL,'0',NULL,'','NO',NULL,NULL,NULL,'',102538),
 (1979,222,'2015-10-23','475000000',0,NULL,'0',NULL,'','NO',NULL,NULL,NULL,'',102539),
 (1980,223,'2016-11-09','39584000',0,NULL,'0',NULL,'','NO',NULL,NULL,NULL,'',102552),
 (1981,223,'2016-11-09','39584000',0,NULL,'0',NULL,'','NO',NULL,NULL,NULL,'',102553),
 (1982,223,'2016-11-09','39584000',0,NULL,'0',NULL,'','NO',NULL,NULL,NULL,'',102554),
 (1983,223,'2016-11-09','39584000',0,NULL,'0',NULL,'','NO',NULL,NULL,NULL,'',102555),
 (1984,223,'2016-11-09','39584000',0,NULL,'0',NULL,'','NO',NULL,NULL,NULL,'',102556),
 (1985,223,'2016-11-09','39584000',0,NULL,'0',NULL,'','NO',NULL,NULL,NULL,'',102557),
 (1986,223,'2016-11-09','39584000',0,NULL,'0',NULL,'','NO',NULL,NULL,NULL,'',102558),
 (1987,223,'2016-11-09','39584000',0,NULL,'0',NULL,'','NO',NULL,NULL,NULL,'',102559),
 (1988,223,'2016-11-09','39584000',0,NULL,'0',NULL,'','NO',NULL,NULL,NULL,'',102560),
 (1989,223,'2016-11-09','39584000',0,NULL,'0',NULL,'','NO',NULL,NULL,NULL,'',102561),
 (1990,223,'2016-11-09','39584000',0,NULL,'0',NULL,'','NO',NULL,NULL,NULL,'',102562),
 (1991,223,'2016-11-09','39576000',0,NULL,'0',NULL,'','NO',NULL,NULL,NULL,'',102563),
 (1992,224,'2015-11-12','2300000000',0,NULL,'0',NULL,'','NO',NULL,NULL,NULL,'',102564),
 (1993,225,'2015-11-12','7500000000',0,NULL,'0',NULL,'','NO',NULL,NULL,NULL,'',102565),
 (1994,226,'2016-02-26','3404000',0,NULL,'0',NULL,'','NO',NULL,NULL,NULL,'',102569),
 (1995,226,'2016-02-26','3404000',0,NULL,'0',NULL,'','NO',NULL,NULL,NULL,'',102570),
 (1996,226,'2016-02-26','3404000',0,NULL,'0',NULL,'','NO',NULL,NULL,NULL,'',102571),
 (1997,226,'2016-02-26','3404000',0,NULL,'0',NULL,'','NO',NULL,NULL,NULL,'',102572),
 (1998,226,'2016-02-26','3404000',0,NULL,'0',NULL,'','NO',NULL,NULL,NULL,'',102573),
 (1999,226,'2016-02-26','3404000',0,NULL,'0',NULL,'','NO',NULL,NULL,NULL,'',102574),
 (2000,226,'2016-02-26','3404000',0,NULL,'0',NULL,'','NO',NULL,NULL,NULL,'',102575),
 (2001,226,'2016-02-26','3404000',0,NULL,'0',NULL,'','NO',NULL,NULL,NULL,'',102576),
 (2002,226,'2016-02-26','3396465',0,NULL,'0',NULL,'','NO',NULL,NULL,NULL,'',102577);
/*!40000 ALTER TABLE `LON_installments` ENABLE KEYS */;


--
-- Definition of table `LON_loans`
--

DROP TABLE IF EXISTS `LON_loans`;
CREATE TABLE `LON_loans` (
  `LoanID` int(10) unsigned NOT NULL auto_increment COMMENT 'کد وام',
  `GroupID` int(10) unsigned NOT NULL COMMENT 'کد گروه وام',
  `LoanDesc` varchar(500) NOT NULL COMMENT 'عنوان وام',
  `MaxAmount` decimal(15,0) NOT NULL default '0' COMMENT 'سقف مبلغ',
  `InstallmentCount` smallint(5) unsigned NOT NULL default '0' COMMENT 'تعداد اقساط',
  `IntervalType` enum('MONTH','DAY') NOT NULL,
  `PayInterval` smallint(5) unsigned NOT NULL default '0' COMMENT 'فاصله اقساط',
  `DelayMonths` smallint(5) unsigned NOT NULL default '0' COMMENT 'زمان تنفس به ماه',
  `ForfeitPercent` decimal(15,0) NOT NULL default '0' COMMENT 'مبلغ قسط اول',
  `CustomerWage` smallint(5) unsigned NOT NULL default '0' COMMENT 'درصد جریمه',
  `BlockID` int(10) unsigned default NULL,
  PRIMARY KEY  (`LoanID`)
) ENGINE=InnoDB DEFAULT CHARSET=utf8;

--
-- Dumping data for table `LON_loans`
--

/*!40000 ALTER TABLE `LON_loans` DISABLE KEYS */;
INSERT INTO `LON_loans` (`LoanID`,`GroupID`,`LoanDesc`,`MaxAmount`,`InstallmentCount`,`IntervalType`,`PayInterval`,`DelayMonths`,`ForfeitPercent`,`CustomerWage`,`BlockID`) VALUES 
 (1,1,'وام قرض الحسنه','10000000',0,'MONTH',0,0,'0',0,45),
 (2,1,'وام کارگشائی','10000000',0,'MONTH',0,0,'0',0,46),
 (3,1,'وام ضروری','10000000',0,'MONTH',0,0,'0',0,47),
 (4,1,'وام پژوهشی','10000000',0,'MONTH',0,0,'0',0,48),
 (5,1,'وام علم تا عمل','10000000',0,'MONTH',0,0,'0',0,50),
 (6,1,'وام قرض الحسنه خیرین','10000000',0,'MONTH',0,0,'0',0,52),
 (7,1,'وام فناوریهای نوین','10000000',0,'MONTH',0,0,'0',0,54),
 (8,1,'وام تجاری سازی','10000000',0,'MONTH',0,0,'0',0,55),
 (9,1,'وام عاملیت','10000000',0,'MONTH',0,0,'0',0,119);
/*!40000 ALTER TABLE `LON_loans` ENABLE KEYS */;


--
-- Definition of table `LON_requests`
--

DROP TABLE IF EXISTS `LON_requests`;
CREATE TABLE `LON_requests` (
  `RequestID` int(10) unsigned NOT NULL auto_increment COMMENT 'کد درخواست',
  `BranchID` int(10) unsigned default NULL,
  `LoanID` int(10) unsigned default NULL COMMENT 'کد وام',
  `ReqPersonID` int(10) unsigned NOT NULL COMMENT 'ثبت کننده درخواست',
  `ReqDate` datetime NOT NULL COMMENT 'تاریخ درخواست',
  `ReqAmount` decimal(15,0) NOT NULL default '0' COMMENT 'مبلغ درخواست',
  `StatusID` int(10) unsigned NOT NULL default '1' COMMENT 'وضعیت',
  `ReqDetails` varchar(4000) default NULL,
  `BorrowerDesc` varchar(5000) default NULL COMMENT 'شرکت معرفی شده',
  `BorrowerID` varchar(20) default NULL COMMENT 'کد اقتصادی',
  `LoanPersonID` int(10) unsigned default NULL COMMENT 'وام گیرنده',
  `guarantees` varchar(20) default NULL COMMENT 'تضمین وام',
  `AgentGuarantee` enum('YES','NO') NOT NULL default 'NO' COMMENT 'با ضمانت عامل',
  `DocumentDesc` varchar(2000) default NULL COMMENT 'توضیحات مدارک',
  `SupportPersonID` int(10) unsigned default NULL COMMENT 'حامی',
  `imp_VamCode` int(10) unsigned default NULL,
  PRIMARY KEY  (`RequestID`)
) ENGINE=InnoDB DEFAULT CHARSET=utf8;

--
-- Dumping data for table `LON_requests`
--

/*!40000 ALTER TABLE `LON_requests` DISABLE KEYS */;
INSERT INTO `LON_requests` (`RequestID`,`BranchID`,`LoanID`,`ReqPersonID`,`ReqDate`,`ReqAmount`,`StatusID`,`ReqDetails`,`BorrowerDesc`,`BorrowerID`,`LoanPersonID`,`guarantees`,`AgentGuarantee`,`DocumentDesc`,`SupportPersonID`,`imp_VamCode`) VALUES 
 (1,1,2,1111,'2012-04-07 00:00:00','30000000',70,'1363/557798/49و806069',NULL,NULL,1111,'5','NO',NULL,NULL,1),
 (2,1,2,1122,'2012-04-04 00:00:00','30000000',70,'1363/557799/35و',NULL,NULL,1122,'5','NO',NULL,NULL,2),
 (3,1,4,1125,'2012-04-15 00:00:00','222166667',70,'سفته های 750040-750041-410064-5و410091-2مصطفیمظاهر',NULL,NULL,1125,'4','NO',NULL,NULL,3),
 (4,1,2,1126,'2012-04-28 00:00:00','31000000',70,'',NULL,NULL,1126,'3','NO',NULL,NULL,4),
 (5,1,2,1127,'2012-04-28 00:00:00','31000000',70,'',NULL,NULL,1127,'3','NO',NULL,NULL,5),
 (6,1,9,1002,'2012-04-28 00:00:00','103958333',70,'',NULL,NULL,1026,'5','NO',NULL,NULL,6),
 (7,1,9,1002,'2012-04-28 00:00:00','103958333',70,'',NULL,NULL,1124,'3','NO',NULL,NULL,7),
 (8,1,4,1128,'2012-05-05 00:00:00','118541296',70,'دو فقره چک بانک ملی شعبه پردیس ',NULL,NULL,1128,'3','NO',NULL,NULL,8),
 (9,1,2,1135,'2012-05-12 00:00:00','30000000',70,'چک 593232 بانک انصار و سفته 277105',NULL,NULL,1135,NULL,'NO',NULL,NULL,9),
 (10,1,2,1134,'2012-05-12 00:00:00','30000000',70,'',NULL,NULL,1134,NULL,'NO',NULL,NULL,10),
 (11,1,2,1133,'2012-05-16 00:00:00','30000000',70,'',NULL,NULL,1133,NULL,'NO',NULL,NULL,11),
 (12,1,2,1132,'2012-05-16 00:00:00','36918082',70,'چک ضامن 1',NULL,NULL,1132,NULL,'NO',NULL,NULL,12),
 (13,1,2,1129,'2012-05-16 00:00:00','30000000',70,'',NULL,NULL,1129,NULL,'NO',NULL,NULL,13),
 (14,1,2,1136,'2012-05-16 00:00:00','30000000',70,'',NULL,NULL,1136,NULL,'NO',NULL,NULL,14),
 (15,1,4,1137,'2012-05-16 00:00:00','222166667',70,'',NULL,NULL,1137,NULL,'NO',NULL,NULL,15),
 (16,1,2,1130,'2012-05-27 00:00:00','30000000',70,'',NULL,NULL,1130,NULL,'NO',NULL,NULL,16),
 (17,1,2,1138,'2012-05-27 00:00:00','40500000',70,'',NULL,NULL,1138,NULL,'NO',NULL,NULL,17),
 (18,1,4,1139,'2012-05-24 00:00:00','221885449',70,'',NULL,NULL,1139,NULL,'NO',NULL,NULL,18),
 (19,1,2,1142,'2012-06-10 00:00:00','30000000',70,'',NULL,NULL,1142,NULL,'NO',NULL,NULL,19),
 (20,1,2,1145,'2012-06-10 00:00:00','30000000',70,'',NULL,NULL,1145,NULL,'NO',NULL,NULL,20),
 (21,1,2,1146,'2012-06-10 00:00:00','30000000',70,'',NULL,NULL,1146,NULL,'NO',NULL,NULL,21),
 (22,1,5,1157,'2012-05-21 00:00:00','1500000000',70,'چک وسفته های تضمینی نزد صندوق حمایت از پژوهشگران ک',NULL,NULL,1157,'3','NO',NULL,NULL,22),
 (23,1,5,1156,'2012-05-21 00:00:00','1150000000',70,'جک وسفته هانزد صندوق حمایت از پژوهشگران تودیع است ',NULL,NULL,1156,'3','NO',NULL,NULL,23),
 (24,1,5,1155,'2012-05-21 00:00:00','400000000',70,'چک وسفته ها نزد صندوق حمایت ازپژوهشگران تودیع است ',NULL,NULL,1155,'3','NO',NULL,NULL,24),
 (25,1,5,1154,'2012-05-21 00:00:00','1250000000',70,'چک وسفته هانزد صندوق حمایت ازپژوهشگران کشور تودیع ',NULL,NULL,1154,'3','NO',NULL,NULL,25),
 (26,1,5,1153,'2012-05-21 00:00:00','1450000000',70,'چک وسفته های تضمینی نزد صندوق حمایت ازپژوهشگران تو',NULL,NULL,1153,'3','NO',NULL,NULL,26),
 (27,1,5,1152,'2012-05-21 00:00:00','400000000',70,'چک وسفته های تضمینی نزد صندوق حمایت از پژوهشگران ت',NULL,NULL,1152,'3','NO',NULL,NULL,27),
 (28,1,5,1157,'2012-06-13 00:00:00','1500000000',70,'',NULL,NULL,1157,'3','NO',NULL,NULL,28),
 (29,1,3,1160,'2012-05-31 00:00:00','20000000',70,'',NULL,NULL,1160,NULL,'NO',NULL,NULL,29),
 (30,1,2,1141,'2012-06-07 00:00:00','30000000',70,'',NULL,NULL,1141,NULL,'NO',NULL,NULL,30),
 (31,1,2,1148,'2012-06-22 00:00:00','30000000',70,'',NULL,NULL,1148,NULL,'NO',NULL,NULL,31),
 (32,1,2,1144,'2012-06-24 00:00:00','37125480',70,'',NULL,NULL,1144,NULL,'NO',NULL,NULL,32),
 (33,1,2,1143,'2012-06-24 00:00:00','37580167',70,'',NULL,NULL,1143,NULL,'NO',NULL,NULL,33),
 (34,1,2,1149,'2012-05-15 00:00:00','40897260',70,'',NULL,NULL,1149,NULL,'NO',NULL,NULL,34),
 (35,1,3,1140,'2012-07-03 00:00:00','20000000',70,'',NULL,NULL,1140,NULL,'NO',NULL,NULL,36),
 (36,1,2,1084,'2012-07-03 00:00:00','33970000',70,'',NULL,NULL,1084,NULL,'NO',NULL,NULL,37),
 (37,1,6,1164,'2012-07-03 00:00:00','22000000',70,'',NULL,NULL,1164,NULL,'NO',NULL,NULL,38),
 (38,1,2,1150,'2012-07-03 00:00:00','30000000',70,'',NULL,NULL,1150,NULL,'NO',NULL,NULL,39),
 (39,1,2,1159,'2012-07-03 00:00:00','20000000',70,'',NULL,NULL,1159,NULL,'NO',NULL,NULL,40),
 (40,1,9,1002,'2012-06-23 00:00:00','103958333',70,'',NULL,NULL,1151,NULL,'NO',NULL,NULL,41),
 (41,1,2,1147,'2012-06-30 00:00:00','30000000',70,'',NULL,NULL,1147,NULL,'NO',NULL,NULL,42),
 (42,1,2,1163,'2012-07-07 00:00:00','30000000',70,'',NULL,NULL,1163,NULL,'NO',NULL,NULL,43),
 (43,1,2,1158,'2012-07-02 00:00:00','30000000',70,'',NULL,NULL,1158,NULL,'NO',NULL,NULL,44),
 (44,1,2,1166,'2012-07-08 00:00:00','30000000',70,'',NULL,NULL,1166,NULL,'NO',NULL,NULL,45),
 (45,1,2,1165,'2012-07-08 00:00:00','30000000',70,'',NULL,NULL,1165,NULL,'NO',NULL,NULL,46),
 (46,1,2,1167,'2012-07-08 00:00:00','20000000',70,'',NULL,NULL,1167,NULL,'NO',NULL,NULL,47),
 (47,1,2,1161,'2012-07-09 00:00:00','31730000',70,'',NULL,NULL,1161,NULL,'NO',NULL,NULL,48),
 (48,1,3,1168,'2012-07-10 00:00:00','20000000',70,'',NULL,NULL,1168,NULL,'NO',NULL,NULL,49),
 (49,1,3,1172,'2012-07-16 00:00:00','20000000',70,'',NULL,NULL,1172,'3','NO',NULL,NULL,50),
 (50,1,2,1170,'2012-07-12 00:00:00','30000000',70,'',NULL,NULL,1170,NULL,'NO',NULL,NULL,51),
 (51,1,2,1171,'2012-07-12 00:00:00','30000000',70,'',NULL,NULL,1171,NULL,'NO',NULL,NULL,52),
 (52,1,1,1181,'2012-07-15 00:00:00','20000000',70,'',NULL,NULL,1181,NULL,'NO',NULL,NULL,53),
 (53,1,1,1177,'2012-07-30 00:00:00','20000000',70,'',NULL,NULL,1177,NULL,'NO',NULL,NULL,54),
 (54,1,5,1183,'2012-07-16 00:00:00','1000000000',70,'نزد صندوق حمایت از پژوهشگران تودیع شده است',NULL,NULL,1183,'3','NO',NULL,NULL,55),
 (55,1,5,1184,'2012-07-16 00:00:00','1000000000',70,'نزد صندوق حمایت از پژوهشگران تودیع شده است',NULL,NULL,1184,'3','NO',NULL,NULL,56),
 (56,1,4,1185,'2012-05-15 00:00:00','111083000',70,'نامه کسر از حقوق دکتر باسامی',NULL,NULL,1185,'3','NO',NULL,NULL,57),
 (57,1,2,1174,'2012-08-06 00:00:00','30325000',70,'رضا مهدیزاده کارمند دانشگاه',NULL,NULL,1174,'3','NO',NULL,NULL,58),
 (58,1,2,1175,'2012-08-06 00:00:00','30000000',70,'چک و نامه کسر از حقوق ',NULL,NULL,1175,'3','NO',NULL,NULL,59),
 (59,1,2,1176,'2012-08-07 00:00:00','30000000',70,'چک و نامه کسر از حقوق',NULL,NULL,1176,'3','NO',NULL,NULL,60),
 (60,1,2,1178,'2012-08-07 00:00:00','30000000',70,'چک و نامه کسر از حقوق',NULL,NULL,1178,'3','NO',NULL,NULL,61),
 (61,1,2,1179,'2012-08-07 00:00:00','30000000',70,'چک و نامه کسر از حقوق',NULL,NULL,1179,'3','NO',NULL,NULL,62),
 (62,1,2,1180,'2012-08-07 00:00:00','30000000',70,'چک و نامه کسر از حقوق ',NULL,NULL,1180,'3','NO',NULL,NULL,63),
 (63,1,2,1169,'2012-08-07 00:00:00','30000000',70,'چک و نامه کسر از حقوق',NULL,NULL,1169,'3','NO',NULL,NULL,64),
 (64,1,2,1173,'2012-08-07 00:00:00','30000000',70,'چک و نامه کسر از حقوق',NULL,NULL,1173,'3','NO',NULL,NULL,65),
 (65,1,2,1182,'2012-08-07 00:00:00','30000000',70,'چک و نامه کسر از حقوق',NULL,NULL,1182,'3','NO',NULL,NULL,66),
 (66,1,2,1186,'2012-08-06 00:00:00','34500000',70,'چک و نامه کسر از حقوق',NULL,NULL,1186,'3','NO',NULL,NULL,67),
 (67,1,5,1156,'2012-08-07 00:00:00','1150000000',70,'',NULL,NULL,1156,NULL,'NO',NULL,NULL,68),
 (68,1,5,1154,'2012-08-11 00:00:00','1250000000',70,'',NULL,NULL,1154,NULL,'NO',NULL,NULL,69),
 (69,1,9,1002,'2012-09-03 00:00:00','30000000',70,'',NULL,NULL,1162,NULL,'NO',NULL,NULL,70),
 (70,1,5,1183,'2012-09-08 00:00:00','1000000000',70,'',NULL,NULL,1183,NULL,'NO',NULL,NULL,71),
 (71,1,5,1153,'2012-09-08 00:00:00','1450000000',70,'',NULL,NULL,1153,'4','NO',NULL,NULL,72),
 (72,1,2,1005,'2012-09-15 00:00:00','30000000',70,'',NULL,NULL,1005,NULL,'NO',NULL,NULL,73),
 (73,1,5,1152,'2012-09-23 00:00:00','400000000',70,'',NULL,NULL,1152,NULL,'NO',NULL,NULL,74),
 (74,1,3,1006,'2012-09-24 00:00:00','40000000',70,'',NULL,NULL,1006,NULL,'NO',NULL,NULL,75),
 (75,1,2,1043,'2012-09-30 00:00:00','30000000',70,'',NULL,NULL,1043,NULL,'NO',NULL,NULL,76),
 (76,1,9,1002,'2012-10-14 00:00:00','30000000',70,'',NULL,NULL,1008,NULL,'NO',NULL,NULL,77),
 (77,1,2,1007,'2012-10-14 00:00:00','30000000',70,'',NULL,NULL,1007,NULL,'NO',NULL,NULL,78),
 (78,1,2,1009,'2012-10-14 00:00:00','30000000',70,'',NULL,NULL,1009,NULL,'NO',NULL,NULL,79),
 (79,1,1,1131,'2012-10-21 00:00:00','20000000',70,'',NULL,NULL,1131,NULL,'NO',NULL,NULL,80),
 (80,1,5,1184,'2012-10-22 00:00:00','1000000000',70,'',NULL,NULL,1184,NULL,'NO',NULL,NULL,81),
 (81,1,9,1004,'2012-11-07 00:00:00','10000000',70,'',NULL,NULL,1012,NULL,'NO',NULL,NULL,82),
 (82,1,9,1004,'2012-11-07 00:00:00','10000000',70,'',NULL,NULL,1011,NULL,'NO',NULL,NULL,83),
 (83,1,9,1004,'2012-11-17 00:00:00','10000000',70,'',NULL,NULL,1013,NULL,'NO',NULL,NULL,84),
 (84,1,2,1014,'2012-11-19 00:00:00','30000000',70,'',NULL,NULL,1014,NULL,'NO',NULL,NULL,85),
 (85,1,3,1015,'2012-11-19 00:00:00','20254038',70,'',NULL,NULL,1015,NULL,'NO',NULL,NULL,86),
 (86,1,2,1010,'2012-11-19 00:00:00','30000000',70,'',NULL,NULL,1010,NULL,'NO',NULL,NULL,87),
 (87,1,4,1018,'2012-10-18 00:00:00','256000000',70,'',NULL,NULL,1018,NULL,'NO',NULL,NULL,88),
 (88,1,3,1017,'2012-11-29 00:00:00','21041667',70,'',NULL,NULL,1017,NULL,'NO',NULL,NULL,90),
 (89,1,4,1019,'2012-12-05 00:00:00','256000000',70,'',NULL,NULL,1019,NULL,'NO',NULL,NULL,91),
 (90,1,9,1002,'2012-12-07 00:00:00','309573973',70,'',NULL,NULL,1026,NULL,'NO',NULL,NULL,92),
 (91,1,2,1020,'2012-12-26 00:00:00','30000000',70,'',NULL,NULL,1020,NULL,'NO',NULL,NULL,93),
 (92,1,2,1021,'2013-01-16 00:00:00','30000000',70,'',NULL,NULL,1021,NULL,'NO',NULL,NULL,94),
 (93,1,2,1023,'2013-01-20 00:00:00','37331507',70,'',NULL,NULL,1023,NULL,'NO',NULL,NULL,95),
 (94,1,9,1002,'2013-02-02 00:00:00','200000000',70,'',NULL,NULL,1151,'3','NO',NULL,NULL,96),
 (95,1,2,1024,'2013-02-11 00:00:00','30000000',70,'',NULL,NULL,1024,NULL,'NO',NULL,NULL,97),
 (96,1,2,1025,'2013-02-11 00:00:00','30000000',70,'',NULL,NULL,1025,NULL,'NO',NULL,NULL,98),
 (97,1,4,1008,'2013-02-18 00:00:00','150000000',70,'',NULL,NULL,1008,'3','NO',NULL,NULL,99),
 (98,1,4,1188,'2013-02-18 00:00:00','570836112',70,'',NULL,NULL,1188,'3','NO',NULL,NULL,100),
 (99,1,2,1027,'2013-02-18 00:00:00','21000000',70,'',NULL,NULL,1027,'3','NO',NULL,NULL,101),
 (100,1,6,1022,'2013-02-18 00:00:00','50000000',70,'',NULL,NULL,1022,NULL,'NO',NULL,NULL,102),
 (101,1,2,1028,'2013-02-28 00:00:00','30000000',70,'',NULL,NULL,1028,NULL,'NO',NULL,NULL,103),
 (102,1,2,1029,'2013-02-28 00:00:00','30000000',70,'',NULL,NULL,1029,NULL,'NO',NULL,NULL,104),
 (103,1,1,1031,'2013-03-14 00:00:00','20000000',70,'',NULL,NULL,1031,NULL,'NO',NULL,NULL,105),
 (104,1,9,1002,'2013-03-16 00:00:00','30000000',70,'',NULL,NULL,1030,NULL,'NO',NULL,NULL,106),
 (105,1,2,1032,'2013-03-18 00:00:00','30000000',70,'',NULL,NULL,1032,'3','NO',NULL,NULL,107),
 (106,1,9,1004,'2013-04-06 00:00:00','20000000',70,'',NULL,NULL,1033,NULL,'NO',NULL,NULL,109),
 (107,1,4,1151,'2013-04-22 00:00:00','1066111111',70,'',NULL,NULL,1151,NULL,'NO',NULL,NULL,110),
 (108,1,4,1034,'2013-04-30 00:00:00','700000000',70,'',NULL,NULL,1034,'1','NO',NULL,NULL,111),
 (109,1,1,1035,'2013-06-02 00:00:00','28000000',70,'',NULL,NULL,1035,NULL,'NO',NULL,NULL,112),
 (110,1,2,1036,'2013-06-10 00:00:00','30000000',70,'',NULL,NULL,1036,NULL,'NO',NULL,NULL,113),
 (111,1,6,1038,'2013-05-27 00:00:00','20000000',70,'',NULL,NULL,1038,'3','NO',NULL,NULL,114),
 (112,1,3,1025,'2013-06-18 00:00:00','30000000',70,'',NULL,NULL,1025,NULL,'NO',NULL,NULL,115),
 (113,1,2,1180,'2013-06-22 00:00:00','30000000',70,'',NULL,NULL,1180,NULL,'NO',NULL,NULL,116),
 (114,1,6,1040,'2013-07-21 00:00:00','20000000',70,'',NULL,NULL,1040,NULL,'NO',NULL,NULL,117),
 (115,1,9,1002,'2013-07-25 00:00:00','103958333',70,'',NULL,NULL,1037,NULL,'NO',NULL,NULL,118),
 (116,1,9,1002,'2013-07-25 00:00:00','208604977',70,'',NULL,NULL,1124,NULL,'NO',NULL,NULL,119),
 (117,1,9,1004,'2013-07-25 00:00:00','10000000',70,'',NULL,NULL,1041,NULL,'NO',NULL,NULL,120),
 (118,1,9,1002,'2013-08-12 00:00:00','30000000',70,'',NULL,NULL,1042,NULL,'NO',NULL,NULL,121),
 (119,1,4,1044,'2013-08-12 00:00:00','111083334',70,'',NULL,NULL,1044,NULL,'NO',NULL,NULL,122),
 (120,1,2,1039,'2013-08-18 00:00:00','30000000',70,'',NULL,NULL,1039,NULL,'NO',NULL,NULL,123),
 (121,1,9,1002,'2013-08-19 00:00:00','30000000',70,'',NULL,NULL,1045,NULL,'NO',NULL,NULL,124),
 (122,1,2,1046,'2013-08-26 00:00:00','31000000',70,'',NULL,NULL,1046,NULL,'NO',NULL,NULL,125),
 (123,1,2,1020,'2013-09-30 00:00:00','30000000',70,'',NULL,NULL,1020,NULL,'NO',NULL,NULL,126),
 (124,1,9,1002,'2013-11-21 00:00:00','20000000',70,'',NULL,NULL,1048,NULL,'NO',NULL,NULL,127),
 (125,1,2,1029,'2013-12-29 00:00:00','30000000',70,'',NULL,NULL,1029,NULL,'NO',NULL,NULL,128),
 (126,1,9,1002,'2014-01-06 00:00:00','103541667',70,'',NULL,NULL,1016,'5','NO',NULL,NULL,129),
 (127,1,9,1002,'2014-01-12 00:00:00','30000000',70,'',NULL,NULL,1050,NULL,'NO',NULL,NULL,130),
 (128,1,9,1002,'2014-01-20 00:00:00','30000000',70,'',NULL,NULL,1049,NULL,'NO',NULL,NULL,131),
 (129,1,1,1181,'2014-02-08 00:00:00','20000000',70,'',NULL,NULL,1181,NULL,'NO',NULL,NULL,132),
 (130,1,3,1051,'2014-03-05 00:00:00','20000000',70,'',NULL,NULL,1051,NULL,'NO',NULL,NULL,133),
 (131,1,2,1053,'2014-03-15 00:00:00','30000000',70,'',NULL,NULL,1053,NULL,'NO',NULL,NULL,134),
 (132,1,4,1054,'2014-03-31 00:00:00','1110833334',70,'',NULL,NULL,1054,NULL,'NO',NULL,NULL,135),
 (133,1,9,1002,'2014-04-16 00:00:00','30000000',70,'',NULL,NULL,1047,NULL,'NO',NULL,NULL,136),
 (134,1,9,1002,'2014-05-28 00:00:00','104004962',70,'',NULL,NULL,1055,NULL,'NO',NULL,NULL,137),
 (135,1,6,1038,'2014-06-08 00:00:00','30000000',70,'',NULL,NULL,1038,NULL,'NO',NULL,NULL,138),
 (136,1,3,1056,'2014-07-06 00:00:00','20000000',70,'',NULL,NULL,1056,NULL,'NO',NULL,NULL,139),
 (137,1,6,1057,'2014-07-06 00:00:00','30000000',70,'',NULL,NULL,1057,NULL,'NO',NULL,NULL,140),
 (138,1,6,1058,'2014-07-24 00:00:00','30000000',70,'',NULL,NULL,1058,NULL,'NO',NULL,NULL,141),
 (139,1,5,1059,'2014-07-24 00:00:00','2000000000',70,'',NULL,NULL,1059,'3','NO',NULL,NULL,142),
 (140,1,5,1060,'2014-07-26 00:00:00','1000000000',70,'',NULL,NULL,1060,NULL,'NO',NULL,NULL,143),
 (141,1,9,1002,'2014-08-26 00:00:00','30000000',70,'',NULL,NULL,1061,NULL,'NO',NULL,NULL,144),
 (142,1,5,1062,'2014-09-02 00:00:00','1000000000',70,'',NULL,NULL,1062,NULL,'NO',NULL,NULL,145),
 (143,1,2,1008,'2014-09-14 00:00:00','51002740',70,'',NULL,NULL,1008,NULL,'NO',NULL,NULL,146),
 (144,1,9,1002,'2014-09-16 00:00:00','30690000',70,'',NULL,NULL,1064,NULL,'NO',NULL,NULL,147),
 (145,1,9,1002,'2014-09-25 00:00:00','30628465',70,'8283 بانک قرض الحسنه مهر ایران',NULL,NULL,1063,'3','NO',NULL,NULL,148),
 (146,1,9,1002,'2014-10-15 00:00:00','30628465',70,'',NULL,NULL,1065,NULL,'NO',NULL,NULL,149),
 (147,1,3,1066,'2014-10-19 00:00:00','20000000',70,'',NULL,NULL,1066,NULL,'NO',NULL,NULL,150),
 (148,1,4,1067,'2014-10-22 00:00:00','312052477',70,'',NULL,NULL,1067,'5','NO',NULL,NULL,151),
 (149,1,6,1070,'2014-11-02 00:00:00','30000000',70,'',NULL,NULL,1070,NULL,'NO',NULL,NULL,152),
 (150,1,9,1002,'2014-11-10 00:00:00','200000000',70,'',NULL,NULL,1016,NULL,'NO',NULL,NULL,153),
 (151,1,3,1068,'2014-11-16 00:00:00','20000000',70,'',NULL,NULL,1068,NULL,'NO',NULL,NULL,154),
 (152,1,3,1069,'2014-11-16 00:00:00','20000000',70,'',NULL,NULL,1069,'4','NO',NULL,NULL,155),
 (153,1,5,1071,'2014-12-03 00:00:00','2000000000',70,'',NULL,NULL,1071,NULL,'NO',NULL,NULL,156),
 (154,1,4,1072,'2014-12-09 00:00:00','111083334',70,'',NULL,NULL,1072,NULL,'NO',NULL,NULL,157),
 (155,1,2,1156,'2014-12-15 00:00:00','305374816',70,'',NULL,NULL,1156,NULL,'NO',NULL,NULL,158),
 (156,1,2,1073,'2014-12-24 00:00:00','16795615',70,'',NULL,NULL,1073,NULL,'NO',NULL,NULL,159),
 (157,1,2,1074,'2014-12-24 00:00:00','15844251',70,'',NULL,NULL,1074,NULL,'NO',NULL,NULL,160),
 (158,1,9,1002,'2015-01-01 00:00:00','30628465',70,'',NULL,NULL,1076,NULL,'NO',NULL,NULL,161),
 (159,1,9,1003,'2015-01-03 00:00:00','1000000000',70,'',NULL,NULL,1075,NULL,'NO',NULL,1003,162),
 (160,1,9,1003,'2015-01-04 00:00:00','1000000000',70,'',NULL,NULL,1059,NULL,'NO',NULL,1003,163),
 (161,1,9,1003,'2015-01-06 00:00:00','1000000000',70,'',NULL,NULL,1077,NULL,'NO',NULL,1003,164),
 (162,1,4,1078,'2015-01-07 00:00:00','557236566',70,'',NULL,NULL,1078,'3','NO',NULL,NULL,165),
 (163,1,6,1079,'2015-01-21 00:00:00','30000000',70,'',NULL,NULL,1079,NULL,'NO',NULL,NULL,166),
 (164,1,4,1072,'2015-01-27 00:00:00','55723657',70,'',NULL,NULL,1072,NULL,'NO',NULL,NULL,167),
 (165,1,4,1026,'2015-01-27 00:00:00','835854849',70,'',NULL,NULL,1026,NULL,'NO',NULL,NULL,168),
 (166,1,9,1003,'2015-02-04 00:00:00','1000000000',70,'',NULL,NULL,1082,NULL,'NO',NULL,1003,169),
 (167,1,9,1003,'2015-02-05 00:00:00','1000000000',70,'',NULL,NULL,1083,NULL,'NO',NULL,1003,170),
 (168,1,1,1086,'2015-02-19 00:00:00','5000000000',70,'',NULL,NULL,1086,NULL,'NO',NULL,NULL,171),
 (169,1,9,1002,'2015-02-23 00:00:00','30628465',70,'',NULL,NULL,1085,NULL,'NO',NULL,NULL,172),
 (170,1,4,1087,'2015-02-23 00:00:00','1845592007',70,'',NULL,NULL,1087,NULL,'NO',NULL,NULL,173),
 (171,1,5,1155,'2015-03-02 00:00:00','400000000',70,'',NULL,NULL,1155,NULL,'NO',NULL,NULL,174),
 (172,1,4,1030,'2015-03-02 00:00:00','835854849',70,'',NULL,NULL,1030,NULL,'NO',NULL,NULL,175),
 (173,1,9,1003,'2015-03-02 00:00:00','1000000000',70,'',NULL,NULL,1089,NULL,'NO',NULL,1003,176),
 (174,1,2,1052,'2015-03-02 00:00:00','253508024',70,'',NULL,NULL,1052,NULL,'NO',NULL,NULL,177),
 (175,1,2,1054,'2015-03-02 00:00:00','134364919',70,'',NULL,NULL,1054,NULL,'NO',NULL,NULL,178),
 (176,1,9,1003,'2015-03-02 00:00:00','1000000000',70,'',NULL,NULL,1080,NULL,'NO',NULL,1003,179),
 (177,1,4,1091,'2015-03-04 00:00:00','278618283',70,'',NULL,NULL,1091,NULL,'NO',NULL,NULL,180),
 (178,1,9,1003,'2015-03-05 00:00:00','1000000000',70,'',NULL,NULL,1026,NULL,'NO',NULL,1003,181),
 (179,1,4,1054,'2015-03-09 00:00:00','646467247',70,'',NULL,NULL,1054,NULL,'NO',NULL,NULL,182),
 (180,1,7,1093,'2015-03-10 00:00:00','475000000',70,'',NULL,NULL,1093,NULL,'NO',NULL,NULL,183),
 (181,1,2,1182,'2015-03-11 00:00:00','22232281',70,'',NULL,NULL,1182,NULL,'NO',NULL,NULL,184),
 (182,1,2,1092,'2015-03-11 00:00:00','22232281',70,'',NULL,NULL,1092,NULL,'NO',NULL,NULL,185),
 (183,1,9,1002,'2015-03-11 00:00:00','40837953',70,'',NULL,NULL,1081,NULL,'NO',NULL,NULL,186),
 (184,1,7,1078,'2015-03-11 00:00:00','1425000000',70,'',NULL,NULL,1078,NULL,'NO',NULL,NULL,187),
 (185,1,7,1095,'2015-03-12 00:00:00','1900000000',70,'',NULL,NULL,1095,NULL,'NO',NULL,NULL,188),
 (186,1,1,1025,'2015-03-12 00:00:00','52624878',70,'',NULL,NULL,1025,NULL,'NO',NULL,NULL,189),
 (187,1,1,1181,'2015-03-12 00:00:00','52624878',70,'',NULL,NULL,1181,NULL,'NO',NULL,NULL,190),
 (188,1,1,1096,'2015-03-12 00:00:00','20435977',70,'',NULL,NULL,1096,NULL,'NO',NULL,NULL,191),
 (189,1,4,1097,'2015-03-12 00:00:00','278618283',70,'',NULL,NULL,1097,NULL,'NO',NULL,NULL,192),
 (190,1,4,1098,'2015-03-12 00:00:00','278618283',70,'',NULL,NULL,1098,NULL,'NO',NULL,NULL,193),
 (191,1,2,1094,'2015-03-15 00:00:00','22232281',70,'',NULL,NULL,1094,NULL,'NO',NULL,NULL,194),
 (192,1,4,1088,'2015-03-15 00:00:00','222894626',70,'',NULL,NULL,1088,NULL,'NO',NULL,NULL,195),
 (193,1,7,1099,'2015-04-08 00:00:00','1900000000',70,'',NULL,NULL,1099,NULL,'NO',NULL,NULL,196),
 (194,1,7,1090,'2015-04-14 00:00:00','950000000',70,'',NULL,NULL,1090,NULL,'NO',NULL,NULL,197),
 (195,1,4,1102,'2015-04-30 00:00:00','222894626',70,'',NULL,NULL,1102,NULL,'NO',NULL,NULL,198),
 (196,1,4,1103,'2015-05-05 00:00:00','111447313',70,'',NULL,NULL,1103,NULL,'NO',NULL,NULL,199),
 (197,1,7,1106,'2015-05-18 00:00:00','950000000',70,'',NULL,NULL,1106,NULL,'NO',NULL,NULL,200),
 (198,1,9,1003,'2015-05-19 00:00:00','921000000',70,'',NULL,NULL,1107,NULL,'NO',NULL,1003,201),
 (199,1,9,1002,'2015-05-27 00:00:00','30628465',70,'',NULL,NULL,1109,NULL,'NO',NULL,NULL,202),
 (200,1,4,1104,'2015-05-27 00:00:00','222894626',70,'',NULL,NULL,1104,NULL,'NO',NULL,NULL,203),
 (201,1,4,1016,'2015-05-27 00:00:00','78013119',70,'',NULL,NULL,1016,NULL,'NO',NULL,NULL,204),
 (202,1,9,1002,'2015-05-28 00:00:00','124805955',70,'',NULL,NULL,1110,NULL,'NO',NULL,NULL,205),
 (203,1,4,1080,'2015-06-11 00:00:00','500000000',70,'',NULL,NULL,1080,NULL,'NO',NULL,NULL,206),
 (204,1,4,1112,'2015-06-11 00:00:00','278618283',70,'',NULL,NULL,1112,NULL,'NO',NULL,NULL,207),
 (205,1,9,1003,'2015-06-13 00:00:00','1298000000',70,'',NULL,NULL,1113,NULL,'NO',NULL,1003,208),
 (206,1,9,1003,'2015-06-14 00:00:00','3280000000',70,'',NULL,NULL,1100,NULL,'NO',NULL,1003,209),
 (207,1,9,1003,'2015-06-14 00:00:00','8000000000',70,'',NULL,NULL,1114,NULL,'NO',NULL,1003,210),
 (208,1,9,1003,'2015-06-14 00:00:00','1100000000',70,'',NULL,NULL,1101,NULL,'NO',NULL,1003,211),
 (209,1,9,1002,'2015-06-17 00:00:00','30628465',70,'',NULL,NULL,1115,NULL,'NO',NULL,NULL,212),
 (210,1,1,1086,'2015-07-30 00:00:00','10000000000',70,'',NULL,NULL,1086,NULL,'NO',NULL,NULL,213),
 (211,1,1,1187,'2015-08-08 00:00:00','30744845',70,'',NULL,NULL,1187,NULL,'NO',NULL,NULL,214),
 (212,1,6,1038,'2015-08-16 00:00:00','30000000',70,'',NULL,NULL,1038,NULL,'NO',NULL,NULL,215),
 (213,1,3,1116,'2015-08-19 00:00:00','20545796',70,'',NULL,NULL,1116,NULL,'NO',NULL,NULL,216),
 (214,1,4,1017,'2015-09-01 00:00:00','320000000',70,'',NULL,NULL,1017,NULL,'NO',NULL,NULL,217),
 (215,1,4,1117,'2015-09-01 00:00:00','156125000',70,'',NULL,NULL,1117,NULL,'NO',NULL,NULL,218),
 (216,1,4,1118,'2015-09-08 00:00:00','278618283',70,'',NULL,NULL,1118,NULL,'NO',NULL,NULL,219),
 (217,1,9,1002,'2015-09-17 00:00:00','30628465',70,'',NULL,NULL,1119,NULL,'NO',NULL,NULL,220),
 (218,1,9,1003,'2015-09-17 00:00:00','1000000000',70,'',NULL,NULL,1078,NULL,'NO',NULL,1003,221),
 (219,1,9,1003,'2015-09-20 00:00:00','1000000000',70,'',NULL,NULL,1124,NULL,'NO',NULL,1003,222),
 (220,1,1,1108,'2015-09-20 00:00:00','42099902',70,'',NULL,NULL,1108,NULL,'NO',NULL,NULL,223),
 (221,1,8,1153,'2015-09-21 00:00:00','250000000',70,'',NULL,NULL,1153,NULL,'NO',NULL,NULL,224),
 (222,1,7,1105,'2015-09-22 00:00:00','475000000',70,'',NULL,NULL,1105,NULL,'NO',NULL,NULL,225),
 (223,1,7,1016,'2015-10-11 00:00:00','475000000',70,'',NULL,NULL,1016,NULL,'NO',NULL,NULL,226),
 (224,1,9,1003,'2015-10-13 00:00:00','2300000000',70,'',NULL,NULL,1120,NULL,'NO',NULL,1003,227),
 (225,1,9,1003,'2015-10-13 00:00:00','7500000000',70,'',NULL,NULL,1121,NULL,'NO',NULL,1003,228),
 (226,1,9,1002,'2015-10-29 00:00:00','30628465',70,'',NULL,NULL,1123,NULL,'NO',NULL,NULL,229),
 (227,1,9,1000,'2015-12-04 18:04:05','145780000',70,NULL,NULL,NULL,1006,'1,2','NO',NULL,1003,NULL),
 (228,1,1,1120,'2015-12-11 21:15:27','10000000',70,NULL,NULL,NULL,1120,NULL,'NO',NULL,NULL,NULL),
 (229,1,9,1001,'2015-12-31 18:11:53','120000000',70,NULL,'شرکت X','56465465654',1055,'3,4','NO',NULL,NULL,NULL);
/*!40000 ALTER TABLE `LON_requests` ENABLE KEYS */;


--
-- Definition of table `OFC_letters`
--

DROP TABLE IF EXISTS `OFC_letters`;
CREATE TABLE `OFC_letters` (
  `LetterID` int(10) unsigned NOT NULL auto_increment COMMENT 'کد نامه',
  `LetterType` enum('INCOME','OUTCOME','INNER') NOT NULL default 'INNER' COMMENT 'نوع نامه داخلی صادره',
  `LetterTitle` varchar(500) character set utf8 NOT NULL COMMENT 'عنوان نامه',
  `SubjectID` smallint(5) unsigned default NULL COMMENT 'موضوع نامه',
  `LetterDate` date NOT NULL COMMENT 'تاریخ نامه',
  `RegDate` datetime NOT NULL COMMENT 'تاریخ ثبت نامه',
  `PersonID` int(10) unsigned NOT NULL COMMENT 'ثبت کننده',
  `summary` varchar(1000) character set utf8 default NULL COMMENT 'چکیده',
  `context` blob COMMENT 'متن نامه',
  `LetterStatus` enum('RAW','CONFIRM') NOT NULL default 'RAW',
  PRIMARY KEY  (`LetterID`)
) ENGINE=InnoDB DEFAULT CHARSET=latin1;

--
-- Dumping data for table `OFC_letters`
--

/*!40000 ALTER TABLE `OFC_letters` DISABLE KEYS */;
INSERT INTO `OFC_letters` (`LetterID`,`LetterType`,`LetterTitle`,`SubjectID`,`LetterDate`,`RegDate`,`PersonID`,`summary`,`context`,`LetterStatus`) VALUES 
 (2,'INNER','نامه تستی',NULL,'2015-12-29','2015-12-29 14:55:54',1000,'---نیت مشنتیم',0x3C703E3C656D3E3C7374726F6E673ED985D986D8B320D985D8B3DB8CD986D8AA20D8A8D8B3D985D986D8AADB8C20D8A8D985D8B3D8A8D986DB8C3C2F7374726F6E673E3C2F656D3E3C2F703E0A,'RAW'),
 (4,'INNER','نامه تشکر',NULL,'2016-01-03','2016-01-03 17:47:17',1000,'تشکر از ....',0x3C70207374796C653D22746578742D616C69676E3A63656E746572223ED8A8D98720D986D8A7D98520D8AED8AFD8A73C2F703E0A0A3C6872202F3E0A3C703ED8A8D8A720D8B3D984D8A7D9853C2F703E0A0A3C703ED984D8B7D981D8A720D8A7D982D8AFD8A7D985D8A7D8AA20D984D8A7D8B2D98520D8B1D8A720D985D8A8D8B0D988D98420D981D8B1D985D8A7DB8CDB8CD8AF3C2F703E0A0A3C703ED8A8D8A720D8AAD8B4DAA9D8B13C2F703E0A0A3C6872202F3E,'RAW'),
 (8,'INNER','تست',NULL,'2016-01-03','2016-01-03 22:05:17',1000,NULL,0x3C703E3C656D3E3C7374726F6E673ED985D986D8B320D985D8B3DB8CD986D8AA20D8A8D8B33C2F7374726F6E673E3C2F656D3E3C2F703E0D0A0D0A3C703E3C656D3E3C7374726F6E673E6A6B20616873666B6C6A6173646820666B6C64733C2F7374726F6E673E3C2F656D3E3C2F703E0D0A0D0A3C6872202F3E0D0A3C6872202F3E0D0A3C703E3C656D3E3C7374726F6E673ED985D986D8AADB8C20D8A8D985D8B3D8A8D986DB8C3C2F7374726F6E673E3C2F656D3E3C2F703E0D0A,'CONFIRM');
/*!40000 ALTER TABLE `OFC_letters` ENABLE KEYS */;


--
-- Definition of table `OFC_send`
--

DROP TABLE IF EXISTS `OFC_send`;
CREATE TABLE `OFC_send` (
  `SendID` int(10) unsigned NOT NULL auto_increment,
  `LetterID` int(10) unsigned NOT NULL,
  `FromPersonID` int(10) unsigned NOT NULL,
  `ToPersonID` int(10) unsigned NOT NULL,
  `SendDate` datetime NOT NULL,
  `SendType` smallint(5) unsigned NOT NULL,
  `SendComment` varchar(1000) character set utf8 NOT NULL,
  `IsUrgent` enum('YES','NO') NOT NULL default 'NO',
  `IsSeen` enum('YES','NO') NOT NULL default 'NO',
  `IsDeleted` enum('YES','NO') NOT NULL default 'NO',
  PRIMARY KEY  (`SendID`)
) ENGINE=InnoDB DEFAULT CHARSET=latin1;

--
-- Dumping data for table `OFC_send`
--

/*!40000 ALTER TABLE `OFC_send` DISABLE KEYS */;
INSERT INTO `OFC_send` (`SendID`,`LetterID`,`FromPersonID`,`ToPersonID`,`SendDate`,`SendType`,`SendComment`,`IsUrgent`,`IsSeen`,`IsDeleted`) VALUES 
 (1,8,1000,1258,'2016-01-05 22:05:02',1,'یل بیل\nی لیبلیب\nتال تلات لاتثقصثق','NO','NO','NO'),
 (4,8,1000,1259,'2016-01-05 22:39:48',1,'سیب سیب\nسیبسیب','NO','NO','NO'),
 (5,8,1259,1000,'2016-01-10 22:41:04',3,'لطفا بررسی کنید ....','NO','NO','NO');
/*!40000 ALTER TABLE `OFC_send` ENABLE KEYS */;


--
-- Definition of table `USR_sessions`
--

DROP TABLE IF EXISTS `USR_sessions`;
CREATE TABLE `USR_sessions` (
  `PersonID` int(10) unsigned NOT NULL,
  `LoginTime` datetime NOT NULL,
  `data` text NOT NULL,
  `SessionKey` varchar(128) NOT NULL,
  PRIMARY KEY  (`PersonID`)
) ENGINE=InnoDB DEFAULT CHARSET=utf8;

--
-- Dumping data for table `USR_sessions`
--

/*!40000 ALTER TABLE `USR_sessions` DISABLE KEYS */;
/*!40000 ALTER TABLE `USR_sessions` ENABLE KEYS */;


--
-- Definition of table `WFM_FlowRows`
--

DROP TABLE IF EXISTS `WFM_FlowRows`;
CREATE TABLE `WFM_FlowRows` (
  `RowID` int(10) unsigned NOT NULL auto_increment,
  `FlowID` int(10) unsigned NOT NULL,
  `StepRowID` int(10) unsigned default NULL,
  `ObjectID` int(10) unsigned NOT NULL,
  `PersonID` int(10) unsigned NOT NULL,
  `ActionDate` datetime NOT NULL,
  `ActionType` enum('CONFIRM','REJECT') NOT NULL,
  `ActionComment` varchar(500) default NULL,
  `IsEnded` enum('YES','NO') NOT NULL default 'NO',
  `StepDesc` varchar(200) default NULL,
  PRIMARY KEY  (`RowID`)
) ENGINE=InnoDB DEFAULT CHARSET=utf8;

--
-- Dumping data for table `WFM_FlowRows`
--

/*!40000 ALTER TABLE `WFM_FlowRows` DISABLE KEYS */;
INSERT INTO `WFM_FlowRows` (`RowID`,`FlowID`,`StepRowID`,`ObjectID`,`PersonID`,`ActionDate`,`ActionType`,`ActionComment`,`IsEnded`,`StepDesc`) VALUES 
 (6,1,NULL,228,1000,'2016-01-10 19:36:02','CONFIRM',NULL,'NO',''),
 (7,1,1,228,1000,'2016-01-10 20:20:34','CONFIRM',NULL,'NO','تایید اولیه'),
 (10,1,4,228,1000,'2016-01-10 20:23:20','CONFIRM',NULL,'NO','2'),
 (11,1,5,228,1000,'2016-01-10 20:24:56','CONFIRM',NULL,'NO','3'),
 (15,1,6,228,1000,'2016-01-10 20:38:02','REJECT',NULL,'NO','4'),
 (16,1,5,228,1000,'2016-01-10 20:39:02','CONFIRM',NULL,'NO','3'),
 (17,1,6,228,1000,'2016-01-10 20:39:14','CONFIRM',NULL,'YES','4'),
 (18,1,NULL,227,1000,'2016-01-10 21:06:13','CONFIRM',NULL,'NO',NULL),
 (19,1,1,227,1000,'2016-01-10 21:09:36','CONFIRM',NULL,'NO','تایید اولیه'),
 (20,1,6,227,1000,'2016-01-10 21:09:53','CONFIRM',NULL,'YES','یسبم سیمنبت ');
/*!40000 ALTER TABLE `WFM_FlowRows` ENABLE KEYS */;


--
-- Definition of table `WFM_FlowSteps`
--

DROP TABLE IF EXISTS `WFM_FlowSteps`;
CREATE TABLE `WFM_FlowSteps` (
  `StepRowID` int(10) unsigned NOT NULL auto_increment,
  `FlowID` int(10) unsigned NOT NULL,
  `StepID` int(11) NOT NULL,
  `StepDesc` varchar(45) NOT NULL,
  `PostID` int(10) unsigned default NULL,
  `PersonID` int(10) unsigned default NULL,
  `IsActive` enum('YES','NO') NOT NULL,
  PRIMARY KEY  USING BTREE (`StepRowID`)
) ENGINE=InnoDB DEFAULT CHARSET=utf8;

--
-- Dumping data for table `WFM_FlowSteps`
--

/*!40000 ALTER TABLE `WFM_FlowSteps` DISABLE KEYS */;
INSERT INTO `WFM_FlowSteps` (`StepRowID`,`FlowID`,`StepID`,`StepDesc`,`PostID`,`PersonID`,`IsActive`) VALUES 
 (1,1,1,'تایید اولیه',1,1000,'YES'),
 (4,1,-1,'2',NULL,1000,'NO'),
 (5,1,-1,'3',NULL,1000,'NO'),
 (6,1,2,'یسبم سیمنبت ',NULL,1000,'YES'),
 (7,1,-1,'5',NULL,1000,'NO');
/*!40000 ALTER TABLE `WFM_FlowSteps` ENABLE KEYS */;


--
-- Definition of table `WFM_RequestElements`
--

DROP TABLE IF EXISTS `WFM_RequestElements`;
CREATE TABLE `WFM_RequestElements` (
  `RowID` int(10) unsigned NOT NULL auto_increment,
  `RequestID` int(10) unsigned NOT NULL,
  `ElementID` int(10) unsigned NOT NULL,
  `ElementValue` varchar(5000) NOT NULL,
  PRIMARY KEY  (`RowID`)
) ENGINE=InnoDB DEFAULT CHARSET=utf8;

--
-- Dumping data for table `WFM_RequestElements`
--

/*!40000 ALTER TABLE `WFM_RequestElements` DISABLE KEYS */;
/*!40000 ALTER TABLE `WFM_RequestElements` ENABLE KEYS */;


--
-- Definition of table `WFM_flows`
--

DROP TABLE IF EXISTS `WFM_flows`;
CREATE TABLE `WFM_flows` (
  `FlowID` int(10) unsigned NOT NULL auto_increment,
  `ObjectType` smallint(5) unsigned NOT NULL,
  `FlowDesc` varchar(50) NOT NULL,
  `IsSystemic` enum('YES','NO') NOT NULL default 'NO',
  PRIMARY KEY  (`FlowID`),
  UNIQUE KEY `Index_2` (`ObjectType`)
) ENGINE=InnoDB DEFAULT CHARSET=utf8;

--
-- Dumping data for table `WFM_flows`
--

/*!40000 ALTER TABLE `WFM_flows` DISABLE KEYS */;
INSERT INTO `WFM_flows` (`FlowID`,`ObjectType`,`FlowDesc`,`IsSystemic`) VALUES 
 (1,1,'گردش مرحله وام','YES');
/*!40000 ALTER TABLE `WFM_flows` ENABLE KEYS */;


--
-- Definition of table `WFM_requests`
--

DROP TABLE IF EXISTS `WFM_requests`;
CREATE TABLE `WFM_requests` (
  `RequetID` int(10) unsigned NOT NULL auto_increment,
  `FormID` int(10) unsigned NOT NULL,
  `RequestNo` int(10) unsigned NOT NULL,
  `RegPersonID` int(10) unsigned NOT NULL,
  `RegDate` datetime NOT NULL,
  PRIMARY KEY  (`RequetID`)
) ENGINE=InnoDB DEFAULT CHARSET=utf8;

--
-- Dumping data for table `WFM_requests`
--

/*!40000 ALTER TABLE `WFM_requests` DISABLE KEYS */;
/*!40000 ALTER TABLE `WFM_requests` ENABLE KEYS */;


--
-- Definition of table `imp_MapCodes`
--

DROP TABLE IF EXISTS `imp_MapCodes`;
CREATE TABLE `imp_MapCodes` (
  `CostID` int(10) unsigned NOT NULL,
  `AccCode` varchar(50) NOT NULL,
  `TafsiliID` int(10) unsigned default NULL,
  `TafsiliID2` int(10) unsigned default NULL,
  `TafsiliType` smallint(5) unsigned default NULL,
  `TafsiliType2` smallint(5) unsigned default NULL,
  PRIMARY KEY  (`CostID`,`AccCode`)
) ENGINE=InnoDB DEFAULT CHARSET=utf8;

--
-- Dumping data for table `imp_MapCodes`
--

/*!40000 ALTER TABLE `imp_MapCodes` DISABLE KEYS */;
INSERT INTO `imp_MapCodes` (`CostID`,`AccCode`,`TafsiliID`,`TafsiliID2`,`TafsiliType`,`TafsiliType2`) VALUES 
 (1,'100',NULL,NULL,NULL,NULL),
 (2,'101-01',1,NULL,3,NULL),
 (4,'104',NULL,NULL,NULL,NULL),
 (6,'107',NULL,NULL,NULL,NULL),
 (7,'109',NULL,NULL,NULL,NULL),
 (9,'180',NULL,NULL,NULL,NULL),
 (14,'300',NULL,NULL,NULL,NULL),
 (17,'499',NULL,NULL,NULL,NULL),
 (19,'550',NULL,NULL,NULL,NULL),
 (20,'610',NULL,NULL,NULL,NULL),
 (21,'620',NULL,NULL,NULL,NULL),
 (22,'635',NULL,NULL,NULL,NULL),
 (25,'689',NULL,NULL,NULL,NULL),
 (27,'700',NULL,NULL,NULL,NULL),
 (28,'721',NULL,NULL,NULL,NULL),
 (28,'722',1004,1,NULL,NULL),
 (28,'733',1003,NULL,1,NULL),
 (33,'734',NULL,NULL,NULL,NULL),
 (37,'738',NULL,NULL,NULL,NULL),
 (45,'110-10-112',1035,NULL,1,NULL),
 (45,'110-10-132',1180,NULL,1,NULL),
 (45,'110-10-171',1001,NULL,1,NULL),
 (45,'110-10-189',1025,NULL,1,NULL),
 (45,'110-10-190',1180,NULL,1,NULL),
 (45,'110-10-191',1095,NULL,1,NULL),
 (45,'110-10-213',1001,NULL,1,NULL),
 (45,'110-10-214',1046,NULL,1,NULL),
 (45,'110-10-223',1107,NULL,1,NULL),
 (45,'110-10-80',1130,NULL,1,NULL),
 (46,'110-11-10',1133,NULL,1,NULL),
 (46,'110-11-113',1036,NULL,1,NULL),
 (46,'110-11-116',1179,NULL,1,NULL),
 (46,'110-11-12',1131,NULL,1,NULL),
 (46,'110-11-125',1046,NULL,1,NULL),
 (46,'110-11-126',1020,NULL,1,NULL),
 (46,'110-11-128',1029,NULL,1,NULL),
 (46,'110-11-134',1053,NULL,1,NULL),
 (46,'110-11-146',1008,NULL,1,NULL),
 (46,'110-11-158',1155,NULL,1,NULL),
 (46,'110-11-159',1073,NULL,1,NULL),
 (46,'110-11-160',1074,NULL,1,NULL),
 (46,'110-11-17',1137,NULL,1,NULL),
 (46,'110-11-177',1052,NULL,1,NULL),
 (46,'110-11-178',1054,NULL,1,NULL),
 (46,'110-11-184',1181,NULL,1,NULL),
 (46,'110-11-185',1091,NULL,1,NULL),
 (46,'110-11-194',1093,NULL,1,NULL),
 (46,'110-11-32',1143,NULL,1,NULL),
 (46,'110-11-33',1142,NULL,1,NULL),
 (46,'110-11-34',1148,NULL,1,NULL),
 (46,'110-11-4',1125,NULL,1,NULL),
 (46,'110-11-5',1126,NULL,1,NULL),
 (46,'110-11-61',1177,NULL,1,NULL),
 (46,'110-11-67',1185,NULL,1,NULL),
 (46,'110-11-73',1005,NULL,1,NULL),
 (46,'110-11-9',1134,NULL,1,NULL),
 (46,'110-11-95',1023,NULL,1,NULL),
 (46,'110-11-97',1024,NULL,1,NULL),
 (47,'110-12-115',1025,NULL,1,NULL),
 (47,'110-12-133',1051,NULL,1,NULL),
 (47,'110-12-139',1056,NULL,1,NULL),
 (47,'110-12-150',1066,NULL,1,NULL),
 (47,'110-12-154',1068,NULL,1,NULL),
 (47,'110-12-155',1069,NULL,1,NULL),
 (47,'110-12-216',1115,NULL,1,NULL),
 (47,'110-12-75',1006,NULL,1,NULL),
 (47,'110-12-86',1015,NULL,1,NULL),
 (48,'110-15-100',1187,NULL,1,NULL),
 (48,'110-15-110',1150,NULL,1,NULL),
 (48,'110-15-122',1044,NULL,1,NULL),
 (48,'110-15-135',1054,NULL,1,NULL),
 (48,'110-15-15',1136,NULL,1,NULL),
 (48,'110-15-151',1067,NULL,1,NULL),
 (48,'110-15-157',1072,NULL,1,NULL),
 (48,'110-15-165',1078,NULL,1,NULL),
 (48,'110-15-167',1072,NULL,1,NULL),
 (48,'110-15-168',1026,NULL,1,NULL),
 (48,'110-15-173',1086,NULL,1,NULL),
 (48,'110-15-175',1030,NULL,1,NULL),
 (48,'110-15-18',1138,NULL,1,NULL),
 (48,'110-15-180',1090,NULL,1,NULL),
 (48,'110-15-182',1054,NULL,1,NULL),
 (48,'110-15-192',1096,NULL,1,NULL),
 (48,'110-15-193',1097,NULL,1,NULL),
 (48,'110-15-195',1087,NULL,1,NULL),
 (48,'110-15-198',1101,NULL,1,NULL),
 (48,'110-15-199',1102,NULL,1,NULL),
 (48,'110-15-203',1103,NULL,1,NULL),
 (48,'110-15-204',1016,NULL,1,NULL),
 (48,'110-15-206',1080,NULL,1,NULL),
 (48,'110-15-207',1111,NULL,1,NULL),
 (48,'110-15-217',1017,NULL,1,NULL),
 (48,'110-15-218',1116,NULL,1,NULL),
 (48,'110-15-219',1117,NULL,1,NULL),
 (48,'110-15-3',1124,NULL,1,NULL),
 (48,'110-15-57',1184,NULL,1,NULL),
 (48,'110-15-8',1127,NULL,1,NULL),
 (48,'110-15-88',1018,NULL,1,NULL),
 (48,'110-15-91',1019,NULL,1,NULL),
 (48,'110-15-99',1008,NULL,1,NULL),
 (50,'110-17-174',1154,NULL,1,NULL),
 (50,'110-17-22',1156,NULL,1,NULL),
 (50,'110-17-23',1155,NULL,1,NULL),
 (50,'110-17-24',1154,NULL,1,NULL),
 (50,'110-17-25',1153,NULL,1,NULL),
 (50,'110-17-26',1152,NULL,1,NULL),
 (50,'110-17-27',1151,NULL,1,NULL),
 (50,'110-17-28',1156,NULL,1,NULL),
 (50,'110-17-55',1182,NULL,1,NULL),
 (50,'110-17-56',1183,NULL,1,NULL),
 (50,'110-17-68',1155,NULL,1,NULL),
 (50,'110-17-69',1153,NULL,1,NULL),
 (50,'110-17-71',1182,NULL,1,NULL),
 (50,'110-17-72',1152,NULL,1,NULL),
 (50,'110-17-74',1151,NULL,1,NULL),
 (50,'110-17-81',1183,NULL,1,NULL),
 (50,'110-23-142',1059,NULL,1,NULL),
 (50,'110-23-143',1060,NULL,1,NULL),
 (50,'110-23-145',1062,NULL,1,NULL),
 (50,'110-23-156',1071,NULL,1,NULL),
 (52,'110-20-102',1022,NULL,1,NULL),
 (52,'110-20-114',1038,NULL,1,NULL),
 (52,'110-20-117',1040,NULL,1,NULL),
 (52,'110-20-138',1038,NULL,1,NULL),
 (52,'110-20-140',1057,NULL,1,NULL),
 (52,'110-20-141',1058,NULL,1,NULL),
 (52,'110-20-152',1070,NULL,1,NULL),
 (52,'110-20-166',1079,NULL,1,NULL),
 (52,'110-20-215',1038,NULL,1,NULL),
 (52,'110-20-38',1163,NULL,1,NULL),
 (54,'110-24-183',1092,NULL,1,NULL),
 (54,'110-24-187',1078,NULL,1,NULL),
 (54,'110-24-188',1094,NULL,1,NULL),
 (54,'110-24-196',1098,NULL,1,NULL),
 (54,'110-24-197',1089,NULL,1,NULL),
 (54,'110-24-200',1105,NULL,1,NULL),
 (54,'110-24-225',1104,NULL,1,NULL),
 (54,'110-24-226',1016,NULL,1,NULL),
 (55,'110-25-224',1152,NULL,1,NULL),
 (57,'190-01',NULL,NULL,NULL,NULL),
 (60,'190-4',NULL,NULL,NULL,NULL),
 (62,'200-02',NULL,NULL,NULL,NULL),
 (63,'200-03',1003,NULL,1,NULL),
 (64,'200-04',NULL,NULL,NULL,NULL),
 (65,'209-10-1',1188,NULL,1,NULL),
 (65,'209-10-10',1205,NULL,1,NULL),
 (65,'209-10-12',NULL,NULL,NULL,NULL),
 (65,'209-10-13',1026,NULL,1,NULL),
 (65,'209-10-14',1197,NULL,1,NULL),
 (65,'209-10-19',1219,NULL,1,NULL),
 (65,'209-10-2',1213,NULL,1,NULL),
 (65,'209-10-20',1220,NULL,1,NULL),
 (65,'209-10-3',1232,NULL,1,NULL),
 (65,'209-10-5',1237,NULL,1,NULL),
 (65,'209-10-7',1241,NULL,1,NULL),
 (65,'209-10-8',1242,NULL,1,NULL),
 (65,'209-10-8026',NULL,NULL,NULL,NULL),
 (65,'209-10-8028',NULL,NULL,NULL,NULL),
 (65,'209-10-8029',1231,NULL,1,NULL),
 (65,'209-10-8030',1125,NULL,1,NULL),
 (65,'209-10-8031',1126,NULL,1,NULL),
 (65,'209-10-8032',NULL,NULL,NULL,NULL),
 (65,'209-10-8034',1129,NULL,1,NULL),
 (65,'209-10-8035',1130,NULL,1,NULL),
 (65,'209-10-8036',1131,NULL,1,NULL),
 (65,'209-10-8038',1133,NULL,1,NULL),
 (65,'209-10-8039',1134,NULL,1,NULL),
 (65,'209-10-8041',1136,NULL,1,NULL),
 (65,'209-10-8042',1137,NULL,1,NULL),
 (65,'209-10-8043',1138,NULL,1,NULL),
 (65,'209-10-8044',1139,NULL,1,NULL),
 (65,'209-10-8045',1234,NULL,1,NULL),
 (65,'209-10-8048',1142,NULL,1,NULL),
 (65,'209-10-8049',1143,NULL,1,NULL),
 (65,'209-10-8050',1145,NULL,1,NULL),
 (65,'209-10-8051',1144,NULL,1,NULL),
 (65,'209-10-8052',1146,NULL,1,NULL),
 (65,'209-10-8054',1147,NULL,1,NULL),
 (65,'209-10-8055',1148,NULL,1,NULL),
 (65,'209-10-8056',1149,NULL,1,NULL),
 (65,'209-10-8057',1150,NULL,1,NULL),
 (65,'209-10-8058',1238,NULL,1,NULL),
 (65,'209-10-8059',1157,NULL,1,NULL),
 (65,'209-10-8060',1158,NULL,1,NULL),
 (65,'209-10-8064',NULL,NULL,NULL,NULL),
 (65,'209-10-8065',1162,NULL,1,NULL),
 (65,'209-10-8070',1168,NULL,1,NULL),
 (65,'209-10-8073',1171,NULL,1,NULL),
 (65,'209-10-8078',1176,NULL,1,NULL),
 (65,'209-10-8079',1177,NULL,1,NULL),
 (65,'209-10-8080',1178,NULL,1,NULL),
 (65,'209-10-8081',1179,NULL,1,NULL),
 (65,'209-10-8082',1181,NULL,1,NULL),
 (65,'209-10-8084',1185,NULL,1,NULL),
 (65,'209-10-8085',1244,NULL,1,NULL),
 (65,'209-10-8086',1005,NULL,1,NULL),
 (65,'209-10-8087',1189,NULL,1,NULL),
 (65,'209-10-8088',1006,NULL,1,NULL),
 (65,'209-10-8090',1008,NULL,1,NULL),
 (65,'209-10-8093',1011,NULL,1,NULL),
 (65,'209-10-8094',1012,NULL,1,NULL),
 (65,'209-10-8095',1013,NULL,1,NULL),
 (65,'209-10-8096',1015,NULL,1,NULL),
 (65,'209-10-8097',1014,NULL,1,NULL),
 (65,'209-10-8098',1192,NULL,1,NULL),
 (65,'209-10-8099',1193,NULL,1,NULL),
 (65,'209-10-8100',1194,NULL,1,NULL),
 (65,'209-10-8101',NULL,NULL,NULL,NULL),
 (65,'209-10-8102',1020,NULL,1,NULL),
 (65,'209-10-8103',1021,NULL,1,NULL),
 (65,'209-10-8104',1022,NULL,1,NULL),
 (65,'209-10-8105',1195,NULL,1,NULL),
 (65,'209-10-8106',1023,NULL,1,NULL),
 (65,'209-10-8107',1024,NULL,1,NULL),
 (65,'209-10-8108',1025,NULL,1,NULL),
 (65,'209-10-8109',1027,NULL,1,NULL),
 (65,'209-10-8111',1029,NULL,1,NULL),
 (65,'209-10-8112',1002,NULL,1,NULL),
 (65,'209-10-8113',NULL,NULL,NULL,NULL),
 (65,'209-10-8115',1032,NULL,1,NULL),
 (65,'209-10-8116',1017,NULL,1,NULL),
 (65,'209-10-8117',1033,NULL,1,NULL),
 (65,'209-10-8118',1196,NULL,1,NULL),
 (65,'209-10-8119',1034,NULL,1,NULL),
 (65,'209-10-8120',1035,NULL,1,NULL),
 (65,'209-10-8121',1036,NULL,1,NULL),
 (65,'209-10-8122',1037,NULL,1,NULL),
 (65,'209-10-8124',1198,NULL,1,NULL),
 (65,'209-10-8125',1040,NULL,1,NULL),
 (65,'209-10-8126',1041,NULL,1,NULL),
 (65,'209-10-8127',1042,NULL,1,NULL),
 (65,'209-10-8128',1038,NULL,1,NULL),
 (65,'209-10-8129',1044,NULL,1,NULL),
 (65,'209-10-8130',1045,NULL,1,NULL),
 (65,'209-10-8131',1046,NULL,1,NULL),
 (65,'209-10-8133',1047,NULL,1,NULL),
 (65,'209-10-8134',1048,NULL,1,NULL),
 (65,'209-10-8135',1049,NULL,1,NULL),
 (65,'209-10-8136',NULL,NULL,NULL,NULL),
 (65,'209-10-8137',1180,NULL,1,NULL),
 (65,'209-10-8138',1051,NULL,1,NULL),
 (65,'209-10-8139',NULL,NULL,NULL,NULL),
 (65,'209-10-8140',1053,NULL,1,NULL),
 (65,'209-10-8141',1201,NULL,1,NULL),
 (65,'209-10-8142',1054,NULL,1,NULL),
 (65,'209-10-8143',1202,NULL,1,NULL),
 (65,'209-10-8144',NULL,NULL,NULL,NULL),
 (65,'209-10-8145',1055,NULL,1,NULL),
 (65,'209-10-8146',1204,NULL,1,NULL),
 (65,'209-10-8147',1056,NULL,1,NULL),
 (65,'209-10-8148',1058,NULL,1,NULL),
 (65,'209-10-8149',1060,NULL,1,NULL),
 (65,'209-10-8150',1059,NULL,1,NULL),
 (65,'209-10-8151',1206,NULL,1,NULL),
 (65,'209-10-8152',1207,NULL,1,NULL),
 (65,'209-10-8153',1061,NULL,1,NULL),
 (65,'209-10-8154',1062,NULL,1,NULL),
 (65,'209-10-8155',1208,NULL,1,NULL),
 (65,'209-10-8156',1063,NULL,1,NULL),
 (65,'209-10-8157',1064,NULL,1,NULL),
 (65,'209-10-8158',1065,NULL,1,NULL),
 (65,'209-10-8159',1066,NULL,1,NULL),
 (65,'209-10-8160',1067,NULL,1,NULL),
 (65,'209-10-8161',1210,NULL,1,NULL),
 (65,'209-10-8162',1068,NULL,1,NULL),
 (65,'209-10-8163',1069,NULL,1,NULL),
 (65,'209-10-8164',1070,NULL,1,NULL),
 (65,'209-10-8165',1211,NULL,1,NULL),
 (65,'209-10-8166',1071,NULL,1,NULL),
 (65,'209-10-8167',1072,NULL,1,NULL),
 (65,'209-10-8168',1155,NULL,1,NULL),
 (65,'209-10-8169',1075,NULL,1,NULL),
 (65,'209-10-8170',1057,NULL,1,NULL),
 (65,'209-10-8171',1076,NULL,1,NULL),
 (65,'209-10-8172',1077,NULL,1,NULL),
 (65,'209-10-8173',1078,NULL,1,NULL),
 (65,'209-10-8174',1080,NULL,1,NULL),
 (65,'209-10-8175',1079,NULL,1,NULL),
 (65,'209-10-8176',1081,NULL,1,NULL),
 (65,'209-10-8177',1073,NULL,1,NULL),
 (65,'209-10-8178',NULL,NULL,NULL,NULL),
 (65,'209-10-8179',1082,NULL,1,NULL),
 (65,'209-10-8180',1083,NULL,1,NULL),
 (65,'209-10-8181',1214,NULL,1,NULL),
 (65,'209-10-8182',1087,NULL,1,NULL),
 (65,'209-10-8183',1086,NULL,1,NULL),
 (65,'209-10-8184',1154,NULL,1,NULL),
 (65,'209-10-8185',1088,NULL,1,NULL),
 (65,'209-10-8186',1001,NULL,1,NULL),
 (65,'209-10-8187',1089,NULL,1,NULL),
 (65,'209-10-8188',1090,NULL,1,NULL),
 (65,'209-10-8189',1091,NULL,1,NULL),
 (65,'209-10-8190',1092,NULL,1,NULL),
 (65,'209-10-8191',1093,NULL,1,NULL),
 (65,'209-10-8192',1095,NULL,1,NULL),
 (65,'209-10-8193',1221,NULL,1,NULL),
 (65,'209-10-8194',1222,NULL,1,NULL),
 (65,'209-10-8195',1223,NULL,1,NULL),
 (65,'209-10-8196',1224,NULL,1,NULL),
 (65,'209-10-8197',1225,NULL,1,NULL),
 (65,'209-10-8198',1226,NULL,1,NULL),
 (65,'209-10-8199',1227,NULL,1,NULL),
 (65,'209-10-8200',1094,NULL,1,NULL),
 (65,'209-10-8201',1097,NULL,1,NULL),
 (65,'209-10-8202',1096,NULL,1,NULL),
 (65,'209-10-8203',1218,NULL,1,NULL),
 (65,'209-10-8204',1217,NULL,1,NULL),
 (65,'209-10-8205',1216,NULL,1,NULL),
 (65,'209-10-8206',1152,NULL,1,NULL),
 (65,'209-10-8207',1182,NULL,1,NULL),
 (65,'209-10-8208',1151,NULL,1,NULL),
 (65,'209-10-8209',1018,NULL,1,NULL),
 (65,'209-10-8210',1098,NULL,1,NULL),
 (65,'209-10-8211',1099,NULL,1,NULL),
 (65,'209-10-8212',1100,NULL,1,NULL),
 (65,'209-10-8213',1101,NULL,1,NULL),
 (65,'209-10-8214',NULL,NULL,NULL,NULL),
 (65,'209-10-8215',1104,NULL,1,NULL),
 (65,'209-10-8216',1105,NULL,1,NULL),
 (65,'209-10-8217',1106,NULL,1,NULL),
 (65,'209-10-8218',1102,NULL,1,NULL),
 (65,'209-10-8219',1107,NULL,1,NULL),
 (65,'209-10-8220',NULL,NULL,NULL,NULL),
 (65,'209-10-8221',1108,NULL,1,NULL),
 (65,'209-10-8222',1109,NULL,1,NULL),
 (65,'209-10-8223',1111,NULL,1,NULL),
 (65,'209-10-8224',1113,NULL,1,NULL),
 (65,'209-10-8225',1114,NULL,1,NULL),
 (65,'209-10-8226',1112,NULL,1,NULL),
 (65,'209-10-8227',1115,NULL,1,NULL),
 (65,'209-10-8228',1116,NULL,1,NULL),
 (65,'209-10-8229',1118,NULL,1,NULL),
 (65,'209-10-8230',1120,NULL,1,NULL),
 (65,'209-10-8231',1122,NULL,1,NULL),
 (65,'209-10-8232',1119,NULL,1,NULL),
 (65,'209-10-9',1187,NULL,1,NULL),
 (66,'210-01-1',1002,NULL,1,NULL),
 (66,'210-01-2',1203,NULL,1,NULL),
 (67,'310-01',NULL,NULL,NULL,NULL),
 (71,'500-06',NULL,NULL,NULL,NULL),
 (72,'500-07',NULL,NULL,NULL,NULL),
 (73,'500-08',NULL,NULL,NULL,NULL),
 (74,'500-10',NULL,NULL,NULL,NULL),
 (76,'500-14',NULL,NULL,NULL,NULL),
 (77,'500-15',NULL,NULL,NULL,NULL),
 (77,'50015',NULL,NULL,NULL,NULL),
 (78,'500-18',NULL,NULL,NULL,NULL),
 (79,'500-19',NULL,NULL,NULL,NULL),
 (81,'500-22',NULL,NULL,NULL,NULL),
 (82,'500-26',NULL,NULL,NULL,NULL),
 (83,'500-27',NULL,NULL,NULL,NULL),
 (83,'500-500-27',NULL,NULL,NULL,NULL),
 (84,'500-28',NULL,NULL,NULL,NULL),
 (84,'500-500-28',NULL,NULL,NULL,NULL),
 (86,'660-01',NULL,NULL,NULL,NULL),
 (87,'660-02',NULL,NULL,NULL,NULL),
 (88,'660-03',NULL,NULL,NULL,NULL),
 (88,'660-04',1002,NULL,1,NULL),
 (88,'660-06',NULL,NULL,NULL,NULL),
 (96,'750-06',4,NULL,2,NULL),
 (97,'750-07',4,NULL,2,NULL),
 (97,'760-06-300',5,NULL,2,NULL),
 (97,'760-96-300',6,NULL,2,NULL),
 (98,'750-08',4,NULL,2,NULL),
 (104,'904-1',NULL,NULL,NULL,NULL),
 (105,'904-2',NULL,NULL,NULL,NULL),
 (106,'904-3',NULL,NULL,NULL,NULL),
 (107,'904-4',NULL,NULL,NULL,NULL),
 (108,'904-5',NULL,NULL,NULL,NULL),
 (109,'905-1',NULL,NULL,NULL,NULL),
 (110,'905-2',NULL,NULL,NULL,NULL),
 (111,'905-3',NULL,NULL,NULL,NULL),
 (112,'905-4',NULL,NULL,NULL,NULL),
 (113,'905-5',NULL,NULL,NULL,NULL),
 (114,'500-01-0001',NULL,NULL,NULL,NULL),
 (115,'500-01-0004',NULL,NULL,NULL,NULL),
 (116,'500-01-0005',NULL,NULL,NULL,NULL),
 (117,'500-01-0006',NULL,NULL,NULL,NULL),
 (117,'500-20',NULL,NULL,NULL,NULL),
 (120,'690',NULL,NULL,NULL,NULL),
 (122,'500-500-29',NULL,NULL,NULL,NULL),
 (123,'500-04',NULL,NULL,NULL,NULL),
 (124,'500-13',NULL,NULL,NULL,NULL),
 (125,'110-16-118',1037,1002,1,1),
 (125,'110-16-119',1123,1002,1,1),
 (125,'110-16-121',1042,1002,1,1),
 (125,'110-16-124',1045,1002,1,1),
 (125,'110-16-127',1048,1002,1,1),
 (125,'110-16-129',1016,1002,1,1),
 (125,'110-16-130',1050,1002,1,1),
 (125,'110-16-131',1049,1002,1,1),
 (125,'110-16-136',1047,1002,1,1),
 (125,'110-16-137',1055,1002,1,1),
 (125,'110-16-144',1061,1002,1,1),
 (125,'110-16-147',1064,1002,1,1),
 (125,'110-16-148',1063,1002,1,1),
 (125,'110-16-149',1065,1002,1,1),
 (125,'110-16-153',1016,1002,1,1),
 (125,'110-16-161',1076,1002,1,1),
 (125,'110-16-172',1085,1002,1,1),
 (125,'110-16-186',1081,1002,1,1),
 (125,'110-16-202',1108,1002,1,1),
 (125,'110-16-205',1109,1002,1,1),
 (125,'110-16-212',1114,1002,1,1),
 (125,'110-16-220',1118,1002,1,1),
 (125,'110-16-229',1122,1002,1,1),
 (125,'110-16-41',1150,1002,1,1),
 (125,'110-16-7',1123,1002,1,1),
 (125,'110-16-92',1026,1002,1,1),
 (125,'110-16-96',1150,1002,1,1),
 (125,'110-19-109',1033,1004,1,1),
 (125,'110-19-120',1041,1004,1,1),
 (125,'110-19-82',1004,1004,1,1),
 (125,'110-19-83',1004,1004,1,1),
 (125,'110-19-84',1004,1004,1,1),
 (125,'110-27-162',1075,1003,1,1),
 (125,'110-27-163',1059,1003,1,1),
 (125,'110-27-164',1077,1003,1,1),
 (125,'110-27-169',1082,1003,1,1),
 (125,'110-27-170',1083,1003,1,1),
 (125,'110-27-176',1088,1003,1,1),
 (125,'110-27-179',1080,1003,1,1),
 (125,'110-27-181',1026,1003,1,1),
 (125,'110-27-201',1106,1003,1,1),
 (125,'110-27-208',1112,1003,1,1),
 (125,'110-27-209',1099,1003,1,1),
 (125,'110-27-210',1113,1003,1,1),
 (125,'110-27-211',1100,1003,1,1),
 (125,'110-27-221',1078,1003,1,1),
 (125,'110-27-222',1123,1003,1,1),
 (125,'110-27-227',1119,1003,1,1),
 (125,'110-27-228',1120,1003,1,1),
 (128,'750-01',4,NULL,2,NULL),
 (128,'750-10',4,NULL,2,NULL),
 (128,'760-04-0001',3,NULL,2,NULL),
 (128,'760-05-0001',4,NULL,2,NULL),
 (128,'760-06-0001',5,NULL,2,NULL),
 (128,'760-06-001',5,NULL,2,NULL),
 (128,'760-95-10',5,NULL,2,NULL),
 (128,'760-96-10',6,NULL,2,NULL),
 (129,'750-02',4,NULL,2,NULL),
 (129,'760-04-0002',3,NULL,2,NULL),
 (129,'760-05-0002',4,NULL,2,NULL),
 (129,'760-05-002',4,NULL,2,NULL),
 (129,'760-06-0002',5,NULL,2,NULL),
 (129,'760-06-002',5,NULL,2,NULL),
 (130,'750-03',4,NULL,2,NULL),
 (130,'750-12',4,NULL,2,NULL),
 (130,'760-04-0003',3,NULL,2,NULL),
 (130,'760-05-0003',4,NULL,2,NULL),
 (131,'750-05',4,NULL,2,NULL),
 (131,'750-15',4,NULL,2,NULL),
 (131,'760-05-0005',4,NULL,2,NULL),
 (131,'760-05-005',4,NULL,2,NULL),
 (131,'760-06-0005',5,NULL,2,NULL),
 (131,'760-06-005',5,NULL,2,NULL),
 (131,'760-95-15',5,NULL,2,NULL),
 (131,'760-96-15',6,NULL,2,NULL),
 (132,'750-09',4,NULL,2,NULL),
 (132,'750-17',4,NULL,2,NULL),
 (132,'760-05-0007',4,NULL,2,NULL),
 (132,'760-06-0006',5,NULL,2,NULL),
 (133,'750-04',4,NULL,2,NULL),
 (133,'750-16',4,1002,2,1),
 (133,'760-04-0004',3,NULL,2,NULL),
 (133,'760-05-0004',4,NULL,2,NULL),
 (133,'760-05-004',4,NULL,2,NULL),
 (133,'760-06-0004',5,NULL,2,NULL),
 (133,'760-94-27',4,1003,2,1),
 (133,'760-95-27',5,1003,2,1),
 (133,'760-96-27',6,1003,2,1),
 (142,'736',NULL,NULL,NULL,NULL),
 (143,'737',NULL,NULL,NULL,NULL),
 (144,'732',NULL,NULL,NULL,NULL),
 (145,'731',NULL,NULL,NULL,NULL),
 (148,'760-94-23',4,NULL,2,NULL),
 (149,'500-01-0007',NULL,NULL,NULL,NULL),
 (150,'760-04-0006',3,NULL,2,NULL),
 (150,'760-05-0006',4,NULL,2,NULL),
 (151,'200-01',NULL,NULL,NULL,NULL),
 (152,'190-02',NULL,NULL,NULL,NULL),
 (152,'190-03',NULL,NULL,NULL,NULL),
 (154,'739',NULL,NULL,NULL,NULL),
 (154,'740',NULL,NULL,NULL,NULL),
 (155,'735',NULL,NULL,NULL,NULL);
/*!40000 ALTER TABLE `imp_MapCodes` ENABLE KEYS */;




/*!40101 SET SQL_MODE=@OLD_SQL_MODE */;
/*!40014 SET FOREIGN_KEY_CHECKS=@OLD_FOREIGN_KEY_CHECKS */;
/*!40014 SET UNIQUE_CHECKS=@OLD_UNIQUE_CHECKS */;
/*!40101 SET CHARACTER_SET_CLIENT=@OLD_CHARACTER_SET_CLIENT */;
/*!40101 SET CHARACTER_SET_RESULTS=@OLD_CHARACTER_SET_RESULTS */;
/*!40101 SET COLLATION_CONNECTION=@OLD_COLLATION_CONNECTION */;
/*!40101 SET CHARACTER_SET_CLIENT=@OLD_CHARACTER_SET_CLIENT */;
